,xray_native_5_0+xray_native_5_1,rmsd,w_1_native_5_1,xray_native_5_1,r_free_native_5_1,w_0_native_5_0,ff,r_work_native_5_1,r_work_native_5_0,r_free_native_5_0,pdb,xray_native_5_0,w_1_native_5_0,w_0_native_5_1,out_id
0,8.987185915829418,0.1325819222884956,0.1918939219271649,4.494370933143463,0.155095004320476,0.3019414166239481,26041.683774797497,0.1136673479150576,0.114029408661204,0.142323303593141,/wynton/group/sali/mhancock/xray/sample_bench/out/277_native_5_ref/2/output_863/pdbs/494.pdb,4.492814982685956,0.6980585833760519,0.8081060780728351,863
1,9.562719759346813,0.1422840988050446,0.4731907955066849,4.803351672075405,0.2015060269168122,0.713894055511316,17765.38039804885,0.1582469849705101,0.1522397141124523,0.1935188160745593,/wynton/group/sali/mhancock/xray/sample_bench/out/277_native_5_ref/2/output_368/pdbs/433.pdb,4.759368087271408,0.286105944488684,0.526809204493315,368
2,9.668535218719459,0.2266460945757413,0.5083416720105547,4.811224485500048,0.1962082998395034,0.4674978940455075,14173.248691738612,0.1588942864026948,0.1657617340833051,0.1903142594797363,/wynton/group/sali/mhancock/xray/sample_bench/out/277_native_5_ref/2/output_701/pdbs/120.pdb,4.8573107332194105,0.5325021059544925,0.4916583279894453,701
3,9.781131215727005,0.1886950690628684,0.8056125934089428,4.816454239434933,0.2108483966663401,0.4329641348788234,14768.6176697253,0.1767796448823392,0.1960632287500975,0.2255858355948324,/wynton/group/sali/mhancock/xray/sample_bench/out/277_native_5_ref/2/output_285/pdbs/214.pdb,4.964676976292073,0.5670358651211765,0.1943874065910573,285
4,9.803932065197925,0.2080520320196742,0.2743796484442883,4.827192300123089,0.2038335395170108,0.6057716232958843,19044.27176496079,0.169680812949056,0.1921400799373052,0.2246536954509172,/wynton/group/sali/mhancock/xray/sample_bench/out/277_native_5_ref/2/output_397/pdbs/249.pdb,4.976739765074836,0.3942283767041157,0.7256203515557117,397
5,9.639934939604856,0.2023733572162196,0.4902892401047963,4.854550590265748,0.2047785664859323,0.5119845742963977,35536.31999601162,0.1637429525205736,0.154065786714779,0.184532765618199,/wynton/group/sali/mhancock/xray/sample_bench/out/277_native_5_ref/2/output_63/pdbs/303.pdb,4.785384349339109,0.4880154257036023,0.5097107598952038,63
6,9.249597774182693,0.0906371229531441,0.2060289397884378,4.586381052619651,0.1748908169188918,0.4010568569717703,14406.754005262994,0.1297665155660979,0.1383336443878525,0.1660189599811202,/wynton/group/sali/mhancock/xray/sample_bench/out/277_native_5_ref/2/output_438/pdbs/296.pdb,4.663216721563042,0.5989431430282297,0.7939710602115622,438
7,9.487934219923527,0.168122008134411,0.5130636743949238,4.810595661655856,0.1952909847041996,0.6851216917275195,21978.07101482157,0.1585270982890926,0.1448594175570913,0.1684550498358603,/wynton/group/sali/mhancock/xray/sample_bench/out/277_native_5_ref/2/output_129/pdbs/326.pdb,4.677338558267672,0.3148783082724805,0.4869363256050761,129
8,9.649970778168257,0.2229837749580144,0.5457122785551393,4.818918224176794,0.2005791198054359,0.4975837933661984,18564.369791497546,0.1615571799964533,0.1628647519700155,0.1952361409462829,/wynton/group/sali/mhancock/xray/sample_bench/out/277_native_5_ref/2/output_34/pdbs/415.pdb,4.831052553991463,0.5024162066338016,0.4542877214448608,34
9,9.256734486508355,0.1291919416870341,0.5869509372629104,4.666535192432045,0.2051036327938567,0.6801585161902405,19441.371420777417,0.1336798368987328,0.1291718458195658,0.1812611079653686,/wynton/group/sali/mhancock/xray/sample_bench/out/277_native_5_ref/2/output_781/pdbs/448.pdb,4.59019929407631,0.3198414838097595,0.4130490627370896,781
10,8.949768504433269,0.0808263537103638,0.2391002330394249,4.427713847757009,0.142386435966647,0.1985594995992823,13198.366354742297,0.1074822079494905,0.1168921920057348,0.1431715933804378,/wynton/group/sali/mhancock/xray/sample_bench/out/277_native_5_ref/2/output_944/pdbs/182.pdb,4.52205465667626,0.8014405004007176,0.760899766960575,944
11,10.075416481484265,0.8503828602305402,0.9530311839560064,4.934832292666501,0.2750604821951778,0.2769595277826391,24469.348349620857,0.2013809240656265,0.2774829111474436,0.3553146246552233,/wynton/group/sali/mhancock/xray/sample_bench/out/277_native_5_ref/2/output_857/pdbs/323.pdb,5.140584188817764,0.7230404722173609,0.0469688160439934,857
12,9.37591154330877,0.1204367211786588,0.2629049811296143,4.63947898361518,0.2185652104013809,0.4677855169643221,32511.972217714025,0.1360005419325602,0.1459737393279544,0.1936358455246259,/wynton/group/sali/mhancock/xray/sample_bench/out/277_native_5_ref/2/output_205/pdbs/409.pdb,4.736432559693591,0.5322144830356779,0.7370950188703858,205
13,10.064479239107897,0.8398898495748323,0.7695345978490303,5.096080646773978,0.3306845745627956,0.0657146709505892,27079.88876028608,0.2596921859486044,0.2057585174471717,0.2706010618412449,/wynton/group/sali/mhancock/xray/sample_bench/out/277_native_5_ref/2/output_153/pdbs/242.pdb,4.968398592333919,0.9342853290494108,0.2304654021509697,153
14,10.056755944992624,0.9738863331198911,0.2296674358804164,5.031539622286595,0.3805156255560514,0.7628733531635541,22529.34600402637,0.2267180369443461,0.2243796172680893,0.3699879341173905,/wynton/group/sali/mhancock/xray/sample_bench/out/277_native_5_ref/2/output_569/pdbs/453.pdb,5.0252163227060285,0.2371266468364459,0.7703325641195835,569
15,9.431934445916479,0.1286264083579497,0.4459976909475295,4.68909613319943,0.1744175082693192,0.2241427902475364,14661.620702253662,0.1421773745800126,0.1516933776567636,0.1791673056964421,/wynton/group/sali/mhancock/xray/sample_bench/out/277_native_5_ref/2/output_703/pdbs/271.pdb,4.742838312717048,0.7758572097524635,0.5540023090524704,703
16,9.729800936277723,0.2122376388817485,0.2594071017299464,4.779453402266975,0.2011563352435799,0.5945542007994833,14826.490997657276,0.1587572721126609,0.1818034036321233,0.2234958843775726,/wynton/group/sali/mhancock/xray/sample_bench/out/277_native_5_ref/2/output_85/pdbs/208.pdb,4.950347534010748,0.4054457992005166,0.7405928982700536,85
17,9.280006641019558,0.1671846576116153,0.8792103374599621,4.659067014347925,0.2054570361684862,0.7418998963740874,14893.232697107283,0.137184620964769,0.1297502580495239,0.1665493369573969,/wynton/group/sali/mhancock/xray/sample_bench/out/277_native_5_ref/2/output_881/pdbs/271.pdb,4.620939626671634,0.2581001036259126,0.1207896625400379,881
18,9.640815272654448,0.2036782083578366,0.3835402284112892,4.787940280429153,0.2119444207417935,0.526388085767665,21585.10748854676,0.1540285080767673,0.1632786097923484,0.1999359581609037,/wynton/group/sali/mhancock/xray/sample_bench/out/277_native_5_ref/2/output_812/pdbs/340.pdb,4.852874992225296,0.4736119142323349,0.6164597715887108,812
19,9.727606329231843,0.291878009684152,0.4299497969096517,4.873020881287428,0.2144150558414956,0.6339154814670798,13877.770150522509,0.1723143322144509,0.1691961419429715,0.2053790313846438,/wynton/group/sali/mhancock/xray/sample_bench/out/277_native_5_ref/2/output_145/pdbs/411.pdb,4.854585447944416,0.3660845185329203,0.5700502030903483,145
20,9.621164209240286,0.1385200741277358,0.2327545794661734,4.71016079401838,0.1843524138044734,0.5540816362970225,18193.32911583832,0.1482648016597423,0.1771097969108113,0.2137057842628744,/wynton/group/sali/mhancock/xray/sample_bench/out/277_native_5_ref/2/output_602/pdbs/341.pdb,4.911003415221906,0.4459183637029775,0.7672454205338265,602
21,10.026492865296895,1.245793068347017,0.8474248953062093,4.970753582593943,0.3128843468902161,0.2404030645271479,30722.71880430266,0.2190778841033339,0.2450385249035405,0.3359500683287283,/wynton/group/sali/mhancock/xray/sample_bench/out/277_native_5_ref/2/output_990/pdbs/474.pdb,5.055739282702953,0.759596935472852,0.1525751046937905,990
22,9.214919565219196,0.1151255538948624,0.4147386705645621,4.642348732407565,0.1661151753910754,0.1918460531198641,24556.224899084365,0.1320222099041745,0.1269685624268872,0.158401921793941,/wynton/group/sali/mhancock/xray/sample_bench/out/277_native_5_ref/2/output_778/pdbs/377.pdb,4.572570832811631,0.8081539468801359,0.585261329435438,778
23,9.771397053529443,0.2462544107051431,0.4237029575397587,5.0347728628682935,0.2499741696023078,0.90428897075096,17970.584770906044,0.2050532693496395,0.1626050855858239,0.1973969335096325,/wynton/group/sali/mhancock/xray/sample_bench/out/277_native_5_ref/2/output_194/pdbs/279.pdb,4.736624190661149,0.09571102924904,0.5762970424602414,194
24,9.151182563375256,0.2103698451845647,0.6789042726541372,4.591821464327806,0.1555995917296751,0.7488696715798135,13595.02951601516,0.1258203838885128,0.1249949847372987,0.1473183305729511,/wynton/group/sali/mhancock/xray/sample_bench/out/277_native_5_ref/2/output_620/pdbs/444.pdb,4.55936109904745,0.2511303284201865,0.3210957273458628,620
25,9.84671895891287,0.2959696558243338,0.6531505086507913,4.929607685096833,0.2230700819120984,0.3841019627697629,21626.25524548373,0.1816971782602132,0.1802022659650768,0.2121094083239433,/wynton/group/sali/mhancock/xray/sample_bench/out/277_native_5_ref/2/output_630/pdbs/393.pdb,4.917111273816038,0.6158980372302372,0.3468494913492086,630
26,9.56113321470362,0.1227300326391235,0.6304050812702369,4.6939684316115065,0.1743249473601861,0.4805220646454246,17534.83607961682,0.1460856629529083,0.1711153648857008,0.2072055093894404,/wynton/group/sali/mhancock/xray/sample_bench/out/277_native_5_ref/2/output_800/pdbs/327.pdb,4.867164783092113,0.5194779353545753,0.3695949187297632,800
27,9.820390028265678,0.247193526453329,0.4171106049218637,5.0751860969396665,0.2777604196841319,0.9919241730867244,22623.69698902492,0.2079321182440431,0.1663223611091611,0.1895687075370868,/wynton/group/sali/mhancock/xray/sample_bench/out/277_native_5_ref/2/output_883/pdbs/309.pdb,4.745203931326012,0.0080758269132757,0.5828893950781364,883
28,10.004192287846585,0.3517623235538082,0.2526353758670956,4.966605440249946,0.2178192423032561,0.6814555294995873,22941.49771301395,0.1960553724590366,0.2055440311472449,0.2421864043350153,/wynton/group/sali/mhancock/xray/sample_bench/out/277_native_5_ref/2/output_473/pdbs/89.pdb,5.037586847596639,0.3185444705004127,0.7473646241329044,473
29,9.248496212204966,0.1070010880107902,0.5432492264289438,4.63764823533158,0.1624930245057394,0.8364228286401618,17938.31206046813,0.1349089091379887,0.1347499488981686,0.1602777636143938,/wynton/group/sali/mhancock/xray/sample_bench/out/277_native_5_ref/2/output_196/pdbs/364.pdb,4.6108479768733845,0.1635771713598382,0.4567507735710561,196
30,9.66327855184215,0.3494192416920053,0.2963001522591775,4.756267853006838,0.1837914057467364,0.5132998822062599,18102.341480658804,0.1571185864478255,0.175551777859686,0.1970087099132978,/wynton/group/sali/mhancock/xray/sample_bench/out/277_native_5_ref/2/output_960/pdbs/241.pdb,4.907010698835312,0.4867001177937401,0.7036998477408225,960
31,9.745737135920507,0.18022509285483,0.3824041724819552,4.865251864230186,0.2046503492284024,0.6308420847878359,20359.089497112545,0.1699398656601047,0.1716489084771086,0.2040188066547639,/wynton/group/sali/mhancock/xray/sample_bench/out/277_native_5_ref/2/output_926/pdbs/398.pdb,4.880485271690321,0.3691579152121642,0.6175958275180449,926
32,9.22758345514151,0.0897625796479696,0.3807974760363614,4.565242967633528,0.1693666462285962,0.3393555825551935,17046.573210568615,0.1231323310763244,0.1367045999444834,0.1813603209718236,/wynton/group/sali/mhancock/xray/sample_bench/out/277_native_5_ref/2/output_834/pdbs/454.pdb,4.662340487507982,0.6606444174448065,0.6192025239636386,834
33,9.597980043971553,0.169151769719885,0.3899464971362216,4.744832042601119,0.1839852712590714,0.5509195903286982,16886.513176932403,0.1486915461049367,0.1642682396461658,0.1937149562795669,/wynton/group/sali/mhancock/xray/sample_bench/out/277_native_5_ref/2/output_619/pdbs/290.pdb,4.853148001370435,0.4490804096713018,0.6100535028637785,619
34,9.199402689861294,0.12871565923265,0.1056836441286188,4.6256553875744055,0.1830021472723825,0.3164900088651329,15390.188725903174,0.1256572885560458,0.1222207635567853,0.1573848113064354,/wynton/group/sali/mhancock/xray/sample_bench/out/277_native_5_ref/2/output_239/pdbs/460.pdb,4.573747302286888,0.6835099911348671,0.8943163558713813,239
35,9.22278193277494,0.1659532020983408,0.6624758961314782,4.540717524080979,0.1734326483273718,0.6320726624935319,24998.27087229034,0.1187502554184503,0.1348273358477197,0.1753587730170628,/wynton/group/sali/mhancock/xray/sample_bench/out/277_native_5_ref/2/output_533/pdbs/448.pdb,4.682064408693959,0.3679273375064681,0.3375241038685218,533
36,9.172278459144325,0.1429263060143659,0.724776685260991,4.50731563510582,0.1524955734329558,0.5848892127510926,12850.20291327214,0.1208689290599059,0.1360849000479587,0.1616401178743839,/wynton/group/sali/mhancock/xray/sample_bench/out/277_native_5_ref/2/output_718/pdbs/479.pdb,4.664962824038505,0.4151107872489073,0.2752233147390089,718
37,9.125085726076431,0.0926258903995772,0.6954849241482449,4.547317124552707,0.1519256071707371,0.924973660945596,16272.948032483106,0.1222928360028592,0.1276853534893346,0.157704604885891,/wynton/group/sali/mhancock/xray/sample_bench/out/277_native_5_ref/2/output_453/pdbs/311.pdb,4.577768601523724,0.0750263390544039,0.3045150758517551,453
38,9.689118066591188,0.1303491833348984,0.4344804453201602,4.839163906173519,0.2135355110375147,0.5279582361427912,20669.7114133506,0.1634930536567947,0.1649697836930587,0.1990030488858564,/wynton/group/sali/mhancock/xray/sample_bench/out/277_native_5_ref/2/output_38/pdbs/429.pdb,4.849954160417669,0.4720417638572088,0.5655195546798398,38
39,10.121241144956539,0.53730940679083,0.8605819842880611,5.032227065220258,0.2963108311769157,0.2501614796832581,20623.02656864264,0.2079515466321705,0.2367017177902672,0.3155406048947919,/wynton/group/sali/mhancock/xray/sample_bench/out/277_native_5_ref/2/output_553/pdbs/76.pdb,5.08901407973628,0.7498385203167419,0.1394180157119388,553
40,9.468743143462424,0.205083018227749,0.2364439330178035,4.696412616763043,0.1918347408587687,0.4584092291186198,19100.32516419571,0.1429491061591386,0.1500054372423125,0.1919506332464917,/wynton/group/sali/mhancock/xray/sample_bench/out/277_native_5_ref/2/output_5/pdbs/225.pdb,4.772330526699381,0.5415907708813802,0.7635560669821965,5
41,9.58942125494676,0.1456378830732409,0.5468040770041227,4.839834362442661,0.1907183740943674,0.0259081251333044,18716.639603241318,0.1682102000144567,0.1596569527230597,0.1871597319932141,/wynton/group/sali/mhancock/xray/sample_bench/out/277_native_5_ref/2/output_449/pdbs/469.pdb,4.749586892504099,0.9740918748666956,0.4531959229958773,449
42,9.51674218061547,0.1496284558917378,0.184700704853136,4.717675080077763,0.2098901175995191,0.4650900387385461,13503.51621058817,0.148279826062156,0.1592855336979769,0.1901409068450483,/wynton/group/sali/mhancock/xray/sample_bench/out/277_native_5_ref/2/output_663/pdbs/494.pdb,4.799067100537706,0.534909961261454,0.815299295146864,663
43,9.486479862734889,0.1834501230002663,0.1556042209354022,4.653596601408723,0.1771503302879516,0.4625835671405176,17744.87210571532,0.1483914416288851,0.1668723051641419,0.1944578347290448,/wynton/group/sali/mhancock/xray/sample_bench/out/277_native_5_ref/2/output_181/pdbs/350.pdb,4.832883261326166,0.5374164328594824,0.8443957790645977,181
44,9.676222127155565,0.2280453956016415,0.4346328850944774,4.901511148338199,0.2107614784655498,0.6531930043807825,22454.219974043408,0.1779237677517577,0.1568010481489445,0.1907656579369644,/wynton/group/sali/mhancock/xray/sample_bench/out/277_native_5_ref/2/output_691/pdbs/309.pdb,4.774710978817367,0.3468069956192175,0.5653671149055226,691
45,9.00424523409622,0.1206902344478893,0.228205310158848,4.588513888219908,0.1686895147842673,0.2136324447291911,14282.212152563432,0.1271396314945526,0.111589509372668,0.1251109963513715,/wynton/group/sali/mhancock/xray/sample_bench/out/277_native_5_ref/2/output_608/pdbs/362.pdb,4.415731345876313,0.7863675552708089,0.771794689841152,608
46,9.935256665651941,0.2550865503332289,0.0802982468513158,4.859913979635405,0.2212483650963987,0.5480600480041021,17508.671936383485,0.1832135925678149,0.2094060702392854,0.2520408728192898,/wynton/group/sali/mhancock/xray/sample_bench/out/277_native_5_ref/2/output_326/pdbs/403.pdb,5.075342686016535,0.4519399519958978,0.9197017531486844,326
47,9.539941734467398,0.1387804433191894,0.3238356911145699,4.7472677817676034,0.2068650625054548,0.5383420929736216,22687.08989899652,0.1468264612037685,0.1525982370125417,0.1943604427005046,/wynton/group/sali/mhancock/xray/sample_bench/out/277_native_5_ref/2/output_510/pdbs/318.pdb,4.7926739526997935,0.4616579070263785,0.6761643088854301,510
48,9.496863061240024,0.180116622291083,0.430621971503736,4.716462951182096,0.1969425040745593,0.4365484846816037,16188.532751131708,0.1425788875136951,0.1548837078410621,0.1883358722667031,/wynton/group/sali/mhancock/xray/sample_bench/out/277_native_5_ref/2/output_302/pdbs/356.pdb,4.780400110057927,0.5634515153183963,0.569378028496264,302
49,9.661329879535774,0.1493773123868534,0.2259231134108947,4.762579346397934,0.2112598457985449,0.5089818988532941,18771.554298458337,0.1577732513481339,0.1761264860544576,0.2141029600381756,/wynton/group/sali/mhancock/xray/sample_bench/out/277_native_5_ref/2/output_822/pdbs/279.pdb,4.898750533137839,0.4910181011467058,0.7740768865891052,822
50,9.758511769088011,0.1963730764331675,0.6023514650279865,4.94032747981106,0.2317601737470054,0.2616299402583579,22078.53530356153,0.1842848845176487,0.170226203989257,0.1981129826653834,/wynton/group/sali/mhancock/xray/sample_bench/out/277_native_5_ref/2/output_515/pdbs/322.pdb,4.818184289276951,0.738370059741642,0.3976485349720134,515
51,9.192533500493182,0.2205585046792988,0.6015494587877162,4.662833717659499,0.1712189326227178,0.7424791602680245,13334.800486021331,0.1348863793953066,0.1239270688174788,0.1531915681309526,/wynton/group/sali/mhancock/xray/sample_bench/out/277_native_5_ref/2/output_873/pdbs/296.pdb,4.529699782833683,0.2575208397319755,0.3984505412122838,873
52,9.737510064771564,0.2204434497826749,0.3972302850649153,4.880828350817526,0.2171349376345073,0.6042946101778135,17828.213617275942,0.1705730264402397,0.1679621616188542,0.2065979888800121,/wynton/group/sali/mhancock/xray/sample_bench/out/277_native_5_ref/2/output_342/pdbs/426.pdb,4.856681713954038,0.3957053898221864,0.6027697149350847,342
53,9.640770301609528,0.1514667934144525,0.4980689777312264,4.806433051719201,0.202767861114956,0.4886230890894852,14926.408109455791,0.1566955428308042,0.1621230675308976,0.186597395253028,/wynton/group/sali/mhancock/xray/sample_bench/out/277_native_5_ref/2/output_310/pdbs/379.pdb,4.834337249890327,0.5113769109105147,0.5019310222687737,310
54,9.396288962985,0.1652391898260083,0.4701216954272298,4.801316685816288,0.2135260014385712,0.184881614567057,31903.37293388796,0.1573771893654531,0.133831570564613,0.1602585034265049,/wynton/group/sali/mhancock/xray/sample_bench/out/277_native_5_ref/2/output_218/pdbs/447.pdb,4.594972277168713,0.8151183854329429,0.5298783045727703,218
55,9.188624468292904,0.1417886723985564,0.5243837536419684,4.65257478709255,0.1691938111585615,0.8396160580687071,16445.857279267933,0.1353110457346691,0.1255257910554383,0.1536049577787542,/wynton/group/sali/mhancock/xray/sample_bench/out/277_native_5_ref/2/output_316/pdbs/454.pdb,4.536049681200355,0.1603839419312929,0.4756162463580315,316
56,10.064214261011305,1.1023591861742368,0.2531667413354658,5.100725999276328,0.4446306834470304,0.7959928712400979,27901.347301686863,0.2495084658322352,0.2148536512087085,0.3959642716034578,/wynton/group/sali/mhancock/xray/sample_bench/out/277_native_5_ref/2/output_210/pdbs/479.pdb,4.963488261734976,0.2040071287599021,0.7468332586645342,210
57,9.50438239162127,0.2839674164880252,0.8529338159844833,4.654729098026436,0.1803055507898784,0.5314264619667654,19807.073036935697,0.1458476965132516,0.1676460685648417,0.2043098282876047,/wynton/group/sali/mhancock/xray/sample_bench/out/277_native_5_ref/2/output_276/pdbs/420.pdb,4.849653293594834,0.4685735380332346,0.1470661840155167,276
58,9.24716023140393,0.1462139667095591,0.5946532080796151,4.5889389763861335,0.1685070437551711,0.7497626899481831,21985.860799918948,0.1295583283119789,0.1366968079342327,0.1767139527339324,/wynton/group/sali/mhancock/xray/sample_bench/out/277_native_5_ref/2/output_174/pdbs/414.pdb,4.658221255017796,0.2502373100518169,0.4053467919203848,174
59,9.187107362189089,0.1422720831274846,0.8650086912622121,4.649322187608978,0.186350452731036,0.7588045763089892,19891.36328199706,0.133142359754556,0.1202910909575088,0.1605962188018154,/wynton/group/sali/mhancock/xray/sample_bench/out/277_native_5_ref/2/output_141/pdbs/416.pdb,4.537785174580111,0.2411954236910108,0.1349913087377878,141
60,10.055708099937284,0.2660850724343658,0.6923749881959642,5.069572066932696,0.2649129759463755,0.2466325179332126,21986.96566786389,0.2155059277341772,0.1986148662886008,0.2415789989400253,/wynton/group/sali/mhancock/xray/sample_bench/out/277_native_5_ref/2/output_806/pdbs/121.pdb,4.986136033004588,0.7533674820667874,0.3076250118040358,806
61,9.814210403623811,0.1966989162431723,0.3010545881976785,4.924974699080011,0.2659921815286329,0.6032593043685242,20507.483059969607,0.1784574656222551,0.178157185978141,0.2053226651239774,/wynton/group/sali/mhancock/xray/sample_bench/out/277_native_5_ref/2/output_904/pdbs/431.pdb,4.8892357045438,0.3967406956314759,0.6989454118023214,904
62,9.446567334594844,0.1789286276846578,0.14744239148885,4.700957787883904,0.18818836317732,0.4794690032832936,19483.839162161326,0.1443975301545137,0.1494289936028995,0.1851526325095902,/wynton/group/sali/mhancock/xray/sample_bench/out/277_native_5_ref/2/output_973/pdbs/480.pdb,4.7456095467109405,0.5205309967167063,0.8525576085111499,973
63,8.985604811708853,0.091851720576278,0.8405519183418997,4.494484609624412,0.1561167543242197,0.709849280438082,14297.55872028453,0.1131547623526267,0.1143046638073073,0.1365683613093525,/wynton/group/sali/mhancock/xray/sample_bench/out/277_native_5_ref/2/output_98/pdbs/445.pdb,4.49112020208444,0.2901507195619179,0.1594480816581003,98
64,9.707969477317906,0.3458282159979948,0.8285173852082218,4.748611943163258,0.2361470953164847,0.4919350393175194,19980.54908283512,0.1621184920252606,0.1857746853264616,0.2276714139524214,/wynton/group/sali/mhancock/xray/sample_bench/out/277_native_5_ref/2/output_186/pdbs/480.pdb,4.959357534154647,0.5080649606824805,0.1714826147917781,186
65,9.612499244475538,0.1788643209298643,0.4472044489980217,4.787072597020062,0.2054170319879486,0.4735869186756113,30800.417508759223,0.1509673917249954,0.1573363656936968,0.2017162787504555,/wynton/group/sali/mhancock/xray/sample_bench/out/277_native_5_ref/2/output_6/pdbs/499.pdb,4.825426647455476,0.5264130813243887,0.5527955510019783,6
66,9.616546804208177,0.1892665988850641,0.5265977302789162,4.877454493436751,0.1998408118861566,0.2592515641996493,23966.31881400031,0.1731000997991464,0.1552478513654822,0.1836799152140275,/wynton/group/sali/mhancock/xray/sample_bench/out/277_native_5_ref/2/output_242/pdbs/461.pdb,4.739092310771426,0.7407484358003507,0.4734022697210838,242
67,9.989870454362638,0.3096550946145901,0.1628876486822649,4.869117457390454,0.2190901690639224,0.6050740416155225,27880.67456213168,0.1814406435239072,0.2217715017062318,0.2590357968229947,/wynton/group/sali/mhancock/xray/sample_bench/out/277_native_5_ref/2/output_535/pdbs/384.pdb,5.120752996972185,0.3949259583844776,0.8371123513177351,535
68,9.496863675098993,0.188610887886328,0.5305874833811234,4.776788834167174,0.1873085100394965,0.7089599353239908,34422.583307040826,0.1533003559192951,0.1461361778237077,0.1828092964884921,/wynton/group/sali/mhancock/xray/sample_bench/out/277_native_5_ref/2/output_19/pdbs/430.pdb,4.720074840931818,0.2910400646760092,0.4694125166188766,19
69,10.059460463471343,0.2433123328480688,0.7206907917736655,5.106097019943877,0.2594254524634617,0.0671387390353178,34596.51015793693,0.2138434074640522,0.1892814165033022,0.2307632340581387,/wynton/group/sali/mhancock/xray/sample_bench/out/277_native_5_ref/2/output_826/pdbs/18.pdb,4.953363443527466,0.9328612609646822,0.2793092082263345,826
70,9.964846438879395,1.0476604887421903,0.2498276222535788,5.103430014566992,0.4293834520449555,0.8696709762810175,23808.04578330228,0.2633035360304932,0.1983727247299336,0.2734663851742007,/wynton/group/sali/mhancock/xray/sample_bench/out/277_native_5_ref/2/output_638/pdbs/391.pdb,4.861416424312403,0.1303290237189825,0.7501723777464212,638
71,10.143111940837938,0.2993602033745829,0.3892385746653741,5.174264610897195,0.2905134683268398,0.9897278548526396,21003.356151981985,0.2337440079884102,0.2048799552647794,0.2629607131715458,/wynton/group/sali/mhancock/xray/sample_bench/out/277_native_5_ref/2/output_327/pdbs/123.pdb,4.968847329940743,0.0102721451473605,0.610761425334626,327
72,9.347307738825583,0.1301096440961147,0.6451232605491087,4.686561740231834,0.1721564745591077,0.5506943722827133,16824.448051032858,0.1380772863533916,0.1367427937428475,0.1645285733374092,/wynton/group/sali/mhancock/xray/sample_bench/out/277_native_5_ref/2/output_100/pdbs/407.pdb,4.6607459985937485,0.4493056277172866,0.3548767394508912,100
73,9.720240394858951,0.1119028669997036,0.438686299311547,4.857840036856178,0.2025308794687647,0.6752033044713899,15021.916468313391,0.1712763813891304,0.1716670349717881,0.2044572625561349,/wynton/group/sali/mhancock/xray/sample_bench/out/277_native_5_ref/2/output_334/pdbs/281.pdb,4.862400358002774,0.3247966955286102,0.561313700688453,334
74,9.96864530429924,0.9976184772297434,0.1274082589211144,4.998021788944361,0.3069647076328068,0.8707583272088426,28797.39405434791,0.2251165179077878,0.2221711268579252,0.2897552232527262,/wynton/group/sali/mhancock/xray/sample_bench/out/277_native_5_ref/2/output_249/pdbs/211.pdb,4.97062351535488,0.1292416727911573,0.8725917410788856,249
75,9.65118099951442,0.2502102387031124,0.5013991748614444,4.835680340729387,0.205518709253415,0.5140310711477313,35044.27140954391,0.1633526640774115,0.1610990342544623,0.1912046167898891,/wynton/group/sali/mhancock/xray/sample_bench/out/277_native_5_ref/2/output_982/pdbs/394.pdb,4.815500658785034,0.4859689288522687,0.4986008251385556,982
76,10.045299520940334,0.667972049180347,0.6823965431803769,5.130351646474355,0.3352009670321464,0.1504432401503411,23951.737871040597,0.2517977361120772,0.1914559291621949,0.2628089040813451,/wynton/group/sali/mhancock/xray/sample_bench/out/277_native_5_ref/2/output_614/pdbs/350.pdb,4.914947874465979,0.8495567598496588,0.3176034568196232,614
77,10.097556062194826,0.3177997665314968,0.3742207353040572,5.1482243265216985,0.3493747722033728,0.8499846258624145,20798.080691826668,0.2268202201077658,0.1883938581805549,0.3415051857619739,/wynton/group/sali/mhancock/xray/sample_bench/out/277_native_5_ref/2/output_225/pdbs/115.pdb,4.949331735673127,0.1500153741375855,0.6257792646959427,225
78,9.592442047430662,0.1557371489867752,0.5479399993433961,4.761461408933283,0.19045200807906,0.4742452392968707,18311.38139814549,0.1506255689339458,0.1620061542653844,0.1864028601223523,/wynton/group/sali/mhancock/xray/sample_bench/out/277_native_5_ref/2/output_820/pdbs/220.pdb,4.830980638497379,0.5257547607031293,0.4520600006566038,820
79,9.287102574598702,0.1651014876869411,0.2799430510903,4.584540111177447,0.1521956470606118,0.4106972196193125,13906.813279790127,0.1266426293749767,0.1407350581447289,0.1731104416437639,/wynton/group/sali/mhancock/xray/sample_bench/out/277_native_5_ref/2/output_223/pdbs/247.pdb,4.702562463421254,0.5893027803806875,0.7200569489097,223
80,9.664327981822126,0.2107148519178084,0.8116973436894477,4.739906255286934,0.1884521352802777,0.4801732702141805,15109.319257242303,0.1543164839857125,0.1769654805195547,0.2176377359942083,/wynton/group/sali/mhancock/xray/sample_bench/out/277_native_5_ref/2/output_874/pdbs/153.pdb,4.924421726535193,0.5198267297858196,0.1883026563105523,874
81,9.162099086251713,0.1095266517635577,0.2369574242728543,4.583508132900156,0.1724533482210706,0.2042169773384163,23650.829724480976,0.1310063112499916,0.1257604230762473,0.1569579619854935,/wynton/group/sali/mhancock/xray/sample_bench/out/277_native_5_ref/2/output_479/pdbs/382.pdb,4.578590953351557,0.7957830226615837,0.7630425757271457,479
82,9.284545922930938,0.1584511062125114,0.4158206408461178,4.6317311712954,0.181122009161215,0.1819637994645739,20739.793775598864,0.1321264554303076,0.1380663433768202,0.1919953587250435,/wynton/group/sali/mhancock/xray/sample_bench/out/277_native_5_ref/2/output_73/pdbs/426.pdb,4.652814751635538,0.818036200535426,0.5841793591538823,73
83,9.962508953838771,1.0847988469923977,0.2121772147915244,5.075475659143214,0.4040359202000771,0.9523483557685144,24716.533210723966,0.2545883901411717,0.1941580056865596,0.2518121304620196,/wynton/group/sali/mhancock/xray/sample_bench/out/277_native_5_ref/2/output_666/pdbs/437.pdb,4.887033294695557,0.0476516442314855,0.7878227852084755,666
84,9.605445943566798,0.1251749568952149,0.4561618386151902,4.853717614704741,0.1935428899769344,0.7331648673268375,14646.530881463395,0.1671311392477565,0.1540616249813939,0.1862916359039048,/wynton/group/sali/mhancock/xray/sample_bench/out/277_native_5_ref/2/output_86/pdbs/195.pdb,4.751728328862057,0.2668351326731625,0.5438381613848098,86
85,9.728535302950412,0.1308210678488179,0.3895981280677572,4.824731073854951,0.1939089423316886,0.9288223905846092,13275.805152838237,0.1585143214023608,0.1692183839687068,0.2053558500940396,/wynton/group/sali/mhancock/xray/sample_bench/out/277_native_5_ref/2/output_455/pdbs/2.pdb,4.903804229095461,0.0711776094153908,0.6104018719322427,455
86,9.465545878506147,0.1197418403464407,0.4799924640645685,4.758188173727744,0.2094018173854021,0.940189034460807,17101.51014135104,0.1496966267304293,0.1499539170265713,0.1818436784965141,/wynton/group/sali/mhancock/xray/sample_bench/out/277_native_5_ref/2/output_846/pdbs/369.pdb,4.707357704778403,0.0598109655391929,0.5200075359354315,846
87,9.161493981874147,0.1320156061657959,0.6638033967193783,4.64335289257905,0.1826950912800929,0.8697843043784063,27556.58401107236,0.1335998197028664,0.1211376315587471,0.1411827682874896,/wynton/group/sali/mhancock/xray/sample_bench/out/277_native_5_ref/2/output_80/pdbs/278.pdb,4.518141089295097,0.1302156956215936,0.3361966032806217,80
88,9.13980049299116,0.1160612734656797,0.5952047588394384,4.553074409892167,0.1500271026022022,0.6627652383161186,19587.913529349764,0.1207570443416211,0.1249728389094518,0.1539853870718444,/wynton/group/sali/mhancock/xray/sample_bench/out/277_native_5_ref/2/output_72/pdbs/469.pdb,4.586726083098994,0.3372347616838814,0.4047952411605617,72
89,9.531818142441502,0.2005933199668148,0.5548008055792182,4.864860481223859,0.2010263229219626,0.1852734410137071,16341.104232919752,0.1734500507227572,0.1487141284644254,0.1706316225017079,/wynton/group/sali/mhancock/xray/sample_bench/out/277_native_5_ref/2/output_171/pdbs/371.pdb,4.666957661217643,0.8147265589862928,0.4451991944207818,171
90,9.299266263359339,0.1262503024510929,0.374885499913362,4.757630779742434,0.2028349677340287,0.2405260582888012,19143.907160347364,0.1467383085610005,0.1261880893502062,0.181750287514612,/wynton/group/sali/mhancock/xray/sample_bench/out/277_native_5_ref/2/output_961/pdbs/290.pdb,4.541635483616904,0.7594739417111988,0.625114500086638,961
91,9.446772708718726,0.1364306667284291,0.4574889543025584,4.763689514565904,0.1921798005429296,0.4564166702648597,18162.428556619943,0.1481314053070728,0.139560306146522,0.168910121404406,/wynton/group/sali/mhancock/xray/sample_bench/out/277_native_5_ref/2/output_934/pdbs/450.pdb,4.683083194152821,0.5435833297351402,0.5425110456974417,934
92,9.339239102711854,0.0907883711618376,0.8429441652750208,4.6416010389490365,0.1834852487732059,0.6049182578385038,20161.811491259945,0.1346213266106742,0.1384515567825126,0.1699012727539436,/wynton/group/sali/mhancock/xray/sample_bench/out/277_native_5_ref/2/output_317/pdbs/310.pdb,4.697638063762818,0.3950817421614961,0.1570558347249792,317
93,9.644760314977914,0.1342091910043363,0.117530752406475,4.8011877064562345,0.2187489135696325,0.4823387817126714,19911.328704561973,0.1599925074887989,0.1628498587441125,0.2037661924214735,/wynton/group/sali/mhancock/xray/sample_bench/out/277_native_5_ref/2/output_932/pdbs/105.pdb,4.843572608521679,0.5176612182873286,0.882469247593525,932
94,10.32923862832352,0.6420485825008843,0.0024295144703145,5.175765193132871,0.321836900784699,0.913022595710064,50325.23492981265,0.2467642547642407,0.2380653612931223,0.2995795939135672,/wynton/group/sali/mhancock/xray/sample_bench/out/277_native_5_ref/2/output_331/pdbs/484.pdb,5.153473435190649,0.0869774042899359,0.9975704855296856,331
95,9.233334700966212,0.1408956321818446,0.6184289421840947,4.561999536526697,0.1536401461055987,0.8022058458065439,17286.330989410497,0.1247589642483429,0.1373062815647425,0.1676402010858743,/wynton/group/sali/mhancock/xray/sample_bench/out/277_native_5_ref/2/output_152/pdbs/296.pdb,4.671335164439515,0.1977941541934561,0.3815710578159053,152
96,9.337281893433072,0.1570527757621694,0.4390888609573395,4.692969726492933,0.1903564079280472,0.3523811110244624,18381.55052762893,0.1403532795192736,0.1371960261490506,0.1666074378781896,/wynton/group/sali/mhancock/xray/sample_bench/out/277_native_5_ref/2/output_632/pdbs/399.pdb,4.64431216694014,0.6476188889755375,0.5609111390426605,632
97,9.976831727229586,0.248657718039858,0.2744153518918737,4.95195192409753,0.23286781510526,0.6876342311629059,21180.114441850517,0.191000525760993,0.2008554667547135,0.2445584551381803,/wynton/group/sali/mhancock/xray/sample_bench/out/277_native_5_ref/2/output_108/pdbs/148.pdb,5.024879803132055,0.3123657688370941,0.7255846481081263,108
98,9.136249107872501,0.1188843761904798,0.727889613549844,4.623268000387039,0.1757409605750695,0.8103625395263491,15535.09354327978,0.1298870135766916,0.1224214806871043,0.1547734797686865,/wynton/group/sali/mhancock/xray/sample_bench/out/277_native_5_ref/2/output_991/pdbs/422.pdb,4.512981107485463,0.189637460473651,0.2721103864501559,991
99,9.455650453441354,0.1264999574598815,0.7219449625880339,4.673278149563535,0.1792127101058958,0.4705184691031474,17187.478228184424,0.1411997506318756,0.1536072603304826,0.1825808690847517,/wynton/group/sali/mhancock/xray/sample_bench/out/277_native_5_ref/2/output_985/pdbs/364.pdb,4.78237230387782,0.5294815308968527,0.2780550374119662,985
100,9.129236860482173,0.1314229094663843,0.1794656125580574,4.550074207112659,0.1513002264749502,0.3539416527909404,17619.997541639408,0.1230238521046786,0.1240913805436763,0.1563868143939658,/wynton/group/sali/mhancock/xray/sample_bench/out/277_native_5_ref/2/output_101/pdbs/396.pdb,4.579162653369514,0.6460583472090596,0.8205343874419425,101
101,9.732095736268109,0.1692517786913208,0.5543055356964899,4.91504105886596,0.2531656291673478,0.0284667803104195,20513.007508465354,0.1788427294356055,0.1730576356877158,0.2012535900767174,/wynton/group/sali/mhancock/xray/sample_bench/out/277_native_5_ref/2/output_65/pdbs/172.pdb,4.817054677402149,0.9715332196895804,0.4456944643035101,65
102,9.355069906192433,0.1717484756380759,0.2061386766390453,4.64470704761459,0.184801461117621,0.4374337722030678,33185.88401918144,0.1323342850486214,0.1403778064889191,0.175862265880593,/wynton/group/sali/mhancock/xray/sample_bench/out/277_native_5_ref/2/output_312/pdbs/473.pdb,4.710362858577844,0.5625662277969321,0.7938613233609546,312
103,9.912369041120765,0.1839341920071826,0.2008308129344231,4.9057258420511145,0.2223092615306664,0.5781837094199141,24636.622990310352,0.1812193032198432,0.1964403236422813,0.2408284626571182,/wynton/group/sali/mhancock/xray/sample_bench/out/277_native_5_ref/2/output_978/pdbs/111.pdb,5.006643199069652,0.4218162905800858,0.7991691870655768,978
104,9.873404011600247,0.1873412257850967,0.1411891762554874,4.839148514484358,0.2276270498423228,0.5940735236642178,21635.516376861186,0.1740929336317097,0.201913941070544,0.2377071205577215,/wynton/group/sali/mhancock/xray/sample_bench/out/277_native_5_ref/2/output_352/pdbs/215.pdb,5.03425549711589,0.4059264763357822,0.8588108237445126,352
105,9.69771085764073,0.3482628787762316,0.5924983276437801,4.980973015339643,0.2279170276388342,0.2273444016760331,16646.275564141994,0.1920981941860942,0.1559884644161782,0.1918561316282021,/wynton/group/sali/mhancock/xray/sample_bench/out/277_native_5_ref/2/output_90/pdbs/441.pdb,4.716737842301088,0.7726555983239669,0.40750167235622,90
106,9.70491736477083,0.3028144971004567,0.5653492143531212,4.989914273852797,0.2355627818113741,0.2077227965444732,16470.861216311412,0.1997398277313859,0.1596170318015157,0.1886690157659182,/wynton/group/sali/mhancock/xray/sample_bench/out/277_native_5_ref/2/output_584/pdbs/327.pdb,4.715003090918033,0.7922772034555268,0.4346507856468787,584
107,9.53784056957064,0.139202897052117,0.3574473748650676,4.733342829736694,0.1926172775886818,0.4762889313695624,12632.05062984358,0.1487328518855261,0.1598351239965003,0.1919060073755503,/wynton/group/sali/mhancock/xray/sample_bench/out/277_native_5_ref/2/output_94/pdbs/387.pdb,4.804497739833947,0.5237110686304375,0.6425526251349323,94
108,10.018363605151379,1.0054324873401044,0.0284806337581725,4.967784566054546,0.285226955850639,0.8231394114429718,26948.697733987705,0.2033460691529296,0.2404903851815258,0.3173169801829616,/wynton/group/sali/mhancock/xray/sample_bench/out/277_native_5_ref/2/output_979/pdbs/384.pdb,5.050579039096832,0.1768605885570282,0.9715193662418274,979
109,9.57268190366388,0.1386670171872209,0.4945052546646856,4.79956429222428,0.1970894133088259,0.4338850139702269,33875.15451375482,0.155838857498316,0.1536634612091754,0.1868249441389148,/wynton/group/sali/mhancock/xray/sample_bench/out/277_native_5_ref/2/output_546/pdbs/458.pdb,4.773117611439602,0.5661149860297732,0.5054947453353145,546
110,9.19036632133081,0.2078153049813594,0.679398737083002,4.504288877101377,0.1561064778941742,0.9142260211052023,18104.93183701484,0.1155590096327373,0.1373956775955017,0.1708019906171783,/wynton/group/sali/mhancock/xray/sample_bench/out/277_native_5_ref/2/output_495/pdbs/325.pdb,4.686077444229434,0.0857739788947976,0.3206012629169979,495
111,9.964089676045447,0.2888030230121317,0.1713269142118434,4.880019080956512,0.2617419691801528,0.607226122495161,15946.86789711314,0.181599711716985,0.2139136220407256,0.2530883235365692,/wynton/group/sali/mhancock/xray/sample_bench/out/277_native_5_ref/2/output_206/pdbs/193.pdb,5.084070595088934,0.3927738775048391,0.8286730857881566,206
112,9.590721843767739,0.1443799270408935,0.5181981855154668,4.9197147822874525,0.2438065903918108,0.0523580265316267,20302.952819607937,0.1744390374759692,0.1492967609211284,0.1757409289571509,/wynton/group/sali/mhancock/xray/sample_bench/out/277_native_5_ref/2/output_13/pdbs/304.pdb,4.671007061480286,0.9476419734683732,0.4818018144845332,13
113,9.973780410213017,0.2231607113986566,0.3124052641609496,4.974092075034398,0.2392713795677525,0.66620610195512,23799.37247970052,0.1934718486477828,0.1946878672103549,0.2474872246869907,/wynton/group/sali/mhancock/xray/sample_bench/out/277_native_5_ref/2/output_976/pdbs/470.pdb,4.999688335178619,0.33379389804488,0.6875947358390504,976
114,9.073543597071023,0.1084432944901413,0.8579923513043995,4.681600016115507,0.1709708879093547,0.6935542245831103,10410.800124199082,0.1333932236613556,0.1079409953906177,0.1293976678301716,/wynton/group/sali/mhancock/xray/sample_bench/out/277_native_5_ref/2/output_547/pdbs/395.pdb,4.391943580955515,0.3064457754168897,0.1420076486956004,547
115,9.880286324763048,0.1436735911274805,0.9028004983241112,4.818641933698094,0.2091990286414308,0.4388044835144547,19954.6648110649,0.1776354783097171,0.2063571067652943,0.234499476023259,/wynton/group/sali/mhancock/xray/sample_bench/out/277_native_5_ref/2/output_178/pdbs/494.pdb,5.061644391064955,0.5611955164855453,0.0971995016758888,178
116,9.562593235690965,0.2714405489617338,0.5537252887628206,4.7444795194981975,0.1783201812782077,0.940150135077063,15898.382717374114,0.1480534989518628,0.1650029823900811,0.1971902373591179,/wynton/group/sali/mhancock/xray/sample_bench/out/277_native_5_ref/2/output_880/pdbs/373.pdb,4.818113716192767,0.0598498649229369,0.4462747112371794,880
117,9.620621818232904,0.1204178855117998,0.0125875146753134,4.8213594587797886,0.1987976137372397,0.5411484489232258,20340.32598813036,0.1676572761960049,0.1575593645909009,0.1858062890792099,/wynton/group/sali/mhancock/xray/sample_bench/out/277_native_5_ref/2/output_527/pdbs/451.pdb,4.799262359453115,0.4588515510767743,0.9874124853246864,527
118,9.044737200471838,0.1613043724503265,0.1547876882231041,4.530736001245126,0.1483608060104062,0.1039074258494792,14287.783168560509,0.1217730011020165,0.1169680230872053,0.1529697148503194,/wynton/group/sali/mhancock/xray/sample_bench/out/277_native_5_ref/2/output_27/pdbs/483.pdb,4.514001199226712,0.8960925741505207,0.8452123117768958,27
119,9.633095797742783,0.181516739091174,0.7138000358691565,4.783201730197228,0.1931725477261905,0.4158823331019586,17927.218089358787,0.1605819240618619,0.1717815085628284,0.1909080712035368,/wynton/group/sali/mhancock/xray/sample_bench/out/277_native_5_ref/2/output_234/pdbs/279.pdb,4.849894067545554,0.5841176668980413,0.2861999641308434,234
120,10.051050944899242,0.6738752605489734,0.055209073612877,5.075199909422815,0.3203641833589979,0.9976252098414502,26824.24731024112,0.2223279697301116,0.2041666144229745,0.2723564925315693,/wynton/group/sali/mhancock/xray/sample_bench/out/277_native_5_ref/2/output_135/pdbs/399.pdb,4.975851035476426,0.0023747901585498,0.9447909263871228,135
121,9.59643370637911,0.1127235394152651,0.4870220616201567,4.815728595567832,0.2178299202789468,0.5375993673492058,19334.179342369524,0.1560997940772353,0.1535353615367989,0.1812701322736209,/wynton/group/sali/mhancock/xray/sample_bench/out/277_native_5_ref/2/output_314/pdbs/181.pdb,4.780705110811278,0.4624006326507943,0.5129779383798433,314
122,9.641659146541258,0.1510267238222407,0.4190981413347717,4.823992213891965,0.2153547399343054,0.5865794744018852,18038.9397507242,0.1612966147788091,0.1615536953082372,0.1996064566576643,/wynton/group/sali/mhancock/xray/sample_bench/out/277_native_5_ref/2/output_104/pdbs/348.pdb,4.817666932649294,0.4134205255981147,0.5809018586652283,104
123,9.534806732784208,0.2164968951063369,0.4487365246441944,4.733697347620715,0.1746929586574913,0.5657658815607151,25178.52336104515,0.1477303103748302,0.1570450064501066,0.1843839568468697,/wynton/group/sali/mhancock/xray/sample_bench/out/277_native_5_ref/2/output_707/pdbs/437.pdb,4.8011093851634925,0.434234118439285,0.5512634753558057,707
124,9.91302698943565,0.9623548680040532,0.7511419654260999,5.114351071988587,0.3648083036164535,0.0073063764296677,18905.263124573088,0.2742199920389787,0.1880493129563357,0.2489607020892743,/wynton/group/sali/mhancock/xray/sample_bench/out/277_native_5_ref/2/output_288/pdbs/452.pdb,4.798675917447064,0.9926936235703322,0.2488580345739001,288
125,10.16773320676129,0.6148822238561522,0.8177902042493983,5.059848710026826,0.2976580064078087,0.2799532709021846,30133.433271863367,0.2151315160017197,0.2430086416165008,0.3231771990087085,/wynton/group/sali/mhancock/xray/sample_bench/out/277_native_5_ref/2/output_853/pdbs/218.pdb,5.1078844967344645,0.7200467290978155,0.1822097957506016,853
126,10.065098471114798,0.4951167762045306,0.6226569605946534,5.219986840123807,0.3327073578285232,0.0479992563739068,22126.22410118894,0.2462145009702217,0.1852650908674651,0.2502590170896879,/wynton/group/sali/mhancock/xray/sample_bench/out/277_native_5_ref/2/output_969/pdbs/336.pdb,4.845111630990991,0.9520007436260932,0.3773430394053466,969
127,9.490770242240508,0.1923333767672615,0.4657812568674283,4.8128849838643895,0.1969604703782626,0.7209641700278525,31588.9444959494,0.1617854422602467,0.1456127868171223,0.1744659373639197,/wynton/group/sali/mhancock/xray/sample_bench/out/277_native_5_ref/2/output_502/pdbs/488.pdb,4.677885258376119,0.2790358299721475,0.5342187431325718,502
128,9.457051566237462,0.2797820862405039,0.4696355757860145,4.678617021868657,0.1694188763055367,0.4352585911796812,20232.55873360459,0.1361581462867643,0.1493343254352952,0.1817022591462482,/wynton/group/sali/mhancock/xray/sample_bench/out/277_native_5_ref/2/output_859/pdbs/389.pdb,4.778434544368805,0.5647414088203188,0.5303644242139856,859
129,9.354175370653692,0.1010540289976464,0.569601661756265,4.715867471261668,0.1767656332736337,0.8595657681001524,20692.289807315872,0.1466042652715314,0.1383943664801784,0.1663298578321565,/wynton/group/sali/mhancock/xray/sample_bench/out/277_native_5_ref/2/output_71/pdbs/99.pdb,4.638307899392023,0.1404342318998476,0.4303983382437349,71
130,10.072009965555914,1.0522920956736033,0.8139493334657539,5.004889861410666,0.4059191450756294,0.2384823764708716,24795.50563506303,0.2185290199560568,0.240975868621191,0.4138184853388452,/wynton/group/sali/mhancock/xray/sample_bench/out/277_native_5_ref/2/output_468/pdbs/367.pdb,5.067120104145247,0.7615176235291283,0.186050666534246,468
131,9.028135288346238,0.1268483359237566,0.7305514177581256,4.453201163634818,0.1732939058904677,0.74620448387226,22186.95966989008,0.1088332864415675,0.1220581908935729,0.1683279072619137,/wynton/group/sali/mhancock/xray/sample_bench/out/277_native_5_ref/2/output_594/pdbs/196.pdb,4.57493412471142,0.25379551612774,0.2694485822418743,594
132,9.070501372355078,0.1002799679727592,0.946884564373892,4.638858341217387,0.1814113765183219,0.7596173643869322,15297.45593901067,0.1264643908877068,0.1088724230268604,0.1335700473165808,/wynton/group/sali/mhancock/xray/sample_bench/out/277_native_5_ref/2/output_923/pdbs/333.pdb,4.431643031137692,0.2403826356130678,0.0531154356261079,923
133,9.67685086383351,0.2138485764030362,0.3808744326887324,4.83328114894424,0.2015716434781959,0.5571899720427533,14214.18322926282,0.1626550364651232,0.1675073969551908,0.1932452362268857,/wynton/group/sali/mhancock/xray/sample_bench/out/277_native_5_ref/2/output_414/pdbs/404.pdb,4.843569714889269,0.4428100279572467,0.6191255673112676,414
134,9.736097574289687,0.1724546784739635,0.9894321220582216,4.81271031840517,0.236525947103308,0.4925919230613852,18366.00661118882,0.1678886153297501,0.1805939053529282,0.2125455946844786,/wynton/group/sali/mhancock/xray/sample_bench/out/277_native_5_ref/2/output_886/pdbs/303.pdb,4.923387255884517,0.5074080769386148,0.0105678779417784,886
135,9.666581346943591,0.1763334836412011,0.2140371018078224,4.725244740326198,0.1798935678471456,0.5188173705973194,18650.123443715427,0.1535900868235183,0.1801663861997981,0.2079550754460918,/wynton/group/sali/mhancock/xray/sample_bench/out/277_native_5_ref/2/output_281/pdbs/480.pdb,4.941336606617394,0.4811826294026807,0.7859628981921776,281
136,9.598680692816849,0.1258555832269538,0.5177507913321107,4.800046677314199,0.1958596486370925,0.5123860462838465,17136.109195779223,0.1579673339892855,0.1575719524501066,0.1815333982921726,/wynton/group/sali/mhancock/xray/sample_bench/out/277_native_5_ref/2/output_543/pdbs/410.pdb,4.79863401550265,0.4876139537161535,0.4822492086678893,543
137,9.917123558416055,0.9437579125114616,0.136551133609109,5.028212490871781,0.3411467507065523,0.9805095711485672,27324.67750149639,0.2364575364039175,0.1930304151715543,0.2623394701067724,/wynton/group/sali/mhancock/xray/sample_bench/out/277_native_5_ref/2/output_155/pdbs/278.pdb,4.888911067544274,0.0194904288514329,0.863448866390891,155
138,9.375091626975461,0.2859388974226985,0.3906398071292413,4.731130478989976,0.1832242257524482,0.2084287471303705,18465.51868567023,0.1459862662307713,0.1369562096270188,0.1650003719166828,/wynton/group/sali/mhancock/xray/sample_bench/out/277_native_5_ref/2/output_861/pdbs/427.pdb,4.643961147985485,0.7915712528696295,0.6093601928707588,861
139,9.647779124820444,0.1605922254088617,0.3875833622436458,4.80153855663418,0.1835590024028356,0.5464309867341244,19281.38044207819,0.1608023149271786,0.1659782521577097,0.1882475839553944,/wynton/group/sali/mhancock/xray/sample_bench/out/277_native_5_ref/2/output_679/pdbs/129.pdb,4.846240568186263,0.4535690132658757,0.6124166377563542,679
140,8.727418482571103,0.074078337381716,0.3412342760498488,4.280977076615048,0.1289580253068598,0.1439281206146949,15952.320008473447,0.0940318276548635,0.1084374311831888,0.1352121518081763,/wynton/group/sali/mhancock/xray/sample_bench/out/277_native_5_ref/2/output_734/pdbs/489.pdb,4.446441405956055,0.8560718793853052,0.6587657239501513,734
141,9.561882405913472,0.1802541502071558,0.4931636202144664,4.781506526642243,0.1992915488297416,0.5204612004663275,18961.165296559757,0.1528674858882789,0.1535304770087024,0.1835206037237704,/wynton/group/sali/mhancock/xray/sample_bench/out/277_native_5_ref/2/output_165/pdbs/455.pdb,4.7803758792712285,0.4795387995336725,0.5068363797855336,165
142,9.14375389194019,0.1035734859623168,0.7435312702735613,4.526547768472835,0.1643180708214956,0.6293123425194318,14769.76545415534,0.1183131910361847,0.128818589629043,0.1539664972202934,/wynton/group/sali/mhancock/xray/sample_bench/out/277_native_5_ref/2/output_762/pdbs/241.pdb,4.617206123467356,0.3706876574805682,0.2564687297264388,762
143,9.134592420634906,0.1755968648043997,0.3699332524035619,4.535984102795269,0.1575126532925571,0.2326034020486031,20735.744631613965,0.121462209866169,0.1312661276690517,0.158546980460961,/wynton/group/sali/mhancock/xray/sample_bench/out/277_native_5_ref/2/output_996/pdbs/280.pdb,4.598608317839637,0.7673965979513968,0.6300667475964381,996
144,9.339450817626627,0.1198247381916469,0.4990931661013559,4.611488628127461,0.1596587273345817,0.9936171668133926,32126.751232283656,0.1249507907050311,0.1432880343104191,0.1808304506306882,/wynton/group/sali/mhancock/xray/sample_bench/out/277_native_5_ref/2/output_817/pdbs/445.pdb,4.727962189499167,0.0063828331866074,0.5009068338986441,817
145,10.083886590004376,0.9882211582008732,0.0804203351738972,5.086678180720534,0.316052735945369,0.9337144851006292,26801.045212240453,0.2288176076142618,0.2089550677659808,0.2827821936864754,/wynton/group/sali/mhancock/xray/sample_bench/out/277_native_5_ref/2/output_681/pdbs/399.pdb,4.997208409283843,0.0662855148993708,0.9195796648261028,681
146,10.032388179085878,0.8831109323871276,0.2593788244994911,5.110796178584982,0.4479345871911547,0.8060009014338972,25915.410023247383,0.250275837904125,0.2130670970224312,0.2934280839522576,/wynton/group/sali/mhancock/xray/sample_bench/out/277_native_5_ref/2/output_755/pdbs/370.pdb,4.921592000500896,0.1939990985661027,0.7406211755005089,755
147,9.996388116112808,1.041749894992979,0.8287960287619073,5.016209834553051,0.3062124047062082,0.0683317073827276,24394.11259541781,0.2356917689369822,0.2053313027000325,0.270432727516039,/wynton/group/sali/mhancock/xray/sample_bench/out/277_native_5_ref/2/output_263/pdbs/367.pdb,4.980178281559758,0.9316682926172724,0.1712039712380926,263
148,9.14078848858139,0.1463438860845226,0.3940700619631386,4.616714231659135,0.1608363997082882,0.2818334407882962,18891.01901618459,0.1318942368087242,0.1222279331726526,0.1519126348453875,/wynton/group/sali/mhancock/xray/sample_bench/out/277_native_5_ref/2/output_830/pdbs/339.pdb,4.524074256922254,0.7181665592117038,0.6059299380368615,830
149,9.233591697831343,0.137417605478725,0.3348919826788334,4.555655968619288,0.1507633857632629,0.3377519565394635,18960.25597549155,0.1236107883689157,0.1374732508241215,0.1640138520364452,/wynton/group/sali/mhancock/xray/sample_bench/out/277_native_5_ref/2/output_214/pdbs/383.pdb,4.677935729212055,0.6622480434605365,0.6651080173211665,214
150,9.727308208380794,0.1383916364542959,0.5708385356600857,4.933218427982738,0.2297256002108761,0.2173350952952395,17125.804815388732,0.1824516089237628,0.1664262465583174,0.2038499835561801,/wynton/group/sali/mhancock/xray/sample_bench/out/277_native_5_ref/2/output_268/pdbs/438.pdb,4.794089780398057,0.7826649047047605,0.4291614643399144,268
151,8.617976149860372,0.108779945345712,0.8591757294124255,4.193867548874756,0.1066537360125703,0.9417216235405697,13029.832376891613,0.0861838024207179,0.0988810958848162,0.1243061256783162,/wynton/group/sali/mhancock/xray/sample_bench/out/277_native_5_ref/2/output_467/pdbs/419.pdb,4.424108600985616,0.0582783764594304,0.1408242705875744,467
152,9.998685430869152,1.1780693053112987,0.8999759954862986,5.015352517751542,0.2930641638425122,0.1600867134653544,23883.50409905752,0.211748998365886,0.2258634280760141,0.3023103803644215,/wynton/group/sali/mhancock/xray/sample_bench/out/277_native_5_ref/2/output_680/pdbs/444.pdb,4.983332913117609,0.8399132865346457,0.1000240045137014,680
153,9.990278506480259,0.3662174891100658,0.7175400699116026,4.948595972330324,0.2408827183665675,0.3449538395492496,20148.878289026965,0.1903549100937894,0.2029534392681312,0.2543226568441485,/wynton/group/sali/mhancock/xray/sample_bench/out/277_native_5_ref/2/output_160/pdbs/243.pdb,5.041682534149936,0.6550461604507504,0.2824599300883974,160
154,9.902117869817129,0.2300740843756316,0.8353283531787788,4.867957151461762,0.2066991766656729,0.4069751157476122,27142.528353428163,0.1788032500867019,0.1999072998734502,0.2242587513562587,/wynton/group/sali/mhancock/xray/sample_bench/out/277_native_5_ref/2/output_579/pdbs/388.pdb,5.034160718355368,0.5930248842523878,0.1646716468212211,579
155,9.714615649094597,0.1906750414542215,0.5934647762329773,4.83746497748075,0.2086200995205026,0.4282231236408016,23404.988145847525,0.1652793691640553,0.1722193617517018,0.1971219734588586,/wynton/group/sali/mhancock/xray/sample_bench/out/277_native_5_ref/2/output_655/pdbs/226.pdb,4.877150671613847,0.5717768763591984,0.4065352237670226,655
156,10.048370533163919,0.8916711738763798,0.1350265327905216,5.098229928983368,0.3038650631532072,0.8632622686807538,22348.446676536358,0.2287770570528923,0.2156050185695964,0.2846622796327979,/wynton/group/sali/mhancock/xray/sample_bench/out/277_native_5_ref/2/output_878/pdbs/213.pdb,4.95014060418055,0.1367377313192462,0.8649734672094784,878
157,9.841493884078574,0.2615578903091931,0.8620365435098563,4.8321543520061,0.2089892151814163,0.4278562279013844,18152.19262491027,0.1710250635707113,0.1957666662870753,0.2245763235088899,/wynton/group/sali/mhancock/xray/sample_bench/out/277_native_5_ref/2/output_45/pdbs/203.pdb,5.009339532072473,0.5721437720986156,0.1379634564901437,45
158,9.506818350800234,0.1678498053074053,0.6259744456142153,4.671725074049152,0.1756431518318512,0.5237832832816072,18341.435269921018,0.1411592453163525,0.1626943017122233,0.1912119627936731,/wynton/group/sali/mhancock/xray/sample_bench/out/277_native_5_ref/2/output_269/pdbs/461.pdb,4.835093276751083,0.4762167167183928,0.3740255543857847,269
159,9.685154060173344,0.2290863245215232,0.3161875572870268,4.823643114386836,0.2259678431392934,0.532103587614209,18211.535457691803,0.1602365575245677,0.1663273540564171,0.2030658581055263,/wynton/group/sali/mhancock/xray/sample_bench/out/277_native_5_ref/2/output_507/pdbs/219.pdb,4.861510945786509,0.467896412385791,0.6838124427129731,507
160,9.967274673047825,1.0752170456734274,0.1147158171859972,4.915170939435925,0.2774300232902697,0.7466220023249514,25412.18865247838,0.1957899421285315,0.2505071707941679,0.3248946268451778,/wynton/group/sali/mhancock/xray/sample_bench/out/277_native_5_ref/2/output_975/pdbs/336.pdb,5.052103733611901,0.2533779976750486,0.8852841828140028,975
161,9.55943106882102,0.1088271469830579,0.5703607618289277,4.907788793710944,0.2422039219282994,0.1712950833076606,18992.59018141577,0.1752988373631537,0.1484170043148863,0.1732080819380091,/wynton/group/sali/mhancock/xray/sample_bench/out/277_native_5_ref/2/output_730/pdbs/338.pdb,4.651642275110075,0.8287049166923394,0.4296392381710722,730
162,8.906717807616056,0.2134453874161668,0.2750013027704581,4.331511883347456,0.1391713003907067,0.1658287075204481,16433.133011409653,0.1012513460101602,0.1211502719363095,0.1559889494521305,/wynton/group/sali/mhancock/xray/sample_bench/out/277_native_5_ref/2/output_37/pdbs/299.pdb,4.5752059242686,0.8341712924795519,0.7249986972295418,37
163,9.500439538091324,0.1432612518146544,0.5653709004134992,4.751879126082145,0.1812935968395552,0.3267372072504602,20959.965499817285,0.1532334948089403,0.1518892627508109,0.1823974795243379,/wynton/group/sali/mhancock/xray/sample_bench/out/277_native_5_ref/2/output_277/pdbs/439.pdb,4.748560412009178,0.6732627927495397,0.4346290995865007,277
164,9.477110897562211,0.170197648118483,0.5511798843323882,4.7858954813678105,0.2219858037682157,0.6652435180436016,16280.526854326064,0.155111061558005,0.1471668184901474,0.1704762518724274,/wynton/group/sali/mhancock/xray/sample_bench/out/277_native_5_ref/2/output_470/pdbs/443.pdb,4.6912154161944,0.3347564819563984,0.4488201156676117,470
165,9.392741734153365,0.1517451183922659,0.4545774947323656,4.675084169267823,0.1774196088988379,0.3823217570270286,33048.71440361115,0.1388999695969216,0.1427767803074218,0.1789150363707843,/wynton/group/sali/mhancock/xray/sample_bench/out/277_native_5_ref/2/output_841/pdbs/442.pdb,4.717657564885543,0.6176782429729714,0.5454225052676344,841
166,9.358867176630634,0.1339152266655528,0.622286183753522,4.6128342590122,0.1693018719337548,0.532044214180168,22346.286893973614,0.130119076379321,0.1455555466903173,0.1696125102027225,/wynton/group/sali/mhancock/xray/sample_bench/out/277_native_5_ref/2/output_424/pdbs/308.pdb,4.746032917618434,0.467955785819832,0.3777138162464781,424
167,9.34233261625774,0.1623411554320259,0.6193067941794977,4.594559784258602,0.1683077155275765,0.5840551641279791,13357.28953448812,0.1292959718307708,0.1472492497902908,0.1850744144228366,/wynton/group/sali/mhancock/xray/sample_bench/out/277_native_5_ref/2/output_233/pdbs/277.pdb,4.747772831999138,0.4159448358720209,0.3806932058205022,233
168,9.401269847322155,0.2011900793381962,0.6113751227038419,4.658357597000351,0.184806503113346,0.5565789261486799,15152.729235415509,0.1356487874046154,0.1478749781448503,0.1769524259639006,/wynton/group/sali/mhancock/xray/sample_bench/out/277_native_5_ref/2/output_319/pdbs/297.pdb,4.742912250321805,0.4434210738513202,0.3886248772961582,319
169,10.022429250067828,0.8366366014874588,0.1006610113836468,4.925143428541422,0.2752166172544111,0.7347511921808515,23956.62424496383,0.1922887918336234,0.2595915844124366,0.3184474110370337,/wynton/group/sali/mhancock/xray/sample_bench/out/277_native_5_ref/2/output_422/pdbs/256.pdb,5.097285821526406,0.2652488078191485,0.8993389886163531,422
170,9.245523861829666,0.186683969820534,0.3824322938026009,4.665457149848962,0.1728593988583262,0.2809619563605933,15167.971780539909,0.1377835579712197,0.1320939717421738,0.1551630514201386,/wynton/group/sali/mhancock/xray/sample_bench/out/277_native_5_ref/2/output_954/pdbs/481.pdb,4.580066711980704,0.7190380436394066,0.617567706197399,954
171,9.187215626341311,0.1066936618481027,0.4560506435899805,4.650848614568368,0.1644431416710755,0.1151079794273254,18500.913836031203,0.1362100624810477,0.1237310308874747,0.1514654082309101,/wynton/group/sali/mhancock/xray/sample_bench/out/277_native_5_ref/2/output_380/pdbs/484.pdb,4.536367011772944,0.8848920205726746,0.5439493564100195,380
172,9.177414658698222,0.1177085524059607,0.5845550617550814,4.597321163001698,0.1608767155370993,0.7097872237340739,24309.638442158863,0.1288649550679914,0.1275917554161743,0.1558093522835515,/wynton/group/sali/mhancock/xray/sample_bench/out/277_native_5_ref/2/output_607/pdbs/379.pdb,4.580093495696524,0.2902127762659261,0.4154449382449187,607
173,9.690316883319703,0.2911418292488741,0.642018500878879,4.794449852321505,0.1925196408962428,0.3804789211000227,18692.784922340983,0.1623749598259539,0.1762490175658943,0.2039439052246624,/wynton/group/sali/mhancock/xray/sample_bench/out/277_native_5_ref/2/output_890/pdbs/415.pdb,4.895867030998197,0.6195210788999773,0.357981499121121,890
174,9.067414941864982,0.199500033299738,0.268788339631643,4.448988644180202,0.1377332101528012,0.2649987654219536,12040.35729900234,0.1163821093244322,0.132192836679796,0.1630179472676561,/wynton/group/sali/mhancock/xray/sample_bench/out/277_native_5_ref/2/output_667/pdbs/286.pdb,4.618426297684781,0.7350012345780463,0.7312116603683569,667
175,9.462789120243327,0.184909425215905,0.5070386423565981,4.768854594283148,0.1816776765725728,0.6063113458797728,14214.771455068498,0.1536489109755701,0.1439327510558088,0.1669279485502842,/wynton/group/sali/mhancock/xray/sample_bench/out/277_native_5_ref/2/output_967/pdbs/328.pdb,4.693934525960179,0.3936886541202272,0.4929613576434019,967
176,9.105032213161852,0.0754419106152174,0.6384513352467159,4.503731351650132,0.1446195366757518,0.8686308459648497,14031.745506495976,0.1188850066040297,0.1290895520261956,0.1612340494721074,/wynton/group/sali/mhancock/xray/sample_bench/out/277_native_5_ref/2/output_733/pdbs/424.pdb,4.60130086151172,0.1313691540351502,0.361548664753284,733
177,10.097057941669927,0.3289340431366435,0.3450132764412904,5.182078040456801,0.2941132964731482,0.9820357726311572,22821.795762502654,0.2411270153027837,0.1915487820433134,0.2484353086139797,/wynton/group/sali/mhancock/xray/sample_bench/out/277_native_5_ref/2/output_542/pdbs/79.pdb,4.914979901213125,0.0179642273688428,0.6549867235587097,542
178,9.05679856613818,0.1131257469460184,0.6445190528755977,4.575608288864659,0.1686289079385316,0.7047878182958899,15926.50797076516,0.1216398331760885,0.1162768903069253,0.1452248456642475,/wynton/group/sali/mhancock/xray/sample_bench/out/277_native_5_ref/2/output_836/pdbs/215.pdb,4.48119027727352,0.2952121817041102,0.3554809471244023,836
179,9.04125413503807,0.0937488432199257,0.0136005485483567,4.733495155522188,0.1903804465259072,0.178412215992011,14112.139245156117,0.137090520033176,0.0977413689019712,0.1164925698739769,/wynton/group/sali/mhancock/xray/sample_bench/out/277_native_5_ref/2/output_309/pdbs/492.pdb,4.307758979515883,0.8215877840079889,0.9863994514516432,309
180,8.943105566652081,0.0881940780546118,0.6865472201479811,4.410433162609079,0.1373398407003878,0.9748248937464942,13731.245696282547,0.1031049481480216,0.1183876840637243,0.1511312555519011,/wynton/group/sali/mhancock/xray/sample_bench/out/277_native_5_ref/2/output_905/pdbs/425.pdb,4.5326724040430015,0.0251751062535058,0.3134527798520189,905
181,9.220343627199213,0.0807964711988903,0.6858233972774292,4.57680479906405,0.1833401469044332,0.6672988635452722,21560.713191306226,0.1254127985274642,0.1329728038377361,0.1752899084227193,/wynton/group/sali/mhancock/xray/sample_bench/out/277_native_5_ref/2/output_780/pdbs/376.pdb,4.643538828135164,0.3327011364547277,0.3141766027225707,780
182,9.794258133174313,0.1676665195510135,0.5880116781678438,4.889581263187698,0.2129269286483026,0.0387649041147968,19612.156994395285,0.165053106133111,0.1676247927221693,0.2094343321213855,/wynton/group/sali/mhancock/xray/sample_bench/out/277_native_5_ref/2/output_91/pdbs/4.pdb,4.904676869986616,0.9612350958852032,0.4119883218321562,91
183,9.695661370067144,0.2174855300410325,0.5695582731489024,4.851813457470021,0.2366827060531756,0.4521960173690193,15592.88321901642,0.1643999490738559,0.1658581945084649,0.2137992583251803,/wynton/group/sali/mhancock/xray/sample_bench/out/277_native_5_ref/2/output_451/pdbs/101.pdb,4.843847912597123,0.5478039826309806,0.4304417268510976,451
184,9.521114584994457,0.1356548057825432,0.5170635638439917,4.746923961416022,0.1927054566626233,0.5806219549748118,13808.066306645744,0.1526089535207492,0.1564374974135761,0.1890025998237454,/wynton/group/sali/mhancock/xray/sample_bench/out/277_native_5_ref/2/output_856/pdbs/474.pdb,4.774190623578436,0.4193780450251881,0.4829364361560083,856
185,9.223681067794079,0.122047738020344,0.4660594014725524,4.633300702022335,0.1603268038073789,0.3214832300689104,13293.29181915041,0.1312741501399887,0.1283208204259661,0.1495608007503055,/wynton/group/sali/mhancock/xray/sample_bench/out/277_native_5_ref/2/output_689/pdbs/298.pdb,4.590380365771745,0.6785167699310896,0.5339405985274476,689
186,9.474070518888833,0.1719719442375833,0.5372056660169822,4.778128994725746,0.2270506139370455,0.6134984311222299,18836.75982682556,0.1501424444474766,0.141682697159999,0.1673132793100827,/wynton/group/sali/mhancock/xray/sample_bench/out/277_native_5_ref/2/output_133/pdbs/377.pdb,4.695941524163088,0.3865015688777701,0.4627943339830178,133
187,9.564710498802086,0.1178119013417989,0.5199596204398266,4.799110100417547,0.2229659776816836,0.5631172081225693,16472.653184383875,0.1545954558251873,0.1524679289031586,0.1999106842330878,/wynton/group/sali/mhancock/xray/sample_bench/out/277_native_5_ref/2/output_656/pdbs/364.pdb,4.765600398384539,0.4368827918774308,0.4800403795601734,656
188,9.953715086749769,0.2685876073356539,0.6935707692583857,5.085205650609518,0.2667399454336302,0.1884856307458423,18393.996159597107,0.2191670727972824,0.1831971054000514,0.219137901704675,/wynton/group/sali/mhancock/xray/sample_bench/out/277_native_5_ref/2/output_940/pdbs/150.pdb,4.8685094361402514,0.8115143692541577,0.3064292307416143,940
189,9.330900513231303,0.1258997641364457,0.4562334887818017,4.556592766589792,0.1559911623181678,0.0078562931171748,13280.9037094675,0.1257839138831507,0.1526774256723529,0.1911518180278332,/wynton/group/sali/mhancock/xray/sample_bench/out/277_native_5_ref/2/output_264/pdbs/422.pdb,4.774307746641512,0.992143706882825,0.5437665112181982,264
190,9.658690279910694,0.1640176882265312,0.5563050372439298,4.841986417586459,0.2372686035770793,0.5116714764588601,17022.712629391222,0.1606760035275489,0.1591130729946163,0.212960217592112,/wynton/group/sali/mhancock/xray/sample_bench/out/277_native_5_ref/2/output_683/pdbs/271.pdb,4.816703862324235,0.4883285235411398,0.4436949627560703,683
191,10.093873062833273,0.4617832291570353,0.3429269786361225,5.20030692429626,0.4106213794236233,0.9922824431529595,18240.104261108147,0.268140985347835,0.1944544718589136,0.2601079584785126,/wynton/group/sali/mhancock/xray/sample_bench/out/277_native_5_ref/2/output_0/pdbs/189.pdb,4.893566138537013,0.0077175568470402,0.6570730213638776,0
192,8.90676672072799,0.1359522663528626,0.7499772906147825,4.465003083238396,0.1454267089970361,0.9260807996624408,14668.471554705531,0.110924466582572,0.1129546296158315,0.1355565688665753,/wynton/group/sali/mhancock/xray/sample_bench/out/277_native_5_ref/2/output_713/pdbs/347.pdb,4.441763637489594,0.0739192003375593,0.2500227093852175,713
193,9.992559271123824,0.3899331330742548,0.3181282655005026,5.1200800589174085,0.3047860865401307,0.8147403080410229,22049.654974159446,0.2227818525440986,0.1819012211240542,0.2417333691379623,/wynton/group/sali/mhancock/xray/sample_bench/out/277_native_5_ref/2/output_23/pdbs/103.pdb,4.872479212206415,0.1852596919589771,0.6818717344994973,23
194,10.005786706834897,0.903000686705413,0.9770347690278388,5.025541086770783,0.2896924490713322,0.1227495024700673,22443.238754406186,0.2156941527652533,0.222932496446531,0.2860690529741853,/wynton/group/sali/mhancock/xray/sample_bench/out/277_native_5_ref/2/output_804/pdbs/258.pdb,4.980245620064115,0.8772504975299327,0.0229652309721611,804
195,9.270767816105913,0.1096125874815135,0.4534286902353706,4.66841490853099,0.1725850060165386,0.2179553045858248,15683.991663976472,0.1423530615687346,0.1354002675805335,0.165207475795022,/wynton/group/sali/mhancock/xray/sample_bench/out/277_native_5_ref/2/output_110/pdbs/394.pdb,4.602352907574922,0.7820446954141752,0.5465713097646294,110
196,9.910660194431959,0.224871279191387,0.2052315952618056,4.87818136981723,0.2205512158357949,0.6098811039148693,19202.820648569457,0.1801161994646178,0.2023510643347174,0.2428548711111915,/wynton/group/sali/mhancock/xray/sample_bench/out/277_native_5_ref/2/output_931/pdbs/90.pdb,5.03247882461473,0.3901188960851307,0.7947684047381943,931
197,9.346569168351309,0.2214266876714371,0.8157268345558245,4.633868063383536,0.1832272577125667,0.623108123460848,19940.85791550742,0.1323019989081866,0.1420119084149801,0.1817847039051003,/wynton/group/sali/mhancock/xray/sample_bench/out/277_native_5_ref/2/output_651/pdbs/495.pdb,4.712701104967772,0.376891876539152,0.1842731654441754,651
198,9.581619330285093,0.142142245391307,0.8077561016144837,4.739352135383411,0.2237066893370939,0.4956274244805409,18157.099228174968,0.1518131474737184,0.1663797815757482,0.1907151229263341,/wynton/group/sali/mhancock/xray/sample_bench/out/277_native_5_ref/2/output_28/pdbs/296.pdb,4.842267194901682,0.5043725755194591,0.1922438983855162,28
199,9.34989009179171,0.1923681634946502,0.4137615352755336,4.677429752046307,0.1671208113910942,0.279328942460591,20885.453217845483,0.1404783936787403,0.1404948584565493,0.1766318342292109,/wynton/group/sali/mhancock/xray/sample_bench/out/277_native_5_ref/2/output_191/pdbs/422.pdb,4.672460339745404,0.720671057539409,0.5862384647244664,191
200,9.90827076524091,0.1646397133415774,0.7971364202580777,4.9475295469222536,0.2321613410477793,0.3472212084261381,19994.699497764745,0.1753183354713687,0.1830887315109763,0.221961502754127,/wynton/group/sali/mhancock/xray/sample_bench/out/277_native_5_ref/2/output_294/pdbs/1.pdb,4.960741218318658,0.652778791573862,0.2028635797419223,294
201,9.144912146937877,0.1757085520947135,0.8447791611344684,4.540925479186544,0.1635052720166011,0.8606753853273248,18489.91176970023,0.1213025569628553,0.1285438648011445,0.1630337752184494,/wynton/group/sali/mhancock/xray/sample_bench/out/277_native_5_ref/2/output_386/pdbs/475.pdb,4.603986667751332,0.1393246146726751,0.1552208388655316,386
202,9.810028015713616,0.2318835654561116,0.279368868201611,4.859914178036338,0.2157319660434848,0.6127563669676112,20334.719111350125,0.1725078009135264,0.1842820451374428,0.2208756522468173,/wynton/group/sali/mhancock/xray/sample_bench/out/277_native_5_ref/2/output_513/pdbs/398.pdb,4.950113837677278,0.3872436330323888,0.7206311317983889,513
203,10.006044589625258,0.9882699888857832,0.7649751942362089,5.051086338028672,0.3339010807104299,0.1526735921176059,25778.19920765524,0.2495917807735688,0.2135855116946488,0.2941235437659286,/wynton/group/sali/mhancock/xray/sample_bench/out/277_native_5_ref/2/output_328/pdbs/257.pdb,4.954958251596587,0.847326407882394,0.2350248057637911,328
204,9.735691297561047,0.1744731021820547,0.6990100457598931,4.80132483184927,0.2413052819826124,0.4578484096297062,15488.8944056311,0.1587784336722949,0.1788992467391514,0.2298122894968978,/wynton/group/sali/mhancock/xray/sample_bench/out/277_native_5_ref/2/output_256/pdbs/242.pdb,4.9343664657117765,0.5421515903702938,0.3009899542401069,256
205,9.284276553946615,0.1443724640082593,0.555648296396669,4.65149017628315,0.1702878797344873,0.7463308527270656,12716.916558783594,0.1371865896863084,0.1359987803980412,0.1637994549173741,/wynton/group/sali/mhancock/xray/sample_bench/out/277_native_5_ref/2/output_62/pdbs/384.pdb,4.632786377663466,0.2536691472729344,0.444351703603331,62
206,9.203644442739138,0.1020346354966637,0.8419298036652855,4.672050835252025,0.1774229378382554,0.6242228208294461,17855.61669314244,0.1359511772296865,0.1184102550365716,0.1505552262099184,/wynton/group/sali/mhancock/xray/sample_bench/out/277_native_5_ref/2/output_199/pdbs/325.pdb,4.531593607487113,0.3757771791705538,0.1580701963347145,199
207,9.765836144705432,0.1859966415118319,0.6456176155681802,4.878060874312028,0.2244111764299508,0.3692899550643927,21907.960262358283,0.1740123610970643,0.1747982611863131,0.2063213216843269,/wynton/group/sali/mhancock/xray/sample_bench/out/277_native_5_ref/2/output_648/pdbs/225.pdb,4.887775270393405,0.6307100449356072,0.3543823844318198,648
208,9.299140528790735,0.1060368575382705,0.5434725982430207,4.654956990058351,0.1665476416760742,0.8588514853870979,13897.851476141732,0.1400407044715064,0.1412882780661443,0.168657235325222,/wynton/group/sali/mhancock/xray/sample_bench/out/277_native_5_ref/2/output_764/pdbs/361.pdb,4.644183538732384,0.1411485146129021,0.4565274017569793,764
209,9.807722441982936,0.1357984189175206,0.7134703912651634,4.881403524883727,0.2044704542242144,0.0775229238588466,9011.08437036504,0.1691787752087194,0.1755787074518391,0.21498274789001,/wynton/group/sali/mhancock/xray/sample_bench/out/277_native_5_ref/2/output_503/pdbs/1.pdb,4.926318917099207,0.9224770761411534,0.2865296087348365,503
210,9.62476171717218,0.1711765301539678,0.337858382126138,4.782192197875556,0.2170289752124481,0.4870259810741593,35109.79907049852,0.1527230409847547,0.1624794929956517,0.1947807421325305,/wynton/group/sali/mhancock/xray/sample_bench/out/277_native_5_ref/2/output_662/pdbs/154.pdb,4.8425695192966245,0.5129740189258407,0.662141617873862,662
211,9.602708178120587,0.1471943438737721,0.4997648551053771,4.854275493151168,0.2131647813742856,0.0733729388288583,20921.58340699248,0.1681044003234266,0.1585385691404295,0.1927643572483122,/wynton/group/sali/mhancock/xray/sample_bench/out/277_native_5_ref/2/output_296/pdbs/215.pdb,4.748432684969419,0.9266270611711416,0.5002351448946228,296
212,9.462916655887096,0.1703233520683293,0.367294551814548,4.715745531047964,0.195732126087282,0.449717617288716,33513.97650117361,0.1411887834061701,0.1448950686970809,0.1831238611561871,/wynton/group/sali/mhancock/xray/sample_bench/out/277_native_5_ref/2/output_190/pdbs/385.pdb,4.747171124839132,0.5502823827112839,0.6327054481854519,190
213,9.731819164768634,0.2468408059799621,0.6598756607338802,4.810419930856515,0.200352642681672,0.4435504507034761,26304.366115746303,0.1604835890470149,0.1790890840614658,0.2153637360566856,/wynton/group/sali/mhancock/xray/sample_bench/out/277_native_5_ref/2/output_481/pdbs/134.pdb,4.921399233912118,0.5564495492965238,0.3401243392661198,481
214,9.043687305797482,0.0940690732764823,0.8511896572589835,4.614642056217589,0.1657810613680093,0.8810237376452462,14927.595249073309,0.1243062233276963,0.1097949209010627,0.1345861852197203,/wynton/group/sali/mhancock/xray/sample_bench/out/277_native_5_ref/2/output_835/pdbs/192.pdb,4.429045249579893,0.1189762623547538,0.1488103427410164,835
215,9.866430432238955,0.1814269224683595,0.1039116505057257,4.8475390382978745,0.2055405938888428,0.5590293949758415,16324.962758173777,0.1734387280683914,0.1929525027354996,0.2310828050355512,/wynton/group/sali/mhancock/xray/sample_bench/out/277_native_5_ref/2/output_33/pdbs/22.pdb,5.018891393941081,0.4409706050241585,0.8960883494942742,33
216,9.99758590210335,0.2162150351661303,0.6450024646791008,5.064201369610005,0.2787436776177379,0.2550391061325976,24029.23020246164,0.20908021601391,0.1878710198577286,0.2329537766592745,/wynton/group/sali/mhancock/xray/sample_bench/out/277_native_5_ref/2/output_336/pdbs/73.pdb,4.933384532493344,0.7449608938674024,0.3549975353208992,336
217,9.028230116235314,0.1208557607861113,0.3667143047871239,4.627364132543674,0.1757989078644398,0.2418706789055393,17189.540082590967,0.1284491647699725,0.109012552721207,0.1421049569711237,/wynton/group/sali/mhancock/xray/sample_bench/out/277_native_5_ref/2/output_353/pdbs/244.pdb,4.400865983691641,0.7581293210944607,0.633285695212876,353
218,9.515173610138536,0.1710358216418333,0.9617846988064572,4.8003668728668725,0.2107874164985708,0.5659973084688164,14989.283591321217,0.1605357631330257,0.1433755785175345,0.174028958220562,/wynton/group/sali/mhancock/xray/sample_bench/out/277_native_5_ref/2/output_896/pdbs/449.pdb,4.714806737271663,0.4340026915311836,0.0382153011935429,896
219,9.186257143285104,0.1777351854281223,0.747240906289069,4.528910901264352,0.159497278893034,0.6583647106413618,29260.19356398156,0.118376877284612,0.1337543470243096,0.1651296696740895,/wynton/group/sali/mhancock/xray/sample_bench/out/277_native_5_ref/2/output_609/pdbs/464.pdb,4.657346242020751,0.3416352893586381,0.252759093710931,609
220,9.468394984848006,0.1703897612192159,0.5333563904647701,4.856054575817986,0.1993060457547013,0.2645313080031656,18096.62793591313,0.1698209390093835,0.1382562415616627,0.1605140193926342,/wynton/group/sali/mhancock/xray/sample_bench/out/277_native_5_ref/2/output_941/pdbs/453.pdb,4.61234040903002,0.7354686919968344,0.4666436095352299,941
221,8.92017897977314,0.1620894362090052,0.2024598699068468,4.471806354147284,0.1411688576129646,0.3573534641678967,14081.872059121482,0.1116452049507498,0.1095760027012289,0.1301974238624748,/wynton/group/sali/mhancock/xray/sample_bench/out/277_native_5_ref/2/output_790/pdbs/378.pdb,4.448372625625856,0.6426465358321033,0.7975401300931532,790
222,9.705688931610933,0.1782085607525493,0.8971562176947654,4.851431303344745,0.2070216651882093,0.4835753304502037,18397.94078305957,0.1691571413493413,0.1648510559508915,0.1970096473994919,/wynton/group/sali/mhancock/xray/sample_bench/out/277_native_5_ref/2/output_341/pdbs/152.pdb,4.854257628266189,0.5164246695497963,0.1028437823052346,341
223,9.566266148214861,0.1950705438313399,0.5408880628554918,4.755826607698978,0.1990776894515235,0.5385436869247472,18353.345063214325,0.1523013899931822,0.159794774893388,0.2015366023829423,/wynton/group/sali/mhancock/xray/sample_bench/out/277_native_5_ref/2/output_132/pdbs/446.pdb,4.810439540515882,0.4614563130752528,0.4591119371445081,132
224,8.80550045887977,0.1043218226762929,0.3206130163819463,4.282528374275383,0.1218999561703375,0.0915393663867364,20109.353106949948,0.0918003501361594,0.1102579479937523,0.148234291150197,/wynton/group/sali/mhancock/xray/sample_bench/out/277_native_5_ref/2/output_26/pdbs/484.pdb,4.522972084604387,0.9084606336132636,0.6793869836180537,26
225,8.804945359232216,0.103051723138571,0.1772464296044703,4.372370763525255,0.1360373497761829,0.2344810127607456,19016.41349088949,0.102555108421826,0.1068674145535887,0.1274824538777194,/wynton/group/sali/mhancock/xray/sample_bench/out/277_native_5_ref/2/output_566/pdbs/337.pdb,4.432574595706961,0.7655189872392544,0.8227535703955297,566
226,9.14448445070196,0.0928945688976896,0.9630332632448418,4.691313163024393,0.1783454749829274,0.739467573055191,21582.50229079989,0.1390756133237636,0.109815594524352,0.1369739293120207,/wynton/group/sali/mhancock/xray/sample_bench/out/277_native_5_ref/2/output_528/pdbs/494.pdb,4.453171287677567,0.2605324269448091,0.0369667367551581,528
227,9.281540273478342,0.1699562750779698,0.3665382761088562,4.615270904572838,0.1613630384047291,0.4045908789016243,14210.505387411824,0.1319923022336102,0.1394270009693168,0.1644760990285903,/wynton/group/sali/mhancock/xray/sample_bench/out/277_native_5_ref/2/output_623/pdbs/339.pdb,4.666269368905505,0.5954091210983757,0.6334617238911439,623
228,9.57153770177807,0.1456891451948805,0.9706141337272874,4.783742958454693,0.2306267267366959,0.5160501611327765,15683.093688495235,0.1546212643521618,0.1544277586845895,0.1888492057561349,/wynton/group/sali/mhancock/xray/sample_bench/out/277_native_5_ref/2/output_604/pdbs/366.pdb,4.787794743323376,0.4839498388672235,0.0293858662727125,604
229,9.659417649400062,0.1684428630980087,0.9398030008692582,4.812795754699034,0.2096568326290949,0.5164973589353037,20066.60294903189,0.162683242931256,0.1627898014949634,0.2020209395001655,/wynton/group/sali/mhancock/xray/sample_bench/out/277_native_5_ref/2/output_125/pdbs/184.pdb,4.846621894701028,0.4835026410646962,0.0601969991307418,125
230,10.140540287098284,0.267101742107829,0.8985709742398902,4.952930910343392,0.2782891836687644,0.384407065441444,19399.732473381224,0.1963686473994635,0.2390118121984667,0.2798646970402117,/wynton/group/sali/mhancock/xray/sample_bench/out/277_native_5_ref/2/output_164/pdbs/192.pdb,5.187609376754892,0.615592934558556,0.1014290257601098,164
231,10.030702967764002,0.8764503277094459,0.2564597364599107,5.0861090667939655,0.426295827602661,0.8309439866835225,21282.47764757654,0.2468805246610937,0.2057719121430182,0.3883337686879865,/wynton/group/sali/mhancock/xray/sample_bench/out/277_native_5_ref/2/output_14/pdbs/334.pdb,4.944593900970037,0.1690560133164774,0.7435402635400893,14
232,9.76119936478429,0.1342934001808025,0.8460960718884784,4.714744942155363,0.1884177896744453,0.4614278732898163,18254.264382582096,0.1628314709085688,0.2017540093835648,0.2364778354467456,/wynton/group/sali/mhancock/xray/sample_bench/out/277_native_5_ref/2/output_785/pdbs/445.pdb,5.046454422628925,0.5385721267101837,0.1539039281115217,785
233,9.819830613225836,0.1285084085237367,0.5718858373667395,4.868158638373528,0.214514602210682,0.0459915052870738,14368.524129874268,0.1655456932541217,0.1793351861915262,0.2267600185807821,/wynton/group/sali/mhancock/xray/sample_bench/out/277_native_5_ref/2/output_255/pdbs/2.pdb,4.951671974852309,0.954008494712926,0.4281141626332604,255
234,9.487295275899537,0.1209222869033369,0.4753845787201952,4.799854121974928,0.2043007941855838,0.5379607464322008,32836.55849864374,0.1529223536982524,0.1390606641225155,0.1770681507745551,/wynton/group/sali/mhancock/xray/sample_bench/out/277_native_5_ref/2/output_951/pdbs/499.pdb,4.687441153924609,0.4620392535677991,0.5246154212798048,951
235,9.02394109991119,0.0763096685705355,0.671995001647663,4.527446432544452,0.1508995841157893,0.8925963969372732,14517.358628147223,0.122714830393067,0.1226108792533391,0.1463133403536324,/wynton/group/sali/mhancock/xray/sample_bench/out/277_native_5_ref/2/output_289/pdbs/413.pdb,4.496494667366737,0.1074036030627268,0.328004998352337,289
236,9.574855719548285,0.2216303083559525,0.4817237725639316,4.776845192442146,0.1891329159688053,0.546413397585454,17353.88908565807,0.1563799907361985,0.1586659104826422,0.1798505467309204,/wynton/group/sali/mhancock/xray/sample_bench/out/277_native_5_ref/2/output_92/pdbs/199.pdb,4.79801052710614,0.453586602414546,0.5182762274360684,92
237,9.514316824213592,0.149127484458473,0.1612243663017467,4.662401309657244,0.1710293351052169,0.4792798456121255,15020.96157016791,0.1458705311500935,0.1665900799494728,0.1973116160484114,/wynton/group/sali/mhancock/xray/sample_bench/out/277_native_5_ref/2/output_383/pdbs/361.pdb,4.851915514556349,0.5207201543878744,0.8387756336982533,383
238,9.804369752389782,0.2976565444810896,0.5209040526239076,4.8950933677473145,0.2249182721462959,0.4875930033386045,19445.48493952625,0.1741771564341375,0.1760551778755184,0.2182816700899006,/wynton/group/sali/mhancock/xray/sample_bench/out/277_native_5_ref/2/output_893/pdbs/181.pdb,4.909276384642467,0.5124069966613954,0.4790959473760924,893
239,9.11726200636576,0.1601037899077589,0.2554725009156471,4.43459920825098,0.1428342675128794,0.3173398265848942,11995.145303806075,0.1115663565439163,0.1346541542177466,0.1690049680357831,/wynton/group/sali/mhancock/xray/sample_bench/out/277_native_5_ref/2/output_505/pdbs/358.pdb,4.682662798114778,0.6826601734151058,0.7445274990843529,505
240,9.35365138580213,0.1110956756372413,0.8181714433086719,4.707385396481228,0.1866915840334195,0.5594919217800136,23226.32862393506,0.142709935086027,0.1315160063596785,0.1624610644767287,/wynton/group/sali/mhancock/xray/sample_bench/out/277_native_5_ref/2/output_744/pdbs/499.pdb,4.646265989320903,0.4405080782199864,0.1818285566913281,744
241,9.315241050737853,0.1259199967881602,0.3274182843473877,4.57961921064644,0.1731649276358247,0.4255048427871163,14774.644594284824,0.1312941757503278,0.1479199864008424,0.1780120826104762,/wynton/group/sali/mhancock/xray/sample_bench/out/277_native_5_ref/2/output_811/pdbs/463.pdb,4.735621840091414,0.5744951572128837,0.6725817156526124,811
242,9.450818968434305,0.1557510950610778,0.6879688423077481,4.677912025527938,0.1676142819821203,0.5350166386076951,22759.625886720405,0.1398567430361967,0.1543921333031715,0.1787601514759109,/wynton/group/sali/mhancock/xray/sample_bench/out/277_native_5_ref/2/output_494/pdbs/384.pdb,4.772906942906367,0.4649833613923048,0.3120311576922518,494
243,10.060161733250734,0.2116286885123533,0.7254334074944223,5.012187537038874,0.2491228433946257,0.3247754373936891,21690.75472918232,0.1923372989579486,0.1976346758622263,0.2427031752035958,/wynton/group/sali/mhancock/xray/sample_bench/out/277_native_5_ref/2/output_402/pdbs/10.pdb,5.047974196211859,0.6752245626063108,0.2745665925055777,402
244,9.681427871901676,0.186111641138874,0.6945823506640209,4.783595917268823,0.2178698140444222,0.4303297592670138,34197.138410660955,0.1562960400867427,0.1726394750241621,0.2114506086108381,/wynton/group/sali/mhancock/xray/sample_bench/out/277_native_5_ref/2/output_529/pdbs/276.pdb,4.897831954632854,0.5696702407329862,0.3054176493359791,529
245,9.554445412034484,0.141658297149832,0.4950060808152384,4.833101537109202,0.19250599193853,0.7923532617494975,24548.243030006648,0.1632706817918459,0.1523565230310692,0.1771457458265159,/wynton/group/sali/mhancock/xray/sample_bench/out/277_native_5_ref/2/output_433/pdbs/400.pdb,4.7213438749252825,0.2076467382505025,0.5049939191847617,433
246,9.244618661463585,0.1389682365265545,0.6288035271248211,4.586394698273769,0.160291036642186,0.5685191734207414,15730.505176848405,0.1291432096798844,0.1371101064105278,0.1628273197937157,/wynton/group/sali/mhancock/xray/sample_bench/out/277_native_5_ref/2/output_89/pdbs/496.pdb,4.658223963189816,0.4314808265792585,0.3711964728751789,89
247,10.18114457926718,0.335385065928805,0.2166035390803292,5.026152298512923,0.3522186403267249,0.6899983107726464,22455.36161269484,0.2028773161040125,0.2259731268927096,0.349739778948139,/wynton/group/sali/mhancock/xray/sample_bench/out/277_native_5_ref/2/output_393/pdbs/273.pdb,5.154992280754257,0.3100016892273536,0.7833964609196707,393
248,10.02407864998742,1.0895646302090412,0.8777835325391417,5.002055919652065,0.2866298258806046,0.2189579049503367,19867.12870807778,0.2105959225053351,0.2429687872208926,0.3059603436906572,/wynton/group/sali/mhancock/xray/sample_bench/out/277_native_5_ref/2/output_797/pdbs/352.pdb,5.022022730335355,0.7810420950496633,0.1222164674608583,797
249,9.134212700436,0.0909842271460275,0.0968717096384929,4.582507915645645,0.1591860069299321,0.3662145028836988,17224.061664803092,0.1273824704923199,0.1219973769868257,0.1475672779892098,/wynton/group/sali/mhancock/xray/sample_bench/out/277_native_5_ref/2/output_106/pdbs/350.pdb,4.551704784790355,0.6337854971163012,0.903128290361507,106
250,10.05608009800923,0.8814215248270565,0.8631221333630703,5.028170966369447,0.2926523184182972,0.2292638334073154,26833.106680183293,0.2100845780123473,0.2350786514156156,0.3101938465437724,/wynton/group/sali/mhancock/xray/sample_bench/out/277_native_5_ref/2/output_136/pdbs/294.pdb,5.027909131639784,0.7707361665926845,0.1368778666369297,136
251,10.185337800235004,0.5807182156539368,0.9838783761139585,4.95515151749015,0.2797962214418321,0.3102360858405336,26461.5761256226,0.2044394181913831,0.2827952375205549,0.4002734529419782,/wynton/group/sali/mhancock/xray/sample_bench/out/277_native_5_ref/2/output_955/pdbs/160.pdb,5.230186282744854,0.6897639141594665,0.0161216238860415,955
252,9.750399670081883,0.2818390985030804,0.3626047563452395,4.839580695278404,0.1995054810884003,0.5727971323145639,17454.16551741543,0.1703351089563775,0.1783824516292882,0.2163906492508168,/wynton/group/sali/mhancock/xray/sample_bench/out/277_native_5_ref/2/output_751/pdbs/317.pdb,4.910818974803479,0.4272028676854361,0.6373952436547604,751
253,9.706613018115881,0.28083881337976,0.5703590820651159,4.959553970722631,0.2239542518010675,0.205187010065469,20768.738198785915,0.1851212903081934,0.1551649554310372,0.189063997515152,/wynton/group/sali/mhancock/xray/sample_bench/out/277_native_5_ref/2/output_628/pdbs/361.pdb,4.74705904739325,0.794812989934531,0.4296409179348842,628
254,9.645273563444892,0.1630358147053038,0.5294994104683676,4.855229651536979,0.200341379588081,0.5145338438722422,14501.32151254624,0.167819675498516,0.1565946852925997,0.1856595240043749,/wynton/group/sali/mhancock/xray/sample_bench/out/277_native_5_ref/2/output_573/pdbs/240.pdb,4.790043911907913,0.4854661561277578,0.4705005895316325,573
255,9.915041939938886,0.3280089007657406,0.37090110961829,5.073025515488225,0.2551836646191429,0.7952349294438084,19506.43376482774,0.2154207660349765,0.1804474609901446,0.2352278773182853,/wynton/group/sali/mhancock/xray/sample_bench/out/277_native_5_ref/2/output_10/pdbs/211.pdb,4.842016424450661,0.2047650705561917,0.6290988903817101,10
256,9.088740982005628,0.0926536834186016,0.6623859806117175,4.608857148038142,0.1568447440962654,0.7710079461675512,13693.924071747822,0.1326494141249967,0.120493502896448,0.1417475642950691,/wynton/group/sali/mhancock/xray/sample_bench/out/277_native_5_ref/2/output_571/pdbs/497.pdb,4.479883833967487,0.2289920538324488,0.3376140193882825,571
257,9.348765785690214,0.1490765748398143,0.4546943469289747,4.671497650781974,0.1984046330490968,0.3008680912182698,34337.26934022912,0.133385872165139,0.136362474297885,0.1844058370654401,/wynton/group/sali/mhancock/xray/sample_bench/out/277_native_5_ref/2/output_901/pdbs/480.pdb,4.67726813490824,0.6991319087817303,0.5453056530710253,901
258,9.45251830851646,0.1718331923667452,0.7542564037823858,4.6639740074344,0.1694611036737137,0.540442746918344,17449.60864295344,0.1403158005395185,0.1536265960836554,0.1832307065340898,/wynton/group/sali/mhancock/xray/sample_bench/out/277_native_5_ref/2/output_765/pdbs/466.pdb,4.78854430108206,0.4595572530816559,0.2457435962176142,765
259,9.856146698797838,0.1787436058317726,0.0353070640075872,4.821063458382622,0.1967606165753335,0.5536840759446148,23283.98657601933,0.1753918680475205,0.2017998098171063,0.2308083784811785,/wynton/group/sali/mhancock/xray/sample_bench/out/277_native_5_ref/2/output_538/pdbs/208.pdb,5.035083240415216,0.4463159240553852,0.9646929359924128,538
260,10.123660640106692,0.9253412232475976,0.7042199243106018,5.1360085978525225,0.4439558126172838,0.2090736114320908,28540.55188817296,0.2504041252782741,0.209879190854443,0.4007675616243339,/wynton/group/sali/mhancock/xray/sample_bench/out/277_native_5_ref/2/output_928/pdbs/332.pdb,4.987652042254169,0.7909263885679091,0.2957800756893982,928
261,9.703312537660253,0.2081365789492278,0.7189837302668101,4.784562434040351,0.2069028060348944,0.4266357774758198,18605.272517560275,0.1583257726124601,0.1758525464113879,0.2118920659913329,/wynton/group/sali/mhancock/xray/sample_bench/out/277_native_5_ref/2/output_365/pdbs/448.pdb,4.918750103619901,0.5733642225241802,0.2810162697331899,365
262,10.228177807481275,0.4701841291549246,0.6922882769806068,5.1732891922651545,0.3940722056759914,0.219113770779684,28618.705606332554,0.2266916274892431,0.2044827439572966,0.355300064294877,/wynton/group/sali/mhancock/xray/sample_bench/out/277_native_5_ref/2/output_311/pdbs/226.pdb,5.054888615216121,0.780886229220316,0.3077117230193932,311
263,9.66060368845824,0.1665623434492707,0.4711828607147262,4.861414435405199,0.2480571936878765,0.4076115676048952,23109.52896340291,0.1622558821283081,0.1580585117933776,0.1814980746320555,/wynton/group/sali/mhancock/xray/sample_bench/out/277_native_5_ref/2/output_512/pdbs/263.pdb,4.799189253053041,0.5923884323951049,0.5288171392852739,512
264,9.67376462799266,0.1576596543147874,0.4438262689738549,4.828875340091522,0.2263869050718945,0.625625375579936,25692.26552394447,0.1570181695729848,0.1598904782260624,0.2165796630584343,/wynton/group/sali/mhancock/xray/sample_bench/out/277_native_5_ref/2/output_354/pdbs/336.pdb,4.844889287901139,0.374374624420064,0.5561737310261451,354
265,9.576861507267537,0.1560378038222001,0.4971336016149797,4.803314793477571,0.2033011684376421,0.5801135453908013,17723.84536834137,0.1552748482361244,0.1523880553821348,0.1857699640624259,/wynton/group/sali/mhancock/xray/sample_bench/out/277_native_5_ref/2/output_719/pdbs/420.pdb,4.773546713789965,0.4198864546091987,0.5028663983850202,719
266,8.820660414571002,0.1031195091380187,0.8384616358278607,4.464871086826204,0.1447855983301488,0.8898226286167571,16582.287223144616,0.1091833916076139,0.1017559127002192,0.1245694769644989,/wynton/group/sali/mhancock/xray/sample_bench/out/277_native_5_ref/2/output_456/pdbs/425.pdb,4.355789327744798,0.1101773713832429,0.1615383641721394,456
267,9.998142265129788,0.2449650638482398,0.8641168422341288,4.871312242509712,0.2115619525241353,0.3716553858325596,23224.245263019788,0.1826364147318726,0.2202357203519791,0.2584570455506165,/wynton/group/sali/mhancock/xray/sample_bench/out/277_native_5_ref/2/output_113/pdbs/227.pdb,5.126830022620076,0.6283446141674405,0.1358831577658712,113
268,9.80799371868691,0.3055420076089741,0.6112462074845187,4.910352177073209,0.2221501934562551,0.3199400187153708,17519.49599237795,0.1812536243503263,0.1797810332472002,0.2356522494657792,/wynton/group/sali/mhancock/xray/sample_bench/out/277_native_5_ref/2/output_158/pdbs/106.pdb,4.897641541613702,0.6800599812846292,0.3887537925154812,158
269,10.088079708513462,0.4101156433908499,0.1942164854811487,4.906190971527418,0.2680758874038542,0.6743675560847087,18378.779926567004,0.186168393391075,0.2375971803153493,0.2963697896068857,/wynton/group/sali/mhancock/xray/sample_bench/out/277_native_5_ref/2/output_119/pdbs/425.pdb,5.1818887369860445,0.3256324439152913,0.8057835145188512,119
270,9.068699224428029,0.1258052729748253,0.8278944739357986,4.550263415341755,0.1616753731290839,0.714500937556695,22347.92482702216,0.1190191861055523,0.1150900632432754,0.1469668029535037,/wynton/group/sali/mhancock/xray/sample_bench/out/277_native_5_ref/2/output_590/pdbs/161.pdb,4.518435809086274,0.285499062443305,0.1721055260642013,590
271,9.490937121013527,0.1548822503901944,0.4015612514440955,4.75355147648735,0.1849029365586616,0.4116604084610273,17438.673682548364,0.1528503811846109,0.1515405755475532,0.1844197415608835,/wynton/group/sali/mhancock/xray/sample_bench/out/277_native_5_ref/2/output_860/pdbs/127.pdb,4.737385644526177,0.5883395915389728,0.5984387485559044,860
272,9.336370374680907,0.1566649546530457,0.5653792148338985,4.726159404842155,0.2189693900898873,0.7722169678618059,19200.579528501858,0.1440731380255825,0.1326364334551033,0.1666503733215944,/wynton/group/sali/mhancock/xray/sample_bench/out/277_native_5_ref/2/output_330/pdbs/428.pdb,4.610210969838751,0.2277830321381941,0.4346207851661015,330
273,10.12552539772242,0.992890496066142,0.7731967799567554,5.110111485796431,0.4496266151524971,0.1952645557265176,23762.776267096277,0.2389257130228879,0.2168790654623841,0.4130769293465515,/wynton/group/sali/mhancock/xray/sample_bench/out/277_native_5_ref/2/output_227/pdbs/267.pdb,5.0154139119259895,0.8047354442734823,0.2268032200432445,227
274,9.579096936101044,0.1095518474491745,0.7880629331750639,4.675481587144601,0.1867931865910564,0.4504810088729314,19387.32060523389,0.1467994847831692,0.1753227085877164,0.2069128619946432,/wynton/group/sali/mhancock/xray/sample_bench/out/277_native_5_ref/2/output_82/pdbs/386.pdb,4.903615348956443,0.5495189911270686,0.211937066824936,82
275,9.35570997853598,0.1886186520190634,0.7582920426023543,4.574581455034594,0.1867394458047242,0.8247100168256399,18604.8446507976,0.1308425475815498,0.1512906017230582,0.193862731198691,/wynton/group/sali/mhancock/xray/sample_bench/out/277_native_5_ref/2/output_274/pdbs/480.pdb,4.781128523501385,0.1752899831743601,0.2417079573976457,274
276,10.00980816564498,0.3098874413919298,0.65291277256738,5.082041575483367,0.2662793005393269,0.1708119226519635,24325.76240569015,0.2155341775739594,0.1903340774965321,0.2259631201143509,/wynton/group/sali/mhancock/xray/sample_bench/out/277_native_5_ref/2/output_59/pdbs/95.pdb,4.927766590161612,0.8291880773480366,0.3470872274326199,59
277,10.013873961422979,0.8143527898960252,0.9725731927024408,4.856202138543716,0.2589154295475017,0.3100144182248588,21917.483403176888,0.1877930342242341,0.279442699851088,0.3463866555370804,/wynton/group/sali/mhancock/xray/sample_bench/out/277_native_5_ref/2/output_291/pdbs/372.pdb,5.157671822879263,0.6899855817751411,0.0274268072975591,291
278,9.526360730299876,0.1914428626484824,0.303324147491431,4.671170016355401,0.173635126014017,0.512249496276296,15616.175055811056,0.1439600799051474,0.1664627858807035,0.2021509368284575,/wynton/group/sali/mhancock/xray/sample_bench/out/277_native_5_ref/2/output_415/pdbs/468.pdb,4.855190713944475,0.4877505037237039,0.696675852508569,415
279,9.58447538977861,0.1464511411222225,0.4994903426687426,4.784234346444511,0.1933172236760268,0.5765484206276962,18149.447423584363,0.1527094096913121,0.1555879596546726,0.1888646293855797,/wynton/group/sali/mhancock/xray/sample_bench/out/277_native_5_ref/2/output_563/pdbs/407.pdb,4.8002410433341005,0.4234515793723039,0.5005096573312574,563
280,9.040571267020752,0.0945116742771026,0.3567306656294321,4.40731083386498,0.146262849383118,0.0261271043503344,20251.81230092725,0.1078368675855633,0.1313271895154474,0.1662825928773041,/wynton/group/sali/mhancock/xray/sample_bench/out/277_native_5_ref/2/output_509/pdbs/451.pdb,4.633260433155772,0.9738728956496656,0.6432693343705679,509
281,9.84813222322256,1.2175574205883466,0.164953280002423,4.991214620061058,0.3009921052768722,0.8569047459980248,27451.771632061547,0.2311120497566003,0.2011944964281335,0.26092895520684,/wynton/group/sali/mhancock/xray/sample_bench/out/277_native_5_ref/2/output_848/pdbs/466.pdb,4.856917603161502,0.1430952540019751,0.835046719997577,848
282,9.079977779228779,0.0816634817995656,0.9979230979269932,4.6887737974076416,0.1775173062321941,0.720615355721824,16651.911742030083,0.1348067464923283,0.1046779806829351,0.1251084769151523,/wynton/group/sali/mhancock/xray/sample_bench/out/277_native_5_ref/2/output_915/pdbs/472.pdb,4.391203981821137,0.279384644278176,0.0020769020730068,915
283,9.020245948715978,0.0952668432358732,0.7003246297456163,4.485202229888579,0.1454260600942172,0.9733261051600608,15510.686828555386,0.1134618189201959,0.1217854731616638,0.1435703180589593,/wynton/group/sali/mhancock/xray/sample_bench/out/277_native_5_ref/2/output_798/pdbs/287.pdb,4.5350437188273975,0.0266738948399391,0.2996753702543837,798
284,9.43087239312594,0.1611863269520195,0.5586067901875006,4.744703497019407,0.1826641675501296,0.603743213064663,20956.6001604052,0.1486319737340097,0.1408762860947251,0.1678551669859174,/wynton/group/sali/mhancock/xray/sample_bench/out/277_native_5_ref/2/output_682/pdbs/92.pdb,4.686168896106532,0.3962567869353369,0.4413932098124994,682
285,9.640912277881933,0.2092718897267096,0.5097663298108203,4.852570210380366,0.2303706135997599,0.0634351434835564,13434.885951171753,0.1691881763588801,0.1651854758775191,0.2007193370441509,/wynton/group/sali/mhancock/xray/sample_bench/out/277_native_5_ref/2/output_355/pdbs/311.pdb,4.788342067501567,0.9365648565164436,0.4902336701891798,355
286,9.057068210796231,0.1496530601663993,0.3772656966625909,4.502834537911512,0.1457812443203841,0.2254999243928939,26804.27966708457,0.1172274412689346,0.1211395989215638,0.1498275353165628,/wynton/group/sali/mhancock/xray/sample_bench/out/277_native_5_ref/2/output_616/pdbs/363.pdb,4.55423367288472,0.7745000756071061,0.6227343033374091,616
287,9.659508545762254,0.1904719840130174,0.6111579651263472,4.819757257884043,0.2098688046227506,0.4224345247896511,16076.140565810836,0.1640740058873826,0.1669669096169337,0.1807022095054447,/wynton/group/sali/mhancock/xray/sample_bench/out/277_native_5_ref/2/output_265/pdbs/235.pdb,4.83975128787821,0.577565475210349,0.3888420348736528,265
288,9.769083351837905,0.2364824184482783,0.4115549326044825,4.862156250779282,0.2604872131579697,0.5277707022099924,21908.61793704578,0.1653482191892585,0.1757373947611442,0.2011293400265814,/wynton/group/sali/mhancock/xray/sample_bench/out/277_native_5_ref/2/output_939/pdbs/496.pdb,4.906927101058622,0.4722292977900075,0.5884450673955174,939
289,9.050159986166541,0.1604422465923831,0.4137732910301263,4.496197993839454,0.1456207231537567,0.2530934940462466,24398.042628059065,0.1178754798077381,0.1233454782466984,0.1509025566785727,/wynton/group/sali/mhancock/xray/sample_bench/out/277_native_5_ref/2/output_243/pdbs/238.pdb,4.553961992327087,0.7469065059537534,0.5862267089698737,243
290,9.364530012973534,0.1965162117815768,0.7203568443649302,4.6378568830969895,0.1789684547815281,0.5778310314406985,14416.847034482473,0.136218915342855,0.1477492976347623,0.1876431957194495,/wynton/group/sali/mhancock/xray/sample_bench/out/277_native_5_ref/2/output_93/pdbs/314.pdb,4.726673129876544,0.4221689685593014,0.2796431556350698,93
291,10.014663051377369,1.0466543328362934,0.8419245028831727,5.005943871960996,0.3175253992297493,0.1953873684552909,30476.42673664405,0.2311987842247393,0.2361546037205453,0.3102158070964047,/wynton/group/sali/mhancock/xray/sample_bench/out/277_native_5_ref/2/output_617/pdbs/339.pdb,5.0087191794163735,0.8046126315447091,0.1580754971168273,617
292,9.917130533701776,0.1520958973158646,0.8466781446363086,4.953466549004093,0.230515429171307,0.1699362662187367,17587.209464692784,0.1793434287847347,0.1808407915859725,0.2293398422822068,/wynton/group/sali/mhancock/xray/sample_bench/out/277_native_5_ref/2/output_536/pdbs/4.pdb,4.963663984697685,0.8300637337812633,0.1533218553636914,536
293,9.614356411883719,0.1839266617589854,0.7461980688937192,4.633996017022949,0.1876443210362714,0.4687055619294727,18660.94744114769,0.1433190874662877,0.1889142037371924,0.2201300104379667,/wynton/group/sali/mhancock/xray/sample_bench/out/277_native_5_ref/2/output_139/pdbs/444.pdb,4.980360394860771,0.5312944380705273,0.2538019311062808,139
294,9.060932825476293,0.0863636222932173,0.9069710893728926,4.563237299313594,0.1650795009831594,0.9793770269177696,14211.04358147002,0.1199420372136696,0.1147281913083349,0.1499961260090259,/wynton/group/sali/mhancock/xray/sample_bench/out/277_native_5_ref/2/output_831/pdbs/352.pdb,4.497695526162698,0.0206229730822303,0.0930289106271073,831
295,9.106841495294258,0.1854174763163473,0.6501081043369278,4.397495639481266,0.1456733735462138,0.6957973990756111,22290.90847768505,0.1094707439441501,0.1411684954503105,0.1733849704908537,/wynton/group/sali/mhancock/xray/sample_bench/out/277_native_5_ref/2/output_398/pdbs/470.pdb,4.709345855812993,0.3042026009243889,0.3498918956630721,398
296,9.990939374146137,1.0268986783362706,0.941622953164948,4.960884656791941,0.2818776957488627,0.2103854449499203,26679.23974988716,0.2007332526729807,0.2448087926323187,0.3067374769976129,/wynton/group/sali/mhancock/xray/sample_bench/out/277_native_5_ref/2/output_308/pdbs/444.pdb,5.030054717354195,0.7896145550500796,0.058377046835052,308
297,9.000259427975589,0.1584320319242368,0.7411711620938898,4.376558856703767,0.1284851131961675,0.8174206696122952,15427.868631853722,0.1058914254748858,0.1296753792077565,0.1573287213164445,/wynton/group/sali/mhancock/xray/sample_bench/out/277_native_5_ref/2/output_966/pdbs/311.pdb,4.623700571271823,0.1825793303877047,0.2588288379061102,966
298,9.646771363576448,0.225950336037029,0.6412363491416152,4.779089634616638,0.1865032994883338,0.4873756190931691,24586.63934877517,0.1558839987678102,0.1679839789379847,0.1975664082581625,/wynton/group/sali/mhancock/xray/sample_bench/out/277_native_5_ref/2/output_597/pdbs/422.pdb,4.86768172895981,0.5126243809068309,0.3587636508583848,597
299,9.035323147488704,0.0956665475176334,0.3999540040483196,4.601776335603536,0.1645296648096878,0.1827135494495497,17686.25899411551,0.1261294885171807,0.1131262022078659,0.1430894631475223,/wynton/group/sali/mhancock/xray/sample_bench/out/277_native_5_ref/2/output_340/pdbs/366.pdb,4.433546811885169,0.8172864505504502,0.6000459959516804,340
300,9.508545196200762,0.1931609431483564,0.5832089475111067,4.712581761461843,0.1813480661365631,0.5668507106489871,14896.600803188308,0.1461215396562237,0.1567537657214818,0.1826798993632824,/wynton/group/sali/mhancock/xray/sample_bench/out/277_native_5_ref/2/output_866/pdbs/491.pdb,4.795963434738919,0.4331492893510129,0.4167910524888933,866
301,9.553254470121974,0.1271824858657294,0.463059055779209,4.818010824289907,0.2053463537929238,0.6678559039997077,21326.23808873605,0.1603831202281319,0.1484991308980381,0.2002409787296275,/wynton/group/sali/mhancock/xray/sample_bench/out/277_native_5_ref/2/output_910/pdbs/406.pdb,4.735243645832067,0.3321440960002922,0.5369409442207911,910
302,9.244893346927924,0.1013423444301922,0.7524018359732667,4.533674483114188,0.1881644772121461,0.6257044505597964,20395.687154469157,0.1221654917267008,0.1423835826647772,0.1799743052339409,/wynton/group/sali/mhancock/xray/sample_bench/out/277_native_5_ref/2/output_267/pdbs/426.pdb,4.711218863813735,0.3742955494402035,0.2475981640267332,267
303,9.365194454603778,0.1542762767821184,0.4944597316166084,4.699257332696859,0.1842006249785187,0.3088128409575425,32523.48632838684,0.1447231421195544,0.1411676250196669,0.1765914612694374,/wynton/group/sali/mhancock/xray/sample_bench/out/277_native_5_ref/2/output_984/pdbs/445.pdb,4.665937121906918,0.6911871590424574,0.5055402683833916,984
304,9.103128771509034,0.1518423030511469,0.8805022827293307,4.556747153632717,0.1516152141597161,0.6059266094437957,21431.07430822399,0.1244976481829796,0.119577975887316,0.1473977844455812,/wynton/group/sali/mhancock/xray/sample_bench/out/277_native_5_ref/2/output_929/pdbs/454.pdb,4.546381617876317,0.3940733905562044,0.1194977172706693,929
305,9.74550410896012,0.1683051791099103,0.5361023606180706,4.870422257001728,0.2010960785116007,0.4307867966680526,20683.475942597,0.1657758135095574,0.1682729132352029,0.2058805963185684,/wynton/group/sali/mhancock/xray/sample_bench/out/277_native_5_ref/2/output_595/pdbs/212.pdb,4.875081851958391,0.5692132033319475,0.4638976393819293,595
306,9.477612041761978,0.1851128752910731,0.4720420860874749,4.79686388153208,0.2153647106874656,0.3386786976297471,18730.88206671757,0.1514381776275367,0.1386860657479329,0.1824883518559669,/wynton/group/sali/mhancock/xray/sample_bench/out/277_native_5_ref/2/output_783/pdbs/394.pdb,4.680748160229897,0.6613213023702528,0.5279579139125251,783
307,10.238659540671069,0.812291865199485,0.8563733752502525,5.034245749268496,0.3940719253662186,0.318645048422582,22975.091866524337,0.2027211323949857,0.273578419046822,0.4110610809561035,/wynton/group/sali/mhancock/xray/sample_bench/out/277_native_5_ref/2/output_773/pdbs/445.pdb,5.2044137914025725,0.681354951577418,0.1436266247497476,773
308,9.655592457005802,0.2809756576517392,0.5153684309541279,4.871631205543798,0.2065375387579027,0.2662746931870793,19782.613887509127,0.173085723025079,0.1610006365671588,0.1953779203471425,/wynton/group/sali/mhancock/xray/sample_bench/out/277_native_5_ref/2/output_379/pdbs/358.pdb,4.783961251462004,0.7337253068129206,0.4846315690458721,379
309,9.345434688087291,0.0928729060665886,0.4131151648813293,4.561718242357452,0.1746051943027902,0.0135304354013218,21114.231037782512,0.1229237729204519,0.1511015263127553,0.1953292849832832,/wynton/group/sali/mhancock/xray/sample_bench/out/277_native_5_ref/2/output_550/pdbs/304.pdb,4.783716445729838,0.9864695645986782,0.5868848351186706,550
310,9.973347840458985,1.051641972981885,0.0521320046529778,5.0044251995982,0.2885881142974324,0.879131369164004,28401.90362977958,0.2127237066562693,0.2190674323094342,0.2829900860404726,/wynton/group/sali/mhancock/xray/sample_bench/out/277_native_5_ref/2/output_292/pdbs/455.pdb,4.968922640860786,0.1208686308359959,0.9478679953470222,292
311,9.469638228166417,0.1522527231599195,0.1619612416368708,4.6613306442077445,0.2283586014024778,0.4548302460961866,18091.235508596365,0.1390902849841103,0.1557797421235653,0.1922184351830548,/wynton/group/sali/mhancock/xray/sample_bench/out/277_native_5_ref/2/output_348/pdbs/462.pdb,4.808307583958673,0.5451697539038133,0.8380387583631291,348
312,9.61629071889693,0.1414589455573765,0.4591146366130177,4.843474420932507,0.2138401977322649,0.7967305864009359,17639.33230002484,0.1680275617654365,0.1611316582222809,0.1944305148896535,/wynton/group/sali/mhancock/xray/sample_bench/out/277_native_5_ref/2/output_295/pdbs/158.pdb,4.772816297964424,0.2032694135990641,0.5408853633869823,295
313,8.992979824861532,0.2211770962255306,0.794497781978242,4.487677287248011,0.1414023539932847,0.6575635445103946,19612.507400898736,0.1141240756195205,0.1166691482233332,0.1425766688297567,/wynton/group/sali/mhancock/xray/sample_bench/out/277_native_5_ref/2/output_389/pdbs/403.pdb,4.505302537613521,0.3424364554896054,0.205502218021758,389
314,9.639117598614586,0.2340037359702101,0.4316067901529944,4.887672419894906,0.2113139280077804,0.7096703894946286,14578.144284540584,0.1718131655341251,0.1518445033467605,0.1982577793140678,/wynton/group/sali/mhancock/xray/sample_bench/out/277_native_5_ref/2/output_203/pdbs/248.pdb,4.751445178719681,0.2903296105053715,0.5683932098470057,203
315,9.057715586172836,0.1674343761347414,0.7976259877081985,4.471403900792581,0.1468302003334283,0.6102478943915816,16398.72847247227,0.1133685203474205,0.1241269663462237,0.1505520817823009,/wynton/group/sali/mhancock/xray/sample_bench/out/277_native_5_ref/2/output_253/pdbs/467.pdb,4.586311685380254,0.3897521056084184,0.2023740122918014,253
316,9.742462945013408,0.1896176840565242,0.404824472797949,4.902907946466796,0.22902239319841,0.6053693739660813,16048.904688404078,0.1745149093240325,0.1659521339028254,0.2005899405127418,/wynton/group/sali/mhancock/xray/sample_bench/out/277_native_5_ref/2/output_29/pdbs/245.pdb,4.839554998546612,0.3946306260339188,0.5951755272020509,29
317,9.825164192455373,0.1728869791039023,0.6443577375854055,5.02497396214708,0.2417890528057608,0.1961748937668685,21566.37160217885,0.2047032260447603,0.1700668794065138,0.1963192024657518,/wynton/group/sali/mhancock/xray/sample_bench/out/277_native_5_ref/2/output_749/pdbs/189.pdb,4.800190230308293,0.8038251062331315,0.3556422624145944,749
318,9.383645800671287,0.1474873194013098,0.4123684725365959,4.689393070014702,0.1942373456486535,0.4347907077473842,17790.81169505676,0.1370497548047513,0.1408985406287327,0.181005643737583,/wynton/group/sali/mhancock/xray/sample_bench/out/277_native_5_ref/2/output_950/pdbs/289.pdb,4.694252730656585,0.5652092922526158,0.5876315274634041,950
319,9.605925875273275,0.2823798713824698,0.4854280563717135,4.877594829860867,0.203838397790137,0.7013611079844281,15689.70271650232,0.1719667398015087,0.1506926380314098,0.2019031331177823,/wynton/group/sali/mhancock/xray/sample_bench/out/277_native_5_ref/2/output_766/pdbs/280.pdb,4.728331045412407,0.2986388920155719,0.5145719436282865,766
320,9.733773325670445,0.2189270309222157,0.8556984528674125,4.788458978737258,0.203174531104084,0.4596244190490885,21101.68685051336,0.1641160410401584,0.1846057110345599,0.2191016109561345,/wynton/group/sali/mhancock/xray/sample_bench/out/277_native_5_ref/2/output_339/pdbs/463.pdb,4.945314346933186,0.5403755809509115,0.1443015471325875,339
321,9.00732668950091,0.1022952998773333,0.9546895570188828,4.589386498230405,0.1622330744701199,0.9049183065584074,15120.867069918018,0.1174926715177843,0.1043859021605057,0.131135246489224,/wynton/group/sali/mhancock/xray/sample_bench/out/277_native_5_ref/2/output_137/pdbs/281.pdb,4.417940191270507,0.0950816934415925,0.0453104429811172,137
322,9.232289698951714,0.1243836246905967,0.6085717409107029,4.53799714133407,0.1458937238074371,0.8208203432174431,13570.539884008256,0.1236518861763985,0.1417012126161872,0.1738826978695386,/wynton/group/sali/mhancock/xray/sample_bench/out/277_native_5_ref/2/output_343/pdbs/421.pdb,4.694292557617644,0.1791796567825568,0.3914282590892971,343
323,9.798016418685542,0.3945313898949532,0.3209736817821045,4.849356275356925,0.2072237927488479,0.5848943020727627,18146.32145938511,0.1721424097484271,0.1842330754569889,0.2115610136879549,/wynton/group/sali/mhancock/xray/sample_bench/out/277_native_5_ref/2/output_369/pdbs/291.pdb,4.948660143328617,0.4151056979272373,0.6790263182178955,369
324,9.914364155763842,0.1617749765144284,0.0131729344075919,4.932753800389217,0.2662706697324072,0.5418683820607914,17725.045090944397,0.1877271445900179,0.1898878596952754,0.2222603792576369,/wynton/group/sali/mhancock/xray/sample_bench/out/277_native_5_ref/2/output_885/pdbs/355.pdb,4.981610355374624,0.4581316179392086,0.986827065592408,885
325,9.285801897702495,0.1608736050776405,0.0464739055962982,4.668312654607227,0.1681819427503197,0.1580813682106502,13623.901986659072,0.1386855532518959,0.1275436386105169,0.1564149716643207,/wynton/group/sali/mhancock/xray/sample_bench/out/277_native_5_ref/2/output_216/pdbs/430.pdb,4.617489243095268,0.8419186317893497,0.9535260944037016,216
326,9.560086576895031,0.138295508547773,0.0758147507407086,4.781317697282141,0.2137270844031503,0.4171140339705771,22723.75398578846,0.158447041490906,0.1539979721256719,0.1864922153201131,/wynton/group/sali/mhancock/xray/sample_bench/out/277_native_5_ref/2/output_818/pdbs/221.pdb,4.7787688796128895,0.5828859660294229,0.9241852492592914,818
327,9.646589230254108,0.2019416143444596,0.5632803395274918,4.966572010667172,0.2156245726404924,0.1236054536824567,17137.14449157746,0.1913111291461686,0.1541118695034051,0.1842793104185481,/wynton/group/sali/mhancock/xray/sample_bench/out/277_native_5_ref/2/output_964/pdbs/365.pdb,4.680017219586935,0.8763945463175432,0.4367196604725082,964
328,9.236882796222798,0.1796244958808459,0.4040205647791871,4.6279126062008284,0.1670033751951708,0.3388196739444619,17401.4303268692,0.1341939736228902,0.1312675787885389,0.1619142283669614,/wynton/group/sali/mhancock/xray/sample_bench/out/277_native_5_ref/2/output_823/pdbs/408.pdb,4.60897019002197,0.6611803260555381,0.5959794352208129,823
329,9.792318881639005,0.2968089268990603,0.2661034505943826,4.819987016192522,0.215665103470112,0.5770430892905879,21615.962795176696,0.1654181050272228,0.1910082008040841,0.2304154068416188,/wynton/group/sali/mhancock/xray/sample_bench/out/277_native_5_ref/2/output_750/pdbs/180.pdb,4.972331865446484,0.4229569107094121,0.7338965494056173,750
330,9.904118081989449,0.2077566438945884,0.9439999342360088,4.847497330550374,0.2430232979458767,0.4069637658426465,22550.678621642117,0.1794188495438148,0.210963471510348,0.2478647806923677,/wynton/group/sali/mhancock/xray/sample_bench/out/277_native_5_ref/2/output_549/pdbs/482.pdb,5.056620751439074,0.5930362341573535,0.0560000657639912,549
331,9.687018753898446,0.1490130178944526,0.9634891265248988,4.82461534432728,0.2257276468675342,0.4641577396204836,21595.82064719588,0.1649186773093046,0.1689137640369748,0.2043374325346436,/wynton/group/sali/mhancock/xray/sample_bench/out/277_native_5_ref/2/output_283/pdbs/286.pdb,4.862403409571167,0.5358422603795163,0.0365108734751011,283
332,9.314969355539706,0.1421668136004147,0.400557369114829,4.689867118645731,0.1800827228002106,0.3806628196845141,11392.833165347562,0.1363747131202081,0.1304846087106048,0.1605673785172731,/wynton/group/sali/mhancock/xray/sample_bench/out/277_native_5_ref/2/output_965/pdbs/449.pdb,4.625102236893976,0.6193371803154858,0.5994426308851711,965
333,10.020538524423184,0.2480863173933,0.0117076686565036,4.944993501667911,0.2361681525511584,0.5893829527926442,19776.88533153408,0.1888381722695374,0.2085456571811781,0.2532702535057805,/wynton/group/sali/mhancock/xray/sample_bench/out/277_native_5_ref/2/output_122/pdbs/33.pdb,5.075545022755272,0.4106170472073557,0.9882923313434964,122
334,9.031681450079297,0.078465900842862,0.3592274359390827,4.549829664766747,0.1547014881246626,0.1205665784891771,16028.044466775813,0.1216529588614324,0.1161291259256778,0.1465287941063846,/wynton/group/sali/mhancock/xray/sample_bench/out/277_native_5_ref/2/output_404/pdbs/176.pdb,4.481851785312549,0.8794334215108228,0.6407725640609172,404
335,9.617609970316401,0.1910256548521184,0.5462130303994597,4.820380381606927,0.1956575219400094,0.4525721902094057,20209.27321723283,0.161337952712885,0.155305944649071,0.1845367642019619,/wynton/group/sali/mhancock/xray/sample_bench/out/277_native_5_ref/2/output_995/pdbs/195.pdb,4.797229588709475,0.5474278097905942,0.4537869696005404,995
336,9.867405196836447,0.2562203310221149,0.3906044822942225,5.077622942634051,0.2879559900494746,0.8710518432321084,19843.627556955904,0.211479358848825,0.1712805305693658,0.2117158878295496,/wynton/group/sali/mhancock/xray/sample_bench/out/277_native_5_ref/2/output_769/pdbs/146.pdb,4.789782254202396,0.1289481567678916,0.6093955177057775,769
337,9.718452101979878,0.2063643423569798,0.5564540104250275,4.876664878720998,0.2275638768153681,0.3790425407618598,25920.53537764983,0.1660413947727745,0.1643595587769238,0.217890235328639,/wynton/group/sali/mhancock/xray/sample_bench/out/277_native_5_ref/2/output_711/pdbs/478.pdb,4.841787223258881,0.6209574592381402,0.4435459895749726,711
338,10.146634320446658,0.5858438412043498,0.7305970000752326,5.108751626045918,0.3089294888683103,0.2499203883156729,25143.763246217663,0.2216934954909989,0.2093990726733062,0.2888483304734661,/wynton/group/sali/mhancock/xray/sample_bench/out/277_native_5_ref/2/output_646/pdbs/305.pdb,5.037882694400741,0.750079611684327,0.2694029999247673,646
339,9.773979927966783,0.2177962108027748,0.3400965396419251,4.862728264249095,0.2490847875443431,0.605843032101917,19271.105849711035,0.168016740277412,0.1764398745963223,0.2236077255747908,/wynton/group/sali/mhancock/xray/sample_bench/out/277_native_5_ref/2/output_197/pdbs/464.pdb,4.911251663717688,0.394156967898083,0.6599034603580749,197
340,9.054480166738212,0.1853348487174682,0.6413301765339189,4.492667463283856,0.1647994344328098,0.8023076487076914,13495.561688921516,0.1120933523016144,0.1231949278143052,0.1582362397110907,/wynton/group/sali/mhancock/xray/sample_bench/out/277_native_5_ref/2/output_179/pdbs/365.pdb,4.561812703454358,0.1976923512923086,0.3586698234660811,179
341,9.141705387589239,0.122208941840422,0.0549400465772755,4.642490710634,0.1647862908821195,0.3272379377118071,21842.144230592352,0.1318665040148608,0.1177992455999014,0.1393403042284622,/wynton/group/sali/mhancock/xray/sample_bench/out/277_native_5_ref/2/output_67/pdbs/439.pdb,4.499214676955239,0.6727620622881929,0.9450599534227244,67
342,9.222626686714563,0.1284881714474651,0.1472150519194159,4.64113733153973,0.1837322149845147,0.3946149397528372,27779.8404770067,0.1302845164996076,0.1217792659103733,0.1628915929224632,/wynton/group/sali/mhancock/xray/sample_bench/out/277_native_5_ref/2/output_757/pdbs/425.pdb,4.581489355174833,0.6053850602471628,0.8527849480805841,757
343,9.181338470034316,0.1804829024484764,0.842458379627128,4.526733079685312,0.1541429922279263,0.7245241595810648,15234.952603288872,0.1220486475762549,0.1335812186529836,0.1670434013825348,/wynton/group/sali/mhancock/xray/sample_bench/out/277_native_5_ref/2/output_971/pdbs/360.pdb,4.654605390349003,0.2754758404189352,0.1575416203728721,971
344,10.009882788236844,0.3610379951344991,0.8617713775562157,4.912421665055444,0.2615647297375741,0.3992965950040639,26778.641097461903,0.1885085486975464,0.2171273909659924,0.2444209505458045,/wynton/group/sali/mhancock/xray/sample_bench/out/277_native_5_ref/2/output_556/pdbs/143.pdb,5.097461123181401,0.6007034049959361,0.1382286224437842,556
345,9.210726021485275,0.1849231312576483,0.557443764986565,4.708677031422875,0.2050939697108394,0.8863804058483203,20961.66344002859,0.1439052967252338,0.1248796155021362,0.1435897951545131,/wynton/group/sali/mhancock/xray/sample_bench/out/277_native_5_ref/2/output_138/pdbs/377.pdb,4.502048990062401,0.1136195941516796,0.442556235013435,138
346,9.43679329397033,0.1378583242347796,0.6151206210431516,4.623028088946936,0.1568178582857367,0.4807725015666703,15355.124551409255,0.1323060043101431,0.1579695749325224,0.1862397744655435,/wynton/group/sali/mhancock/xray/sample_bench/out/277_native_5_ref/2/output_558/pdbs/418.pdb,4.813765205023395,0.5192274984333297,0.3848793789568484,558
347,9.3113700926658,0.0827877348732663,0.1814548490334023,4.514206634314616,0.1536294131281922,0.4154703614537593,12350.16056730194,0.1264238139403925,0.1551057412175041,0.181812220399353,/wynton/group/sali/mhancock/xray/sample_bench/out/277_native_5_ref/2/output_671/pdbs/452.pdb,4.797163458351186,0.5845296385462407,0.8185451509665976,671
348,10.056161703444655,1.0391807490970435,0.2811838179933013,5.12437723632755,0.4367393987687971,0.8464593783716047,25128.60368649989,0.2660181590072746,0.2113885699013689,0.2955564163997429,/wynton/group/sali/mhancock/xray/sample_bench/out/277_native_5_ref/2/output_592/pdbs/455.pdb,4.931784467117105,0.1535406216283953,0.7188161820066987,592
349,10.009924070361713,0.962685231338004,0.1624486064082592,5.035606631324208,0.3325011493207397,0.9966348406815144,25414.04359476196,0.2441789760655163,0.2060422695015879,0.2696000606878065,/wynton/group/sali/mhancock/xray/sample_bench/out/277_native_5_ref/2/output_157/pdbs/480.pdb,4.974317439037505,0.0033651593184854,0.8375513935917408,157
350,9.420846929811129,0.1129596912472242,0.538300160749753,4.772675497819377,0.2170441814472441,0.6804440985020382,17326.96795885735,0.1489125149903263,0.1364472771145644,0.1811057396932566,/wynton/group/sali/mhancock/xray/sample_bench/out/277_native_5_ref/2/output_458/pdbs/386.pdb,4.648171431991751,0.3195559014979617,0.4616998392502471,458
351,9.421617666813216,0.1789291476548741,0.5780889004703401,4.7428518063961445,0.1933144122109508,0.6957965477387524,19644.790012327063,0.1477281085297503,0.1419375510193749,0.1645448750854546,/wynton/group/sali/mhancock/xray/sample_bench/out/277_native_5_ref/2/output_852/pdbs/279.pdb,4.678765860417072,0.3042034522612477,0.4219110995296598,852
352,8.82501851560296,0.1173059283024404,0.1418513616804184,4.353925849945923,0.1230649932260115,0.110400621518526,17695.9822429187,0.0987646794705588,0.1067472971591405,0.1333520496308333,/wynton/group/sali/mhancock/xray/sample_bench/out/277_native_5_ref/2/output_471/pdbs/488.pdb,4.471092665657036,0.889599378481474,0.8581486383195815,471
353,9.594573464789965,0.143338748848208,0.5122636047877916,4.798740366761936,0.2177418932075613,0.9749044587032136,18198.714008647123,0.1549380969985079,0.1633139753224042,0.1916542614418572,/wynton/group/sali/mhancock/xray/sample_bench/out/277_native_5_ref/2/output_720/pdbs/349.pdb,4.795833098028029,0.0250955412967862,0.4877363952122083,720
354,9.963377922764352,0.9037543523466488,0.1676706028762038,5.011464656726701,0.3008684098401343,0.9320237762357856,20334.35097570955,0.2375309017257983,0.2058512279369152,0.2611361106092708,/wynton/group/sali/mhancock/xray/sample_bench/out/277_native_5_ref/2/output_708/pdbs/300.pdb,4.951913266037652,0.0679762237642143,0.8323293971237962,708
355,9.234532069114893,0.1033823752888788,0.6836813452786195,4.539202203177721,0.1645892914074827,0.5424646686373338,17299.480889797254,0.1207131957406295,0.138011201720025,0.1642461243785202,/wynton/group/sali/mhancock/xray/sample_bench/out/277_native_5_ref/2/output_586/pdbs/464.pdb,4.695329865937172,0.4575353313626663,0.3163186547213805,586
356,9.067196681330646,0.1123332335680761,0.9214894688871956,4.574331734723887,0.170721369632272,0.952534993918844,15752.26426338382,0.1227861085076674,0.1125633930014389,0.1413460355603975,/wynton/group/sali/mhancock/xray/sample_bench/out/277_native_5_ref/2/output_807/pdbs/396.pdb,4.492864946606759,0.0474650060811559,0.0785105311128043,807
357,9.650975412252222,0.1863632016889203,0.7954466674998569,4.717772334231595,0.1889097007323144,0.4295128070051493,21267.50404359497,0.1511567282743714,0.1790553361491768,0.2207000808273659,/wynton/group/sali/mhancock/xray/sample_bench/out/277_native_5_ref/2/output_539/pdbs/129.pdb,4.933203078020628,0.5704871929948506,0.204553332500143,539
358,9.238909114867958,0.1275735406821404,0.4887919522025423,4.691455128376595,0.1950184672829436,0.1236590561892875,19022.684723657378,0.1404824016079844,0.1288797287971508,0.1525262738893582,/wynton/group/sali/mhancock/xray/sample_bench/out/277_native_5_ref/2/output_988/pdbs/322.pdb,4.547453986491362,0.8763409438107125,0.5112080477974577,988
359,9.207328773580521,0.2283203516634156,0.3812652209622528,4.635498574448839,0.1792515025072167,0.2965296419230512,31351.23929433025,0.1298559912734185,0.1249008200840072,0.1611768294541543,/wynton/group/sali/mhancock/xray/sample_bench/out/277_native_5_ref/2/output_555/pdbs/192.pdb,4.571830199131681,0.7034703580769487,0.6187347790377472,555
360,9.447949674519759,0.1141360925737323,0.539164338715345,4.752632552037971,0.206542074338938,0.6198605694677201,34506.828129928894,0.1467404474734621,0.1420706605080042,0.1875765598484485,/wynton/group/sali/mhancock/xray/sample_bench/out/277_native_5_ref/2/output_909/pdbs/296.pdb,4.6953171224817885,0.3801394305322799,0.460835661284655,909
361,9.806305592413615,0.3145853799938762,0.4728917808530574,5.049478235789817,0.2416615343812796,0.8904420075864415,33902.39179082561,0.2030609387476569,0.1641795540973389,0.2229174238296084,/wynton/group/sali/mhancock/xray/sample_bench/out/277_native_5_ref/2/output_273/pdbs/190.pdb,4.756827356623799,0.1095579924135585,0.5271082191469425,273
362,9.720612279411803,0.2434643707369048,0.4648959390440388,4.913219168039405,0.2057379451401681,0.9540567919680336,18165.619752806902,0.1811170491002687,0.1731750183669294,0.1885971246612361,/wynton/group/sali/mhancock/xray/sample_bench/out/277_native_5_ref/2/output_516/pdbs/292.pdb,4.807393111372397,0.0459432080319665,0.5351040609559612,516
363,9.621872490979266,0.1549491237057771,0.4451907701922628,4.934516095384698,0.2129080709676152,0.9773030237556056,19067.73033629188,0.1840872519308195,0.1556855664903936,0.1824316087377381,/wynton/group/sali/mhancock/xray/sample_bench/out/277_native_5_ref/2/output_486/pdbs/398.pdb,4.687356395594568,0.0226969762443942,0.5548092298077372,486
364,9.526583466542231,0.1608646826141087,0.4903394706961563,4.764261399123294,0.2025599237253557,0.3952213048532011,15674.035208777515,0.1504824043730663,0.1508846566198232,0.1767441517484573,/wynton/group/sali/mhancock/xray/sample_bench/out/277_native_5_ref/2/output_286/pdbs/244.pdb,4.762322067418937,0.6047786951467988,0.5096605293038436,286
365,9.636156808105323,0.147385085784014,0.3903220094355601,4.819588377459256,0.1913642370084394,0.5833844141910479,17844.77782683563,0.1600804155056045,0.1609160372468591,0.189989501306686,/wynton/group/sali/mhancock/xray/sample_bench/out/277_native_5_ref/2/output_561/pdbs/426.pdb,4.816568430646067,0.4166155858089521,0.6096779905644398,561
366,9.584555067647688,0.1961263399373536,0.5498321980714577,4.792810245947057,0.214314885153,0.465149254202737,15952.00767804784,0.1555575015701503,0.1548612968856154,0.2057108538764027,/wynton/group/sali/mhancock/xray/sample_bench/out/277_native_5_ref/2/output_103/pdbs/487.pdb,4.791744821700631,0.534850745797263,0.4501678019285424,103
367,9.36465342148345,0.1487858852545109,0.6082224357224283,4.676480400680047,0.1803510769441097,0.6208172120863533,16130.314492023444,0.140986020517249,0.1422515486953066,0.1740265508537629,/wynton/group/sali/mhancock/xray/sample_bench/out/277_native_5_ref/2/output_958/pdbs/382.pdb,4.688173020803403,0.3791827879136467,0.3917775642775717,958
368,9.02495257359265,0.0984661800936182,0.5949448891696233,4.455799033913388,0.1343355241481678,0.8264406893258844,12669.322680982876,0.110523879198269,0.1224636689368919,0.1471978712529014,/wynton/group/sali/mhancock/xray/sample_bench/out/277_native_5_ref/2/output_188/pdbs/474.pdb,4.56915353967926,0.1735593106741155,0.4050551108303766,188
369,9.588614899337106,0.1728165184009973,0.5902928192960696,4.730146639759309,0.1997586563516906,0.5046375510470743,13471.00764682966,0.1477104650813542,0.1659294577341511,0.1969391941808819,/wynton/group/sali/mhancock/xray/sample_bench/out/277_native_5_ref/2/output_81/pdbs/358.pdb,4.858468259577798,0.4953624489529256,0.4097071807039305,81
370,9.761687431446964,0.1785679978283607,0.9760907524717988,4.787216883433513,0.1979611597941015,0.4328879839043286,25125.374380080997,0.166739986438529,0.18762553064997,0.2162943186935823,/wynton/group/sali/mhancock/xray/sample_bench/out/277_native_5_ref/2/output_747/pdbs/355.pdb,4.974470548013451,0.5671120160956714,0.0239092475282013,747
371,10.047670625054575,0.8401945248097769,0.7857438418823073,4.992838114105876,0.3217571703219699,0.192721593086642,31204.07699618124,0.2304362326476034,0.2323006058917019,0.392971193983366,/wynton/group/sali/mhancock/xray/sample_bench/out/277_native_5_ref/2/output_126/pdbs/280.pdb,5.0548325109487,0.807278406913358,0.2142561581176928,126
372,9.5067763821642,0.2028719715241093,0.6732458650152948,4.734686693559814,0.2043932953788264,0.6349879810775118,15497.294480873368,0.147861077222707,0.1534645176945818,0.188790227119945,/wynton/group/sali/mhancock/xray/sample_bench/out/277_native_5_ref/2/output_802/pdbs/205.pdb,4.772089688604385,0.3650120189224883,0.3267541349847052,802
373,9.196374552474937,0.097935925823334,0.8372979439576577,4.612314844859436,0.1808943642656169,0.8906987082320141,20382.165490578285,0.129428725269869,0.1251544155126534,0.1600496049190879,/wynton/group/sali/mhancock/xray/sample_bench/out/277_native_5_ref/2/output_318/pdbs/458.pdb,4.584059707615501,0.1093012917679858,0.1627020560423423,318
374,9.669112240947209,0.3117659311153418,0.6480840941841771,4.795659898670562,0.2235286926895436,0.428982199085225,15022.033262846337,0.1574403831159528,0.1693815216608019,0.209153369598204,/wynton/group/sali/mhancock/xray/sample_bench/out/277_native_5_ref/2/output_142/pdbs/207.pdb,4.873452342276647,0.571017800914775,0.3519159058158229,142
375,9.611250676768941,0.1522567798851372,0.488131912256089,4.77848668244172,0.1905131345424605,0.5260708802533428,17619.409410995206,0.1537185813152033,0.1631720560225723,0.1953118300302407,/wynton/group/sali/mhancock/xray/sample_bench/out/277_native_5_ref/2/output_499/pdbs/397.pdb,4.832763994327221,0.4739291197466572,0.5118680877439109,499
376,8.965522078404689,0.1350495842295028,0.7118534205649802,4.337303601127347,0.123922468630631,0.992132183692737,11469.061010110365,0.102082971760819,0.1316727767046604,0.1590660171199729,/wynton/group/sali/mhancock/xray/sample_bench/out/277_native_5_ref/2/output_282/pdbs/421.pdb,4.628218477277342,0.007867816307263,0.2881465794350197,282
377,9.209554944209547,0.1325942295803361,0.2454937779555162,4.661859885867059,0.1778955708558272,0.3021500189452433,13334.97034523587,0.1365922520114763,0.1265473487272048,0.15259918363647,/wynton/group/sali/mhancock/xray/sample_bench/out/277_native_5_ref/2/output_259/pdbs/328.pdb,4.547695058342487,0.6978499810547567,0.7545062220444839,259
378,9.87933625262379,0.3581761094647558,0.3534346237207733,5.028164654120587,0.2324007434045228,0.7250820808939521,20508.41469589725,0.2067115621937237,0.1757620325064308,0.2040585351824689,/wynton/group/sali/mhancock/xray/sample_bench/out/277_native_5_ref/2/output_684/pdbs/274.pdb,4.8511715985032025,0.2749179191060479,0.6465653762792267,684
379,9.942860322639362,0.9555503918536378,0.9676199402133048,4.978007981117196,0.2762996379026612,0.1567248511741975,25616.655168634938,0.2077334907994051,0.2230653142159765,0.2852349559010076,/wynton/group/sali/mhancock/xray/sample_bench/out/277_native_5_ref/2/output_956/pdbs/274.pdb,4.964852341522167,0.8432751488258025,0.0323800597866951,956
380,9.426418073853922,0.126030029857747,0.6618499645945304,4.667746572167551,0.1929762885285439,0.5160583422349563,23745.6274629746,0.1374483439475598,0.1502055098078028,0.1832991984469441,/wynton/group/sali/mhancock/xray/sample_bench/out/277_native_5_ref/2/output_922/pdbs/224.pdb,4.758671501686371,0.4839416577650437,0.3381500354054697,922
381,9.560835669245256,0.1850688956643575,0.4505086532398116,4.865836946552446,0.2065543592774069,0.7760151342329848,14407.503351523525,0.1701909544633386,0.1496511337917443,0.1844438902774944,/wynton/group/sali/mhancock/xray/sample_bench/out/277_native_5_ref/2/output_435/pdbs/356.pdb,4.69499872269281,0.2239848657670151,0.5494913467601884,435
382,9.473999370202964,0.1069236918289559,0.5010540289155838,4.726405701475662,0.1834643839969363,0.5555106342457087,13815.99239362985,0.1462809932046562,0.1462508773760189,0.1770899384008976,/wynton/group/sali/mhancock/xray/sample_bench/out/277_native_5_ref/2/output_637/pdbs/289.pdb,4.747593668727303,0.4444893657542912,0.4989459710844163,637
383,9.401771599407443,0.1302278806726718,0.217004940230901,4.6383363919473215,0.1760874831885435,0.4490437126126917,31540.7734791695,0.1348865304312684,0.1485230160636119,0.1852228172196345,/wynton/group/sali/mhancock/xray/sample_bench/out/277_native_5_ref/2/output_521/pdbs/295.pdb,4.763435207460121,0.5509562873873083,0.782995059769099,521
384,9.051065673650212,0.130090873537686,0.2980172721602026,4.495597623920977,0.1472914264172154,0.2101876231156189,22391.789064283952,0.1183836482739463,0.123454777909165,0.1531143430986078,/wynton/group/sali/mhancock/xray/sample_bench/out/277_native_5_ref/2/output_131/pdbs/437.pdb,4.555468049729235,0.7898123768843811,0.7019827278397974,131
385,9.672951066332953,0.4576917807882276,0.5503929906005851,4.837079506875175,0.2107592673421306,0.415349790579047,19193.95223282729,0.1606899799709877,0.1646122051059245,0.2068633265515069,/wynton/group/sali/mhancock/xray/sample_bench/out/277_native_5_ref/2/output_492/pdbs/499.pdb,4.835871559457778,0.5846502094209529,0.4496070093994149,492
386,9.824682043135148,0.2718801419700973,0.7035110025866818,4.950913207925723,0.2512600261811891,0.3342419107550131,18205.07764184072,0.1862116856532245,0.1754892055649118,0.2130208811019789,/wynton/group/sali/mhancock/xray/sample_bench/out/277_native_5_ref/2/output_87/pdbs/243.pdb,4.873768835209425,0.6657580892449869,0.2964889974133182,87
387,10.03566930128201,0.1308028823186665,0.2215902865323625,5.014399975741107,0.243106003410131,0.8462896507292749,9949.891146286056,0.1877505261007984,0.1935189591566139,0.2212466704513536,/wynton/group/sali/mhancock/xray/sample_bench/out/277_native_5_ref/2/output_448/pdbs/0.pdb,5.021269325540903,0.1537103492707252,0.7784097134676374,448
388,9.626545229561984,0.1454280450575369,0.046270141872396,4.815646083722792,0.2091547593391104,0.4718009392846272,16389.94627935697,0.1666392080417352,0.1590343972926231,0.1909567110461488,/wynton/group/sali/mhancock/xray/sample_bench/out/277_native_5_ref/2/output_746/pdbs/466.pdb,4.810899145839191,0.5281990607153728,0.953729858127604,746
389,9.51799613491794,0.2930410773181441,0.2283987546809553,4.624567720717445,0.1691807981899338,0.5478622243009061,15203.553813872646,0.1392010616017276,0.1752676563060519,0.2017291566659434,/wynton/group/sali/mhancock/xray/sample_bench/out/277_native_5_ref/2/output_99/pdbs/406.pdb,4.893428414200495,0.4521377756990938,0.7716012453190447,99
390,9.964608931439606,0.2172894704328258,0.5802248931738545,5.102774215677435,0.251024034981956,0.0183423405736562,21597.56047487662,0.2166629444140665,0.177747571844557,0.2210547398139891,/wynton/group/sali/mhancock/xray/sample_bench/out/277_native_5_ref/2/output_962/pdbs/30.pdb,4.86183471576217,0.9816576594263438,0.4197751068261455,962
391,9.741361078657249,0.2425763881565878,0.948752394271344,4.752176701849139,0.2340743437752282,0.4509389168263789,15255.016138593064,0.163989882568894,0.1944841205810746,0.2229484588578278,/wynton/group/sali/mhancock/xray/sample_bench/out/277_native_5_ref/2/output_567/pdbs/462.pdb,4.98918437680811,0.549061083173621,0.0512476057286559,567
392,9.562185642492931,0.2732493789508601,0.8506100710199409,4.697962404391871,0.1864005158703667,0.5072122299196714,18541.7756717388,0.1504366037222469,0.1668797940894527,0.2065173511667386,/wynton/group/sali/mhancock/xray/sample_bench/out/277_native_5_ref/2/output_272/pdbs/452.pdb,4.8642232381010615,0.4927877700803286,0.1493899289800591,272
393,8.684452820808737,0.1056443657042432,0.7864548484971466,4.238704227134358,0.1110062222592164,0.7623242766075524,18310.631621508783,0.0913572704385269,0.1059644441419672,0.130183065888819,/wynton/group/sali/mhancock/xray/sample_bench/out/277_native_5_ref/2/output_902/pdbs/371.pdb,4.445748593674379,0.2376757233924476,0.2135451515028532,902
394,9.593855987794061,0.1885135788126551,0.5388985686758551,4.780831886728143,0.2026007089674758,0.5977142044382403,34057.62225223037,0.1530895775964636,0.156385118653966,0.1946960327092672,/wynton/group/sali/mhancock/xray/sample_bench/out/277_native_5_ref/2/output_32/pdbs/134.pdb,4.813024101065917,0.4022857955617597,0.461101431324145,32
395,9.649409604471742,0.1614306867577732,0.5352108054221646,4.805246938332395,0.2020935442841674,0.4977189181576474,17025.01707488983,0.15982708401915,0.1649752963680489,0.1987005428320593,/wynton/group/sali/mhancock/xray/sample_bench/out/277_native_5_ref/2/output_847/pdbs/158.pdb,4.844162666139346,0.5022810818423525,0.4647891945778354,847
396,10.101429261862597,0.4067721620471042,0.6822296689822074,5.220187673067725,0.412693025823975,0.0028276776997939,24477.424238274627,0.2712222444511422,0.1918850154592523,0.2557820305377822,/wynton/group/sali/mhancock/xray/sample_bench/out/277_native_5_ref/2/output_429/pdbs/206.pdb,4.881241588794872,0.997172322300206,0.3177703310177926,429
397,10.10288798395613,0.3845691174017107,0.6337603324816484,5.199893970075002,0.2960224965435953,0.111448861066021,29253.65086209625,0.2455338164834072,0.1910826799587786,0.259297154765534,/wynton/group/sali/mhancock/xray/sample_bench/out/277_native_5_ref/2/output_460/pdbs/188.pdb,4.902994013881129,0.888551138933979,0.3662396675183516,460
398,9.737541583403884,0.2498665577315669,0.1973876150312289,4.812472074326558,0.1999788136166891,0.5833546519170532,18906.392270413635,0.1664564444761422,0.181640785102954,0.2084507849444397,/wynton/group/sali/mhancock/xray/sample_bench/out/277_native_5_ref/2/output_899/pdbs/193.pdb,4.925069509077326,0.4166453480829469,0.8026123849687711,899
399,9.490084983970018,0.1805665530064929,0.5905310687376422,4.734757327570506,0.1802528484552218,0.5450638987293098,16387.068827409497,0.1478206475034537,0.1492149991019314,0.1813030423658817,/wynton/group/sali/mhancock/xray/sample_bench/out/277_native_5_ref/2/output_981/pdbs/489.pdb,4.755327656399511,0.4549361012706901,0.4094689312623579,981
400,10.128718087785149,0.203751011880424,0.8424786102336836,5.021019085373839,0.2414751231475169,0.2929596635025375,27326.50785569784,0.1953232248700426,0.2115697744746077,0.2537193776510262,/wynton/group/sali/mhancock/xray/sample_bench/out/277_native_5_ref/2/output_177/pdbs/9.pdb,5.107699002411311,0.7070403364974625,0.1575213897663163,177
401,8.953575225085295,0.1331614703394124,0.9408982999898858,4.515409927764113,0.1532526816336001,0.9083109063326392,10893.650774246584,0.1154533338418918,0.1063839357274414,0.1278991826887133,/wynton/group/sali/mhancock/xray/sample_bench/out/277_native_5_ref/2/output_692/pdbs/493.pdb,4.438165297321182,0.0916890936673607,0.0591017000101141,692
402,9.840118589182243,0.2041453242587467,0.2036712894560506,4.821376855757299,0.2553014493044026,0.5841365630768384,17395.888097636293,0.1664719608150172,0.1942444003777809,0.2459997582413884,/wynton/group/sali/mhancock/xray/sample_bench/out/277_native_5_ref/2/output_172/pdbs/175.pdb,5.018741733424945,0.4158634369231616,0.7963287105439494,172
403,9.409794636699848,0.1779736359753072,0.9510662414435606,4.737256948848685,0.2206396533555862,0.5311541346241916,17239.11072707801,0.1439504884143133,0.1363367372461469,0.1757862308633342,/wynton/group/sali/mhancock/xray/sample_bench/out/277_native_5_ref/2/output_738/pdbs/420.pdb,4.672537687851163,0.4688458653758084,0.0489337585564394,738
404,8.905416988511758,0.1246924210781741,0.0573808201246658,4.523274165806262,0.1494151986794705,0.156780214063136,15461.006441715725,0.1143340666295959,0.1014791456528836,0.1186004555559912,/wynton/group/sali/mhancock/xray/sample_bench/out/277_native_5_ref/2/output_709/pdbs/453.pdb,4.382142822705497,0.843219785936864,0.9426191798753342,709
405,10.17826770972668,0.8061068962158445,0.7832596030421494,5.037494216846754,0.4067418585534391,0.2738338127366622,25889.899910482487,0.2183726577279351,0.249160814863024,0.3984186012952046,/wynton/group/sali/mhancock/xray/sample_bench/out/277_native_5_ref/2/output_469/pdbs/239.pdb,5.140773492879926,0.7261661872633377,0.2167403969578507,469
406,10.02727294066662,1.110925541431954,0.0850135889514531,4.9900493985262,0.2813339916114659,0.7631819251362111,21197.0092995634,0.204508925501174,0.2443618964927753,0.3153082197671916,/wynton/group/sali/mhancock/xray/sample_bench/out/277_native_5_ref/2/output_11/pdbs/412.pdb,5.03722354214042,0.2368180748637889,0.9149864110485468,11
407,8.687855444982088,0.1398865482303856,0.8796645950180305,4.259224787319887,0.1129276036223526,0.9631492981049068,11089.587497231649,0.0899361557852263,0.1014380873586003,0.1280337908891965,/wynton/group/sali/mhancock/xray/sample_bench/out/277_native_5_ref/2/output_489/pdbs/451.pdb,4.4286306576622,0.0368507018950931,0.1203354049819695,489
408,9.47606161386608,0.2214434212473736,0.4736269636314126,4.725033557737968,0.1851448549010864,0.4273663937437549,32366.85359569713,0.1476589570889449,0.1499104217816285,0.1808611229105691,/wynton/group/sali/mhancock/xray/sample_bench/out/277_native_5_ref/2/output_611/pdbs/349.pdb,4.751028056128113,0.572633606256245,0.5263730363685873,611
409,8.818562537921158,0.09402485732378,0.8146031358055005,4.291868823717321,0.1172388400927629,0.97813956927779,18040.55440956709,0.0947012194277506,0.1117146404864414,0.1456477547760722,/wynton/group/sali/mhancock/xray/sample_bench/out/277_native_5_ref/2/output_445/pdbs/399.pdb,4.526693714203837,0.0218604307222099,0.1853968641944995,445
410,9.255505039310023,0.1702155702706409,0.4650967128504787,4.724241441174886,0.1750455320038746,0.1720393044773535,20422.02320352325,0.1446039532382035,0.1245304571720952,0.1446143860122568,/wynton/group/sali/mhancock/xray/sample_bench/out/277_native_5_ref/2/output_183/pdbs/227.pdb,4.531263598135138,0.8279606955226464,0.5349032871495213,183
411,9.639393095364476,0.2111312091568531,0.4740821796672531,4.8284373839621,0.2091167637875787,0.605406875302119,33346.66933748303,0.160129925866599,0.1581865418113359,0.1951245385398013,/wynton/group/sali/mhancock/xray/sample_bench/out/277_native_5_ref/2/output_156/pdbs/348.pdb,4.810955711402376,0.3945931246978809,0.5259178203327469,156
412,9.35463174552277,0.2233436925869513,0.8514527257030975,4.648782236642488,0.2066238342101731,0.5422766442511933,29969.856461968957,0.1344709350051036,0.1382450499750478,0.1856562909753592,/wynton/group/sali/mhancock/xray/sample_bench/out/277_native_5_ref/2/output_366/pdbs/413.pdb,4.705849508880282,0.4577233557488068,0.1485472742969026,366
413,9.032408920833653,0.1096642743628618,0.0312643672748412,4.612039268099648,0.1531329236206351,0.2645373987089306,13937.976743613372,0.1286873217099944,0.10755456328714,0.1307540419953601,/wynton/group/sali/mhancock/xray/sample_bench/out/277_native_5_ref/2/output_621/pdbs/438.pdb,4.420369652734006,0.7354626012910693,0.9687356327251588,621
414,9.307528618060022,0.1583081513034142,0.5781192103631771,4.645213930928474,0.1757736969397957,0.7791827875656195,26057.118607909957,0.1329894471410469,0.1361092266996749,0.1703611751342413,/wynton/group/sali/mhancock/xray/sample_bench/out/277_native_5_ref/2/output_821/pdbs/469.pdb,4.662314687131548,0.2208172124343805,0.4218807896368228,821
415,10.04874621282325,0.350500079671398,0.7505805332590932,4.954429494585578,0.2653849218351267,0.317118139130568,19261.808438165404,0.1893779342807548,0.2172131112998909,0.254011791451505,/wynton/group/sali/mhancock/xray/sample_bench/out/277_native_5_ref/2/output_382/pdbs/216.pdb,5.094316718237672,0.6828818608694319,0.2494194667409067,382
416,9.88218654389525,0.2996121171582721,0.5878478473482563,5.041127532338535,0.2501356021082832,0.1118716979416474,18920.40247403918,0.2014638503798248,0.1747320319653753,0.2198104801932711,/wynton/group/sali/mhancock/xray/sample_bench/out/277_native_5_ref/2/output_176/pdbs/113.pdb,4.841059011556714,0.8881283020583526,0.4121521526517437,176
417,8.91155446985389,0.1040596035920752,0.7198802909259402,4.488896766646202,0.1417146972018304,0.6691825768887658,14464.03312770788,0.1128262273751825,0.1063742009598602,0.1320591768269824,/wynton/group/sali/mhancock/xray/sample_bench/out/277_native_5_ref/2/output_676/pdbs/412.pdb,4.422657703207687,0.3308174231112342,0.2801197090740598,676
418,9.369925653847961,0.1553953675140647,0.5089456187334439,4.768290539502364,0.1863473440284868,0.7522529962351067,30744.703570804548,0.1506329891235396,0.1332587564859994,0.1650612372484111,/wynton/group/sali/mhancock/xray/sample_bench/out/277_native_5_ref/2/output_363/pdbs/480.pdb,4.601635114345597,0.2477470037648933,0.491054381266556,363
419,10.104642167327455,0.5243116926010511,0.6255622878144917,5.28450513738299,0.3535416901942694,0.0675332993835725,20667.601766417654,0.2710561151328838,0.1840717054458718,0.249613008011705,/wynton/group/sali/mhancock/xray/sample_bench/out/277_native_5_ref/2/output_517/pdbs/331.pdb,4.820137029944466,0.9324667006164274,0.3744377121855083,517
420,9.595268155105659,0.2287373876756848,0.5601005491141178,4.830379904172839,0.209338146995568,0.418225332397688,19735.56884657183,0.1566553102650648,0.1497360352473992,0.184825144270138,/wynton/group/sali/mhancock/xray/sample_bench/out/277_native_5_ref/2/output_54/pdbs/236.pdb,4.76488825093282,0.581774667602312,0.4398994508858821,54
421,9.611312231307657,0.1781551480641739,0.3849243655770358,4.847537749199806,0.2246090429994233,0.4910772835847758,14383.496060645271,0.1613185602039534,0.1502284462747626,0.1911065990023075,/wynton/group/sali/mhancock/xray/sample_bench/out/277_native_5_ref/2/output_270/pdbs/100.pdb,4.763774482107852,0.5089227164152241,0.6150756344229642,270
422,9.493962752291669,0.1328807628882124,0.5363961034128781,4.802511684829144,0.2527485506307261,0.263851247954419,25406.72115556376,0.1553457850676504,0.1462744548243788,0.1775918118790215,/wynton/group/sali/mhancock/xray/sample_bench/out/277_native_5_ref/2/output_977/pdbs/396.pdb,4.691451067462524,0.736148752045581,0.4636038965871218,977
423,9.644948592897913,0.1861286054121175,0.5760622469115666,4.814272011651177,0.2072540379706534,0.5086324258804948,16602.69054667622,0.1600893400037115,0.1619613298336467,0.2001625685188872,/wynton/group/sali/mhancock/xray/sample_bench/out/277_native_5_ref/2/output_748/pdbs/296.pdb,4.8306765812467365,0.4913675741195051,0.4239377530884333,748
424,9.045751875723099,0.1556000035431793,0.2588496354080264,4.505619872826925,0.15240443492046,0.1955909113982797,16500.62172642986,0.1172881473496195,0.1223752965103501,0.1482295417561476,/wynton/group/sali/mhancock/xray/sample_bench/out/277_native_5_ref/2/output_217/pdbs/273.pdb,4.540132002896173,0.8044090886017202,0.7411503645919736,217
425,9.098111068890274,0.1080171064285193,0.8426068060575592,4.525830887548495,0.1617130467343728,0.6957151025268005,19308.968375731994,0.1220657424308499,0.1250345105159621,0.1516799788511987,/wynton/group/sali/mhancock/xray/sample_bench/out/277_native_5_ref/2/output_700/pdbs/333.pdb,4.572280181341779,0.3042848974731995,0.1573931939424407,700
426,9.714243209313551,0.1441465351433712,0.9942814598948306,4.841082087293389,0.2007780855329185,0.4917364108273045,14947.067540086828,0.1712081324612308,0.1713685040846381,0.204316766964141,/wynton/group/sali/mhancock/xray/sample_bench/out/277_native_5_ref/2/output_735/pdbs/436.pdb,4.873161122020163,0.5082635891726954,0.0057185401051693,735
427,9.640213103410556,0.1729790502149498,0.2083220665930951,4.751746253549305,0.1880174433727261,0.5380609617771749,15692.33272605078,0.1554568013809648,0.1714652851178572,0.203262881209694,/wynton/group/sali/mhancock/xray/sample_bench/out/277_native_5_ref/2/output_407/pdbs/341.pdb,4.88846684986125,0.4619390382228252,0.7916779334069048,407
428,9.49841722971204,0.1359894026791817,0.5088651834095254,4.800976295996473,0.1955245045649699,0.3084136734543049,14946.799895777922,0.1591877283622876,0.1483730273470357,0.17396506335441,/wynton/group/sali/mhancock/xray/sample_bench/out/277_native_5_ref/2/output_596/pdbs/405.pdb,4.697440933715567,0.6915863265456951,0.4911348165904746,596
429,9.472928209842685,0.2124976718200449,0.5132408749676364,4.822737836183511,0.2275773109973175,0.5922547251374827,31446.580137556037,0.1584346561141699,0.1357832529009755,0.1874840833833694,/wynton/group/sali/mhancock/xray/sample_bench/out/277_native_5_ref/2/output_30/pdbs/449.pdb,4.650190373659174,0.4077452748625173,0.4867591250323636,30
430,9.118409443860209,0.1274658675853937,0.2178571183778355,4.489566014675495,0.1483643667767029,0.0541993885071067,14610.253993850603,0.1177263824141884,0.1328733697184077,0.1653729322655554,/wynton/group/sali/mhancock/xray/sample_bench/out/277_native_5_ref/2/output_674/pdbs/420.pdb,4.628843429184714,0.9458006114928932,0.7821428816221645,674
431,10.127754311551673,0.5307554194489955,0.8847179065780425,5.109651925447292,0.303826286451443,0.002081344597317,26496.08761366925,0.2348211750433546,0.2173223248032918,0.2702466982636498,/wynton/group/sali/mhancock/xray/sample_bench/out/277_native_5_ref/2/output_813/pdbs/108.pdb,5.018102386104381,0.9979186554026828,0.1152820934219574,813
432,9.225461674534028,0.1099349587004065,0.3721509387147192,4.587945219631675,0.1627196978541929,0.1899670458271423,13259.203059545978,0.1257914235527992,0.1329295043121401,0.1607992957676393,/wynton/group/sali/mhancock/xray/sample_bench/out/277_native_5_ref/2/output_478/pdbs/445.pdb,4.637516454902352,0.8100329541728577,0.6278490612852808,478
433,9.98658825687496,0.3567440485417075,0.3438639219629575,5.084732673839679,0.2574327203582574,0.7706523968495993,21725.462344928343,0.2115479923567856,0.1811181629735028,0.2234806657751782,/wynton/group/sali/mhancock/xray/sample_bench/out/277_native_5_ref/2/output_466/pdbs/110.pdb,4.901855583035282,0.2293476031504006,0.6561360780370424,466
434,9.599436406758528,0.1693156968602877,0.6170702271372325,4.771390743846352,0.2316082369394498,0.4890879288220273,18093.352015916007,0.149286111788202,0.1611075698061638,0.2064780246580033,/wynton/group/sali/mhancock/xray/sample_bench/out/277_native_5_ref/2/output_7/pdbs/424.pdb,4.828045662912176,0.5109120711779728,0.3829297728627676,7
435,9.430273784708374,0.093794210578948,0.4538627746355196,4.72449797304141,0.1800169736063786,0.4437128408666348,12924.628692844644,0.1446089801688285,0.142030606505766,0.1685268908864143,/wynton/group/sali/mhancock/xray/sample_bench/out/277_native_5_ref/2/output_639/pdbs/371.pdb,4.705775811666965,0.5562871591333651,0.5461372253644804,639
436,9.283906033168986,0.135643974819694,0.4021403509983514,4.592082722220956,0.1575165411690006,0.3330916666079344,13246.413211452247,0.129961764846656,0.1405723942929528,0.1694054927760388,/wynton/group/sali/mhancock/xray/sample_bench/out/277_native_5_ref/2/output_903/pdbs/446.pdb,4.69182331094803,0.6669083333920657,0.5978596490016486,903
437,9.015267788493782,0.1008994060977718,0.9603568781406088,4.563952918999917,0.1591264031520421,0.9045765691094858,15325.971239134564,0.1194348742144668,0.1069338819072985,0.1341943186659738,/wynton/group/sali/mhancock/xray/sample_bench/out/277_native_5_ref/2/output_421/pdbs/345.pdb,4.451314869493865,0.0954234308905142,0.0396431218593911,421
438,9.381042561021845,0.1779176235190528,0.8964629404948756,4.719091291629644,0.2068686628691473,0.5224919304174666,17442.567998597442,0.1416629005241843,0.1363862493983161,0.1713107920027007,/wynton/group/sali/mhancock/xray/sample_bench/out/277_native_5_ref/2/output_68/pdbs/375.pdb,4.661951269392201,0.4775080695825334,0.1035370595051243,68
439,9.001151016258536,0.1078837579322019,0.1679592696247885,4.459580502374094,0.1707263227744094,0.1340754436352049,16815.0545217521,0.1101390457526293,0.1174593783355533,0.149612746526133,/wynton/group/sali/mhancock/xray/sample_bench/out/277_native_5_ref/2/output_461/pdbs/442.pdb,4.541570513884442,0.8659245563647952,0.8320407303752115,461
440,9.43357631880456,0.2222972681846646,0.4065736568859582,4.721825324246288,0.1968816222766435,0.3812291250183238,16291.247982503,0.1459306446854132,0.1453955800849001,0.1793636770485386,/wynton/group/sali/mhancock/xray/sample_bench/out/277_native_5_ref/2/output_215/pdbs/373.pdb,4.711750994558272,0.6187708749816762,0.5934263431140417,215
441,9.308586088078222,0.174354362323398,0.2512508970871339,4.572351762359364,0.1775373138130767,0.4138661578614692,15891.970408880088,0.1268660245147153,0.1460468781454377,0.1787249803699025,/wynton/group/sali/mhancock/xray/sample_bench/out/277_native_5_ref/2/output_654/pdbs/300.pdb,4.736234325718857,0.5861338421385308,0.7487491029128661,654
442,10.113621288110235,0.2153909392991216,0.2295476020127247,5.0124812710031765,0.240389465677051,0.6771933801291946,26906.880587133463,0.1930625647689287,0.2089143128934942,0.2617562816774187,/wynton/group/sali/mhancock/xray/sample_bench/out/277_native_5_ref/2/output_384/pdbs/17.pdb,5.101140017107057,0.3228066198708054,0.7704523979872754,384
443,10.09019252750502,0.9801478933938842,0.723842214344019,5.102197245874614,0.4123566251614539,0.1930151316410803,26975.94375147582,0.247058426940021,0.2123700056283076,0.3748423157221028,/wynton/group/sali/mhancock/xray/sample_bench/out/277_native_5_ref/2/output_430/pdbs/499.pdb,4.987995281630405,0.8069848683589197,0.276157785655981,430
444,9.491917855978393,0.1439007436903539,0.4894408838866632,4.793121200431775,0.1996205445674635,0.7949785869775379,14258.739184903616,0.1579757337059818,0.1463974003215737,0.1905712049649543,/wynton/group/sali/mhancock/xray/sample_bench/out/277_native_5_ref/2/output_465/pdbs/460.pdb,4.698796655546617,0.2050214130224621,0.5105591161133367,465
445,9.429479249559991,0.1959637978254326,0.7013049569128926,4.625297838241108,0.2007775642359873,0.532995452830638,31435.26677691582,0.1325065814171208,0.1548274145941783,0.2047915725120821,/wynton/group/sali/mhancock/xray/sample_bench/out/277_native_5_ref/2/output_356/pdbs/498.pdb,4.804181411318883,0.4670045471693619,0.2986950430871073,356
446,9.978948997656214,0.4290730822351159,0.6925577786833763,5.024483794277674,0.2495864723355446,0.2621941279146706,23901.100175393265,0.2048987393319946,0.19318422818244,0.2325097386581545,/wynton/group/sali/mhancock/xray/sample_bench/out/277_native_5_ref/2/output_784/pdbs/199.pdb,4.9544652033785415,0.7378058720853293,0.3074422213166237,784
447,8.82398486558171,0.089830280007594,0.8002347951741805,4.374037593838673,0.1403308557900659,0.9273659952639834,20992.017587473987,0.0999187831376676,0.1049996624337532,0.1353727604207492,/wynton/group/sali/mhancock/xray/sample_bench/out/277_native_5_ref/2/output_266/pdbs/487.pdb,4.449947271743038,0.0726340047360165,0.1997652048258195,266
448,10.222835836429882,0.3368242084309383,0.2390212917225741,5.084897533796127,0.2729098492155261,0.7059299190314173,30325.7392013555,0.2016781411969625,0.2105410307842801,0.2843622635036077,/wynton/group/sali/mhancock/xray/sample_bench/out/277_native_5_ref/2/output_610/pdbs/11.pdb,5.137938302633755,0.2940700809685826,0.7609787082774259,610
449,9.341181371872189,0.1748953622155598,0.0752277344066608,4.631703389840725,0.1745421393645095,0.3101783274763315,16632.874529333876,0.1345956614229772,0.1381656439456235,0.1734547594047657,/wynton/group/sali/mhancock/xray/sample_bench/out/277_native_5_ref/2/output_525/pdbs/356.pdb,4.709477982031463,0.6898216725236685,0.9247722655933392,525
450,9.355975343616773,0.1872835698773342,0.5743227961605067,4.720993493118868,0.2087976940836987,0.7850191273897767,30660.66866359189,0.1392553545295574,0.1362346647929115,0.1903836388335515,/wynton/group/sali/mhancock/xray/sample_bench/out/277_native_5_ref/2/output_198/pdbs/479.pdb,4.634981850497904,0.2149808726102232,0.4256772038394933,198
451,9.561165122480766,0.1152841300500001,0.5156265344572891,4.795408958989162,0.1930045214961804,0.2605658557487982,16359.45929835775,0.1568162992748588,0.1573515627830685,0.1887690208478142,/wynton/group/sali/mhancock/xray/sample_bench/out/277_native_5_ref/2/output_187/pdbs/184.pdb,4.765756163491604,0.7394341442512018,0.4843734655427109,187
452,9.207691350981356,0.127827952821286,0.4433115056654688,4.561841436836152,0.1535722067843742,0.0788842846328482,16385.85625450669,0.1238899771091088,0.1336276070259981,0.1642993960968043,/wynton/group/sali/mhancock/xray/sample_bench/out/277_native_5_ref/2/output_626/pdbs/347.pdb,4.645849914145205,0.9211157153671518,0.5566884943345312,626
453,9.703679739765875,0.1350230535394104,0.4414301119834216,4.908703558259164,0.2336954730148167,0.9585405999392788,21068.57522015077,0.1798595902982816,0.1690370332856826,0.2052455427032885,/wynton/group/sali/mhancock/xray/sample_bench/out/277_native_5_ref/2/output_643/pdbs/290.pdb,4.794976181506711,0.0414594000607212,0.5585698880165784,643
454,9.589537251792265,0.1887370188190216,0.5595568461722804,4.763767796841839,0.2050721839948512,0.5533338944958307,18717.505307966887,0.1465246635065001,0.1582124022336155,0.2058771846808736,/wynton/group/sali/mhancock/xray/sample_bench/out/277_native_5_ref/2/output_519/pdbs/425.pdb,4.825769454950427,0.4466661055041692,0.4404431538277196,519
455,10.123734421484441,0.3005164754933626,0.8310984195109306,4.967947519561984,0.2804201219068181,0.3077200777810641,18762.66028702423,0.1982038398219337,0.230937371828936,0.2912455651833339,/wynton/group/sali/mhancock/xray/sample_bench/out/277_native_5_ref/2/output_184/pdbs/65.pdb,5.155786901922457,0.6922799222189359,0.1689015804890694,184
456,9.423301232867182,0.1635509360190838,0.2022333859651581,4.657326875210219,0.2027770198476647,0.4545519540540417,15715.578829396722,0.1431322037965387,0.1513940098643661,0.1837556546141942,/wynton/group/sali/mhancock/xray/sample_bench/out/277_native_5_ref/2/output_913/pdbs/487.pdb,4.765974357656962,0.5454480459459583,0.7977666140348418,913
457,9.29585932157822,0.1500575777029605,0.7569315684935436,4.628523062746134,0.1951503400427036,0.5437169090655061,30421.5668428657,0.1313765813952044,0.1378751001595965,0.1758754411722076,/wynton/group/sali/mhancock/xray/sample_bench/out/277_native_5_ref/2/output_763/pdbs/411.pdb,4.667336258832086,0.4562830909344939,0.2430684315064564,763
458,10.177743628437867,0.9830693762120004,0.2610666385157614,5.14078947944579,0.4340714988496144,0.9974651099784064,26312.44839083276,0.2763142921405894,0.2099508114081778,0.3920390381801322,/wynton/group/sali/mhancock/xray/sample_bench/out/277_native_5_ref/2/output_933/pdbs/379.pdb,5.036954148992076,0.0025348900215934,0.7389333614842385,933
459,9.405077972494091,0.1221097319165499,0.4251653530655501,4.7094407866300605,0.181659373387874,0.1313671088691833,15323.383038109869,0.1449987290294798,0.1464624124192628,0.1723406301668198,/wynton/group/sali/mhancock/xray/sample_bench/out/277_native_5_ref/2/output_236/pdbs/206.pdb,4.695637185864031,0.8686328911308168,0.57483464693445,236
460,9.452089579614698,0.1211707913022824,0.6160327462712435,4.697279201807504,0.1768717868719968,0.5306283450891888,20605.28738520939,0.1411523661954336,0.1476478044760725,0.1757193498140001,/wynton/group/sali/mhancock/xray/sample_bench/out/277_native_5_ref/2/output_739/pdbs/300.pdb,4.754810377807194,0.4693716549108112,0.3839672537287565,739
461,9.853189732628993,0.2975267545289282,0.798563800368347,4.838350279800279,0.2085445468007093,0.4108058011353919,20633.430015030182,0.1756140527329634,0.1985967957336428,0.2292018117751041,/wynton/group/sali/mhancock/xray/sample_bench/out/277_native_5_ref/2/output_989/pdbs/446.pdb,5.0148394528287135,0.5891941988646082,0.201436199631653,989
462,9.71300333215001,0.1663934152311713,0.106523312933163,4.818302205551946,0.210624732884071,0.4803529497378078,17214.933451048357,0.1669683999739747,0.1765698087602079,0.2112041426980525,/wynton/group/sali/mhancock/xray/sample_bench/out/277_native_5_ref/2/output_540/pdbs/245.pdb,4.894701126598064,0.5196470502621923,0.893476687066837,540
463,9.578270264091326,0.1891676108808192,0.4311573212220906,4.764235664156158,0.1771222170452349,0.4769789748051668,23418.87577869313,0.1521872242414528,0.1575166520016521,0.1918660310213217,/wynton/group/sali/mhancock/xray/sample_bench/out/277_native_5_ref/2/output_742/pdbs/482.pdb,4.814034599935168,0.5230210251948332,0.5688426787779094,742
464,9.202281016864337,0.1084822819011971,0.4259732100678007,4.544351809204225,0.1582758532002624,0.2790728480243262,17350.630825519245,0.1248435324967543,0.1345349646899664,0.1650342341688214,/wynton/group/sali/mhancock/xray/sample_bench/out/277_native_5_ref/2/output_851/pdbs/323.pdb,4.657929207660111,0.7209271519756738,0.5740267899321994,851
465,9.092181043466098,0.1500531009957084,0.3803299489768546,4.505655276827531,0.1539099900704854,0.2540869161604049,15223.992191539715,0.1168088329339703,0.1273921422134933,0.1573543956037772,/wynton/group/sali/mhancock/xray/sample_bench/out/277_native_5_ref/2/output_768/pdbs/430.pdb,4.586525766638567,0.7459130838395951,0.6196700510231453,768
466,9.840070523823455,0.2202272622310549,0.7166868476005525,4.840500563516913,0.2182418671829442,0.4259347866127369,21667.444730538,0.1720127260974199,0.1945573133602495,0.2399807016929958,/wynton/group/sali/mhancock/xray/sample_bench/out/277_native_5_ref/2/output_576/pdbs/436.pdb,4.999569960306542,0.574065213387263,0.2833131523994475,576
467,9.79410104050508,0.226546532233581,0.4102510250185319,4.891913909605347,0.254255805136055,0.6187750325046278,24194.77426953236,0.1701083189967731,0.1768259084064285,0.2005881059167468,/wynton/group/sali/mhancock/xray/sample_bench/out/277_native_5_ref/2/output_952/pdbs/401.pdb,4.902187130899733,0.3812249674953721,0.5897489749814682,952
468,9.650255757671552,0.2009683141200605,0.5060273576411483,4.843485649326163,0.1967782800256454,0.3811500725004689,19675.06087982494,0.1650357599640175,0.1572214886782627,0.1928197496125067,/wynton/group/sali/mhancock/xray/sample_bench/out/277_native_5_ref/2/output_756/pdbs/88.pdb,4.806770108345389,0.618849927499531,0.4939726423588517,756
469,9.645097811638205,0.1797854479787045,0.4709902664482809,4.813794359949614,0.2071654343396713,0.531855961258074,16622.697771818817,0.1596694847753535,0.1639454450554927,0.1930435345996425,/wynton/group/sali/mhancock/xray/sample_bench/out/277_native_5_ref/2/output_753/pdbs/348.pdb,4.831303451688592,0.468144038741926,0.5290097335517191,753
470,9.098640957316938,0.1741232102807616,0.2184673577586463,4.4677359246951385,0.1453759470159778,0.3433000972288276,11758.392395003311,0.1194430030896046,0.1335839130078739,0.1595511001315129,/wynton/group/sali/mhancock/xray/sample_bench/out/277_native_5_ref/2/output_120/pdbs/463.pdb,4.630905032621799,0.6566999027711723,0.7815326422413537,120
471,9.499968239396859,0.1290493030286409,0.3826196991045092,4.733306503873372,0.2198258303469955,0.4351153586893863,17005.850690654304,0.1440076604909144,0.14995257096848,0.1902615832360238,/wynton/group/sali/mhancock/xray/sample_bench/out/277_native_5_ref/2/output_53/pdbs/114.pdb,4.766661735523487,0.5648846413106137,0.6173803008954908,53
472,9.264122524203685,0.1616577990720597,0.9662631656496136,4.680876938941724,0.1892003446729364,0.5544284754518456,17992.83575386088,0.1384263645848832,0.1271195198885466,0.1584893974126241,/wynton/group/sali/mhancock/xray/sample_bench/out/277_native_5_ref/2/output_541/pdbs/484.pdb,4.583245585261962,0.4455715245481543,0.0337368343503862,541
473,9.34766787231114,0.1637183003003241,0.5483478492110725,4.7508281944119535,0.2062325528499016,0.811599067707919,23837.88815717081,0.1535290846953144,0.1370631328424877,0.2184023324035297,/wynton/group/sali/mhancock/xray/sample_bench/out/277_native_5_ref/2/output_613/pdbs/480.pdb,4.596839677899187,0.188400932292081,0.4516521507889275,613
474,9.963537977259662,0.2923611640431235,0.2386211450626255,4.913209429956585,0.2601427362175087,0.6260250284461527,20613.13418258016,0.1860803097181198,0.2080301174949235,0.2445644727625114,/wynton/group/sali/mhancock/xray/sample_bench/out/277_native_5_ref/2/output_388/pdbs/352.pdb,5.050328547303077,0.3739749715538472,0.7613788549373746,388
475,10.028696204931546,0.8798406180359923,0.2614608836891128,5.111225766012366,0.3539907898559287,0.9616033736481076,23349.092870826928,0.2679275001853895,0.2006561350876273,0.2620510832870912,/wynton/group/sali/mhancock/xray/sample_bench/out/277_native_5_ref/2/output_25/pdbs/372.pdb,4.917470438919181,0.0383966263518924,0.7385391163108872,25
476,9.528694590186394,0.1417010748580511,0.5005373397967519,4.764772247753968,0.1923170046341191,0.447228216234267,17168.162280531833,0.1544525394221696,0.1535125354364737,0.178645783141622,/wynton/group/sali/mhancock/xray/sample_bench/out/277_native_5_ref/2/output_208/pdbs/463.pdb,4.763922342432425,0.5527717837657329,0.4994626602032482,208
477,9.037036643918366,0.0768744076152654,0.9075589537122112,4.5945042697045455,0.1570022338714976,0.7385256529106793,12746.879909680743,0.1291540261715836,0.1103646753436351,0.1291112724032791,/wynton/group/sali/mhancock/xray/sample_bench/out/277_native_5_ref/2/output_162/pdbs/386.pdb,4.44253237421382,0.2614743470893206,0.0924410462877886,162
478,9.77425623783889,0.2474706168963358,0.4081386230032418,4.949355438409247,0.2660247222981253,0.6285113328562071,16361.465950420006,0.1808548041525257,0.1650536854105821,0.1914262574805414,/wynton/group/sali/mhancock/xray/sample_bench/out/277_native_5_ref/2/output_320/pdbs/475.pdb,4.824900799429642,0.3714886671437928,0.5918613769967582,320
479,9.213228597540972,0.1426496857747285,0.601551595602986,4.602367947371987,0.1736803321009953,0.6996604588967098,14782.664598920714,0.1279217782322153,0.1291166808638882,0.153873768634714,/wynton/group/sali/mhancock/xray/sample_bench/out/277_native_5_ref/2/output_42/pdbs/466.pdb,4.610860650168986,0.3003395411032902,0.398448404397014,42
480,9.266352067274042,0.1054091577424705,0.2197654866710053,4.561465242217492,0.2063605068319204,0.3386460496117516,16658.520656777535,0.1274416050405059,0.1436776673475698,0.1776382401724355,/wynton/group/sali/mhancock/xray/sample_bench/out/277_native_5_ref/2/output_855/pdbs/438.pdb,4.7048868250565485,0.6613539503882484,0.7802345133289947,855
481,9.230746603143702,0.1472545955334784,0.5462839906271023,4.717420386731946,0.1834093352340958,0.8044636446057852,22533.52940246468,0.1464732486512025,0.1282243109637105,0.1540183469823727,/wynton/group/sali/mhancock/xray/sample_bench/out/277_native_5_ref/2/output_280/pdbs/317.pdb,4.513326216411756,0.1955363553942148,0.4537160093728976,280
482,9.740841349039538,0.1539643314355054,0.1389932691841446,4.74967336284086,0.1925973930236316,0.5511539256221641,16277.43474327748,0.1584567015211623,0.1901296384084549,0.2267854987475166,/wynton/group/sali/mhancock/xray/sample_bench/out/277_native_5_ref/2/output_936/pdbs/131.pdb,4.991167986198677,0.4488460743778359,0.8610067308158553,936
483,9.638171726506615,0.2115239715868681,0.5469591021539143,4.84825048588228,0.2146065000935837,0.4136433685137387,18597.485089858837,0.1641477913199385,0.1567404585858827,0.1936527133789805,/wynton/group/sali/mhancock/xray/sample_bench/out/277_native_5_ref/2/output_107/pdbs/350.pdb,4.789921240624334,0.5863566314862613,0.4530408978460856,107
484,9.67920702154548,0.2954381478053309,0.80769588786467,4.828990809841092,0.2235220204034226,0.4809347781826975,16299.18550301863,0.1667750037665647,0.1673152812024252,0.2042055216866159,/wynton/group/sali/mhancock/xray/sample_bench/out/277_native_5_ref/2/output_475/pdbs/424.pdb,4.850216211704388,0.5190652218173025,0.19230411213533,475
485,9.213300070790476,0.1322280862254097,0.5677408730177378,4.594977936710137,0.1632588820734502,0.6071372895038314,25397.558954718283,0.1280867840459407,0.1301446564277063,0.1588688158226087,/wynton/group/sali/mhancock/xray/sample_bench/out/277_native_5_ref/2/output_531/pdbs/297.pdb,4.618322134080339,0.3928627104961685,0.4322591269822622,531
486,9.889791146735389,1.0793386267237564,0.2211071281432722,5.011399982223089,0.3182236026225536,0.8220093782149708,20430.67372856629,0.2383474571927035,0.2038896943783798,0.2745406491976344,/wynton/group/sali/mhancock/xray/sample_bench/out/277_native_5_ref/2/output_307/pdbs/351.pdb,4.8783911645123,0.1779906217850292,0.7788928718567277,307
487,9.606749078329578,0.2539527649294655,0.5681117731555484,4.783857493160861,0.1824905404044074,0.4083044901600852,13721.065539691332,0.1571844842940688,0.1623317348431473,0.1839880116725581,/wynton/group/sali/mhancock/xray/sample_bench/out/277_native_5_ref/2/output_41/pdbs/292.pdb,4.822891585168716,0.5916955098399148,0.4318882268444516,41
488,9.06736717347194,0.1134994922218166,0.0504797431518684,4.48169866949111,0.1390925072931414,0.0094452758719622,15826.842250097528,0.1135242284005424,0.1174729105211446,0.1519330563173896,/wynton/group/sali/mhancock/xray/sample_bench/out/277_native_5_ref/2/output_497/pdbs/497.pdb,4.58566850398083,0.9905547241280376,0.9495202568481316,497
489,10.111887640642198,1.0027236302237714,0.7896706637831479,5.023089728611846,0.3901204512296659,0.25722087719912,25014.15351111622,0.2259565735019571,0.2473841056851663,0.394296737471025,/wynton/group/sali/mhancock/xray/sample_bench/out/277_native_5_ref/2/output_791/pdbs/477.pdb,5.088797912030353,0.74277912280088,0.2103293362168521,791
490,9.360923155803022,0.2212976829637592,0.6458570956837233,4.666589876210727,0.1806945293599861,0.8492950078895604,23194.8768313562,0.1368809042867556,0.1437612570793949,0.1815511765913074,/wynton/group/sali/mhancock/xray/sample_bench/out/277_native_5_ref/2/output_482/pdbs/254.pdb,4.694333279592295,0.1507049921104395,0.3541429043162767,482
491,9.400066431047481,0.1312100090834722,0.3134159025828619,4.633312527934592,0.2314258765080533,0.447583943117056,12875.332157416287,0.1288728935243093,0.1468317070385309,0.188230511252208,/wynton/group/sali/mhancock/xray/sample_bench/out/277_native_5_ref/2/output_864/pdbs/357.pdb,4.76675390311289,0.5524160568829439,0.6865840974171381,864
492,9.55862514680907,0.139443277676613,0.455101122782008,4.821063198858582,0.2070064176199545,0.3509597706869168,15638.715957063718,0.1608981569680624,0.1500771220542556,0.1824670088957351,/wynton/group/sali/mhancock/xray/sample_bench/out/277_native_5_ref/2/output_18/pdbs/429.pdb,4.737561947950489,0.6490402293130833,0.544898877217992,18
493,9.104224137857425,0.1211172362060785,0.3514908789391586,4.537102595383491,0.1588472105617869,0.2491869070648323,17549.098208154865,0.1220935808735358,0.1261695897066503,0.1500304940210671,/wynton/group/sali/mhancock/xray/sample_bench/out/277_native_5_ref/2/output_378/pdbs/378.pdb,4.567121542473934,0.7508130929351677,0.6485091210608414,378
494,10.00018718114554,0.3273484851837384,0.3991387352138628,5.194082709238559,0.3796816508937038,0.9481217578713174,21094.766051212464,0.2377911253699541,0.1767379102834245,0.2357100291507054,/wynton/group/sali/mhancock/xray/sample_bench/out/277_native_5_ref/2/output_669/pdbs/329.pdb,4.8061044719069805,0.0518782421286826,0.6008612647861372,669
495,9.993364967211795,0.3677420873887479,0.6274533603310446,5.111536095745119,0.3104528231294556,0.194244173963114,19828.24209002457,0.2170091516983828,0.1833256909600972,0.220411933472449,/wynton/group/sali/mhancock/xray/sample_bench/out/277_native_5_ref/2/output_882/pdbs/489.pdb,4.881828871466676,0.805755826036886,0.3725466396689554,882
496,10.049564218488506,0.8547269662718315,0.7138926972475145,5.081864078136257,0.3365864529038647,0.2185457198642945,27703.00137139877,0.23860082198401,0.2103691264139508,0.2928441648777945,/wynton/group/sali/mhancock/xray/sample_bench/out/277_native_5_ref/2/output_618/pdbs/495.pdb,4.967700140352249,0.7814542801357054,0.2861073027524854,618
497,9.70101983599334,0.1272452082433422,0.3972577267636552,4.907889832586669,0.2102472910733547,0.6893046221054657,21454.35974982421,0.1784996171561632,0.1603037912169974,0.1984311133486349,/wynton/group/sali/mhancock/xray/sample_bench/out/277_native_5_ref/2/output_245/pdbs/319.pdb,4.793130003406672,0.3106953778945342,0.6027422732363448,245
498,9.54941107775117,0.1456426012713929,0.5323354313533616,4.796527265550092,0.1871845847155381,0.655270173798537,17651.58272303625,0.1569471994221503,0.1499908068759726,0.1754947361874738,/wynton/group/sali/mhancock/xray/sample_bench/out/277_native_5_ref/2/output_490/pdbs/282.pdb,4.752883812201079,0.344729826201463,0.4676645686466384,490
499,9.566351605765993,0.1528597921702764,0.5195192722573083,4.795384001969407,0.2104290254555976,0.1728286808507146,17110.589308151888,0.1580593988444153,0.1598741931237068,0.189531471513833,/wynton/group/sali/mhancock/xray/sample_bench/out/277_native_5_ref/2/output_580/pdbs/366.pdb,4.770967603796586,0.8271713191492853,0.4804807277426916,580
500,9.689237285290352,0.1910800539797714,0.3837842767674918,4.936423724927019,0.2205886485086878,0.6961458992347828,21211.23269958757,0.181871461437848,0.1571637696929008,0.1851545654023094,/wynton/group/sali/mhancock/xray/sample_bench/out/277_native_5_ref/2/output_672/pdbs/122.pdb,4.752813560363332,0.3038541007652173,0.6162157232325083,672
501,8.830125122172884,0.1317395642765627,0.6903034315620977,4.384934433207757,0.130436885009464,0.902563606974846,17028.57348903547,0.1015717949864384,0.1073449986834303,0.1380327381800291,/wynton/group/sali/mhancock/xray/sample_bench/out/277_native_5_ref/2/output_908/pdbs/493.pdb,4.445190688965126,0.097436393025154,0.3096965684379023,908
502,9.732645474940472,0.2715531512396717,0.0071505431344301,4.863655882133554,0.2058402573937338,0.5285409198855261,15851.54326380406,0.1769516307469752,0.169462960270611,0.205871270197388,/wynton/group/sali/mhancock/xray/sample_bench/out/277_native_5_ref/2/output_148/pdbs/360.pdb,4.868989592806918,0.4714590801144739,0.99284945686557,148
503,9.460666659267892,0.1453740577952865,0.1270239652844197,4.6998813107176725,0.1814880760013799,0.4776098515700643,16508.47384394126,0.1449951302574912,0.1509184256563989,0.1891766531001207,/wynton/group/sali/mhancock/xray/sample_bench/out/277_native_5_ref/2/output_583/pdbs/363.pdb,4.760785348550219,0.5223901484299357,0.8729760347155803,583
504,9.377593880848476,0.1415212206204557,0.5288202754633692,4.729253568357187,0.2242517583837495,0.8768348287461496,31890.071467172656,0.1461022762641386,0.1434694994349677,0.1714332167843208,/wynton/group/sali/mhancock/xray/sample_bench/out/277_native_5_ref/2/output_432/pdbs/352.pdb,4.648340312491289,0.1231651712538503,0.4711797245366309,432
505,8.83611356247181,0.1699728771218123,0.1944518307459377,4.403670850771618,0.1377153519005945,0.2425785336717497,12430.02183752831,0.1052248585380907,0.1059958741034531,0.129445702578846,/wynton/group/sali/mhancock/xray/sample_bench/out/277_native_5_ref/2/output_163/pdbs/473.pdb,4.432442711700193,0.7574214663282502,0.8055481692540623,163
506,9.408221480205658,0.2094436759257117,0.3470809342823847,4.598053178938982,0.1969142718600208,0.4448620939367081,23306.118016914035,0.1299964631050536,0.1551339099234769,0.2003887684131621,/wynton/group/sali/mhancock/xray/sample_bench/out/277_native_5_ref/2/output_463/pdbs/470.pdb,4.810168301266676,0.5551379060632918,0.6529190657176154,463
507,10.118064436033709,0.47035550307353,0.8858069604687667,5.027247330624494,0.291607969505357,0.2491807617975459,30115.12224661599,0.2083394700771493,0.2403745587478011,0.3064462544969925,/wynton/group/sali/mhancock/xray/sample_bench/out/277_native_5_ref/2/output_888/pdbs/65.pdb,5.090817105409214,0.7508192382024541,0.1141930395312332,888
508,10.18016188489316,0.3828207907489938,0.199659019216069,5.038187406247816,0.3000165599688492,0.6798824053943043,24185.721314032693,0.2077118688449634,0.2261196117438345,0.2972713272346104,/wynton/group/sali/mhancock/xray/sample_bench/out/277_native_5_ref/2/output_105/pdbs/52.pdb,5.141974478645343,0.3201175946056956,0.800340980783931,105
509,9.63762166119297,0.2336018170160465,0.5382068528326304,4.971971838352928,0.2637790954849786,0.1054914002363969,17764.209679518153,0.1887368582651855,0.1517606172140255,0.1709706014429901,/wynton/group/sali/mhancock/xray/sample_bench/out/277_native_5_ref/2/output_370/pdbs/450.pdb,4.6656498228400425,0.8945085997636031,0.4617931471673697,370
510,9.775281714702217,0.1468947173774003,0.3618858926105703,4.8745677675191725,0.217146885533509,0.7115758193046082,20331.268370357157,0.1668404400424435,0.1719367793954743,0.2087238969766542,/wynton/group/sali/mhancock/xray/sample_bench/out/277_native_5_ref/2/output_799/pdbs/3.pdb,4.900713947183045,0.2884241806953918,0.6381141073894296,799
511,9.395646996577678,0.1405278893273238,0.523482152412667,4.653235180210677,0.16836912677577,0.9278418740949846,31837.327842794813,0.1343261151452833,0.1493836961126557,0.1832289014321474,/wynton/group/sali/mhancock/xray/sample_bench/out/277_native_5_ref/2/output_942/pdbs/272.pdb,4.742411816367,0.0721581259050153,0.476517847587333,942
512,9.587531556487338,0.2045971860856515,0.8140623244560503,4.713266310730528,0.2067513830001077,0.4996462254946897,14686.421011434191,0.1502250498994713,0.1699499644298495,0.2100534121868007,/wynton/group/sali/mhancock/xray/sample_bench/out/277_native_5_ref/2/output_599/pdbs/443.pdb,4.874265245756811,0.5003537745053103,0.1859376755439496,599
513,8.998508594950042,0.1696822243600979,0.2386765720318615,4.435531811584574,0.1452884230210474,0.305060484108421,15542.89833416772,0.1130553889326572,0.1250543994329207,0.149957041089612,/wynton/group/sali/mhancock/xray/sample_bench/out/277_native_5_ref/2/output_895/pdbs/460.pdb,4.562976783365468,0.6949395158915789,0.7613234279681386,895
514,9.188293152421906,0.0736046600172521,0.3158210055145892,4.582950184083346,0.1687323288601458,0.3291422883445278,17460.9193830569,0.1282959933803908,0.1307423988708076,0.1597076293105344,/wynton/group/sali/mhancock/xray/sample_bench/out/277_native_5_ref/2/output_21/pdbs/454.pdb,4.605342968338561,0.6708577116554721,0.6841789944854108,21
515,9.196195616883045,0.1533596223411106,0.2657031713226873,4.528073977764485,0.1618345514986313,0.3908892568029932,29265.95815182697,0.1217333122098896,0.1350262370727725,0.1678810072994381,/wynton/group/sali/mhancock/xray/sample_bench/out/277_native_5_ref/2/output_313/pdbs/184.pdb,4.668121639118559,0.6091107431970069,0.7342968286773127,313
516,9.194730278748388,0.1312457506655839,0.6466749798279207,4.534673671404844,0.1457701001994207,0.6175623471612168,18184.18787575321,0.1206448334458071,0.1349475805240962,0.15404736539509,/wynton/group/sali/mhancock/xray/sample_bench/out/277_native_5_ref/2/output_887/pdbs/449.pdb,4.660056607343543,0.3824376528387831,0.3533250201720793,887
517,9.315388094315821,0.201132405987104,0.0284847591511116,4.775069573427208,0.2043545276197017,0.3468138621229104,16145.487073785034,0.1516977944058747,0.120697651927157,0.1506265146097728,/wynton/group/sali/mhancock/xray/sample_bench/out/277_native_5_ref/2/output_767/pdbs/488.pdb,4.540318520888612,0.6531861378770896,0.9715152408488884,767
518,9.238902219984368,0.1283427113576287,0.633815117839292,4.641848723322209,0.1800534975683154,0.713786731736293,14191.052091964462,0.132520758126529,0.1301600818994117,0.1568655537853164,/wynton/group/sali/mhancock/xray/sample_bench/out/277_native_5_ref/2/output_40/pdbs/276.pdb,4.597053496662158,0.2862132682637069,0.366184882160708,40
519,9.865294874150193,0.2099307927596297,0.7863600648259004,4.861948933130556,0.2108917036638886,0.3988991712363415,20827.268099898603,0.1703120410434962,0.1948091829733714,0.2335760662433114,/wynton/group/sali/mhancock/xray/sample_bench/out/277_native_5_ref/2/output_143/pdbs/56.pdb,5.003345941019637,0.6011008287636584,0.2136399351740996,143
520,10.102086029257288,0.9712830767393988,0.0621967342573133,5.064397117749236,0.2953601074768593,0.913940420299453,27305.79030407265,0.2255107270062505,0.2150478426512315,0.2842587495941545,/wynton/group/sali/mhancock/xray/sample_bench/out/277_native_5_ref/2/output_222/pdbs/479.pdb,5.037688911508052,0.0860595797005469,0.9378032657426868,222
521,9.552267618190308,0.1007054564722063,0.4523001782861642,4.813695617797277,0.2023677916640774,0.6607845848196967,18821.72910962437,0.1608369506374976,0.1509021916872137,0.182029045493789,/wynton/group/sali/mhancock/xray/sample_bench/out/277_native_5_ref/2/output_560/pdbs/413.pdb,4.738572000393031,0.3392154151803033,0.5476998217138358,560
522,9.8974703226863,0.1264239873090066,0.6740818232966486,4.924997418015201,0.2195651004317083,0.0112724570909332,11580.136600233409,0.1741957973408845,0.1801231057867379,0.2260791116230913,/wynton/group/sali/mhancock/xray/sample_bench/out/277_native_5_ref/2/output_593/pdbs/1.pdb,4.972472904671097,0.9887275429090668,0.3259181767033514,593
523,9.683658493506503,0.1976217903177196,0.3902570063300328,4.895783372674317,0.2109744218695464,0.681486276778398,21944.001995869665,0.177437257979749,0.1593004857648172,0.1888188254902789,/wynton/group/sali/mhancock/xray/sample_bench/out/277_native_5_ref/2/output_241/pdbs/389.pdb,4.787875120832186,0.3185137232216021,0.6097429936699672,241
524,9.624778605839461,0.2825629428395902,0.5697120824582079,4.885912818234586,0.2080006576321691,0.2902464838833819,15753.457402383598,0.1730114275681243,0.1538772763951008,0.1841198371326363,/wynton/group/sali/mhancock/xray/sample_bench/out/277_native_5_ref/2/output_545/pdbs/415.pdb,4.738865787604875,0.7097535161166181,0.4302879175417921,545
525,8.898859032897565,0.1493337681253396,0.0984867390166445,4.615065721565929,0.1852188225069223,0.2641982268777108,20566.839020140265,0.1216443076823166,0.0951505387689937,0.1288804512695853,/wynton/group/sali/mhancock/xray/sample_bench/out/277_native_5_ref/2/output_123/pdbs/396.pdb,4.283793311331635,0.7358017731222892,0.9015132609833554,123
526,9.64270095710498,0.1896915307012887,0.5802068548892331,4.825356240272519,0.1970962315483533,0.3784348239908985,19096.066054085102,0.1635691442084971,0.1618966699974188,0.1875172744787208,/wynton/group/sali/mhancock/xray/sample_bench/out/277_native_5_ref/2/output_88/pdbs/163.pdb,4.81734471683246,0.6215651760091015,0.419793145110767,88
527,9.274023069759263,0.1489749093499008,0.6212066971200584,4.558169067268465,0.1646574522726076,0.9336363976836874,31817.489002205235,0.1199251811303366,0.1398653875400849,0.1842846397693201,/wynton/group/sali/mhancock/xray/sample_bench/out/277_native_5_ref/2/output_782/pdbs/401.pdb,4.715854002490797,0.0663636023163126,0.3787933028799415,782
528,9.198764121847827,0.1548521890329278,0.715878864047104,4.541988400889418,0.1585326703664513,0.5697772169030345,14610.643480717114,0.1243898771709352,0.1380177988252437,0.1684566875310534,/wynton/group/sali/mhancock/xray/sample_bench/out/277_native_5_ref/2/output_949/pdbs/446.pdb,4.65677572095841,0.4302227830969656,0.284121135952896,949
529,9.370460102826865,0.1694768649017965,0.4493615564783433,4.71742193508585,0.1986017094022854,0.2463899124349487,18367.99664143782,0.1424085680560519,0.1346176996971655,0.1668892018569269,/wynton/group/sali/mhancock/xray/sample_bench/out/277_native_5_ref/2/output_837/pdbs/484.pdb,4.653038167741015,0.7536100875650512,0.5506384435216567,837
530,9.52918602059383,0.3262461129483646,0.5239840975936964,4.811396090442513,0.2145505630231224,0.3175290317974841,15320.333455038824,0.1579430673475134,0.1504229251428254,0.1730233276094175,/wynton/group/sali/mhancock/xray/sample_bench/out/277_native_5_ref/2/output_290/pdbs/238.pdb,4.717789930151316,0.682470968202516,0.4760159024063036,290
531,10.012973877566338,0.2911649691777574,0.9652119690123772,4.835949271350769,0.2506842917691068,0.3715839336237978,20901.172825636066,0.1832441791128533,0.232787113186177,0.3062106268850255,/wynton/group/sali/mhancock/xray/sample_bench/out/277_native_5_ref/2/output_900/pdbs/165.pdb,5.17702460621557,0.6284160663762022,0.0347880309876227,900
532,9.65516828901124,0.2002439190447929,0.6125770627444396,4.8285576604340745,0.192459423489205,0.4080562103596358,12575.12647798254,0.1647005616571991,0.1612617327282242,0.1943540070751137,/wynton/group/sali/mhancock/xray/sample_bench/out/277_native_5_ref/2/output_441/pdbs/150.pdb,4.826610628577166,0.5919437896403642,0.3874229372555605,441
533,9.853488462414482,0.3111540849437792,0.9071815150553536,4.8133265834079575,0.2007314420534326,0.4297330699696358,19873.12380748347,0.1713543965554685,0.1998363120174008,0.231576208428686,/wynton/group/sali/mhancock/xray/sample_bench/out/277_native_5_ref/2/output_884/pdbs/488.pdb,5.040161879006525,0.5702669300303642,0.0928184849446463,884
534,9.60558112256632,0.1485628356256128,0.4859136585348148,4.785420050913347,0.2024806738704327,0.5723303429319939,16108.341684237852,0.1559482190553805,0.1619127213318164,0.1879176598121638,/wynton/group/sali/mhancock/xray/sample_bench/out/277_native_5_ref/2/output_824/pdbs/247.pdb,4.820161071652973,0.427669657068006,0.5140863414651852,824
535,9.535875622941681,0.1350925964023904,0.441250671533464,4.834722398796548,0.215372206023908,0.6675147900707699,14960.976072722862,0.1644298693207172,0.1462401184666016,0.1909165688071197,/wynton/group/sali/mhancock/xray/sample_bench/out/277_native_5_ref/2/output_605/pdbs/435.pdb,4.701153224145132,0.3324852099292301,0.5587493284665359,605
536,8.905617615912647,0.111494790310549,0.2799422686969662,4.317624172353266,0.1447890931351136,0.2382498148973985,20445.545300023907,0.0987980894589051,0.1227237018803125,0.1525082095984357,/wynton/group/sali/mhancock/xray/sample_bench/out/277_native_5_ref/2/output_740/pdbs/446.pdb,4.587993443559379,0.7617501851026015,0.7200577313030337,740
537,9.587067929251454,0.1863445989710226,0.5218801116507851,4.836750585643259,0.197059482832326,0.519407995997929,34305.63867551995,0.1607018467475006,0.1486755951205876,0.1759612536685697,/wynton/group/sali/mhancock/xray/sample_bench/out/277_native_5_ref/2/output_442/pdbs/197.pdb,4.750317343608194,0.480592004002071,0.478119888349215,442
538,8.765247867417832,0.0742063973889871,0.8259665318201938,4.43876342368586,0.1369930126422034,0.8870643204081157,10747.442691874314,0.1084296744849645,0.1000350070032163,0.1199288300673651,/wynton/group/sali/mhancock/xray/sample_bench/out/277_native_5_ref/2/output_359/pdbs/483.pdb,4.326484443731972,0.1129356795918843,0.1740334681798062,359
539,9.67638986426811,0.1604745374210692,0.5760299294320803,4.790038542838425,0.1947253317296793,0.4852122675302575,22150.31715357465,0.1578881549051627,0.1731573402544993,0.2006643317787547,/wynton/group/sali/mhancock/xray/sample_bench/out/277_native_5_ref/2/output_877/pdbs/305.pdb,4.886351321429684,0.5147877324697425,0.4239700705679198,877
540,9.5608941429303,0.1442246874772605,0.5255053235643942,4.791733885009634,0.2054544216742301,0.0395093481168923,31925.870629666108,0.1523171592771656,0.1573852872755151,0.2090760875960954,/wynton/group/sali/mhancock/xray/sample_bench/out/277_native_5_ref/2/output_362/pdbs/197.pdb,4.769160257920666,0.9604906518831076,0.4744946764356058,362
541,8.741325152388264,0.0557066804365723,0.794268384064387,4.46937790825205,0.1511218178097342,0.8521982243294562,12295.470495710517,0.1088677715616613,0.0968052777280407,0.1145169365617134,/wynton/group/sali/mhancock/xray/sample_bench/out/277_native_5_ref/2/output_970/pdbs/477.pdb,4.2719472441362125,0.1478017756705437,0.205731615935613,970
542,10.090703650727287,0.4128076824950335,0.9132256350184588,4.854097218783023,0.256983711155096,0.3568076334371858,20207.48280557784,0.1856718001164099,0.2523794969548649,0.3552874901290638,/wynton/group/sali/mhancock/xray/sample_bench/out/277_native_5_ref/2/output_252/pdbs/451.pdb,5.236606431944264,0.6431923665628142,0.086774364981541,252
543,9.628511799621005,0.1127338168279423,0.4532389819447639,4.834086467221321,0.2203573550732985,0.6780654075787428,19624.991377081296,0.1613092376306645,0.1588603011184867,0.1877939575767117,/wynton/group/sali/mhancock/xray/sample_bench/out/277_native_5_ref/2/output_974/pdbs/164.pdb,4.794425332399684,0.3219345924212572,0.5467610180552361,974
544,10.032343531005777,0.6566965383900294,0.8977722352187391,4.879299924014514,0.2696231355488179,0.3248590951331401,19871.50039347555,0.1922949836921052,0.2650990888391756,0.3462588518238451,/wynton/group/sali/mhancock/xray/sample_bench/out/277_native_5_ref/2/output_924/pdbs/419.pdb,5.153043606991263,0.6751409048668598,0.1022277647812608,924
545,9.794956394003478,0.2915840173975996,0.6395680816156303,4.887073370411754,0.2124588489996502,0.3956773584268734,23649.82432158173,0.1763713136837142,0.1803121461767646,0.211438826080365,/wynton/group/sali/mhancock/xray/sample_bench/out/277_native_5_ref/2/output_447/pdbs/282.pdb,4.907883023591725,0.6043226415731265,0.3604319183843696,447
546,9.120684774846431,0.1450450906423849,0.3262998334682226,4.482540437586595,0.140347588256234,0.0124771043921064,20175.644026996903,0.116532308191779,0.1319992189791627,0.1647145283963215,/wynton/group/sali/mhancock/xray/sample_bench/out/277_native_5_ref/2/output_300/pdbs/338.pdb,4.6381443372598365,0.9875228956078936,0.6737001665317773,300
547,9.384451050096851,0.1040842581434434,0.5085264151925509,4.672858849721441,0.1790131024302814,0.5921970639646539,13269.083989882687,0.1389039737283595,0.1441707371874392,0.168154084801177,/wynton/group/sali/mhancock/xray/sample_bench/out/277_native_5_ref/2/output_373/pdbs/475.pdb,4.71159220037541,0.4078029360353462,0.491473584807449,373
548,9.686210800950999,0.2143634907523554,0.6975178705310432,4.749820265978026,0.1816809392926891,0.4188353280181983,16888.687730749945,0.1561781516194903,0.1840889155775906,0.204072468716586,/wynton/group/sali/mhancock/xray/sample_bench/out/277_native_5_ref/2/output_167/pdbs/418.pdb,4.936390534972973,0.5811646719818017,0.3024821294689568,167
549,9.481201460544977,0.1585912903680536,0.5259556115479408,4.758229661925872,0.1848605447769404,0.5318921835049063,33714.52766019838,0.1520053798811084,0.1479043107751136,0.1769653320823498,/wynton/group/sali/mhancock/xray/sample_bench/out/277_native_5_ref/2/output_872/pdbs/276.pdb,4.722971798619104,0.4681078164950937,0.4740443884520592,872
550,9.986913476832555,1.1409270533451037,0.7406344806146961,5.069463273879559,0.3507109038723864,0.0912842677192515,20570.005668545517,0.2612571433189434,0.1997472962913515,0.2648030453568015,/wynton/group/sali/mhancock/xray/sample_bench/out/277_native_5_ref/2/output_109/pdbs/492.pdb,4.917450202952996,0.9087157322807484,0.2593655193853039,109
551,9.636004081615242,0.1843369086094678,0.2017655615518944,4.792955670462812,0.1977791505048115,0.4789772835025755,15502.831437317447,0.1618448056143652,0.1639899359577283,0.2004404132514148,/wynton/group/sali/mhancock/xray/sample_bench/out/277_native_5_ref/2/output_664/pdbs/396.pdb,4.843048411152431,0.5210227164974245,0.7982344384481056,664
552,9.633357071776224,0.1686089084757033,0.7087547924007637,4.783457618408764,0.200453476099153,0.4642759510917011,26750.51802379966,0.1567863049924485,0.1661434488055731,0.1974212756279423,/wynton/group/sali/mhancock/xray/sample_bench/out/277_native_5_ref/2/output_357/pdbs/167.pdb,4.8498994533674615,0.5357240489082988,0.2912452075992364,357
553,9.288045911610364,0.1202553789559524,0.5279567866557019,4.664274079883206,0.1847890233493299,0.9550977216846954,24698.572278091386,0.1359446618720563,0.1356453359318993,0.1613031879371189,/wynton/group/sali/mhancock/xray/sample_bench/out/277_native_5_ref/2/output_64/pdbs/472.pdb,4.62377183172716,0.0449022783153046,0.4720432133442981,64
554,9.379584572844397,0.0874357955461756,0.5665074941713821,4.674788497196512,0.182327691396603,0.5562575178499265,12908.568490330535,0.137072444851051,0.1426805313756223,0.1707479463951456,/wynton/group/sali/mhancock/xray/sample_bench/out/277_native_5_ref/2/output_168/pdbs/464.pdb,4.704796075647886,0.4437424821500734,0.4334925058286179,168
555,9.677111192364235,0.1519233579822991,0.4027135740410851,4.921302624110893,0.2592158209593397,0.7212510392388001,20788.611225612352,0.1760326466650922,0.1599855777809969,0.188619202026706,/wynton/group/sali/mhancock/xray/sample_bench/out/277_native_5_ref/2/output_391/pdbs/359.pdb,4.755808568253342,0.2787489607611998,0.5972864259589149,391
556,8.99940264753198,0.0841602363606995,0.7710705786990288,4.547723372052782,0.1551199848185065,0.7676926720844698,9544.83154974773,0.1229816708864073,0.1150778765457876,0.1350058644188168,/wynton/group/sali/mhancock/xray/sample_bench/out/277_native_5_ref/2/output_77/pdbs/484.pdb,4.451679275479199,0.2323073279155303,0.2289294213009712,77
557,9.694868443952753,0.1638942797948808,0.6358671767691514,4.820189287243461,0.2444108307121516,0.4440302142794842,22842.388971271303,0.1600326440161348,0.1717013585443064,0.211160327772458,/wynton/group/sali/mhancock/xray/sample_bench/out/277_native_5_ref/2/output_690/pdbs/370.pdb,4.874679156709293,0.5559697857205158,0.3641328232308485,690
558,9.446493799350248,0.1533220035774726,0.0434825080445093,4.689726842869628,0.1791785868817696,0.4317249241373373,16047.593479157404,0.142676903138355,0.1479687927731439,0.1929724689459649,/wynton/group/sali/mhancock/xray/sample_bench/out/277_native_5_ref/2/output_697/pdbs/182.pdb,4.756766956480621,0.5682750758626627,0.9565174919554906,697
559,9.234417364379325,0.091468224380524,0.0464806561688913,4.648688959504372,0.1641900449012448,0.0145626529996985,18123.69129017919,0.1303373835422688,0.1221716982815987,0.1532447204276242,/wynton/group/sali/mhancock/xray/sample_bench/out/277_native_5_ref/2/output_416/pdbs/484.pdb,4.585728404874954,0.9854373470003014,0.9535193438311088,416
560,9.589337803495386,0.104117802679434,0.4131793907489384,4.792903175585452,0.2172087526690905,0.4398678844507097,19149.229142908465,0.1538937874421964,0.1579336070373603,0.1898481958124731,/wynton/group/sali/mhancock/xray/sample_bench/out/277_native_5_ref/2/output_154/pdbs/402.pdb,4.796434627909935,0.5601321155492903,0.5868206092510616,154
561,9.643641793575014,0.2044180566564326,0.5520964681263294,4.838362974266315,0.2130012740440086,0.4606719838578598,12840.603058445342,0.1619896626522232,0.1587222236968081,0.190242665735279,/wynton/group/sali/mhancock/xray/sample_bench/out/277_native_5_ref/2/output_658/pdbs/211.pdb,4.8052788193087,0.5393280161421403,0.4479035318736706,658
562,9.251511293169964,0.1346068220911722,0.4207372663932824,4.601707269168644,0.1603313519120442,0.3265574303954193,31481.993495700204,0.126849234924939,0.133734390974954,0.1663800499856621,/wynton/group/sali/mhancock/xray/sample_bench/out/277_native_5_ref/2/output_867/pdbs/365.pdb,4.64980402400132,0.6734425696045807,0.5792627336067175,867
563,9.314087884570538,0.2504892618406034,0.3126368843567282,4.5767565749594725,0.1912477793168588,0.3454686711634248,14885.87333179086,0.1233472264221398,0.1430611364984671,0.1815018992019916,/wynton/group/sali/mhancock/xray/sample_bench/out/277_native_5_ref/2/output_523/pdbs/490.pdb,4.737331309611066,0.6545313288365752,0.6873631156432718,523
564,9.670856269153663,0.2145114463537855,0.65012518993604,4.740660249575831,0.1851028291000335,0.4316543227531234,24287.0891861349,0.1553666829934974,0.184332447086601,0.2136314269330937,/wynton/group/sali/mhancock/xray/sample_bench/out/277_native_5_ref/2/output_246/pdbs/442.pdb,4.930196019577831,0.5683456772468767,0.3498748100639601,246
565,9.433795257894804,0.1281645758332667,0.607985084662365,4.685534269173655,0.1767528770900698,0.622323706478688,18652.17658610888,0.1438265739366155,0.1498167669447355,0.174117679983942,/wynton/group/sali/mhancock/xray/sample_bench/out/277_native_5_ref/2/output_221/pdbs/362.pdb,4.74826098872115,0.3776762935213121,0.392014915337635,221
566,10.081856163951478,0.3724677357868873,0.9337724011088814,4.938892352139907,0.2822581429735138,0.3531242750674405,22037.7470267624,0.1910141477362667,0.2318457960074194,0.2856177648856416,/wynton/group/sali/mhancock/xray/sample_bench/out/277_native_5_ref/2/output_220/pdbs/316.pdb,5.142963811811571,0.6468757249325595,0.0662275988911186,220
567,9.585579944365767,0.1370890512544595,0.5279892188234736,4.840693870527306,0.1962785599685325,0.2841079924975149,15243.644712033753,0.1640224989715416,0.1545314326305307,0.1792160635145993,/wynton/group/sali/mhancock/xray/sample_bench/out/277_native_5_ref/2/output_128/pdbs/362.pdb,4.744886073838461,0.715892007502485,0.4720107811765264,128
568,9.82980372487258,0.1891114969733641,0.8573941249492533,4.817752739069048,0.209370637517455,0.4190014663514428,21033.751994356848,0.1708600614092707,0.1991722489486294,0.2328500319897787,/wynton/group/sali/mhancock/xray/sample_bench/out/277_native_5_ref/2/output_324/pdbs/405.pdb,5.0120509858035325,0.5809985336485571,0.1426058750507467,324
569,9.667077126486797,0.2048857691159055,0.471199313213756,4.817214863399416,0.1961272510278581,0.6049571822278901,23161.240731879345,0.1611881434655886,0.1669201415657349,0.2044313327646512,/wynton/group/sali/mhancock/xray/sample_bench/out/277_native_5_ref/2/output_332/pdbs/429.pdb,4.849862263087381,0.3950428177721098,0.5288006867862439,332
570,10.024334103953002,0.7884707611715543,0.7264442485372222,5.111797472311256,0.3425498087554,0.1192241425635048,20183.664171387594,0.266046060245524,0.193331351216375,0.2569557317868762,/wynton/group/sali/mhancock/xray/sample_bench/out/277_native_5_ref/2/output_347/pdbs/458.pdb,4.912536631641747,0.8807758574364951,0.2735557514627777,347
571,9.621342653831235,0.1403888016373095,0.8581188922032252,4.757883722973335,0.2028604154381873,0.5135574152950552,13730.117046691545,0.1559247199433208,0.1692924879876555,0.2048811438913975,/wynton/group/sali/mhancock/xray/sample_bench/out/277_native_5_ref/2/output_876/pdbs/223.pdb,4.863458930857899,0.4864425847049448,0.1418811077967747,876
572,8.732063941272942,0.1202879509325257,0.1933944958317336,4.3519895822740615,0.1238649251647724,0.2807788721407881,18451.80165532845,0.0969389382538897,0.0988821812573461,0.1196081041023255,/wynton/group/sali/mhancock/xray/sample_bench/out/277_native_5_ref/2/output_819/pdbs/476.pdb,4.380074358998881,0.7192211278592118,0.8066055041682664,819
573,10.055476402008189,0.4280920373597663,0.8745348225004762,4.894779028567867,0.2608945753436741,0.387764308049871,22147.84400053268,0.1836514678601458,0.2355363727808299,0.2871473845248449,/wynton/group/sali/mhancock/xray/sample_bench/out/277_native_5_ref/2/output_653/pdbs/460.pdb,5.160697373440323,0.6122356919501291,0.1254651774995238,653
574,10.125171620624144,0.540582321040614,0.0789224230563628,4.93049161327337,0.2733375444760405,0.6746425227989079,28007.18853581422,0.1930150988242863,0.2671641964076976,0.351036908995319,/wynton/group/sali/mhancock/xray/sample_bench/out/277_native_5_ref/2/output_868/pdbs/340.pdb,5.194680007350775,0.325357477201092,0.9210775769436372,868
575,9.636422817604345,0.1435769541533749,0.4335082277502503,4.850134122162929,0.1997187356171169,0.6221868469593816,15755.537691867976,0.16922444906456,0.1608841747076664,0.1851164800819187,/wynton/group/sali/mhancock/xray/sample_bench/out/277_native_5_ref/2/output_66/pdbs/371.pdb,4.786288695441415,0.3778131530406183,0.5664917722497498,66
576,9.369795982144417,0.0967450595528018,0.0229966225669096,4.8087252985772215,0.2108091500917776,0.3965447580064734,15116.107043219496,0.1591995041561729,0.1285660626748625,0.154319195839336,/wynton/group/sali/mhancock/xray/sample_bench/out/277_native_5_ref/2/output_237/pdbs/464.pdb,4.561070683567197,0.6034552419935265,0.9770033774330904,237
577,9.967108259891074,0.8637547678652168,0.1465427142562976,5.046331168623269,0.3317706402832848,0.9976412735856784,22314.429056248387,0.2419129446145127,0.2009133954771709,0.258410885124359,/wynton/group/sali/mhancock/xray/sample_bench/out/277_native_5_ref/2/output_816/pdbs/359.pdb,4.920777091267805,0.0023587264143216,0.8534572857437024,816
578,9.16821182143082,0.1590671206479395,0.6497454208985958,4.545802239146922,0.1722697441044214,0.8495142528440324,20823.9370865326,0.1230301552944525,0.1311087461027955,0.1669166898187231,/wynton/group/sali/mhancock/xray/sample_bench/out/277_native_5_ref/2/output_124/pdbs/479.pdb,4.622409582283899,0.1504857471559676,0.3502545791014042,124
579,9.246574364964328,0.1214450481480112,0.5996748402645694,4.589181982060987,0.1599024131622667,0.8150340190660663,19261.65557229261,0.1289036956007065,0.1374748593395116,0.1655131591564464,/wynton/group/sali/mhancock/xray/sample_bench/out/277_native_5_ref/2/output_921/pdbs/257.pdb,4.65739238290334,0.1849659809339336,0.4003251597354306,921
580,9.507439920675019,0.1263755393862166,0.3127824911402974,4.686754309266165,0.1769107377934407,0.4798716568249711,34109.94863119906,0.1417647779311727,0.1602986895732946,0.1908305124027027,/wynton/group/sali/mhancock/xray/sample_bench/out/277_native_5_ref/2/output_431/pdbs/421.pdb,4.820685611408854,0.5201283431750289,0.6872175088597026,431
581,9.655378065059406,0.1760301709582775,0.4006477378053633,4.803752593233971,0.2321274380502873,0.5517473624914159,17616.868900136385,0.1593616835491839,0.1689032914160366,0.1966742088717372,/wynton/group/sali/mhancock/xray/sample_bench/out/277_native_5_ref/2/output_476/pdbs/369.pdb,4.851625471825435,0.4482526375085841,0.5993522621946367,476
582,9.430010762105667,0.1864884347722741,0.5056033368553915,4.812540907609175,0.2124032694741083,0.7662987733637938,14160.24846827938,0.1591731516527303,0.1357645373584245,0.1715695679987956,/wynton/group/sali/mhancock/xray/sample_bench/out/277_native_5_ref/2/output_948/pdbs/468.pdb,4.617469854496492,0.2337012266362062,0.4943966631446084,948
583,9.366950481425977,0.1443969627788299,0.6235705611670112,4.583834260425449,0.1768257826654161,0.5575046760734724,14550.254181596078,0.1281890263555949,0.1531652130840561,0.1875788071545533,/wynton/group/sali/mhancock/xray/sample_bench/out/277_native_5_ref/2/output_78/pdbs/361.pdb,4.78311622100053,0.4424953239265276,0.3764294388329888,78
584,10.026172280606875,0.283610950735826,0.8213217576770878,4.928314915325887,0.2404012955949688,0.3382360149757054,22762.4115365726,0.1904938079589083,0.2177657328527409,0.2687230395176642,/wynton/group/sali/mhancock/xray/sample_bench/out/277_native_5_ref/2/output_898/pdbs/233.pdb,5.097857365280989,0.6617639850242947,0.1786782423229122,898
585,10.082479341807467,0.8256845897037934,0.2550137859371302,5.1223898847608975,0.4347172965916434,0.8260738534578498,29465.87888878106,0.2497431504929327,0.216076540882364,0.2911264076685134,/wynton/group/sali/mhancock/xray/sample_bench/out/277_native_5_ref/2/output_428/pdbs/330.pdb,4.9600894570465694,0.1739261465421501,0.7449862140628697,428
586,9.990384693009261,1.0729659519682964,0.7505515472152211,5.070772689634077,0.341588666416502,0.0469583617112893,31912.5531826268,0.2675260394531809,0.1964378788038841,0.2658856242839433,/wynton/group/sali/mhancock/xray/sample_bench/out/277_native_5_ref/2/output_840/pdbs/484.pdb,4.919612003375184,0.9530416382887106,0.2494484527847789,840
587,9.916419077259233,0.2628383743105336,0.2348058931648738,4.901493778590206,0.2143467974873037,0.644464996217423,21436.52063151057,0.1839332396149029,0.1983250288435866,0.2274893344528623,/wynton/group/sali/mhancock/xray/sample_bench/out/277_native_5_ref/2/output_615/pdbs/160.pdb,5.014925298669027,0.355535003782577,0.7651941068351262,615
588,9.921105677265567,0.2475115233915414,0.1055347848512212,4.823805629124271,0.2141932784657427,0.598047030659946,20074.00606033952,0.1727571669908889,0.2138739238748352,0.2533578755628287,/wynton/group/sali/mhancock/xray/sample_bench/out/277_native_5_ref/2/output_426/pdbs/292.pdb,5.097300048141296,0.4019529693400539,0.8944652151487787,426
589,9.888004484069551,0.3524123967694381,0.4087000575681507,5.039350449786406,0.2390739879223898,0.838487339579476,16475.642191552735,0.2068496056968321,0.1762387842638622,0.2050675541317327,/wynton/group/sali/mhancock/xray/sample_bench/out/277_native_5_ref/2/output_710/pdbs/88.pdb,4.848654034283146,0.1615126604205239,0.5912999424318492,710
590,10.009519181310187,0.4018418778410377,0.320402437355729,5.072077999527108,0.2588933817487759,0.7589253215791775,21666.59880942749,0.2172327054599143,0.1892040208717536,0.2295751705769907,/wynton/group/sali/mhancock/xray/sample_bench/out/277_native_5_ref/2/output_997/pdbs/307.pdb,4.937441181783079,0.2410746784208225,0.679597562644271,997
591,9.921181382538258,1.0580672399206692,0.836760287643445,4.989382093007054,0.3164339545530579,0.119920833893687,25503.6438994885,0.2298022563837501,0.20822712687033,0.2825480997086768,/wynton/group/sali/mhancock/xray/sample_bench/out/277_native_5_ref/2/output_685/pdbs/381.pdb,4.931799289531205,0.880079166106313,0.1632397123565549,685
592,9.645143986903689,0.2214071724051535,0.6977732699767808,4.754468445294928,0.1944615537797527,0.457837880216242,18546.228152434564,0.1592994825564519,0.1760111122543963,0.2023359615226667,/wynton/group/sali/mhancock/xray/sample_bench/out/277_native_5_ref/2/output_793/pdbs/497.pdb,4.89067554160876,0.542162119783758,0.3022267300232192,793
593,9.58550903078801,0.2476142695055573,0.4840785022540379,4.831712428330783,0.1860158390375396,0.6000883418563046,15921.86931519994,0.1632903921403045,0.151821179219802,0.1729429968546487,/wynton/group/sali/mhancock/xray/sample_bench/out/277_native_5_ref/2/output_405/pdbs/384.pdb,4.753796602457227,0.3999116581436954,0.5159214977459621,405
594,9.203421651412407,0.160973620396164,0.7941015138615123,4.55079436138163,0.160878021885763,0.927759032272756,17779.797399764782,0.1250393045877028,0.1354007989718675,0.1669676453780513,/wynton/group/sali/mhancock/xray/sample_bench/out/277_native_5_ref/2/output_376/pdbs/378.pdb,4.652627290030777,0.072240967727244,0.2058984861384876,376
595,9.462768840757175,0.176028256182441,0.5229103939828109,4.745888033846844,0.2021124744485566,0.8373273177552482,15412.761668006056,0.1484110334444594,0.1506826787718399,0.1825391947465711,/wynton/group/sali/mhancock/xray/sample_bench/out/277_native_5_ref/2/output_323/pdbs/214.pdb,4.716880806910331,0.1626726822447518,0.4770896060171891,323
596,8.91439598172869,0.1621357510024644,0.1319724202399336,4.402830318357446,0.1257877041959742,0.1655930354877092,18705.654661063232,0.1069672186386506,0.1126902138781559,0.1412095274191908,/wynton/group/sali/mhancock/xray/sample_bench/out/277_native_5_ref/2/output_565/pdbs/432.pdb,4.511565663371244,0.8344069645122908,0.8680275797600664,565
597,9.415935778770777,0.1645065040118084,0.4652409141225254,4.756390365060783,0.2109717429373478,0.2401394677718865,32013.67933195586,0.1461422719871154,0.1390741317506378,0.1805416876635839,/wynton/group/sali/mhancock/xray/sample_bench/out/277_native_5_ref/2/output_879/pdbs/409.pdb,4.659545413709993,0.7598605322281134,0.5347590858774746,879
598,9.389352331522211,0.1800435940976871,0.5925826619217986,4.643035010497052,0.1780535591532584,0.5322689902760608,33459.18147905165,0.1317642249351705,0.1445822769894286,0.1810609149595513,/wynton/group/sali/mhancock/xray/sample_bench/out/277_native_5_ref/2/output_69/pdbs/299.pdb,4.746317321025159,0.4677310097239393,0.4074173380782013,69
599,9.026512610539655,0.1494514512911694,0.3421283966548342,4.4603385011923855,0.1439539889094793,0.1710372102215417,17659.08791831693,0.1118202948545766,0.1234303331027009,0.1499185158838857,/wynton/group/sali/mhancock/xray/sample_bench/out/277_native_5_ref/2/output_170/pdbs/433.pdb,4.566174109347269,0.8289627897784583,0.6578716033451658,170
600,9.277925597899785,0.1057581667821048,0.6284216853634266,4.534073794352708,0.1590061118875653,0.9790245006528306,26498.873553383408,0.1219878667110404,0.1465899144835719,0.1833824321145199,/wynton/group/sali/mhancock/xray/sample_bench/out/277_native_5_ref/2/output_731/pdbs/380.pdb,4.743851803547076,0.0209754993471693,0.3715783146365734,731
601,9.748808758433324,0.1981708177077208,0.9444165279594654,4.765489861997584,0.1954814400477389,0.4514658658165946,16705.391858309256,0.1663530746652857,0.1880179184501652,0.2542937906158487,/wynton/group/sali/mhancock/xray/sample_bench/out/277_native_5_ref/2/output_770/pdbs/320.pdb,4.98331889643574,0.5485341341834055,0.0555834720405345,770
602,10.048190115244019,0.7195996255355832,0.7193076571143839,5.148651424727254,0.4240289012919382,0.1316339484081514,22784.642279168387,0.2579099370682304,0.1927210255416534,0.2636266387441557,/wynton/group/sali/mhancock/xray/sample_bench/out/277_native_5_ref/2/output_675/pdbs/245.pdb,4.899538690516764,0.8683660515918485,0.2806923428856161,675
603,9.674064077263697,0.2024378195420171,0.5446521923592879,4.919238438057436,0.2198774568380127,0.0262257365958315,16111.026559651556,0.1833713270043878,0.1670917788242865,0.1943207419183064,/wynton/group/sali/mhancock/xray/sample_bench/out/277_native_5_ref/2/output_927/pdbs/200.pdb,4.754825639206262,0.9737742634041684,0.4553478076407121,927
604,8.862446502160832,0.1004950089809123,0.0581620832915103,4.473993618596047,0.1568019807233674,0.2556151320118267,15144.355291831258,0.1062304244335323,0.0974637086055857,0.1259704864145706,/wynton/group/sali/mhancock/xray/sample_bench/out/277_native_5_ref/2/output_244/pdbs/388.pdb,4.388452883564785,0.7443848679881733,0.9418379167084896,244
605,10.111592620461899,0.7993738725814297,0.8831658878776618,4.913213318589928,0.2750628090145864,0.3111682777001933,20135.50482437269,0.1919882526771259,0.2837555441244221,0.4126718472900874,/wynton/group/sali/mhancock/xray/sample_bench/out/277_native_5_ref/2/output_633/pdbs/370.pdb,5.19837930187197,0.6888317222998067,0.1168341121223381,633
606,10.100288734900577,0.2174112986941863,0.7342666413793151,5.041333166940642,0.2593979375431728,0.2972360660997591,21320.148072993597,0.1924347457964159,0.1938626600361577,0.2590891136255472,/wynton/group/sali/mhancock/xray/sample_bench/out/277_native_5_ref/2/output_200/pdbs/10.pdb,5.058955567959936,0.7027639339002408,0.2657333586206849,200
607,9.876303622644095,0.2815577036732273,0.6929342930838895,4.913529755444669,0.2141220302982809,0.3549628437832046,20253.652673157023,0.1805947845902351,0.1871623382753668,0.2190010603890624,/wynton/group/sali/mhancock/xray/sample_bench/out/277_native_5_ref/2/output_375/pdbs/106.pdb,4.962773867199426,0.6450371562167954,0.3070657069161104,375
608,9.417574187096179,0.1294541638002405,0.4873775699772528,4.774804918830105,0.1928370141752575,0.7175766667230714,15869.710379479176,0.1539336843682921,0.1387080243764246,0.1734220277393482,/wynton/group/sali/mhancock/xray/sample_bench/out/277_native_5_ref/2/output_935/pdbs/368.pdb,4.642769268266074,0.2824233332769286,0.5126224300227472,935
609,9.438897790837675,0.2377741758131325,0.6240038848176818,4.616458230403904,0.1963932832554654,0.5834462167018308,15122.454944106858,0.1324922352761725,0.1586890344058851,0.2149224787651892,/wynton/group/sali/mhancock/xray/sample_bench/out/277_native_5_ref/2/output_705/pdbs/450.pdb,4.822439560433771,0.4165537832981691,0.3759961151823182,705
610,10.116899299545858,0.7906392406659353,0.8535842742819324,4.968207823511806,0.2876349122074005,0.3104131078930164,20653.48217479044,0.1970665474061273,0.2720774751587941,0.3597722073230577,/wynton/group/sali/mhancock/xray/sample_bench/out/277_native_5_ref/2/output_698/pdbs/462.pdb,5.1486914760340525,0.6895868921069837,0.1464157257180676,698
611,9.70438507386313,0.2995535379789081,0.448818149765618,4.839682908468587,0.2490031924457108,0.5418195319582914,17034.1723014105,0.1596439339795352,0.1648823728970494,0.2254682938828029,/wynton/group/sali/mhancock/xray/sample_bench/out/277_native_5_ref/2/output_1/pdbs/412.pdb,4.864702165394543,0.4581804680417086,0.551181850234382,1
612,9.47938002626529,0.1468522266176596,0.4571216884169843,4.755802186760781,0.1804559941128891,0.4756573806650458,23699.91569606372,0.1492799359680578,0.1476297138705631,0.1764451537975917,/wynton/group/sali/mhancock/xray/sample_bench/out/277_native_5_ref/2/output_585/pdbs/318.pdb,4.723577839504509,0.5243426193349541,0.5428783115830157,585
613,9.928720784611057,1.062007479653417,0.7809630388427831,5.045643571093505,0.3408155865522375,0.1351998688903949,23202.286220055303,0.2440535047107543,0.2038877251900631,0.277967051106616,/wynton/group/sali/mhancock/xray/sample_bench/out/277_native_5_ref/2/output_925/pdbs/321.pdb,4.883077213517552,0.8648001311096051,0.2190369611572169,925
614,9.388498076468526,0.2541768746620018,0.6591685602625776,4.624046330377333,0.1676783556990636,0.5284900077463939,13506.789693177445,0.1333830181414148,0.1494658703245767,0.1826959404633571,/wynton/group/sali/mhancock/xray/sample_bench/out/277_native_5_ref/2/output_440/pdbs/439.pdb,4.764451746091193,0.471509992253606,0.3408314397374224,440
615,8.990326789581129,0.0903235107378677,0.6497982252085365,4.371799646389963,0.1336351905109741,0.919569410782524,19929.886992637006,0.1048284173086892,0.1257723129885192,0.1617268272082655,/wynton/group/sali/mhancock/xray/sample_bench/out/277_native_5_ref/2/output_411/pdbs/448.pdb,4.618527143191167,0.080430589217476,0.3502017747914635,411
616,9.64542220172407,0.1066849314124448,0.4625173810530627,4.906231197474618,0.2431984647881953,0.63848905336999,18998.757030976587,0.1736406934017989,0.1548440461540307,0.1778387643963022,/wynton/group/sali/mhancock/xray/sample_bench/out/277_native_5_ref/2/output_695/pdbs/135.pdb,4.739191004249453,0.36151094663001,0.5374826189469373,695
617,9.20403687440266,0.2270893095984053,0.2585113563675669,4.546598255811031,0.1533022305551195,0.2865168002215291,21136.042805681624,0.1258317841529427,0.1355271137213594,0.1674973600683541,/wynton/group/sali/mhancock/xray/sample_bench/out/277_native_5_ref/2/output_919/pdbs/407.pdb,4.657438618591629,0.7134831997784709,0.741488643632433,919
618,9.70937386337468,0.2288511554240363,0.4432124211509898,4.933933439678669,0.2398749218044125,0.8184133440911434,21387.44377468261,0.1805574052332176,0.1626166793210105,0.1964182879417414,/wynton/group/sali/mhancock/xray/sample_bench/out/277_native_5_ref/2/output_947/pdbs/286.pdb,4.775440423696011,0.1815866559088566,0.5567875788490102,947
619,8.950369633749514,0.1814266534083394,0.7436055372529644,4.458165546637893,0.1369703124376039,0.8012802566390985,13751.511104117846,0.1135506750137389,0.1166670504045213,0.1390525558778815,/wynton/group/sali/mhancock/xray/sample_bench/out/277_native_5_ref/2/output_57/pdbs/294.pdb,4.492204087111621,0.1987197433609014,0.2563944627470355,57
620,9.606833971877549,0.2575751190476744,0.6185065879625512,4.788031031257382,0.1870172565690642,0.4840882540345462,23443.85116352473,0.1559315191882815,0.158081136960882,0.1930161071157716,/wynton/group/sali/mhancock/xray/sample_bench/out/277_native_5_ref/2/output_552/pdbs/333.pdb,4.818802940620167,0.5159117459654539,0.3814934120374488,552
621,9.683388332877128,0.2204978461249371,0.6280587155125875,4.802066883845357,0.2337412297106862,0.4930286018393325,16987.499313431563,0.1559486303658809,0.1666583938125058,0.2254366657487014,/wynton/group/sali/mhancock/xray/sample_bench/out/277_native_5_ref/2/output_420/pdbs/484.pdb,4.881321449031771,0.5069713981606676,0.3719412844874125,420
622,9.50421663295457,0.2215809973239216,0.5108051951717805,4.834296244559743,0.1945308106872503,0.142381148454488,17597.328462975605,0.164702328653569,0.1444502844440505,0.1744769924221623,/wynton/group/sali/mhancock/xray/sample_bench/out/277_native_5_ref/2/output_240/pdbs/289.pdb,4.669920388394828,0.857618851545512,0.4891948048282195,240
623,9.223573392106601,0.0904215885902902,0.1165179713522227,4.616603828736535,0.1897592246710258,0.4070833319031243,21547.439086937207,0.1292132079304312,0.1266020421991336,0.1556525049080893,/wynton/group/sali/mhancock/xray/sample_bench/out/277_native_5_ref/2/output_454/pdbs/360.pdb,4.606969563370066,0.5929166680968757,0.8834820286477774,454
624,10.05119573458067,1.0255888755131886,0.1018928363092736,4.892742290283274,0.274787002427796,0.7051281788057093,23421.82270009403,0.1911172525965547,0.2776679177595363,0.4051542776363461,/wynton/group/sali/mhancock/xray/sample_bench/out/277_native_5_ref/2/output_972/pdbs/455.pdb,5.158453444297396,0.2948718211942907,0.8981071636907264,972
625,9.535950791605782,0.3403480528248459,0.5034365361562638,4.84303303240797,0.188768912710267,0.7115381431068124,13827.769907159,0.1677989232947484,0.149675282262535,0.1759662954923104,/wynton/group/sali/mhancock/xray/sample_bench/out/277_native_5_ref/2/output_809/pdbs/373.pdb,4.692917759197813,0.2884618568931876,0.4965634638437362,809
626,9.495474036094802,0.2023824616306736,0.2254034877901853,4.723821032793886,0.199641730550226,0.447048714867469,19738.59714649441,0.1489896328923884,0.154207618497855,0.1853103809405132,/wynton/group/sali/mhancock/xray/sample_bench/out/277_native_5_ref/2/output_723/pdbs/493.pdb,4.771653003300915,0.552951285132531,0.7745965122098146,723
627,9.485151022080675,0.1230183599278303,0.4921964129554969,4.730598898346438,0.1836933278527973,0.4354432150465992,15951.711760102084,0.1492523432038449,0.153187345428581,0.1767311775499526,/wynton/group/sali/mhancock/xray/sample_bench/out/277_native_5_ref/2/output_980/pdbs/378.pdb,4.754552123734238,0.5645567849534009,0.5078035870445031,980
628,9.358792180892607,0.1277068015660469,0.945082631241876,4.737524356312924,0.1923084778778155,0.6530295919454624,15441.18437498034,0.144157972824613,0.1287108531080865,0.1620351592266924,/wynton/group/sali/mhancock/xray/sample_bench/out/277_native_5_ref/2/output_83/pdbs/458.pdb,4.621267824579684,0.3469704080545376,0.0549173687581239,83
629,9.795720378401963,0.2068779690057161,0.421927900813332,5.029170365570846,0.2362398069361717,0.9441686513211064,15373.957414621593,0.2059632808769834,0.172116967287817,0.2248542493568836,/wynton/group/sali/mhancock/xray/sample_bench/out/277_native_5_ref/2/output_117/pdbs/416.pdb,4.766550012831116,0.0558313486788937,0.578072099186668,117
630,10.051653207300829,0.7428386376178828,0.6995723942949521,5.133282465308819,0.3632793537227397,0.0357308129540388,19432.61632435509,0.270769189565506,0.1976205684491133,0.2620862968908387,/wynton/group/sali/mhancock/xray/sample_bench/out/277_native_5_ref/2/output_483/pdbs/318.pdb,4.9183707419920095,0.9642691870459612,0.3004276057050479,483
631,9.643014081023733,0.1444140048050049,0.3130791908558124,4.759705184348881,0.1887715285366475,0.5796094425451007,17154.360055417652,0.1552832027067758,0.1714233348845347,0.1941421432211094,/wynton/group/sali/mhancock/xray/sample_bench/out/277_native_5_ref/2/output_574/pdbs/302.pdb,4.883308896674851,0.4203905574548992,0.6869208091441876,574
632,9.7928707252456,0.3081483185022045,0.5828393097552448,4.913082975713909,0.2194230154429395,0.2960005217175452,17109.36017949351,0.1818851996974056,0.1777599104668598,0.2074306982965764,/wynton/group/sali/mhancock/xray/sample_bench/out/277_native_5_ref/2/output_601/pdbs/380.pdb,4.8797877495316895,0.7039994782824548,0.4171606902447552,601
633,9.764729407329312,0.194985616123348,0.1287717391157075,4.800699611225518,0.1961428068396126,0.5197692143849327,18873.14592830607,0.1691736360071831,0.1866637580647138,0.2176105100885192,/wynton/group/sali/mhancock/xray/sample_bench/out/277_native_5_ref/2/output_127/pdbs/262.pdb,4.964029796103795,0.4802307856150672,0.8712282608842925,127
634,9.592696417393514,0.1431260851469246,0.5471729718970898,4.793883574594686,0.1852684953469803,0.3069823020074977,16490.19707380601,0.1600315366035411,0.1623839436737739,0.1880473403288136,/wynton/group/sali/mhancock/xray/sample_bench/out/277_native_5_ref/2/output_412/pdbs/497.pdb,4.798812842798828,0.6930176979925022,0.4528270281029102,412
635,9.482384968616504,0.1741320913045187,0.5284062038638836,4.784489343558083,0.1914874692837266,0.452012680105281,22370.40717986776,0.1540058684702154,0.1426419196108668,0.1662944073762101,/wynton/group/sali/mhancock/xray/sample_bench/out/277_native_5_ref/2/output_346/pdbs/400.pdb,4.697895625058422,0.547987319894719,0.4715937961361163,346
636,9.140515861995226,0.2175907195253152,0.3404266697796349,4.544691811137517,0.1685168334921083,0.2955078512190123,24283.82331481917,0.1143011760262074,0.1248077247669882,0.1617025247290784,/wynton/group/sali/mhancock/xray/sample_bench/out/277_native_5_ref/2/output_726/pdbs/472.pdb,4.595824050857709,0.7044921487809876,0.6595733302203651,726
637,9.047126574111395,0.123252385152264,0.7359940064214617,4.470455079032612,0.1533508141396239,0.8206693147496027,14117.557235392236,0.1140604776568108,0.1230110201074198,0.1533344185213379,/wynton/group/sali/mhancock/xray/sample_bench/out/277_native_5_ref/2/output_111/pdbs/484.pdb,4.576671495078784,0.1793306852503973,0.2640059935785382,111
638,9.608450849475624,0.1459631521430211,0.5428897679433704,4.860312643717021,0.2383901883682926,0.3240591377562505,33099.238097951915,0.1646418694076364,0.1496088284692219,0.2020034129515803,/wynton/group/sali/mhancock/xray/sample_bench/out/277_native_5_ref/2/output_642/pdbs/480.pdb,4.748138205758602,0.6759408622437494,0.4571102320566296,642
639,9.57095052383099,0.1703957419617466,0.3643778043951255,4.747909564029196,0.2158464063320692,0.493386027538533,16342.445702390944,0.1471752940826941,0.1605446789036251,0.2016086143854142,/wynton/group/sali/mhancock/xray/sample_bench/out/277_native_5_ref/2/output_963/pdbs/288.pdb,4.823040959801794,0.5066139724614671,0.6356221956048745,963
640,9.44069662622672,0.0919989026398868,0.494359871355177,4.787327313838204,0.1959970314030662,0.6547645590937142,14385.874430610538,0.1549122448269441,0.1393228104748764,0.1708550339934827,/wynton/group/sali/mhancock/xray/sample_bench/out/277_native_5_ref/2/output_761/pdbs/498.pdb,4.653369312388516,0.3452354409062858,0.505640128644823,761
641,9.57197565256931,0.168392324833936,0.494764554361126,4.766716905951024,0.1830767374461118,0.5240741171194432,16471.144660756447,0.1536181503924115,0.1582705983724747,0.1808706490685636,/wynton/group/sali/mhancock/xray/sample_bench/out/277_native_5_ref/2/output_261/pdbs/438.pdb,4.805258746618286,0.4759258828805568,0.505235445638874,261
642,9.175123234259503,0.2668002287441174,0.823821269362821,4.559976778769864,0.1480203049170856,0.7580125244728906,12770.441644894874,0.1256585941920368,0.1275406841277459,0.1607154712385054,/wynton/group/sali/mhancock/xray/sample_bench/out/277_native_5_ref/2/output_624/pdbs/260.pdb,4.615146455489639,0.2419874755271093,0.176178730637179,624
643,9.473276815526642,0.1425997440149674,0.4943825360580988,4.808571088838749,0.1951283855604521,0.7993399459271124,18619.443454677097,0.1607943053034869,0.1457354684068413,0.167232914376769,/wynton/group/sali/mhancock/xray/sample_bench/out/277_native_5_ref/2/output_248/pdbs/402.pdb,4.664705726687892,0.2006600540728876,0.5056174639419011,248
644,9.762430538020805,0.3414639437958081,0.3937703667171479,4.927345073720289,0.2309046472204102,0.6441653125544144,15860.543243561096,0.179102497346394,0.1688343609378211,0.2065938411966908,/wynton/group/sali/mhancock/xray/sample_bench/out/277_native_5_ref/2/output_693/pdbs/282.pdb,4.835085464300516,0.3558346874455855,0.6062296332828521,693
645,9.524432451521871,0.1120112884810477,0.4779784194135997,4.789914623026343,0.1931601207135993,0.5222396388651159,15957.52306274263,0.1553819696288463,0.1477444097933015,0.1759495247381621,/wynton/group/sali/mhancock/xray/sample_bench/out/277_native_5_ref/2/output_361/pdbs/234.pdb,4.734517828495528,0.477760361134884,0.5220215805864002,361
646,10.051840282974382,0.3227853761130124,0.5925305413242985,5.159272470967887,0.3084723527956767,0.0226370196255885,23650.272763770205,0.2359874911704367,0.1913964969260077,0.2485400172998356,/wynton/group/sali/mhancock/xray/sample_bench/out/277_native_5_ref/2/output_891/pdbs/433.pdb,4.892567812006494,0.9773629803744114,0.4074694586757015,891
647,9.396040743440354,0.1510722880359871,0.2112380744991691,4.623897581007612,0.1753392845217446,0.4658098480416164,26221.41340892237,0.1326250895791909,0.1489177982419158,0.1866429515787005,/wynton/group/sali/mhancock/xray/sample_bench/out/277_native_5_ref/2/output_102/pdbs/445.pdb,4.772143162432742,0.5341901519583836,0.7887619255008309,102
648,10.058409966180456,0.6581029282464952,0.3181516587870002,5.175238921243085,0.4230887306151524,0.852736730082369,23743.041131594564,0.2538705133803738,0.182762219874679,0.2572173118544961,/wynton/group/sali/mhancock/xray/sample_bench/out/277_native_5_ref/2/output_827/pdbs/356.pdb,4.88317104493737,0.1472632699176309,0.6818483412129998,827
649,9.735032274266601,0.2120040933876488,0.6019202357813875,4.872251538304097,0.2002377761039952,0.3952083707414919,24071.39745634957,0.1735544285245845,0.1690575167705122,0.2007001374782998,/wynton/group/sali/mhancock/xray/sample_bench/out/277_native_5_ref/2/output_360/pdbs/450.pdb,4.862780735962505,0.6047916292585082,0.3980797642186125,360
650,9.967809587593367,0.4194367424677106,0.7569164085644409,4.942557745145881,0.2377352034967628,0.336030012841548,19601.734558089585,0.1873477763454933,0.2015677401287186,0.2570008733032021,/wynton/group/sali/mhancock/xray/sample_bench/out/277_native_5_ref/2/output_3/pdbs/221.pdb,5.025251842447486,0.663969987158452,0.2430835914355591,3
651,9.419338172160208,0.1576663336816303,0.4900044948443511,4.828458979436084,0.1988478242160249,0.1890880323965032,15046.446484248172,0.1634662932505023,0.1340481500707392,0.1648416232489906,/wynton/group/sali/mhancock/xray/sample_bench/out/277_native_5_ref/2/output_635/pdbs/328.pdb,4.590879192724124,0.8109119676034967,0.5099955051556488,635
652,9.424892404886815,0.167667144899976,0.3314293768729699,4.661457155796222,0.1710084979868367,0.4506488253681551,31944.33169574882,0.1380585551899116,0.1503409207959888,0.1815064276140947,/wynton/group/sali/mhancock/xray/sample_bench/out/277_native_5_ref/2/output_232/pdbs/247.pdb,4.763435249090594,0.5493511746318449,0.6685706231270301,232
653,10.152558711344344,0.7719176895599127,0.2366432628419276,5.072568992009515,0.4292534711409032,0.7807760926875551,31962.65441402115,0.2321552493643441,0.2308929929660105,0.3991149871283058,/wynton/group/sali/mhancock/xray/sample_bench/out/277_native_5_ref/2/output_938/pdbs/299.pdb,5.079989719334829,0.2192239073124448,0.7633567371580724,938
654,9.570526805530902,0.1593612054601537,0.4445309963849999,4.744939774599613,0.1899339607523259,0.4529661172549684,16395.624647813307,0.1492685930619935,0.1602409128748947,0.1897473178436271,/wynton/group/sali/mhancock/xray/sample_bench/out/277_native_5_ref/2/output_55/pdbs/452.pdb,4.825587030931288,0.5470338827450315,0.5554690036150001,55
655,9.049364148886399,0.1203340708018525,0.2627409271792152,4.3992078718517815,0.1343916436710323,0.3548672592882899,14052.571219157602,0.109446061524773,0.1321221848307968,0.1587465112308802,/wynton/group/sali/mhancock/xray/sample_bench/out/277_native_5_ref/2/output_254/pdbs/454.pdb,4.650156277034617,0.64513274071171,0.7372590728207848,254
656,10.077357156306446,0.9793184715863704,0.9475395640510664,5.015650533394918,0.2894157965442983,0.108229653651955,29097.33449374808,0.21553583973653,0.2215588846577305,0.2826146001089578,/wynton/group/sali/mhancock/xray/sample_bench/out/277_native_5_ref/2/output_146/pdbs/288.pdb,5.061706622911528,0.891770346348045,0.0524604359489335,146
657,9.99365005401756,0.9998727192640736,0.0670243628218257,4.962046054720315,0.2872651296398115,0.8520199025242342,20210.089564977192,0.2068077264849832,0.2372421388433273,0.3124257388495106,/wynton/group/sali/mhancock/xray/sample_bench/out/277_native_5_ref/2/output_983/pdbs/255.pdb,5.031603999297245,0.1479800974757657,0.9329756371781742,983
658,9.89379782319338,0.2784598282791507,0.5879003889449472,5.100623740693684,0.2552324883707459,0.0770196884727366,25314.7363175316,0.2173578597808179,0.1737484095262041,0.2348246075782816,/wynton/group/sali/mhancock/xray/sample_bench/out/277_native_5_ref/2/output_894/pdbs/476.pdb,4.793174082499696,0.9229803115272632,0.4120996110550527,894
659,9.631823662705518,0.1894225490645375,0.4354723923436102,4.891674796814244,0.227463536585278,0.8214876587618806,18051.51473367039,0.1726563387442961,0.153200255508476,0.1835196543971984,/wynton/group/sali/mhancock/xray/sample_bench/out/277_native_5_ref/2/output_999/pdbs/413.pdb,4.740148865891273,0.1785123412381194,0.5645276076563898,999
660,9.542123722453528,0.1789888908365845,0.4063255315811279,4.733190122901895,0.1865946654879454,0.5340741485736205,20342.13911069968,0.148506772341125,0.1574980798736791,0.1861714464341348,/wynton/group/sali/mhancock/xray/sample_bench/out/277_native_5_ref/2/output_737/pdbs/382.pdb,4.808933599551634,0.4659258514263795,0.5936744684188721,737
661,9.161386393780727,0.1028156953875911,0.0581426119283551,4.715867228904095,0.1975919637337515,0.3108604785002749,12375.98172794803,0.1341288764456751,0.1116734843811245,0.1479485217844219,/wynton/group/sali/mhancock/xray/sample_bench/out/277_native_5_ref/2/output_645/pdbs/283.pdb,4.445519164876633,0.6891395214997251,0.9418573880716448,645
662,9.906716608966558,0.1540632662273303,0.3182856796923601,4.933725303163989,0.2271841189282354,0.781753929796775,19586.934853882227,0.1747369693667429,0.1839357267461832,0.2239183451265796,/wynton/group/sali/mhancock/xray/sample_bench/out/277_native_5_ref/2/output_298/pdbs/1.pdb,4.972991305802569,0.2182460702032249,0.6817143203076399,298
663,9.525076657153425,0.1616018734613766,0.5287100881907971,4.830130959043669,0.2492677720564548,0.707603290568555,18355.72721093357,0.1566838471463594,0.1411076751054838,0.1991626634279823,/wynton/group/sali/mhancock/xray/sample_bench/out/277_native_5_ref/2/output_151/pdbs/130.pdb,4.694945698109756,0.292396709431445,0.4712899118092029,151
664,9.55523635523878,0.2366741170054817,0.4834656978978264,4.793986322062177,0.1852827590841224,0.5581341918064796,14608.163466981736,0.1584939618680093,0.1531952101038573,0.1771614315145054,/wynton/group/sali/mhancock/xray/sample_bench/out/277_native_5_ref/2/output_257/pdbs/299.pdb,4.761250033176603,0.4418658081935205,0.5165343021021737,257
665,9.455715158741409,0.2083636552551129,0.7454810081132276,4.628994540542848,0.1639032145648981,0.5625013051596212,34063.29989235652,0.1387198442683867,0.162261427974884,0.1971528535902751,/wynton/group/sali/mhancock/xray/sample_bench/out/277_native_5_ref/2/output_367/pdbs/414.pdb,4.826720618198561,0.4374986948403789,0.2545189918867724,367
666,8.881254027632055,0.0893684997787364,0.8463054436194982,4.399467364640188,0.1325948842778334,0.8863484729755028,13723.891411829414,0.1037002875267254,0.1125482919816969,0.1441860703188248,/wynton/group/sali/mhancock/xray/sample_bench/out/277_native_5_ref/2/output_457/pdbs/308.pdb,4.481786662991867,0.1136515270244972,0.1536945563805018,457
667,10.037657516257195,0.59430251507955,0.877670178164549,4.858101525702273,0.2668807060946334,0.3371271444249094,20514.97192450204,0.182620258529853,0.2637559154235419,0.3413839436263437,/wynton/group/sali/mhancock/xray/sample_bench/out/277_native_5_ref/2/output_754/pdbs/452.pdb,5.179555990554921,0.6628728555750906,0.122329821835451,754
668,9.14103266718724,0.1777428287752407,0.8697629809596943,4.640990458287413,0.1649179680423412,0.804950161000066,29580.64410220568,0.133684896349055,0.1170414738395164,0.1454594926079018,/wynton/group/sali/mhancock/xray/sample_bench/out/277_native_5_ref/2/output_60/pdbs/440.pdb,4.500042208899826,0.195049838999934,0.1302370190403057,60
669,9.992169649634736,0.9714190093173138,0.2191492595793098,5.054918572835456,0.4295526461678479,0.7884297387892997,27377.1368175504,0.2342883770950057,0.2227826357275857,0.3047648197391514,/wynton/group/sali/mhancock/xray/sample_bench/out/277_native_5_ref/2/output_46/pdbs/419.pdb,4.937251076799279,0.2115702612107003,0.7808507404206901,46
670,9.303408091182895,0.2182316950619476,0.6951738082191115,4.529667288868374,0.1521989805689614,0.5320216112142374,16208.357858060916,0.12467849938991,0.1491473511473913,0.1832613479305614,/wynton/group/sali/mhancock/xray/sample_bench/out/277_native_5_ref/2/output_728/pdbs/399.pdb,4.77374080231452,0.4679783887857626,0.3048261917808885,728
671,9.748753866399689,0.2679282188535978,0.6821932272467642,4.816858732412066,0.2064539366381356,0.4048309921380317,18794.951458720167,0.1675884141631791,0.1839591995084235,0.2109708811905409,/wynton/group/sali/mhancock/xray/sample_bench/out/277_native_5_ref/2/output_39/pdbs/437.pdb,4.931895133987623,0.5951690078619684,0.3178067727532358,39
672,9.463282141405262,0.1177129788914093,0.4703717125441607,4.668040915789887,0.1768268647121366,0.0174968783561218,21702.439144486536,0.1353701013970153,0.1577470547275191,0.1871819094638403,/wynton/group/sali/mhancock/xray/sample_bench/out/277_native_5_ref/2/output_843/pdbs/418.pdb,4.795241225615376,0.982503121643878,0.5296282874558392,843
673,9.76508819255209,0.1952265283459096,0.6199374656992114,4.866012010677513,0.2026696417658064,0.3857045135464111,16111.289460536502,0.1735993242440697,0.1765526133117944,0.2062055132419433,/wynton/group/sali/mhancock/xray/sample_bench/out/277_native_5_ref/2/output_114/pdbs/417.pdb,4.899076181874578,0.6142954864535889,0.3800625343007885,114
674,9.369886653018764,0.0913239801941876,0.6634795417893611,4.610702663558167,0.1716284608716225,0.533930083921347,13170.636053843054,0.1336765661787591,0.1529256089160904,0.1839586591293368,/wynton/group/sali/mhancock/xray/sample_bench/out/277_native_5_ref/2/output_413/pdbs/422.pdb,4.759183989460597,0.466069916078653,0.3365204582106388,413
675,9.569307902890277,0.1996027701082686,0.5478080132730205,4.821845980952461,0.2218624502329652,0.5366474250311427,15206.811733364584,0.1579775319227555,0.1511235144982033,0.1843564078152759,/wynton/group/sali/mhancock/xray/sample_bench/out/277_native_5_ref/2/output_284/pdbs/366.pdb,4.747461921937815,0.4633525749688573,0.4521919867269794,284
676,9.75149649038205,0.3652937620287687,0.5854393952155945,4.877728700911388,0.2043089350708963,0.3524799044813842,19960.782347769196,0.1738110365643743,0.1747505395980542,0.2016227351116893,/wynton/group/sali/mhancock/xray/sample_bench/out/277_native_5_ref/2/output_381/pdbs/433.pdb,4.87376778947066,0.6475200955186158,0.4145606047844055,381
677,9.154027543335317,0.0792287480090279,0.5956659958593946,4.536801945036355,0.1484845689988875,0.7651406249723033,18703.097353061534,0.1196427179364869,0.1279308452882688,0.163979043039587,/wynton/group/sali/mhancock/xray/sample_bench/out/277_native_5_ref/2/output_530/pdbs/250.pdb,4.617225598298964,0.2348593750276967,0.4043340041406054,530
678,9.664114708335966,0.1614791059723366,0.4122788478346391,4.840168919987838,0.1910603690669661,0.5742804961938348,18987.37990307453,0.1634240013411312,0.1617741423823646,0.1868458442852631,/wynton/group/sali/mhancock/xray/sample_bench/out/277_native_5_ref/2/output_419/pdbs/281.pdb,4.823945788348127,0.4257195038061651,0.5877211521653608,419
679,9.272444651842099,0.3672532028718705,0.5653916765881333,4.677268118032101,0.1638474391126773,0.8211903190276708,21656.64659898786,0.1416400044694125,0.1327822365456971,0.1707019269508347,/wynton/group/sali/mhancock/xray/sample_bench/out/277_native_5_ref/2/output_871/pdbs/389.pdb,4.5951765338099975,0.1788096809723292,0.4346083234118666,871
680,9.280196575114896,0.0967007033580503,0.5911880663031285,4.657319066997951,0.1902566306841326,0.6247748952508259,15428.234740818334,0.1354389746976216,0.1318019532993685,0.1730578545851298,/wynton/group/sali/mhancock/xray/sample_bench/out/277_native_5_ref/2/output_578/pdbs/269.pdb,4.622877508116946,0.3752251047491741,0.4088119336968716,578
681,9.315868759719924,0.1189014228665666,0.4559128655314234,4.668480828979033,0.1669551661666115,0.3343929975730307,33134.90669982434,0.1351854404121189,0.1324178973954158,0.1665168058446975,/wynton/group/sali/mhancock/xray/sample_bench/out/277_native_5_ref/2/output_395/pdbs/271.pdb,4.647387930740892,0.6656070024269694,0.5440871344685766,395
682,9.65944399315454,0.2278246038384304,0.5054245698652435,4.864151523453622,0.2259816932278318,0.2852252414329292,15743.533049353877,0.1688756599820581,0.1616652362543466,0.1956313975590027,/wynton/group/sali/mhancock/xray/sample_bench/out/277_native_5_ref/2/output_169/pdbs/248.pdb,4.795292469700918,0.7147747585670708,0.4945754301347564,169
683,9.702013187662715,0.2158505940980503,0.588560607717614,4.872062155678085,0.2039743780574845,0.3987897027293678,23767.349773846083,0.1685812290517004,0.1622319259215425,0.1995884671332137,/wynton/group/sali/mhancock/xray/sample_bench/out/277_native_5_ref/2/output_796/pdbs/186.pdb,4.82995103198463,0.6012102972706321,0.4114393922823859,796
684,9.7054081730952,0.1710964648376307,0.4280568534169679,4.918737970464467,0.2283368890792151,0.6978996989199375,17468.57684690909,0.1811918784128768,0.1628772564670189,0.1941831624325165,/wynton/group/sali/mhancock/xray/sample_bench/out/277_native_5_ref/2/output_351/pdbs/202.pdb,4.786670202630733,0.3021003010800625,0.571943146583032,351
685,8.727076985045835,0.0719193516744237,0.2645327434850744,4.299122661560608,0.1214627437432464,0.120855118433814,19093.95626849517,0.0977409500264656,0.1060048960983171,0.1316177705260127,/wynton/group/sali/mhancock/xray/sample_bench/out/277_native_5_ref/2/output_875/pdbs/481.pdb,4.427954323485228,0.879144881566186,0.7354672565149256,875
686,8.963960533833529,0.1645041368790512,0.707284872053296,4.372624400443858,0.1290260283733049,0.8503079732954828,14906.07222879393,0.1023733881103474,0.1228099251808611,0.1549270112127718,/wynton/group/sali/mhancock/xray/sample_bench/out/277_native_5_ref/2/output_862/pdbs/474.pdb,4.591336133389672,0.1496920267045172,0.2927151279467039,862
687,9.777996062905837,0.2081631355782298,0.6373865078968116,4.948145457886805,0.2189113602798256,0.3164687360538509,18596.712950546163,0.1878511459866179,0.1708401731606857,0.1951839812313043,/wynton/group/sali/mhancock/xray/sample_bench/out/277_native_5_ref/2/output_306/pdbs/339.pdb,4.829850605019032,0.6835312639461492,0.3626134921031884,306
688,9.94401741752013,0.3391519394296688,0.3065839452796329,4.924792213083071,0.2301977621903854,0.6594858485128394,18852.573668884936,0.1858635515371912,0.2015073932349083,0.2383061017368098,/wynton/group/sali/mhancock/xray/sample_bench/out/277_native_5_ref/2/output_444/pdbs/319.pdb,5.019225204437057,0.3405141514871605,0.693416054720367,444
689,9.809040800882489,0.2326829058515656,0.3202573847314976,4.87035880614417,0.2058782871963789,0.5956586699306058,17141.633878374792,0.1737294149765937,0.1807456600245718,0.2073634830130847,/wynton/group/sali/mhancock/xray/sample_bench/out/277_native_5_ref/2/output_399/pdbs/263.pdb,4.938681994738318,0.4043413300693941,0.6797426152685024,399
690,9.4629603964202,0.1204719957156987,0.438069834362809,4.725698845247452,0.1856011749303338,0.4330632402089991,14343.285400475535,0.1471017364971158,0.1516028208069577,0.1769802317623988,/wynton/group/sali/mhancock/xray/sample_bench/out/277_native_5_ref/2/output_464/pdbs/282.pdb,4.7372615511727485,0.5669367597910009,0.561930165637191,464
691,9.939816345302667,0.2609305863245662,0.3704752280416986,5.102223736797567,0.2588586469013501,0.9208797720891696,23885.231217476477,0.2210445502956445,0.1870441366975909,0.2439053889869734,/wynton/group/sali/mhancock/xray/sample_bench/out/277_native_5_ref/2/output_374/pdbs/251.pdb,4.8375926085051,0.0791202279108302,0.6295247719583015,374
692,9.480463969886847,0.1371767390934012,0.5084126368864407,4.83873445158155,0.1950221096732894,0.6602374312143082,12958.445818907434,0.1666321891579795,0.1414009210287371,0.1692522350412293,/wynton/group/sali/mhancock/xray/sample_bench/out/277_native_5_ref/2/output_544/pdbs/401.pdb,4.641729518305297,0.3397625687856918,0.4915873631135593,544
693,9.656371726021227,0.2160269904476807,0.5631110174978019,4.991748071745208,0.2297173495422578,0.1022005913952037,20013.328328907417,0.1956988934886771,0.1487211648300064,0.1839894037683606,/wynton/group/sali/mhancock/xray/sample_bench/out/277_native_5_ref/2/output_699/pdbs/173.pdb,4.664623654276018,0.8977994086047961,0.436888982502198,699
694,9.455162809056219,0.2058661714299365,0.5242762283423495,4.791645335165246,0.2054279719970615,0.8905282720152663,17926.93128370607,0.1539507918906708,0.1403081591340805,0.1941040544641835,/wynton/group/sali/mhancock/xray/sample_bench/out/277_native_5_ref/2/output_598/pdbs/350.pdb,4.663517473890972,0.1094717279847337,0.4757237716576504,598
695,10.135035284766637,0.27465058997917,0.9384429178059944,4.94454985993425,0.2777271849330821,0.3748508714268604,23838.8623975901,0.1862476404577773,0.2335763578405018,0.2925390804000204,/wynton/group/sali/mhancock/xray/sample_bench/out/277_native_5_ref/2/output_293/pdbs/31.pdb,5.190485424832388,0.6251491285731396,0.0615570821940054,293
696,9.668140919641694,0.287318950508836,0.4402326300381956,4.903411625329545,0.2037890433915915,0.8171879091960769,19231.83070839929,0.1777223490090732,0.1616414953400142,0.1888996462117382,/wynton/group/sali/mhancock/xray/sample_bench/out/277_native_5_ref/2/output_2/pdbs/163.pdb,4.764729294312148,0.1828120908039232,0.5597673699618044,2
697,9.788688938010129,0.3378106808708394,0.5982166394067091,5.060440747681704,0.2545058103098137,0.0332968203207935,21769.71175362624,0.2084327584965637,0.1663699605171841,0.1938440835723473,/wynton/group/sali/mhancock/xray/sample_bench/out/277_native_5_ref/2/output_462/pdbs/209.pdb,4.728248190328425,0.9667031796792064,0.4017833605932909,462
698,9.365548887009016,0.231334842076638,0.5397032795535567,4.697158903134178,0.1762528599698438,0.8389271801892113,30190.008459724853,0.1406772498961946,0.1419626787152574,0.1747371739708202,/wynton/group/sali/mhancock/xray/sample_bench/out/277_native_5_ref/2/output_789/pdbs/372.pdb,4.668389983874837,0.1610728198107887,0.4602967204464432,789
699,9.627218111192114,0.1713325228927396,0.525661371634345,4.830165967203116,0.2032405025655096,0.5093888269720009,17470.510027475415,0.1627672676511158,0.1583437295933673,0.1848042354591306,/wynton/group/sali/mhancock/xray/sample_bench/out/277_native_5_ref/2/output_953/pdbs/132.pdb,4.797052143988998,0.4906111730279991,0.474338628365655,953
700,9.633558717132413,0.1396129758315328,0.4585957945972593,4.856340531466597,0.2036371341182299,0.4211257826857908,33480.50260366028,0.1684167850278049,0.1548804489245547,0.1872747089906279,/wynton/group/sali/mhancock/xray/sample_bench/out/277_native_5_ref/2/output_202/pdbs/347.pdb,4.777218185665815,0.5788742173142092,0.5414042054027407,202
701,9.589486817810606,0.234130050367893,0.6046769349168073,4.744215181134955,0.2023927040292349,0.4766336489173028,23056.22569576606,0.1497137899570654,0.1667694968457231,0.1918811624738602,/wynton/group/sali/mhancock/xray/sample_bench/out/277_native_5_ref/2/output_524/pdbs/364.pdb,4.845271636675652,0.5233663510826971,0.3953230650831927,524
702,9.44047019621568,0.1674748736917181,0.1842279539045264,4.632025086963629,0.1630206207048416,0.5183308427351995,12137.314536941962,0.1417888897300223,0.1589787431470018,0.1857763177696645,/wynton/group/sali/mhancock/xray/sample_bench/out/277_native_5_ref/2/output_140/pdbs/468.pdb,4.808445109252051,0.4816691572648006,0.8157720460954736,140
703,9.241004077716152,0.1630978602953237,0.5532127428801695,4.622159582709792,0.165405947523519,0.7518146249827906,31144.87057895528,0.1284002806462179,0.1283561001478637,0.1651158029659823,/wynton/group/sali/mhancock/xray/sample_bench/out/277_native_5_ref/2/output_992/pdbs/499.pdb,4.61884449500636,0.2481853750172093,0.4467872571198305,992
704,9.499750115269904,0.143700652243092,0.4974304034309255,4.760707524661969,0.18848661629501,0.6549462611123237,16196.904176961918,0.1518650149402348,0.1496535899683997,0.1775362205570701,/wynton/group/sali/mhancock/xray/sample_bench/out/277_native_5_ref/2/output_828/pdbs/486.pdb,4.739042590607936,0.3450537388876762,0.5025695965690745,828
705,9.642986873380593,0.1489244048114536,0.0458522276057245,4.83092039458139,0.1991785985673316,0.4984555303402482,24667.47481311199,0.1621065166285802,0.1557274098677247,0.1911294007757977,/wynton/group/sali/mhancock/xray/sample_bench/out/277_native_5_ref/2/output_112/pdbs/491.pdb,4.8120664787992045,0.5015444696597519,0.9541477723942754,112
706,9.556528799615013,0.2300268084617614,0.3714647359127451,4.746139992726445,0.1955091370682238,0.4621925533072535,17391.766981572626,0.1510340920470723,0.1591087483322367,0.1834202463770372,/wynton/group/sali/mhancock/xray/sample_bench/out/277_native_5_ref/2/output_511/pdbs/328.pdb,4.810388806888566,0.5378074466927465,0.6285352640872549,511
707,9.655769109458554,0.184950125423821,0.5926279130362079,4.913129555006721,0.2095472791965602,0.323588679202032,16244.975791372304,0.1830633705380775,0.1544661015626386,0.1877168890969653,/wynton/group/sali/mhancock/xray/sample_bench/out/277_native_5_ref/2/output_230/pdbs/473.pdb,4.742639554451833,0.676411320797968,0.407372086963792,230
708,9.062674436550022,0.1340025909124959,0.8907259824651663,4.5518053081452345,0.1570968018494359,0.8407153144413327,15371.687126387103,0.1206923592270217,0.115867540772332,0.15057289770482,/wynton/group/sali/mhancock/xray/sample_bench/out/277_native_5_ref/2/output_562/pdbs/445.pdb,4.510869128404788,0.1592846855586673,0.1092740175348336,562
709,9.702312182550497,0.3853760141073237,0.5730211184455997,4.883046685447325,0.225276173256556,0.3531714543080899,36111.918778822095,0.1702806435565588,0.1610709921908481,0.1979175429929467,/wynton/group/sali/mhancock/xray/sample_bench/out/277_native_5_ref/2/output_161/pdbs/439.pdb,4.819265497103171,0.6468285456919101,0.4269788815544004,161
710,9.485756417543698,0.1905008024335029,0.4400289490994483,4.791427217124715,0.2088568234211486,0.2845776500074274,15432.449281326715,0.1581634188137883,0.1457759567238942,0.1804489765737136,/wynton/group/sali/mhancock/xray/sample_bench/out/277_native_5_ref/2/output_491/pdbs/340.pdb,4.694329200418983,0.7154223499925725,0.5599710509005518,491
711,9.532802359876086,0.1980041410090193,0.5083286833660022,4.7868048084705,0.2081866539421424,0.7051302580734814,15903.288407579228,0.1553100070846352,0.1530573527369951,0.1872267269051385,/wynton/group/sali/mhancock/xray/sample_bench/out/277_native_5_ref/2/output_52/pdbs/310.pdb,4.745997551405587,0.2948697419265186,0.4916713166339977,52
712,9.577692851745704,0.1817754434277438,0.5178719277463518,4.741370990594501,0.1950121455295633,0.5563229086369611,18007.856527608426,0.150291615339114,0.1639659584071824,0.1964956113189184,/wynton/group/sali/mhancock/xray/sample_bench/out/277_native_5_ref/2/output_727/pdbs/369.pdb,4.836321861151203,0.4436770913630389,0.4821280722536482,727
713,9.230899304291542,0.0813260672599199,0.2805966132470593,4.47444695351083,0.1551244414384216,0.4125682604893433,15426.028171564623,0.1187952904756827,0.1506537584651513,0.1796276287692393,/wynton/group/sali/mhancock/xray/sample_bench/out/277_native_5_ref/2/output_390/pdbs/460.pdb,4.756452350780712,0.5874317395106567,0.7194033867529406,390
714,9.516498904233174,0.1564989408013979,0.4781133656011697,4.753127679540064,0.1765418403691055,0.6049280666250322,13734.30217139704,0.1516045837269932,0.1529437685475765,0.1790789495397751,/wynton/group/sali/mhancock/xray/sample_bench/out/277_native_5_ref/2/output_775/pdbs/399.pdb,4.763371224693109,0.3950719333749679,0.5218866343988302,775
715,9.899320998650435,0.3240225519953912,0.3760767997249505,5.019599469744715,0.2425416519470024,0.7466491429331086,19211.30113797915,0.2009701154526502,0.1803585488453858,0.2093453504664913,/wynton/group/sali/mhancock/xray/sample_bench/out/277_native_5_ref/2/output_443/pdbs/469.pdb,4.87972152890572,0.2533508570668915,0.6239232002750495,443
716,10.083655176360622,1.1558513590772554,0.7865722897308727,5.101913281037859,0.4359454321856355,0.1546911397845166,20366.874649775986,0.2495329969110205,0.2159266418052948,0.3887054412146992,/wynton/group/sali/mhancock/xray/sample_bench/out/277_native_5_ref/2/output_44/pdbs/488.pdb,4.981741895322764,0.8453088602154833,0.2134277102691273,44
717,8.98840468295698,0.0945797379531121,0.8047808238952795,4.384837222128756,0.1353484558751366,0.9740813967534424,15042.818335585198,0.1055023492473531,0.123092240480717,0.1544564929656609,/wynton/group/sali/mhancock/xray/sample_bench/out/277_native_5_ref/2/output_371/pdbs/465.pdb,4.603567460828224,0.0259186032465574,0.1952191761047205,371
718,9.183856556196453,0.1572861342718774,0.0469420624620693,4.599754502572466,0.1710012285769927,0.0324853308379991,20808.814701638777,0.1245640645159859,0.1227485495784378,0.1625971116676424,/wynton/group/sali/mhancock/xray/sample_bench/out/277_native_5_ref/2/output_808/pdbs/474.pdb,4.584102053623986,0.9675146691620008,0.9530579375379308,808
719,8.956749274819728,0.1350392795603792,0.3049622428000044,4.412850903683198,0.1296453021099751,0.0388410352342122,19690.37476674333,0.104488700982978,0.1180375021345617,0.142434543579524,/wynton/group/sali/mhancock/xray/sample_bench/out/277_native_5_ref/2/output_325/pdbs/488.pdb,4.543898371136529,0.9611589647657878,0.6950377571999956,325
720,9.906462856507648,0.2777369791020623,0.8022254581317976,4.872896123150972,0.2262174486595587,0.3885009937001687,24413.148385884957,0.1783867128112868,0.2046431407308923,0.2430780246662574,/wynton/group/sali/mhancock/xray/sample_bench/out/277_native_5_ref/2/output_76/pdbs/157.pdb,5.033566733356675,0.6114990062998313,0.1977745418682024,76
721,9.561757624471397,0.1647433440743139,0.4783704277757858,4.787509514183802,0.1964968912010059,0.1498200069013274,23330.331259194834,0.1564874833767528,0.1580461747028299,0.1990742499744792,/wynton/group/sali/mhancock/xray/sample_bench/out/277_native_5_ref/2/output_219/pdbs/351.pdb,4.774248110287595,0.8501799930986725,0.5216295722242142,219
722,9.568290873279778,0.1931508801804003,0.6478943159719223,4.72818546879693,0.2398710750409932,0.4724767034263027,15486.859671891189,0.1437878267186,0.161061168831067,0.2116438845567426,/wynton/group/sali/mhancock/xray/sample_bench/out/277_native_5_ref/2/output_358/pdbs/322.pdb,4.840105404482848,0.5275232965736972,0.3521056840280777,358
723,9.720777261254671,0.3613797519716756,0.8186867723308816,4.790603390676107,0.1966008035149138,0.4463245739353779,16922.44470252926,0.1672918661804516,0.1811990140543415,0.2138191838728069,/wynton/group/sali/mhancock/xray/sample_bench/out/277_native_5_ref/2/output_58/pdbs/410.pdb,4.930173870578565,0.5536754260646222,0.1813132276691183,58
724,9.652268196489292,0.1987038871397455,0.5737137744718191,4.854097884818898,0.2130565475332698,0.2858123375423181,18592.686633138062,0.1656692382546087,0.158363845319827,0.2011869653390021,/wynton/group/sali/mhancock/xray/sample_bench/out/277_native_5_ref/2/output_392/pdbs/210.pdb,4.798170311670395,0.714187662457682,0.4262862255281809,392
725,9.71618472963901,0.2259830689278655,0.3069793483323083,4.810987164707461,0.2008294940028935,0.6114480546038459,17077.124722598557,0.1681588461906921,0.1808110637777835,0.2053226673629593,/wynton/group/sali/mhancock/xray/sample_bench/out/277_native_5_ref/2/output_15/pdbs/452.pdb,4.905197564931551,0.3885519453961541,0.6930206516676917,15
726,9.263061227609171,0.1600842398214839,0.8639974447437853,4.656191665556819,0.1983033441130677,0.620482290794232,14898.145610102249,0.1326299898738041,0.1281873225921276,0.1664971719346535,/wynton/group/sali/mhancock/xray/sample_bench/out/277_native_5_ref/2/output_299/pdbs/458.pdb,4.606869562052352,0.379517709205768,0.1360025552562146,299
727,9.054250369495218,0.2100342046891447,0.2037413580607925,4.418650752211761,0.1450356060453387,0.0267122978174361,13415.451149485416,0.1107271010816224,0.1323819284434316,0.1639741366712334,/wynton/group/sali/mhancock/xray/sample_bench/out/277_native_5_ref/2/output_304/pdbs/294.pdb,4.635599617283457,0.973287702182564,0.7962586419392074,304
728,10.00780385683354,0.9254566245730064,0.1653889547994909,5.018167061716966,0.3040584267742388,0.939741251624884,23573.042693956828,0.2425008384312199,0.2124286286372508,0.2666469997025379,/wynton/group/sali/mhancock/xray/sample_bench/out/277_native_5_ref/2/output_484/pdbs/197.pdb,4.989636795116574,0.0602587483751158,0.8346110452005091,484
729,9.367117062461588,0.0965793213393683,0.2893972627121703,4.543514915218021,0.1580958569708008,0.5199223378235436,12774.45716159605,0.1285185906194075,0.1626816242454787,0.1863823977435156,/wynton/group/sali/mhancock/xray/sample_bench/out/277_native_5_ref/2/output_572/pdbs/496.pdb,4.823602147243568,0.4800776621764565,0.7106027372878297,572
730,9.822794548405447,0.2712133751957888,0.6651015062888319,4.878636240556529,0.2105382059159095,0.3556165661909099,20337.35163358387,0.1755445425714079,0.1872739427580451,0.2214695708341582,/wynton/group/sali/mhancock/xray/sample_bench/out/277_native_5_ref/2/output_228/pdbs/259.pdb,4.944158307848918,0.64438343380909,0.3348984937111681,228
731,9.665429420696181,0.1845864331738155,0.465439385684491,4.821996021977545,0.206410454162081,0.5350653653557309,35344.29613624344,0.159227585280584,0.1633426371746449,0.1934724688384338,/wynton/group/sali/mhancock/xray/sample_bench/out/277_native_5_ref/2/output_49/pdbs/342.pdb,4.843433398718637,0.4649346346442691,0.534560614315509,49
732,9.869112326581929,0.2808419926102822,0.8499026144516135,4.86484402387498,0.2152476409026236,0.4132284229016027,21070.579943428813,0.1768320730368154,0.1940170864543632,0.2386261838500318,/wynton/group/sali/mhancock/xray/sample_bench/out/277_native_5_ref/2/output_506/pdbs/172.pdb,5.004268302706949,0.5867715770983972,0.1500973855483864,506
733,9.241907019655137,0.0934762882940829,0.3593892126186281,4.605076858908627,0.1674278097207992,0.3858829629006553,21410.63498370981,0.1323545533920905,0.1354898439873419,0.1625048546693133,/wynton/group/sali/mhancock/xray/sample_bench/out/277_native_5_ref/2/output_485/pdbs/462.pdb,4.63683016074651,0.6141170370993446,0.6406107873813718,485
734,9.68941237063354,0.160716786468697,0.2991983267317722,4.761119543176941,0.1903822430087791,0.5852692415303261,23142.085899150898,0.1531805307521729,0.1799067255460956,0.2142706222078403,/wynton/group/sali/mhancock/xray/sample_bench/out/277_native_5_ref/2/output_600/pdbs/408.pdb,4.9282928274566,0.414730758469674,0.7008016732682278,600
735,9.760602961288434,0.2228123519090456,0.4109415918194929,4.972378160364371,0.2425658064688887,0.8540019811856928,16346.783080335435,0.1880969385038904,0.1663776453202891,0.2004550284890146,/wynton/group/sali/mhancock/xray/sample_bench/out/277_native_5_ref/2/output_193/pdbs/157.pdb,4.788224800924064,0.1459980188143071,0.589058408180507,193
736,9.464139298577296,0.1386416779896574,0.9530587516023824,4.810375606746384,0.2273593163426056,0.5862441170170747,19114.27482472777,0.1511418283650351,0.1346384033598321,0.1687586541174376,/wynton/group/sali/mhancock/xray/sample_bench/out/277_native_5_ref/2/output_640/pdbs/491.pdb,4.653763691830911,0.4137558829829254,0.0469412483976176,640
737,9.403632954495887,0.1400511767075414,0.6018354522827681,4.653165883277941,0.1647437783842814,0.5532027771838324,16143.354133875646,0.1387283475911354,0.1496000773994324,0.1767884512082962,/wynton/group/sali/mhancock/xray/sample_bench/out/277_native_5_ref/2/output_959/pdbs/499.pdb,4.750467071217946,0.4467972228161676,0.3981645477172319,959
738,10.05231590050174,0.952826430373283,0.730444611880226,5.116870403501212,0.4184155191636082,0.1003385335612624,24138.031588660608,0.2616047842537869,0.1948207629326711,0.2640532119143832,/wynton/group/sali/mhancock/xray/sample_bench/out/277_native_5_ref/2/output_657/pdbs/457.pdb,4.935445497000529,0.8996614664387376,0.2695553881197741,657
739,9.31970887715186,0.1419064183870461,0.6948753043517257,4.576665833502358,0.1725446184520709,0.6419359624937474,12211.964945396858,0.1264333760117114,0.146796873534344,0.1778188221649353,/wynton/group/sali/mhancock/xray/sample_bench/out/277_native_5_ref/2/output_759/pdbs/466.pdb,4.743043043649502,0.3580640375062525,0.3051246956482744,759
740,9.550574377516913,0.1448372151390285,0.5050119495116865,4.808233548440153,0.1941299292522099,0.6303207249567838,13084.184029207365,0.1528502063414953,0.1487572962134359,0.1719550156287194,/wynton/group/sali/mhancock/xray/sample_bench/out/277_native_5_ref/2/output_315/pdbs/409.pdb,4.74234082907676,0.3696792750432161,0.4949880504883134,315
741,9.446481729168699,0.2028935297875569,0.6877608689325626,4.6395402650952295,0.1964911695116569,0.5471984008141052,15333.465069483767,0.1373428662708183,0.1576987098801026,0.1933481172794178,/wynton/group/sali/mhancock/xray/sample_bench/out/277_native_5_ref/2/output_725/pdbs/359.pdb,4.806941464073469,0.4528015991858948,0.3122391310674374,725
742,9.51421542249695,0.1447102959456718,0.3401751743825983,4.702304796055741,0.2130654903541989,0.4855881760550463,25034.409608080012,0.1387691676148094,0.1545285713659188,0.2167820240716563,/wynton/group/sali/mhancock/xray/sample_bench/out/277_native_5_ref/2/output_641/pdbs/380.pdb,4.811910626441208,0.5144118239449537,0.6598248256174017,641
743,10.066519797001778,0.6952227282507456,0.0566287309946813,4.911302362229487,0.2717575383827832,0.695603127104945,20669.974250384977,0.1990750645125933,0.2722085429281003,0.3410965283255243,/wynton/group/sali/mhancock/xray/sample_bench/out/277_native_5_ref/2/output_870/pdbs/301.pdb,5.1552174347722906,0.304396872895055,0.9433712690053188,870
744,9.530993961132825,0.1514838302666717,0.3930587278300857,4.749476552783304,0.2310278124721827,0.4601977343795085,13465.006425434822,0.1493310800439479,0.1555366179196669,0.2004046473468516,/wynton/group/sali/mhancock/xray/sample_bench/out/277_native_5_ref/2/output_559/pdbs/432.pdb,4.78151740834952,0.5398022656204914,0.6069412721699142,559
745,9.329723857771338,0.1025291202494856,0.618742593816169,4.628057965427233,0.1736290925598586,0.7557230709022367,14056.511157252638,0.1327746955860206,0.1453726354072652,0.1776573092298937,/wynton/group/sali/mhancock/xray/sample_bench/out/277_native_5_ref/2/output_258/pdbs/316.pdb,4.701665892344104,0.2442769290977633,0.3812574061838311,258
746,9.192498520186223,0.1306810387909027,0.4118718499562966,4.582026483531146,0.1627600713479363,0.0436778969536905,16291.836062549286,0.1232357173161117,0.1311327565549299,0.1619504729628842,/wynton/group/sali/mhancock/xray/sample_bench/out/277_native_5_ref/2/output_500/pdbs/482.pdb,4.610472036655078,0.9563221030463096,0.5881281500437033,500
747,9.507860129173626,0.2096227281802646,0.4549725982409563,4.777912893031823,0.2046319431354376,0.3752420562212494,20693.202255657183,0.1516530798378336,0.1492982087258745,0.1901711003035653,/wynton/group/sali/mhancock/xray/sample_bench/out/277_native_5_ref/2/output_501/pdbs/438.pdb,4.729947236141801,0.6247579437787506,0.5450274017590436,501
748,9.605613173479298,0.264359643956936,0.9549026019748188,4.7088227875296775,0.1890302807838313,0.5160376529450386,31395.21941513583,0.1486843929901017,0.1684654726909301,0.2146442387366197,/wynton/group/sali/mhancock/xray/sample_bench/out/277_native_5_ref/2/output_303/pdbs/201.pdb,4.89679038594962,0.4839623470549615,0.0450973980251811,303
749,9.848710000819471,0.211328370528722,0.3616653376300321,4.94195015366902,0.260675229238803,0.6548414122337083,26751.11064395395,0.186015989098749,0.182939379067889,0.2094273377394731,/wynton/group/sali/mhancock/xray/sample_bench/out/277_native_5_ref/2/output_736/pdbs/419.pdb,4.906759847150451,0.3451585877662917,0.6383346623699678,736
750,9.535831898181598,0.1913781980823745,0.4931123408636708,4.751355954052114,0.190019159763452,0.5143230265847418,33000.74587552894,0.1485657116660105,0.1524760555182276,0.1831650716625524,/wynton/group/sali/mhancock/xray/sample_bench/out/277_native_5_ref/2/output_670/pdbs/356.pdb,4.784475944129484,0.4856769734152582,0.5068876591363292,670
751,9.016814102963863,0.1321521507958049,0.6157509020973303,4.540876413963335,0.1497299123930946,0.6761504990740341,15313.653303748844,0.1205936993607083,0.1136373650726498,0.1379575057245588,/wynton/group/sali/mhancock/xray/sample_bench/out/277_native_5_ref/2/output_377/pdbs/467.pdb,4.47593768900053,0.3238495009259658,0.3842490979026697,377
752,9.397515312314248,0.1357246869624583,0.4790400808573913,4.751309878247215,0.185296220775015,0.8011584104624278,13739.007352327391,0.1528069579613641,0.1415778680090311,0.1663088889138343,/wynton/group/sali/mhancock/xray/sample_bench/out/277_native_5_ref/2/output_56/pdbs/454.pdb,4.646205434067032,0.1988415895375722,0.5209599191426088,56
753,9.546689179861872,0.1510667328167277,0.5475609076041346,4.7883733439591705,0.1920302898396759,0.5934232387998769,17703.415364303415,0.1577417549422976,0.1512441407163829,0.1793603595372763,/wynton/group/sali/mhancock/xray/sample_bench/out/277_native_5_ref/2/output_20/pdbs/486.pdb,4.758315835902702,0.4065767612001231,0.4524390923958655,20
754,9.250763760750711,0.0896728728660025,0.4442814798518647,4.7022042075818975,0.180274369203704,0.197460252994674,15113.01910202178,0.142746798401369,0.1308064599096544,0.1500541383331857,/wynton/group/sali/mhancock/xray/sample_bench/out/277_native_5_ref/2/output_209/pdbs/363.pdb,4.548559553168815,0.802539747005326,0.5557185201481353,209
755,8.925829574258543,0.0738760975142231,0.0176413455302748,4.610730486465903,0.1611265018251526,0.2823529474673987,12507.07105307045,0.1265495634074448,0.1005919593077856,0.1150951381934563,/wynton/group/sali/mhancock/xray/sample_bench/out/277_native_5_ref/2/output_175/pdbs/496.pdb,4.31509908779264,0.7176470525326013,0.9823586544697251,175
756,10.095843152219885,0.4408119387688187,0.274049421148704,5.063734058837025,0.2959947344344421,0.7074728835301946,20583.89717289051,0.2119995270520099,0.2033075123227352,0.2673011872133474,/wynton/group/sali/mhancock/xray/sample_bench/out/277_native_5_ref/2/output_134/pdbs/336.pdb,5.03210909338286,0.2925271164698055,0.725950578851296,134
757,9.2709010044661,0.1665614745528694,0.3619198694206215,4.661398842039152,0.1847787606455806,0.3441214373526949,26530.61879827323,0.1333665496188716,0.1277807629445157,0.1620251799988201,/wynton/group/sali/mhancock/xray/sample_bench/out/277_native_5_ref/2/output_231/pdbs/370.pdb,4.609502162426947,0.6558785626473052,0.6380801305793784,231
758,9.84494968779434,0.3505216813259534,0.6233538407550782,5.046628106363482,0.2879675022339237,0.2108222119242288,18086.99680238592,0.2038944969627185,0.1694570142588726,0.2003470038996507,/wynton/group/sali/mhancock/xray/sample_bench/out/277_native_5_ref/2/output_724/pdbs/229.pdb,4.798321581430859,0.7891777880757712,0.3766461592449218,724
759,10.065859659069238,0.4275394227000385,0.2623325415947442,5.050438612175406,0.2746547219458016,0.7286442739039474,24578.416177389685,0.208512052460086,0.201871439891543,0.2574499628552914,/wynton/group/sali/mhancock/xray/sample_bench/out/277_native_5_ref/2/output_487/pdbs/205.pdb,5.015421046893832,0.2713557260960526,0.7376674584052557,487
760,9.801774842165013,0.2016721549444612,0.3384177781936214,4.919961617604906,0.2188347559882442,0.6585886823427459,21197.66658725908,0.1790603933159888,0.1732644501555659,0.2271669705227705,/wynton/group/sali/mhancock/xray/sample_bench/out/277_native_5_ref/2/output_606/pdbs/299.pdb,4.881813224560107,0.3414113176572541,0.6615822218063786,606
761,9.885640348434762,0.1439110345062124,0.3167262540759544,4.918818706539816,0.2235285018065713,0.8935896032181404,20391.632250984472,0.1715452471348945,0.1810874612678971,0.2219552753564455,/wynton/group/sali/mhancock/xray/sample_bench/out/277_native_5_ref/2/output_24/pdbs/1.pdb,4.966821641894946,0.1064103967818596,0.6832737459240457,24
762,9.740041581967866,0.1903641910619831,0.3909356324220298,4.980984343661877,0.251425273679365,0.7176563545612149,15665.218648499971,0.1894037112900221,0.1597043441536323,0.1883234904976509,/wynton/group/sali/mhancock/xray/sample_bench/out/277_native_5_ref/2/output_372/pdbs/496.pdb,4.759057238305988,0.2823436454387851,0.6090643675779702,372
763,9.33889215428255,0.1796707790627807,0.6259074477024714,4.642811309325186,0.1828262161694029,0.6728158036157983,30075.66934794902,0.1363706244343792,0.1414361907171397,0.1730851724331364,/wynton/group/sali/mhancock/xray/sample_bench/out/277_native_5_ref/2/output_474/pdbs/281.pdb,4.696080844957364,0.3271841963842017,0.3740925522975285,474
764,9.420292789492311,0.1336274485077568,0.4205148935650066,4.646550039536142,0.1652118658227826,0.470526547392801,31276.31871083537,0.1358749412192324,0.152304998381067,0.1811117794487381,/wynton/group/sali/mhancock/xray/sample_bench/out/277_native_5_ref/2/output_514/pdbs/410.pdb,4.773742749956169,0.5294734526071989,0.5794851064349934,514
765,9.51559324447004,0.2006334996768226,0.4861572359430524,4.837495770312958,0.2135095613287705,0.9326325316439472,18560.192290576797,0.1646855580769664,0.149217739144072,0.1700245302874707,/wynton/group/sali/mhancock/xray/sample_bench/out/277_native_5_ref/2/output_121/pdbs/223.pdb,4.678097474157082,0.0673674683560527,0.5138427640569476,121
766,9.934043826341927,0.3199868840839658,0.1907117890436833,4.862010078801843,0.2233787318556112,0.6167065807810007,26427.56611356921,0.1787592177797841,0.2121350524881614,0.2500780881556383,/wynton/group/sali/mhancock/xray/sample_bench/out/277_native_5_ref/2/output_696/pdbs/387.pdb,5.072033747540084,0.3832934192189992,0.8092882109563168,696
767,10.133086088987401,1.1194860958655648,0.7710105572148644,5.067811119989221,0.4203025756960536,0.1204814034527386,26127.777252156517,0.2499574478813953,0.2086531834834197,0.3893255941608448,/wynton/group/sali/mhancock/xray/sample_bench/out/277_native_5_ref/2/output_496/pdbs/426.pdb,5.06527496899818,0.8795185965472613,0.2289894427851356,496
768,9.808994406783318,0.3157114513137481,0.4074084429032882,4.895499117512007,0.2095855760945253,0.6459065832785664,26463.30440273857,0.1729711026876329,0.1751743524739616,0.22123434914517,/wynton/group/sali/mhancock/xray/sample_bench/out/277_native_5_ref/2/output_897/pdbs/302.pdb,4.913495289271311,0.3540934167214335,0.5925915570967117,897
769,9.004742095408858,0.1177189431869646,0.2623577274509941,4.512886029767224,0.1589302824252671,0.3159126688816079,18943.25269493366,0.116757673377454,0.1123787373300221,0.1378337804614476,/wynton/group/sali/mhancock/xray/sample_bench/out/277_native_5_ref/2/output_417/pdbs/480.pdb,4.491856065641634,0.684087331118392,0.7376422725490058,417
770,10.104193850217062,0.2300175795482966,0.7015427752965703,5.110711068638186,0.2472758844411573,0.0119891051509746,22942.58347082305,0.2113560149640513,0.1931373241428331,0.2365287876486043,/wynton/group/sali/mhancock/xray/sample_bench/out/277_native_5_ref/2/output_322/pdbs/13.pdb,4.993482781578876,0.9880108948490254,0.2984572247034298,322
771,10.074484131878693,0.9417142855856226,0.0319661049773829,5.0135712363740215,0.2895638078322801,0.9411431033967256,23724.53347134746,0.214063286641602,0.2187307090633551,0.2893046114519536,/wynton/group/sali/mhancock/xray/sample_bench/out/277_native_5_ref/2/output_537/pdbs/486.pdb,5.060912895504671,0.0588568966032743,0.968033895022617,537
772,10.056449343510367,0.929576445779945,0.1836212574054706,5.031849220712914,0.4011256568452238,0.8112159992036649,30892.35079546774,0.2324233308726639,0.2266705156678241,0.3941806806870379,/wynton/group/sali/mhancock/xray/sample_bench/out/277_native_5_ref/2/output_43/pdbs/208.pdb,5.0246001227974535,0.1887840007963351,0.8163787425945294,43
773,9.596061128367985,0.1383649163030176,0.7255463309076471,4.709672090928488,0.1985470343914748,0.5025659435164286,16934.70355663165,0.1466023691151492,0.1700853153874783,0.2074067001063836,/wynton/group/sali/mhancock/xray/sample_bench/out/277_native_5_ref/2/output_916/pdbs/456.pdb,4.886389037439497,0.4974340564835714,0.2744536690923529,916
774,10.046275385843497,0.8089449950104537,0.9528944716021434,4.920193180865181,0.2726467353804436,0.2860478916001779,23426.640506428612,0.1960985511880982,0.2698254270410132,0.340767150293031,/wynton/group/sali/mhancock/xray/sample_bench/out/277_native_5_ref/2/output_994/pdbs/436.pdb,5.126082204978316,0.713952108399822,0.0471055283978566,994
775,9.63850866292757,0.1762192380466526,0.0003865212599835,4.849315116667111,0.2422423037316192,0.4805524067363622,19099.9342107312,0.1659527157477308,0.1553199872201736,0.2100320435155249,/wynton/group/sali/mhancock/xray/sample_bench/out/277_native_5_ref/2/output_668/pdbs/345.pdb,4.78919354626046,0.5194475932636378,0.9996134787400164,668
776,9.008189850608963,0.1699454934422593,0.8307161997691191,4.461421601134934,0.1420381888212554,0.6516842283429201,19636.56650111035,0.114043221105757,0.1203249412827784,0.144627841436519,/wynton/group/sali/mhancock/xray/sample_bench/out/277_native_5_ref/2/output_408/pdbs/498.pdb,4.546768249474028,0.34831577165708,0.1692838002308808,408
777,9.295951237909968,0.2088609620451986,0.5748207559222842,4.58632248194854,0.1602629477663399,0.7312430403806666,15219.29312078264,0.125724802238831,0.1416643781075985,0.1730739486562944,/wynton/group/sali/mhancock/xray/sample_bench/out/277_native_5_ref/2/output_247/pdbs/244.pdb,4.709628755961428,0.2687569596193334,0.4251792440777158,247
778,9.198515368118287,0.1927525282745239,0.6602394267563886,4.572743785378849,0.1571844639702471,0.7059010843330663,24016.08721662809,0.1241383676963202,0.1310475747109957,0.1592136745026535,/wynton/group/sali/mhancock/xray/sample_bench/out/277_native_5_ref/2/output_712/pdbs/408.pdb,4.625771582739438,0.2940989156669336,0.3397605732436115,712
779,9.241634161363876,0.0869122046567495,0.6212450203519884,4.609479848259639,0.1599416533013098,0.7760851666164817,17170.104241682606,0.1319114962564479,0.1354560654008519,0.1665841365371633,/wynton/group/sali/mhancock/xray/sample_bench/out/277_native_5_ref/2/output_998/pdbs/352.pdb,4.632154313104237,0.2239148333835182,0.3787549796480116,998
780,8.968479013539206,0.0906101481210332,0.6481940878302195,4.443985862713615,0.1356728921056256,0.962198330348352,17011.996407401417,0.1113245490925569,0.1205742592121861,0.1429520325468383,/wynton/group/sali/mhancock/xray/sample_bench/out/277_native_5_ref/2/output_79/pdbs/461.pdb,4.524493150825591,0.0378016696516479,0.3518059121697805,79
781,10.052384915047465,0.959566753916468,0.2720647884717359,5.160974250175384,0.4478029970825036,0.9119137383709696,23208.976328376048,0.2709771756012362,0.1915240699173652,0.2640515994935489,/wynton/group/sali/mhancock/xray/sample_bench/out/277_native_5_ref/2/output_743/pdbs/384.pdb,4.891410664872082,0.0880862616290304,0.7279352115282641,743
782,10.110410686698643,0.3060782748561958,0.3232376737834007,5.121791647993232,0.2798975048985377,0.8861596836080626,28631.780657509556,0.2225498584733171,0.2001967132939502,0.2491493565299054,/wynton/group/sali/mhancock/xray/sample_bench/out/277_native_5_ref/2/output_212/pdbs/60.pdb,4.988619038705411,0.1138403163919373,0.6767623262165994,212
783,9.501967554495199,0.1347839385198113,0.0098295636700651,4.755408127493877,0.233083039948983,0.4607374174454026,17275.12552432181,0.1504861749691483,0.1484062355526205,0.1893787275086479,/wynton/group/sali/mhancock/xray/sample_bench/out/277_native_5_ref/2/output_275/pdbs/461.pdb,4.746559427001323,0.5392625825545975,0.9901704363299348,275
784,9.867762039705095,0.2763068108429979,0.4260496595266449,5.135312139576156,0.2803645007360243,0.9722874328055742,17329.079975961802,0.2281554419394146,0.1712279005504434,0.2171885870093195,/wynton/group/sali/mhancock/xray/sample_bench/out/277_native_5_ref/2/output_450/pdbs/147.pdb,4.732449900128939,0.0277125671944258,0.5739503404733551,450
785,9.15627076729456,0.2020138143672055,0.3731270884870123,4.555946721399726,0.1617934612654279,0.3582829720395525,31885.96213427815,0.1230705638150631,0.1280334609322652,0.1586634901384083,/wynton/group/sali/mhancock/xray/sample_bench/out/277_native_5_ref/2/output_557/pdbs/376.pdb,4.600324045894833,0.6417170279604475,0.6268729115129877,557
786,9.643911658439158,0.1680241673331374,0.96594611612789,4.756048864281508,0.2078062835248494,0.462687651580194,21740.113833683816,0.1555277668793804,0.1698572088719137,0.2128107970947686,/wynton/group/sali/mhancock/xray/sample_bench/out/277_native_5_ref/2/output_911/pdbs/402.pdb,4.887862794157651,0.537312348419806,0.0340538838721099,911
787,9.594269985921661,0.1724414973468865,0.5151245785371378,4.825648372108281,0.1967674961718684,0.4211582020705393,18429.634402870342,0.16521379706858,0.1551931213637387,0.1864608388717336,/wynton/group/sali/mhancock/xray/sample_bench/out/277_native_5_ref/2/output_568/pdbs/422.pdb,4.76862161381338,0.5788417979294607,0.4848754214628621,568
788,9.557765991340773,0.1784415731257461,0.4773467510675053,4.807083146621498,0.2023935487774996,0.255082920059897,32966.200149645934,0.1561292320406932,0.1503291070176813,0.1904689026547026,/wynton/group/sali/mhancock/xray/sample_bench/out/277_native_5_ref/2/output_918/pdbs/270.pdb,4.750682844719274,0.744917079940103,0.5226532489324947,918
789,8.673639227616462,0.1507293802870057,0.3412111704484842,4.2729429343643455,0.1148827205166312,0.0614653879189856,19164.92048964406,0.089828342222851,0.09973325440524,0.1246047590543713,/wynton/group/sali/mhancock/xray/sample_bench/out/277_native_5_ref/2/output_810/pdbs/413.pdb,4.400696293252117,0.9385346120810144,0.6587888295515159,810
790,9.276057538802572,0.1411845442236123,0.247091027361865,4.626269279843462,0.1831135452420613,0.4141840630625378,24997.33341553798,0.135707267823293,0.1355798158314295,0.1624252881442635,/wynton/group/sali/mhancock/xray/sample_bench/out/277_native_5_ref/2/output_777/pdbs/185.pdb,4.64978825895911,0.5858159369374623,0.7529089726381349,777
791,9.41851069243874,0.1517259408466831,0.4850671207982799,4.744638117821171,0.200502450669507,0.2817240167626613,33090.645922740885,0.1472308233692005,0.1416820213409463,0.1779771444524636,/wynton/group/sali/mhancock/xray/sample_bench/out/277_native_5_ref/2/output_130/pdbs/398.pdb,4.67387257461757,0.7182759832373388,0.5149328792017202,130
792,9.349026456385875,0.203974598007279,0.6932192637949923,4.665674128760666,0.1751641387716622,0.5213277211865164,19840.91860788824,0.1357776157237583,0.1379951605474041,0.1676757021552578,/wynton/group/sali/mhancock/xray/sample_bench/out/277_native_5_ref/2/output_631/pdbs/473.pdb,4.68335232762521,0.4786722788134836,0.3067807362050077,631
793,9.710803163323106,0.1679019114176873,0.4535076365676763,4.94456588977928,0.238537484672431,0.9403692896361344,32989.28077694907,0.1799854677272498,0.1632804522729551,0.1926003456691042,/wynton/group/sali/mhancock/xray/sample_bench/out/277_native_5_ref/2/output_434/pdbs/331.pdb,4.766237273543826,0.0596307103638656,0.5464923634323237,434
794,9.384332193579475,0.1395320086355409,0.3273267763876634,4.64531103481621,0.1755341251660882,0.4055649327021499,12785.714703255891,0.1357147552678326,0.1485703687178265,0.1707832701673222,/wynton/group/sali/mhancock/xray/sample_bench/out/277_native_5_ref/2/output_192/pdbs/480.pdb,4.739021158763266,0.5944350672978501,0.6726732236123366,192
795,9.586212231688812,0.1288305083748427,0.5378700845473968,4.776858043212448,0.1931186319061149,0.5860187165530614,16710.354235347677,0.1558538768495683,0.1598397868123109,0.1914092922292844,/wynton/group/sali/mhancock/xray/sample_bench/out/277_native_5_ref/2/output_551/pdbs/478.pdb,4.809354188476364,0.4139812834469386,0.4621299154526032,551
796,10.128692188805475,0.2943351262172572,0.8938578260125988,4.9920908693471615,0.3327943839212305,0.3391202178573309,22176.85561701924,0.198578739801745,0.2261871007723234,0.2787823087894948,/wynton/group/sali/mhancock/xray/sample_bench/out/277_native_5_ref/2/output_957/pdbs/45.pdb,5.136601319458314,0.6608797821426691,0.1061421739874012,957
797,9.05788372645687,0.0675613773115032,0.2864459530742445,4.4787578083798,0.1490811988421934,0.3225914777512028,11271.001968063589,0.1149260169566355,0.1269932754265161,0.1498087214572605,/wynton/group/sali/mhancock/xray/sample_bench/out/277_native_5_ref/2/output_779/pdbs/468.pdb,4.57912591807707,0.6774085222487971,0.7135540469257555,779
798,9.08864916571724,0.0968389452109187,0.0233861014729382,4.582715697290029,0.160388327465032,0.0590156704239898,15041.126479237711,0.1211027128858808,0.1133765283621375,0.1451404602111402,/wynton/group/sali/mhancock/xray/sample_bench/out/277_native_5_ref/2/output_636/pdbs/472.pdb,4.50593346842721,0.9409843295760102,0.9766138985270616,636
799,9.277169048071553,0.1132439165637321,0.7770008303675425,4.564413976038077,0.1607738819462771,0.5992081239185638,15522.0824767702,0.1289093001055824,0.1442986762942122,0.1678494165276706,/wynton/group/sali/mhancock/xray/sample_bench/out/277_native_5_ref/2/output_839/pdbs/271.pdb,4.712755072033475,0.4007918760814362,0.2229991696324575,839
800,9.512233661608914,0.1403854583480402,0.4737894090464712,4.788194584430678,0.2038670130645571,0.77141515204183,19770.48235378587,0.154713031274692,0.1479023740934905,0.185847541484155,/wynton/group/sali/mhancock/xray/sample_bench/out/277_native_5_ref/2/output_704/pdbs/119.pdb,4.724039077178235,0.22858484795817,0.5262105909535287,704
801,9.285288367862792,0.1104463816050246,0.9839488135969346,4.784338740527458,0.1957878017354274,0.81333950630898,14689.73860325305,0.1466581836743064,0.1163257641006583,0.1446816475671693,/wynton/group/sali/mhancock/xray/sample_bench/out/277_native_5_ref/2/output_647/pdbs/465.pdb,4.500949627335334,0.1866604936910199,0.0160511864030653,647
802,9.11332328323876,0.1120582658710775,0.689058657171039,4.545981364801562,0.1834160002183897,0.8804921361155965,29433.85657547461,0.1172470344150574,0.1216220521911845,0.1616987751638769,/wynton/group/sali/mhancock/xray/sample_bench/out/277_native_5_ref/2/output_251/pdbs/335.pdb,4.567341918437197,0.1195078638844034,0.3109413428289611,251
803,10.04979564099448,0.1724988444586419,0.7841290023314436,5.006945987865628,0.2413863697811786,0.3085391937746958,23196.52844173979,0.1874249861289053,0.1929988993808983,0.2443252805664017,/wynton/group/sali/mhancock/xray/sample_bench/out/277_native_5_ref/2/output_914/pdbs/5.pdb,5.042849653128852,0.6914608062253043,0.2158709976685564,914
804,9.837570414952406,0.1422366735663552,0.4215744066145481,4.895066346708046,0.212227028905395,0.8643298489535298,19037.66616884493,0.1689925924972336,0.1770225963755121,0.2175552513479483,/wynton/group/sali/mhancock/xray/sample_bench/out/277_native_5_ref/2/output_993/pdbs/1.pdb,4.942504068244359,0.1356701510464702,0.5784255933854519,993
805,9.382698737725672,0.1542431179237702,0.573075471494626,4.66664201601368,0.1707059735877266,0.5869753837771562,31321.32134723665,0.1387202750562126,0.1441728396691265,0.17527780650289,/wynton/group/sali/mhancock/xray/sample_bench/out/277_native_5_ref/2/output_48/pdbs/448.pdb,4.716056721711992,0.4130246162228437,0.426924528505374,48
806,9.576057392418505,0.1344323824036525,0.4572506454267834,4.805944197008963,0.1913475877299798,0.5824776261571863,13382.88998833884,0.1605519650898368,0.1534665449413087,0.1855049499865461,/wynton/group/sali/mhancock/xray/sample_bench/out/277_native_5_ref/2/output_589/pdbs/310.pdb,4.770113195409543,0.4175223738428136,0.5427493545732166,589
807,9.659779965855542,0.1256673389257779,0.5902167029566167,4.811231833116172,0.2212861518337723,0.483490678699589,16729.63284937391,0.1600319144647399,0.1682235079183963,0.2015901768869881,/wynton/group/sali/mhancock/xray/sample_bench/out/277_native_5_ref/2/output_912/pdbs/379.pdb,4.84854813273937,0.516509321300411,0.4097832970433833,912
808,9.72713491840253,0.1660791208575671,0.0450520028970627,4.799513222854414,0.1986461522672385,0.5092439410568432,17992.853326324876,0.1630083034605953,0.1780277664931663,0.2145712188599269,/wynton/group/sali/mhancock/xray/sample_bench/out/277_native_5_ref/2/output_12/pdbs/300.pdb,4.927621695548115,0.4907560589431567,0.9549479971029372,12
809,9.367303172975287,0.1175498328271814,0.0661560782228766,4.650968323325231,0.1739057606348777,0.4572023070970331,14540.427269233003,0.1426986165274202,0.1435843046965857,0.1765919841978984,/wynton/group/sali/mhancock/xray/sample_bench/out/277_native_5_ref/2/output_51/pdbs/358.pdb,4.716334849650056,0.5427976929029669,0.9338439217771234,51
810,9.127315812823344,0.1308986549214972,0.7078975918844734,4.459380828957332,0.1411124124598145,0.6572451012832523,31037.53227512595,0.1138535452319653,0.1343209617557322,0.1784152636665294,/wynton/group/sali/mhancock/xray/sample_bench/out/277_native_5_ref/2/output_858/pdbs/470.pdb,4.667934983866012,0.3427548987167477,0.2921024081155265,858
811,9.40890073126117,0.1693979563255733,0.4243618922284211,4.724310204047272,0.1921024224408929,0.3844052824499225,15928.09084520918,0.1425121584740905,0.1401705865478254,0.1721018996834532,/wynton/group/sali/mhancock/xray/sample_bench/out/277_native_5_ref/2/output_526/pdbs/418.pdb,4.6845905272138975,0.6155947175500774,0.575638107771579,526
812,9.70492614014453,0.1136583927617086,0.121893633683334,4.806943412091967,0.2016609351243586,0.5022159829855025,17903.937648501236,0.1638319398445578,0.1732175558398814,0.2132405443669965,/wynton/group/sali/mhancock/xray/sample_bench/out/277_native_5_ref/2/output_36/pdbs/419.pdb,4.897982728052563,0.4977840170144975,0.8781063663166659,36
813,9.15370663470523,0.1713781110355434,0.254140064540255,4.512851994401309,0.1510976533202195,0.3802298808792796,13159.362294993824,0.1209846933037136,0.1348926999754534,0.1567474084616332,/wynton/group/sali/mhancock/xray/sample_bench/out/277_native_5_ref/2/output_801/pdbs/306.pdb,4.640854640303922,0.6197701191207203,0.7458599354597449,801
814,9.72476204037056,0.1534297635228388,0.5879199848630537,4.864273917053359,0.2201744923122683,0.3669464497402621,13668.14989651606,0.166975900418596,0.1697097256396177,0.2003383347165634,/wynton/group/sali/mhancock/xray/sample_bench/out/277_native_5_ref/2/output_714/pdbs/374.pdb,4.860488123317201,0.6330535502597379,0.4120800151369462,714
815,9.35126139881038,0.1102610743883911,0.2624672526552204,4.6429806430604685,0.1888694106893663,0.4439751143433453,12212.979547509069,0.1361857111411576,0.1446939050198342,0.1789200980812809,/wynton/group/sali/mhancock/xray/sample_bench/out/277_native_5_ref/2/output_732/pdbs/409.pdb,4.708280755749912,0.5560248856566548,0.7375327473447796,732
816,9.389440717778015,0.173685284228147,0.10326160408892,4.632017671683446,0.1567256036873634,0.4824050520683293,15207.848931389744,0.1372755834321347,0.1502498256296405,0.1755734809791738,/wynton/group/sali/mhancock/xray/sample_bench/out/277_native_5_ref/2/output_844/pdbs/489.pdb,4.757423046094568,0.5175949479316707,0.89673839591108,844
817,9.803544021361823,0.2469209268251431,0.3986653992655831,4.920566535828203,0.2328085085662053,0.7185638881877149,18428.849096711,0.1796381069491218,0.1772926122197601,0.2211545033089004,/wynton/group/sali/mhancock/xray/sample_bench/out/277_native_5_ref/2/output_403/pdbs/483.pdb,4.882977485533621,0.281436111812285,0.6013346007344168,403
818,9.374925949794015,0.1316374203796281,0.5321574171329349,4.709450837633015,0.1819348596730929,0.800527743235923,14091.345196401093,0.1421851872550508,0.1373866025066249,0.1678440443356002,/wynton/group/sali/mhancock/xray/sample_bench/out/277_native_5_ref/2/output_338/pdbs/428.pdb,4.665475112160999,0.1994722567640769,0.4678425828670651,338
819,9.647669475391211,0.1375986662609565,0.5464141161963467,4.812993121936852,0.2030446077349081,0.3994982512184015,23423.6207134691,0.1592844204484897,0.1622041596632472,0.199815487336637,/wynton/group/sali/mhancock/xray/sample_bench/out/277_native_5_ref/2/output_625/pdbs/416.pdb,4.834676353454358,0.6005017487815986,0.4535858838036533,625
820,10.043531539790681,0.2074417704743671,0.995972840847843,4.924426955729118,0.2330011946161234,0.3999257857664887,16852.86734014035,0.1904813754672225,0.218713210716178,0.2633456696907941,/wynton/group/sali/mhancock/xray/sample_bench/out/277_native_5_ref/2/output_118/pdbs/40.pdb,5.1191045840615645,0.6000742142335113,0.004027159152157,118
821,9.530070321711205,0.1277218562770607,0.5050255550401535,4.805250640303047,0.1987987290310523,0.6262588675415447,16170.770408794073,0.1577026037800547,0.1470151684026583,0.1770413488283196,/wynton/group/sali/mhancock/xray/sample_bench/out/277_native_5_ref/2/output_182/pdbs/228.pdb,4.7248196814081584,0.3737411324584553,0.4949744449598466,182
822,10.044006465068252,0.9998974032612712,0.0602291034277276,5.06881012056554,0.3068518059906282,0.9662394587467784,23138.902448980425,0.2224550713868769,0.205546059087808,0.2734909270521814,/wynton/group/sali/mhancock/xray/sample_bench/out/277_native_5_ref/2/output_115/pdbs/415.pdb,4.975196344502712,0.0337605412532214,0.9397708965722724,115
823,9.42968886293103,0.1661447504336552,0.4267757894842176,4.658268229384366,0.1741938994718035,0.0598740192568307,18349.738780491756,0.1365048383796261,0.153433795616821,0.1955836939885356,/wynton/group/sali/mhancock/xray/sample_bench/out/277_native_5_ref/2/output_238/pdbs/443.pdb,4.771420633546664,0.9401259807431692,0.5732242105157824,238
824,8.953492747138181,0.1473375435518087,0.852343621899378,4.368814780007342,0.1359390399406692,0.9018885882043268,17198.552318385093,0.1034495886065674,0.1203782085667694,0.1458571244701471,/wynton/group/sali/mhancock/xray/sample_bench/out/277_native_5_ref/2/output_16/pdbs/479.pdb,4.58467796713084,0.0981114117956732,0.147656378100622,16
825,9.588040717216504,0.1975965486786423,0.564741531625269,4.929306537682059,0.2125127567390031,0.1825249125835809,19767.08764618591,0.1828776794099327,0.1504078401556368,0.1714958873748649,/wynton/group/sali/mhancock/xray/sample_bench/out/277_native_5_ref/2/output_250/pdbs/412.pdb,4.658734179534444,0.817475087416419,0.4352584683747311,250
826,9.63126187141711,0.1772411806232602,0.4664795653517821,4.843901388766589,0.2111910402298498,0.6006834055548828,22800.45234943968,0.16529527804657,0.1583692560225917,0.1921730042461426,/wynton/group/sali/mhancock/xray/sample_bench/out/277_native_5_ref/2/output_278/pdbs/420.pdb,4.78736048265052,0.3993165944451172,0.5335204346482179,278
827,9.030361129244294,0.1203420904751761,0.6690542419504062,4.394814708901651,0.141281946702531,0.9817310403917516,11689.161931141156,0.108320384461367,0.1317357307806845,0.1641044993339597,/wynton/group/sali/mhancock/xray/sample_bench/out/277_native_5_ref/2/output_61/pdbs/465.pdb,4.635546420342643,0.0182689596082482,0.3309457580495938,61
828,9.592176978058763,0.1665809187367001,0.5816473821814341,4.772403640959688,0.2045894343642491,0.5182987523597086,17595.962279953925,0.1556859661881231,0.165060016190807,0.1956349569050621,/wynton/group/sali/mhancock/xray/sample_bench/out/277_native_5_ref/2/output_213/pdbs/471.pdb,4.8197733370990745,0.4817012476402915,0.4183526178185659,213
829,10.04135091341874,0.3232490419031559,0.3209307828358601,5.129916719512482,0.2740997236136566,0.8024263376227105,20204.652719583723,0.2249852972827204,0.189862207420189,0.2269193280671682,/wynton/group/sali/mhancock/xray/sample_bench/out/277_native_5_ref/2/output_772/pdbs/59.pdb,4.911434193906257,0.1975736623772894,0.6790692171641399,772
830,9.415546119573285,0.1922529035896038,0.5863178333720593,4.648997041298031,0.1741092788093008,0.5618995234808807,35050.19134019993,0.1301220414255599,0.1470213765935356,0.1856552831880052,/wynton/group/sali/mhancock/xray/sample_bench/out/277_native_5_ref/2/output_554/pdbs/419.pdb,4.766549078275255,0.4381004765191193,0.4136821666279406,554
831,9.479955448823272,0.1101242885247651,0.5210562628133902,4.792760029218632,0.2291641498733998,0.4721090956993657,21121.88121350512,0.1537782254484172,0.1431771489451543,0.1625526911448296,/wynton/group/sali/mhancock/xray/sample_bench/out/277_native_5_ref/2/output_204/pdbs/431.pdb,4.68719541960464,0.5278909043006342,0.4789437371866097,204
832,9.49839857920933,0.2824515581940799,0.5144856490825496,4.838006405589106,0.1887702577074881,0.2843057371884244,17841.81768906238,0.1640373252107688,0.1446924487546643,0.1603994708410762,/wynton/group/sali/mhancock/xray/sample_bench/out/277_native_5_ref/2/output_833/pdbs/417.pdb,4.660392173620224,0.7156942628115756,0.4855143509174505,833
833,9.748996960359342,0.1221456047242949,0.3072455981895324,4.886422995774077,0.2185431900736764,0.5943914045595888,11014.250586445076,0.1671897477274732,0.1681161085378099,0.2022459643601084,/wynton/group/sali/mhancock/xray/sample_bench/out/277_native_5_ref/2/output_854/pdbs/1.pdb,4.862573964585266,0.4056085954404111,0.6927544018104675,854
834,9.704289315849932,0.2179895619796464,0.4103777758383701,4.924420215419436,0.2212884682633592,0.7716706902148741,17826.923151061277,0.1810830109092383,0.1583865813847376,0.1980614523627998,/wynton/group/sali/mhancock/xray/sample_bench/out/277_native_5_ref/2/output_650/pdbs/482.pdb,4.7798691004304965,0.2283293097851259,0.5896222241616299,650
835,9.876926360219752,0.1931082175132715,0.8411732432147111,4.844563988037514,0.2139431467986249,0.4154609133051918,18994.420944906225,0.1767503632729344,0.2052328859603571,0.2425603889239679,/wynton/group/sali/mhancock/xray/sample_bench/out/277_native_5_ref/2/output_771/pdbs/397.pdb,5.032362372182237,0.5845390866948083,0.1588267567852888,771
836,9.627759894789513,0.1475017540981057,0.2531982313732834,4.753773766665876,0.2275679747297148,0.4988575068803058,21658.918182858888,0.149796871641468,0.1652298334815931,0.2158354052652767,/wynton/group/sali/mhancock/xray/sample_bench/out/277_native_5_ref/2/output_333/pdbs/423.pdb,4.8739861281236365,0.5011424931196942,0.7468017686267165,333
837,9.834322660851022,0.245816816782356,0.631308946585748,4.9385224834392645,0.217286069547581,0.3118004681440872,22400.559260252307,0.184879761722166,0.1756081799744439,0.2060436538000584,/wynton/group/sali/mhancock/xray/sample_bench/out/277_native_5_ref/2/output_570/pdbs/292.pdb,4.895800177411757,0.6881995318559128,0.3686910534142519,570
838,9.312604635101401,0.1438199479867616,0.376827858864506,4.5853746450441415,0.1661389525528283,0.0972230403270189,12586.903323260954,0.1262780595532193,0.1457937308892236,0.1799135994725617,/wynton/group/sali/mhancock/xray/sample_bench/out/277_native_5_ref/2/output_660/pdbs/445.pdb,4.72722999005726,0.902776959672981,0.6231721411354939,660
839,9.15887069821354,0.1440410226367667,0.5992166066336732,4.650751214602493,0.1815613555905814,0.7776686142098945,14881.630226861342,0.1344676868584537,0.1228104840193253,0.1560848846236608,/wynton/group/sali/mhancock/xray/sample_bench/out/277_native_5_ref/2/output_673/pdbs/439.pdb,4.508119483611048,0.2223313857901054,0.4007833933663269,673
840,10.126607378735716,0.2539985718676595,0.0585471166711612,4.94960743841026,0.221737797609308,0.630529157491241,21033.34682299175,0.1959764683985209,0.2301618601552764,0.2640487120604713,/wynton/group/sali/mhancock/xray/sample_bench/out/277_native_5_ref/2/output_436/pdbs/35.pdb,5.176999940325456,0.3694708425087589,0.9414528833288388,436
841,9.446942705365352,0.178405830149161,0.7166240535993509,4.696584522867392,0.1914827990847006,0.508002392787099,19566.718069456063,0.1412049505860018,0.1510039339244062,0.1838575990284481,/wynton/group/sali/mhancock/xray/sample_bench/out/277_native_5_ref/2/output_587/pdbs/255.pdb,4.75035818249796,0.4919976072129009,0.2833759464006491,587
842,8.823805326625434,0.0948417690774969,0.7355619930893794,4.346879913338844,0.1275451810073727,0.8335991637439478,12418.095620432618,0.103632039038585,0.1142466718549667,0.1332236348326583,/wynton/group/sali/mhancock/xray/sample_bench/out/277_native_5_ref/2/output_776/pdbs/267.pdb,4.47692541328659,0.1664008362560521,0.2644380069106205,776
843,10.06212134500931,0.3045015492538672,0.76806954957059,5.001607586396042,0.2367070183610896,0.283849017941665,22277.85704124079,0.1974649609537961,0.2045192391807635,0.2463210609233884,/wynton/group/sali/mhancock/xray/sample_bench/out/277_native_5_ref/2/output_410/pdbs/23.pdb,5.060513758613268,0.7161509820583349,0.2319304504294099,410
844,10.204265760801132,0.3911975122214166,0.8911565397531918,4.963105021402987,0.3713867442256855,0.3593677033813706,19412.985194906167,0.189399972928868,0.2506083170388303,0.3220092584985396,/wynton/group/sali/mhancock/xray/sample_bench/out/277_native_5_ref/2/output_532/pdbs/193.pdb,5.241160739398145,0.6406322966186294,0.1088434602468082,532
845,9.56945811114873,0.1541821998128096,0.6833033722198698,4.719626459076316,0.1797216760637303,0.4557770563963647,17202.461111758636,0.1472401318450099,0.1653991041461264,0.1953707255493195,/wynton/group/sali/mhancock/xray/sample_bench/out/277_native_5_ref/2/output_409/pdbs/366.pdb,4.849831652072414,0.5442229436036353,0.3166966277801301,409
846,9.46665817994188,0.2213003520241287,0.4838663429346593,4.722858915634582,0.1819935292099197,0.4436242323252929,20610.009007890705,0.1434892750336501,0.1485978003653095,0.1833394159041557,/wynton/group/sali/mhancock/xray/sample_bench/out/277_native_5_ref/2/output_722/pdbs/302.pdb,4.7437992643073,0.5563757676747071,0.5161336570653406,722
847,9.661389232200026,0.177124414494272,0.4440376212273166,4.843018956938472,0.2174356121415057,0.6515929142871744,20197.457642684563,0.1653471612663279,0.1628494540175573,0.2047896093011673,/wynton/group/sali/mhancock/xray/sample_bench/out/277_native_5_ref/2/output_472/pdbs/292.pdb,4.818370275261553,0.3484070857128256,0.5559623787726834,472
848,9.98918078114647,0.3756349096437296,0.3975195913746041,5.011842534380357,0.2406116760300944,0.6467573928911491,20301.436712515595,0.1918991942043777,0.1858664351074761,0.2277607313540856,/wynton/group/sali/mhancock/xray/sample_bench/out/277_native_5_ref/2/output_582/pdbs/289.pdb,4.977338246766113,0.3532426071088509,0.602480408625396,582
849,8.858233151783413,0.1168196447177232,0.7921659981101151,4.380696406855565,0.1511964967102499,0.8023822165258603,16043.453636622658,0.1036472209920134,0.1109921604812565,0.1389659676187022,/wynton/group/sali/mhancock/xray/sample_bench/out/277_native_5_ref/2/output_116/pdbs/493.pdb,4.477536744927849,0.1976177834741397,0.2078340018898848,116
850,9.362560286062294,0.1224092747461856,0.9696318658695846,4.808050522824368,0.1993335158829779,0.6321899634333883,19872.85779006326,0.1516934936278773,0.1221727752514798,0.1526305043307081,/wynton/group/sali/mhancock/xray/sample_bench/out/277_native_5_ref/2/output_385/pdbs/369.pdb,4.554509763237925,0.3678100365666116,0.0303681341304154,385
851,9.156276377328322,0.1700124589744984,0.4046148914751616,4.541675250815636,0.1438179312306151,0.1874013432859397,13325.38256524116,0.1215062485879679,0.1288334264862576,0.1543505371927361,/wynton/group/sali/mhancock/xray/sample_bench/out/277_native_5_ref/2/output_652/pdbs/173.pdb,4.614601126512686,0.8125986567140602,0.5953851085248384,652
852,9.536475509901837,0.17366964552267,0.3374345299031959,4.755251285366972,0.1973424160290055,0.4683517114804245,34486.02500932748,0.146672266382415,0.1461099319136304,0.1879261466765931,/wynton/group/sali/mhancock/xray/sample_bench/out/277_native_5_ref/2/output_480/pdbs/193.pdb,4.781224224534866,0.5316482885195755,0.6625654700968041,480
853,9.831112645860312,0.1790350729761461,0.4064411233963104,5.039533135368027,0.2499352219622654,0.9222456090081396,17002.312685693312,0.2061565346677747,0.1758979090690586,0.2021987180401232,/wynton/group/sali/mhancock/xray/sample_bench/out/277_native_5_ref/2/output_97/pdbs/193.pdb,4.791579510492286,0.0777543909918605,0.5935588766036896,97
854,9.1732736190418,0.111362983585226,0.7167719067850541,4.423571497828388,0.1516901507192646,0.5781784396749103,21884.47202449162,0.1127766911464723,0.1460899016208287,0.1781587215076118,/wynton/group/sali/mhancock/xray/sample_bench/out/277_native_5_ref/2/output_279/pdbs/355.pdb,4.749702121213411,0.4218215603250896,0.2832280932149459,279
855,9.194768313731586,0.1905037288769157,0.3468589482298763,4.404886386435565,0.1413426532508492,0.0016353907560564,25161.680899542094,0.1097054182190025,0.1509526264186046,0.1945091148060247,/wynton/group/sali/mhancock/xray/sample_bench/out/277_native_5_ref/2/output_760/pdbs/418.pdb,4.789881927296021,0.9983646092439435,0.6531410517701237,760
856,9.577397309765132,0.1884879429697489,0.5569290217572785,4.777687544830246,0.20543789417668,0.5336416931645412,21608.02377093949,0.1541093675833489,0.1575523336019116,0.1874215219734565,/wynton/group/sali/mhancock/xray/sample_bench/out/277_native_5_ref/2/output_581/pdbs/474.pdb,4.799709764934886,0.4663583068354587,0.4430709782427215,581
857,9.245909478245425,0.097132544786141,0.1276796481896019,4.601094314383851,0.1647638312644764,0.2710900126739593,13529.30636240791,0.1291364718685108,0.1309637882502251,0.1709855987389097,/wynton/group/sali/mhancock/xray/sample_bench/out/277_native_5_ref/2/output_907/pdbs/228.pdb,4.644815163861574,0.7289099873260406,0.872320351810398,907
858,9.537236676560145,0.2023532392912061,0.5823354620856745,4.762671634606846,0.1816431625767847,0.5399604569078588,15043.521201322852,0.1519471257878501,0.150427309459644,0.1805704584553722,/wynton/group/sali/mhancock/xray/sample_bench/out/277_native_5_ref/2/output_752/pdbs/455.pdb,4.774565041953298,0.4600395430921413,0.4176645379143254,752
859,8.814521928415658,0.0736570421279683,0.3681842616941064,4.361993733051526,0.1193244453073365,0.1300415270766169,12454.273426037307,0.1034001757366375,0.111998242438949,0.1315483440918139,/wynton/group/sali/mhancock/xray/sample_bench/out/277_native_5_ref/2/output_349/pdbs/445.pdb,4.452528195364132,0.8699584729233831,0.6318157383058935,349
860,9.718772714141785,0.2610340204129386,0.2670436200032291,4.8096939994658285,0.2193487968578635,0.5673324554014778,14673.062325919334,0.1583995639143135,0.1759845174000366,0.2226970894188031,/wynton/group/sali/mhancock/xray/sample_bench/out/277_native_5_ref/2/output_920/pdbs/159.pdb,4.909078714675956,0.4326675445985222,0.732956379996771,920
861,9.594373020154844,0.2219193307215826,0.4370643384743171,4.840883542995254,0.2080917725417428,0.7498757362164861,15985.0000439116,0.164707457385893,0.1556863634423003,0.1979058120081726,/wynton/group/sali/mhancock/xray/sample_bench/out/277_native_5_ref/2/output_329/pdbs/340.pdb,4.75348947715959,0.250124263783514,0.562935661525683,329
862,9.93457687474304,1.0454129707127908,0.7489767712465686,5.071554910967393,0.3463849594174051,0.1475233519975796,19071.97762127964,0.2561027139586223,0.200971906066744,0.2789848408498957,/wynton/group/sali/mhancock/xray/sample_bench/out/277_native_5_ref/2/output_603/pdbs/421.pdb,4.863021963775648,0.8524766480024203,0.2510232287534314,603
863,9.381640969876912,0.1679035489790749,0.3948813052254866,4.627018479643405,0.1804830979395474,0.4302537317504819,21071.452612757745,0.1307590835490135,0.147807722202294,0.1793433813321575,/wynton/group/sali/mhancock/xray/sample_bench/out/277_native_5_ref/2/output_575/pdbs/430.pdb,4.754622490233508,0.569746268249518,0.6051186947745134,575
864,9.307332133511583,0.211264771890953,0.3566774388545978,4.436269723756899,0.1375026048791953,0.0257410214977323,24839.805564736525,0.1153437382438104,0.1639396548662532,0.2102372908228167,/wynton/group/sali/mhancock/xray/sample_bench/out/277_native_5_ref/2/output_364/pdbs/365.pdb,4.871062409754683,0.9742589785022676,0.6433225611454022,364
865,9.734254198316906,0.1483618628303591,0.2286218264594582,4.793785308629067,0.1966695428095591,0.5507149699305358,15350.552876133304,0.1656932959954998,0.1823536050984178,0.2155430035350519,/wynton/group/sali/mhancock/xray/sample_bench/out/277_native_5_ref/2/output_31/pdbs/459.pdb,4.940468889687839,0.4492850300694641,0.7713781735405417,31
866,9.77495754633803,0.1375765914412121,0.4531853255294565,4.933554114222623,0.2527945273102803,0.9415928955651366,17255.135471306912,0.1767334257371946,0.1731319103713429,0.2073797611860437,/wynton/group/sali/mhancock/xray/sample_bench/out/277_native_5_ref/2/output_235/pdbs/461.pdb,4.841403432115407,0.0584071044348634,0.5468146744705434,235
867,9.487827807230815,0.1421055354525845,0.5001211560023919,4.750084039994905,0.1926858455372063,0.6626621735149225,19783.258827101214,0.1501877321232255,0.1492476946149738,0.1777851864350595,/wynton/group/sali/mhancock/xray/sample_bench/out/277_native_5_ref/2/output_8/pdbs/391.pdb,4.73774376723591,0.3373378264850775,0.499878843997608,8
868,9.188488998150596,0.1210152468582531,0.0016108180257805,4.667230198392575,0.1680552236775213,0.0799036489038575,19200.70587928024,0.1335341762363857,0.1200051566904774,0.1526345868072787,/wynton/group/sali/mhancock/xray/sample_bench/out/277_native_5_ref/2/output_706/pdbs/315.pdb,4.52125879975802,0.9200963510961424,0.9983891819742194,706
869,9.527038845030688,0.1666698511639567,0.661311592488529,4.750111887505891,0.2149249636578328,0.5643441253255556,16586.30453910523,0.1512292405919464,0.1540480308685055,0.1939088407146656,/wynton/group/sali/mhancock/xray/sample_bench/out/277_native_5_ref/2/output_207/pdbs/324.pdb,4.776926957524797,0.4356558746744445,0.3386884075114711,207
870,9.740572013693132,0.1764836450449871,0.630829981339317,4.819630515882383,0.193444924819551,0.4439848948005315,17620.663968268294,0.1674984321219537,0.1781173285034142,0.2052354477214666,/wynton/group/sali/mhancock/xray/sample_bench/out/277_native_5_ref/2/output_937/pdbs/401.pdb,4.92094149781075,0.5560151051994684,0.369170018660683,937
871,9.877668465336981,0.2382460169845818,0.145250609291845,4.867762811321749,0.2131115955520086,0.5925010809968791,18976.91780066377,0.1775911494792146,0.1982998374297512,0.2369731139994527,/wynton/group/sali/mhancock/xray/sample_bench/out/277_native_5_ref/2/output_686/pdbs/181.pdb,5.009905654015231,0.4074989190031208,0.8547493907081549,686
872,9.47981257919422,0.1483984520899563,0.4164389518819238,4.690459440645652,0.165762400725632,0.4628635343334464,13430.042663057711,0.1433815240760735,0.1589540386347216,0.1759746384555917,/wynton/group/sali/mhancock/xray/sample_bench/out/277_native_5_ref/2/output_794/pdbs/197.pdb,4.789353138548568,0.5371364656665535,0.5835610481180762,794
873,9.278665408348957,0.1345815362464445,0.2170936243356098,4.541051937069978,0.1545385577423694,0.3692092379227967,17363.976280613308,0.1285615454190479,0.1490194124754277,0.1752563047846158,/wynton/group/sali/mhancock/xray/sample_bench/out/277_native_5_ref/2/output_423/pdbs/403.pdb,4.737613471278979,0.6307907620772034,0.7829063756643903,423
874,9.546739465588388,0.1879025341980205,0.6598466586146527,4.728478271163176,0.2142440281370391,0.5135693551416963,15797.870139943392,0.1493277177575788,0.1612957156887333,0.2193027826395643,/wynton/group/sali/mhancock/xray/sample_bench/out/277_native_5_ref/2/output_838/pdbs/410.pdb,4.8182611944252125,0.4864306448583037,0.3401533413853473,838
875,9.423834349178914,0.1916137325495591,0.5088729754077611,4.732199720268374,0.1757783061159008,0.6039890444498099,23121.16506764373,0.1487621805440521,0.1429199605921177,0.1661098046392222,/wynton/group/sali/mhancock/xray/sample_bench/out/277_native_5_ref/2/output_211/pdbs/463.pdb,4.69163462891054,0.39601095555019,0.4911270245922389,211
876,9.566862950513542,0.179768062582638,0.5730105736014734,4.726463055765558,0.1894221096916434,0.4872303119950054,17831.88526325269,0.14640750208096,0.1630889538421089,0.200131475032237,/wynton/group/sali/mhancock/xray/sample_bench/out/277_native_5_ref/2/output_825/pdbs/396.pdb,4.840399894747984,0.5127696880049946,0.4269894263985266,825
877,9.472542918113186,0.1579955629640097,0.2768614493841401,4.649953592267839,0.1728097220802427,0.4368455276247837,23108.60719299091,0.1401050419892934,0.1600969849269359,0.1903021684557348,/wynton/group/sali/mhancock/xray/sample_bench/out/277_native_5_ref/2/output_493/pdbs/404.pdb,4.822589325845347,0.5631544723752163,0.7231385506158599,493
878,9.264922164120962,0.2011294260540603,0.6743882103643649,4.583723413428006,0.1831604628384637,0.5398554982041811,16402.030883497886,0.1260446433852108,0.139066990788909,0.1747634476914732,/wynton/group/sali/mhancock/xray/sample_bench/out/277_native_5_ref/2/output_149/pdbs/453.pdb,4.681198750692957,0.4601445017958189,0.3256117896356351,149
879,9.282917116053088,0.1050753117787715,0.5568845919562163,4.621760552154713,0.1593545766274691,0.5789581858290781,17927.771908478542,0.1313947517567472,0.1354955068839851,0.1603123800231514,/wynton/group/sali/mhancock/xray/sample_bench/out/277_native_5_ref/2/output_337/pdbs/366.pdb,4.661156563898375,0.421041814170922,0.4431154080437837,337
880,9.279861489126388,0.1678901851707159,0.4133854574801108,4.629391470170486,0.1918727575951302,0.3439122288128454,21998.69552432816,0.1323251188690179,0.136966997061386,0.164877107535323,/wynton/group/sali/mhancock/xray/sample_bench/out/277_native_5_ref/2/output_427/pdbs/473.pdb,4.650470018955902,0.6560877711871547,0.5866145425198892,427
881,9.412937205588086,0.0959600628446973,0.5737917780899903,4.69763536858287,0.1886792519712895,0.558482152850689,20685.44785982236,0.1409812163673915,0.1446371616857275,0.1818267400384224,/wynton/group/sali/mhancock/xray/sample_bench/out/277_native_5_ref/2/output_717/pdbs/272.pdb,4.715301837005217,0.4415178471493109,0.4262082219100097,717
882,9.82869379272351,0.1357883128775101,0.1539809600282308,4.930781306814544,0.2301925158173826,0.571051746466773,13845.235836017482,0.1717046166132399,0.172121011436378,0.2110231636344849,/wynton/group/sali/mhancock/xray/sample_bench/out/277_native_5_ref/2/output_504/pdbs/2.pdb,4.897912485908966,0.428948253533227,0.8460190399717692,504
883,9.217524284896978,0.1216159170287156,0.3701517557583811,4.573954334297217,0.168325424329772,0.3726032883705694,33658.50679878057,0.1211735120104886,0.1311344843330613,0.1669844525700231,/wynton/group/sali/mhancock/xray/sample_bench/out/277_native_5_ref/2/output_271/pdbs/176.pdb,4.643569950599762,0.6273967116294307,0.6298482442416189,271
884,9.211039273693924,0.173654698287574,0.3815168491840242,4.618953581675992,0.1810408970075146,0.3405993784893401,32564.056273975733,0.1289661535859379,0.1257434337129714,0.1676595608710621,/wynton/group/sali/mhancock/xray/sample_bench/out/277_native_5_ref/2/output_396/pdbs/399.pdb,4.592085692017931,0.6594006215106599,0.6184831508159758,396
885,9.850586288797935,0.1953577597991116,0.9915228298384502,4.914473262020029,0.2265819180214082,0.4480091064346438,22429.377519589914,0.1869946707585865,0.1841931266492288,0.220154961817397,/wynton/group/sali/mhancock/xray/sample_bench/out/277_native_5_ref/2/output_226/pdbs/424.pdb,4.936113026777906,0.5519908935653562,0.0084771701615498,226
886,9.729106897146899,0.1941113052120351,0.9341275235847544,4.725032901034747,0.1870557583400266,0.4802195221351085,20200.76811381688,0.1603173251097428,0.1932580171250093,0.2327465020891126,/wynton/group/sali/mhancock/xray/sample_bench/out/277_native_5_ref/2/output_842/pdbs/460.pdb,5.004073996112151,0.5197804778648915,0.0658724764152455,842
887,9.88661982206094,0.2233175640585148,0.6486430375651953,4.976365554757856,0.2404042776429157,0.2728429330790181,22226.323845691782,0.193285293780799,0.1822853489155839,0.2190573255617038,/wynton/group/sali/mhancock/xray/sample_bench/out/277_native_5_ref/2/output_815/pdbs/288.pdb,4.910254267303084,0.7271570669209819,0.3513569624348048,815
888,9.130102450369913,0.1495453858291524,0.170766322835733,4.568826595803565,0.1788197631337664,0.3149101195765324,18525.992696449885,0.1260708470728,0.1225934231140186,0.1514396291901704,/wynton/group/sali/mhancock/xray/sample_bench/out/277_native_5_ref/2/output_47/pdbs/438.pdb,4.561275854566348,0.6850898804234676,0.829233677164267,47
889,9.739878815010929,0.182286885052482,0.8404383052197186,4.724701646133766,0.1868842912502891,0.4515894788822716,17911.638329024558,0.1606087834096674,0.1973500958355777,0.243732261484415,/wynton/group/sali/mhancock/xray/sample_bench/out/277_native_5_ref/2/output_745/pdbs/436.pdb,5.0151771688771625,0.5484105211177285,0.1595616947802813,745
890,9.517851226854702,0.198559883630618,0.50695080474568,4.811757554810293,0.2207770644578413,0.3590686823524339,20966.0464892702,0.1558878375400847,0.1432812353346766,0.2047570352654149,/wynton/group/sali/mhancock/xray/sample_bench/out/277_native_5_ref/2/output_335/pdbs/411.pdb,4.7060936720444095,0.6409313176475662,0.49304919525432,335
891,9.341249518123242,0.0946521027375799,0.3217489630024669,4.576205248097158,0.1728420953467649,0.4500772044040018,26395.49301944221,0.1283565370372777,0.1494936126020464,0.1850928557572407,/wynton/group/sali/mhancock/xray/sample_bench/out/277_native_5_ref/2/output_394/pdbs/494.pdb,4.765044270026084,0.5499227955959981,0.678251036997533,394
892,9.986195851946547,0.8721838939297779,0.9981800035393557,4.908544528041843,0.2704349944210918,0.2581587153904436,20291.999917313085,0.1986416583958482,0.2631331763790038,0.330230435123502,/wynton/group/sali/mhancock/xray/sample_bench/out/277_native_5_ref/2/output_661/pdbs/254.pdb,5.077651323904703,0.7418412846095563,0.0018199964606443,661
893,9.001920092594938,0.0858445779131447,0.7389713304641441,4.492141785272933,0.1544053481017647,0.7758319073831236,20486.06681906001,0.1164631662532117,0.1189330417931919,0.138871731845885,/wynton/group/sali/mhancock/xray/sample_bench/out/277_native_5_ref/2/output_321/pdbs/324.pdb,4.509778307322005,0.2241680926168763,0.2610286695358558,321
894,10.077677816304664,0.2621899638575964,0.3201305190346319,5.115036946468266,0.2608999619216142,0.8345287334070036,27727.38723152931,0.2198297826977573,0.1924328813104789,0.233279322815682,/wynton/group/sali/mhancock/xray/sample_bench/out/277_native_5_ref/2/output_150/pdbs/26.pdb,4.962640869836399,0.1654712665929963,0.6798694809653681,150
895,9.980538324267206,0.1475105329422363,0.2918182806142943,4.980281274975101,0.2403449860279198,0.8716696878303559,24917.05748590597,0.1818959051836604,0.18727232907508,0.240216214644839,/wynton/group/sali/mhancock/xray/sample_bench/out/277_native_5_ref/2/output_297/pdbs/2.pdb,5.000257049292105,0.1283303121696441,0.7081817193857057,297
896,9.899266472456517,0.1473538220632381,0.2075387531489443,4.952406361496853,0.2334469849977613,0.8242188045627249,20837.43435952257,0.1761659568692133,0.1788944891735497,0.2208981328911812,/wynton/group/sali/mhancock/xray/sample_bench/out/277_native_5_ref/2/output_665/pdbs/1.pdb,4.946860110959665,0.1757811954372751,0.7924612468510557,665
897,10.03626580915991,0.9939631742459152,0.9436918863513653,4.974392272144467,0.279580228501531,0.1802686791743326,22626.599584488053,0.2091955565561075,0.2488020508283566,0.3692210123419787,/wynton/group/sali/mhancock/xray/sample_bench/out/277_native_5_ref/2/output_687/pdbs/393.pdb,5.061873537015444,0.8197313208256674,0.0563081136486349,687
898,8.90297709960236,0.1180990382818194,0.9561226587297544,4.49650494342924,0.1363022633559313,0.9067100231499744,12492.997257335132,0.1076368164370609,0.1027988178020056,0.1269966796090097,/wynton/group/sali/mhancock/xray/sample_bench/out/277_native_5_ref/2/output_715/pdbs/494.pdb,4.40647215617312,0.0932899768500254,0.0438773412702454,715
899,9.882826723280951,0.2843797316259839,0.6247801269322103,5.080952155271415,0.2602885609766158,0.177869927686452,18414.26770640089,0.2156095466928878,0.1701624913586957,0.2255184293048378,/wynton/group/sali/mhancock/xray/sample_bench/out/277_native_5_ref/2/output_439/pdbs/466.pdb,4.801874568009536,0.8221300723135481,0.3752198730677897,439
900,9.721203913458485,0.278022888944838,0.151951377988978,4.75749437326156,0.1989198361946796,0.5315214547553114,14093.39471384766,0.1684013717083924,0.1905162898271191,0.2172416106292105,/wynton/group/sali/mhancock/xray/sample_bench/out/277_native_5_ref/2/output_677/pdbs/306.pdb,4.963709540196926,0.4684785452446886,0.8480486220110219,677
901,9.286008185189225,0.2642156272224188,0.7418199418723062,4.587080041343453,0.1628125372343482,0.9517593871156964,19075.43368365892,0.1277130890348291,0.1432336360779475,0.1724959889632649,/wynton/group/sali/mhancock/xray/sample_bench/out/277_native_5_ref/2/output_832/pdbs/359.pdb,4.69892814384577,0.0482406128843035,0.2581800581276938,832
902,9.544318260654505,0.1514876424166147,0.4643848124999639,4.84286269752509,0.2039099360858484,0.8197988637247966,21118.698438978823,0.1686780242531557,0.1505731440487573,0.1851223659170638,/wynton/group/sali/mhancock/xray/sample_bench/out/277_native_5_ref/2/output_829/pdbs/418.pdb,4.701455563129414,0.1802011362752034,0.5356151875000361,829
903,9.084535817684355,0.1768484664797254,0.2851671888715555,4.4417207780630825,0.1495258001509419,0.3572682976244442,16741.46736357118,0.1122423938609648,0.1321832441586499,0.1592370586416452,/wynton/group/sali/mhancock/xray/sample_bench/out/277_native_5_ref/2/output_612/pdbs/351.pdb,4.642815039621271,0.6427317023755558,0.7148328111284445,612
904,9.149430705008882,0.0939226802621404,0.725612470119213,4.440006166309583,0.1379515615449125,0.5679783791494842,23186.61361132268,0.1134426306028088,0.1409016396822159,0.166141919817662,/wynton/group/sali/mhancock/xray/sample_bench/out/277_native_5_ref/2/output_758/pdbs/431.pdb,4.7094245386993,0.4320216208505157,0.2743875298807869,758
905,9.652294509004104,0.1694211382064237,0.7364673504695541,4.747654788984352,0.1832401208574193,0.4607955108144917,17459.39707831242,0.1589277431027426,0.1769679957391105,0.2055319578897968,/wynton/group/sali/mhancock/xray/sample_bench/out/277_native_5_ref/2/output_741/pdbs/283.pdb,4.904639720019753,0.5392044891855083,0.2635326495304458,741
906,10.032487275390594,0.3354396464896213,0.7327639670507766,5.004404559184363,0.2465450125413011,0.2878671272369423,20988.166250563976,0.2036612628274563,0.2061990611106566,0.247490950128772,/wynton/group/sali/mhancock/xray/sample_bench/out/277_native_5_ref/2/output_534/pdbs/266.pdb,5.02808271620623,0.7121328727630577,0.2672360329492234,534
907,10.051497733743657,0.2464997447758233,0.6326026489349977,5.12758597171167,0.3457182141038213,0.1108932062313847,19839.174270987984,0.2155642919751659,0.1907773188187201,0.2581949169004654,/wynton/group/sali/mhancock/xray/sample_bench/out/277_native_5_ref/2/output_508/pdbs/70.pdb,4.923911762031987,0.8891067937686152,0.3673973510650023,508
908,9.935310732034687,0.269641995152863,0.7349871716964015,4.945358756155298,0.2468576939676083,0.3358186281497292,18181.830527884824,0.1856000797584178,0.1924530537873775,0.237244611132057,/wynton/group/sali/mhancock/xray/sample_bench/out/277_native_5_ref/2/output_195/pdbs/92.pdb,4.989951975879388,0.6641813718502708,0.2650128283035985,195
909,8.723098162534745,0.0748738588141869,0.7906899919970064,4.197202788651065,0.107927660714754,0.9532922186657848,12496.035729803703,0.0891822150289326,0.1148978362915421,0.1431978174121265,/wynton/group/sali/mhancock/xray/sample_bench/out/277_native_5_ref/2/output_406/pdbs/414.pdb,4.52589537388368,0.0467077813342151,0.2093100080029935,406
910,9.740016971812846,0.1988099977696447,0.4313455768664293,4.875523475228184,0.2121397237575181,0.5545040464338831,23057.72630245212,0.170960529507806,0.167229329037276,0.2005748022059877,/wynton/group/sali/mhancock/xray/sample_bench/out/277_native_5_ref/2/output_788/pdbs/169.pdb,4.864493496584663,0.445495953566117,0.5686544231335706,788
911,9.32047824162025,0.1062210077523705,0.8084906640753564,4.661916672254216,0.1726071563728723,0.6008137142130949,14400.901944454636,0.1393066927623376,0.1368691596360616,0.1666467630864572,/wynton/group/sali/mhancock/xray/sample_bench/out/277_native_5_ref/2/output_694/pdbs/483.pdb,4.658561569366036,0.3991862857869051,0.1915093359246436,694
912,9.611069175600871,0.1531675229753833,0.7300634655544563,4.7763040529199605,0.2373984030493201,0.5387364580385463,14116.58564057778,0.154455496948363,0.1608485944014215,0.2003968225874311,/wynton/group/sali/mhancock/xray/sample_bench/out/277_native_5_ref/2/output_930/pdbs/223.pdb,4.834765122680911,0.4612635419614536,0.2699365344455436,930
913,10.021019535092197,0.808596671104791,0.0830114123347058,5.013100125714221,0.2912219710807295,0.8473083734487741,22829.237782829656,0.2136883100525779,0.2327751851790961,0.2948759992307566,/wynton/group/sali/mhancock/xray/sample_bench/out/277_native_5_ref/2/output_287/pdbs/152.pdb,5.007919409377975,0.1526916265512259,0.916988587665294,287
914,9.244355908739402,0.1438708271028606,0.7922384266902754,4.540402436649223,0.1621065325016364,0.5982249506633879,19636.02936471676,0.1235982254621437,0.1401844455855238,0.1723686037546497,/wynton/group/sali/mhancock/xray/sample_bench/out/277_native_5_ref/2/output_446/pdbs/393.pdb,4.70395347209018,0.4017750493366122,0.2077615733097246,446
915,9.613284611922307,0.2559414799874149,0.694684470969177,4.728317513872135,0.186814065751644,0.4777643382204843,21648.19368446284,0.1481926955631328,0.1685910469632619,0.211601409382767,/wynton/group/sali/mhancock/xray/sample_bench/out/277_native_5_ref/2/output_74/pdbs/402.pdb,4.884967098050173,0.5222356617795156,0.305315529030823,74
916,9.344118170498069,0.1275320196927991,0.2175594874822657,4.663860080656065,0.1768092665851829,0.3897096549504583,32107.94466941308,0.1359610775518119,0.135480527987293,0.1709815210811043,/wynton/group/sali/mhancock/xray/sample_bench/out/277_native_5_ref/2/output_35/pdbs/489.pdb,4.680258089842004,0.6102903450495417,0.7824405125177343,35
917,9.715334618802274,0.1809741495288118,0.5781674038626706,4.84243169057013,0.198058976185009,0.3913304954992581,14898.945836124374,0.1654495044267921,0.1703634274410023,0.2024449892869272,/wynton/group/sali/mhancock/xray/sample_bench/out/277_native_5_ref/2/output_166/pdbs/343.pdb,4.872902928232144,0.608669504500742,0.4218325961373294,166
918,9.950983012026033,1.1186321387928582,0.7561023310904568,5.0305998287485005,0.3399173816517006,0.1390133938110141,24870.507290553687,0.2453477683644006,0.2071611669517505,0.2881637131903558,/wynton/group/sali/mhancock/xray/sample_bench/out/277_native_5_ref/2/output_987/pdbs/493.pdb,4.920383183277533,0.8609866061889859,0.2438976689095432,987
919,9.787045949785195,0.2562283715260843,0.3151878090603581,4.816125260094091,0.202901609857493,0.5829555668064138,18760.043176696217,0.1661667613389501,0.1876135986241595,0.2146575217882068,/wynton/group/sali/mhancock/xray/sample_bench/out/277_native_5_ref/2/output_716/pdbs/288.pdb,4.970920689691104,0.4170444331935861,0.6848121909396419,716
920,9.911021161021978,0.3295538616029849,0.0978599146070761,4.835443454309342,0.2556375515859168,0.5814909175210318,19754.37525297648,0.1783448344927793,0.2112406228924698,0.2497182323578583,/wynton/group/sali/mhancock/xray/sample_bench/out/277_native_5_ref/2/output_345/pdbs/343.pdb,5.075577706712635,0.4185090824789682,0.902140085392924,345
921,9.98913492350389,1.027070035981319,0.9651182462731052,4.846336490317881,0.2589261387258493,0.2836267507454567,19435.4641150834,0.1894174892223425,0.2832935710973932,0.363489366241826,/wynton/group/sali/mhancock/xray/sample_bench/out/277_native_5_ref/2/output_477/pdbs/422.pdb,5.14279843318601,0.7163732492545433,0.0348817537268947,477
922,10.018883258371691,0.8833823915853232,0.0679262530390818,5.025464981523142,0.2920487245871242,0.8715795675257346,23704.816742920844,0.2152044275585472,0.2233776680291781,0.288244531449836,/wynton/group/sali/mhancock/xray/sample_bench/out/277_native_5_ref/2/output_305/pdbs/227.pdb,4.9934182768485496,0.1284204324742654,0.9320737469609182,305
923,9.629616746563626,0.1755395857222253,0.4493126896874521,4.858087883340186,0.2248491532910527,0.6533434644653112,17043.860596016846,0.1661111856831163,0.1547337684849947,0.1988983824649132,/wynton/group/sali/mhancock/xray/sample_bench/out/277_native_5_ref/2/output_400/pdbs/307.pdb,4.771528863223439,0.3466565355346888,0.5506873103125478,400
924,10.06310091219867,0.9698465986228456,0.0927921363663357,5.0440109911247335,0.3005344179908893,0.8533608755854311,28674.96026321313,0.2191835848939824,0.2313667273660316,0.3046691793340869,/wynton/group/sali/mhancock/xray/sample_bench/out/277_native_5_ref/2/output_644/pdbs/361.pdb,5.019089921073936,0.1466391244145689,0.9072078636336643,644
925,9.425928144168093,0.1829944038338576,0.7579942515783263,4.69447132787012,0.1904854786475397,0.555759315900109,21040.312432686133,0.1426274643510152,0.1480787928924479,0.1781359733207674,/wynton/group/sali/mhancock/xray/sample_bench/out/277_native_5_ref/2/output_943/pdbs/349.pdb,4.731456816297975,0.444240684099891,0.2420057484216736,943
926,9.824364574278587,0.3328414795795843,0.1972975303396494,4.817954751419022,0.1970041582765039,0.6126770543625973,19993.463324198507,0.1669072369341997,0.1949809666375562,0.2257931132183162,/wynton/group/sali/mhancock/xray/sample_bench/out/277_native_5_ref/2/output_588/pdbs/457.pdb,5.006409822859563,0.3873229456374026,0.8027024696603506,588
927,9.133293384586516,0.1247995360211156,0.5978320784285774,4.533052946655035,0.1401445461009852,0.7627279004686913,14668.975125203297,0.1252737653418161,0.1306650285324079,0.1542990521538818,/wynton/group/sali/mhancock/xray/sample_bench/out/277_native_5_ref/2/output_786/pdbs/462.pdb,4.600240437931482,0.2372720995313086,0.4021679215714226,786
928,9.641460451182558,0.2549119760247045,0.5932955028761464,4.792540628653997,0.1899832468149345,0.4303724350161047,18411.67029499816,0.161048521056353,0.1681933894287403,0.1941387440080571,/wynton/group/sali/mhancock/xray/sample_bench/out/277_native_5_ref/2/output_622/pdbs/202.pdb,4.848919822528561,0.5696275649838953,0.4067044971238535,622
929,9.036277843443777,0.1105180427536318,0.7423409855515815,4.56096299596113,0.1709386098883597,0.7303784969630908,20148.56306899916,0.1226270291682897,0.1171569379990298,0.1465595438035911,/wynton/group/sali/mhancock/xray/sample_bench/out/277_native_5_ref/2/output_452/pdbs/403.pdb,4.475314847482647,0.2696215030369093,0.2576590144484186,452
930,9.643949863307826,0.4008074827870055,0.4208159708491876,4.92730201131499,0.2115354966727777,0.8383701499509146,16091.976318683955,0.1811946976488971,0.1576484386969558,0.180015017501131,/wynton/group/sali/mhancock/xray/sample_bench/out/277_native_5_ref/2/output_520/pdbs/499.pdb,4.716647851992836,0.1616298500490853,0.5791840291508125,520
931,10.069654071103159,0.9937208532416336,0.0721452904332631,4.952746371092237,0.2766188836947901,0.736454156922818,23440.0068793474,0.2022185372532679,0.2692685084508415,0.3442721717075758,/wynton/group/sali/mhancock/xray/sample_bench/out/277_native_5_ref/2/output_50/pdbs/351.pdb,5.116907700010921,0.263545843077182,0.9278547095667368,50
932,9.567098310108861,0.1318992893528781,0.7424834971113881,4.740588234269248,0.2088120749463388,0.4449532144557783,12256.682375322816,0.1508570222421837,0.1630677948245981,0.2102330377966585,/wynton/group/sali/mhancock/xray/sample_bench/out/277_native_5_ref/2/output_9/pdbs/414.pdb,4.826510075839612,0.5550467855442216,0.257516502888612,9
933,9.310575457461923,0.1595256288042727,0.5561169076788962,4.664815748982594,0.1746032984412664,0.6353241269380014,16642.887494522507,0.1377072194512689,0.1357181498410067,0.1635935236171076,/wynton/group/sali/mhancock/xray/sample_bench/out/277_native_5_ref/2/output_729/pdbs/469.pdb,4.6457597084793285,0.3646758730619986,0.4438830923211037,729
934,9.416864594891987,0.1837074280928654,0.410561228140696,4.699125245042517,0.1784916582683573,0.3841859883192196,14414.711955738345,0.1443812418056688,0.1446295351373668,0.1717936884351746,/wynton/group/sali/mhancock/xray/sample_bench/out/277_native_5_ref/2/output_229/pdbs/401.pdb,4.717739349849469,0.6158140116807804,0.5894387718593039,229
935,9.943263029460484,0.3213677213755573,0.339291196231711,5.047133879749486,0.255706583398714,0.7957791221402054,21439.815869373942,0.2124062051026027,0.1826774752721289,0.232730844051878,/wynton/group/sali/mhancock/xray/sample_bench/out/277_native_5_ref/2/output_849/pdbs/54.pdb,4.8961291497109976,0.2042208778597946,0.660708803768289,849
936,9.517699517005033,0.1842651621907204,0.5173722560124439,4.815014431466942,0.1943864015867578,0.0625666053735142,16823.926639057157,0.158778322575723,0.152447705766811,0.1763275395537933,/wynton/group/sali/mhancock/xray/sample_bench/out/277_native_5_ref/2/output_627/pdbs/380.pdb,4.702685085538091,0.9374333946264858,0.4826277439875561,627
937,9.223417716539487,0.1656146614309246,0.5507413547575261,4.646404297421358,0.160042720433014,0.9939772494828932,21342.793508715826,0.133796312739056,0.1301560009858342,0.1528956684372687,/wynton/group/sali/mhancock/xray/sample_bench/out/277_native_5_ref/2/output_224/pdbs/364.pdb,4.577013419118129,0.0060227505171069,0.4492586452424739,224
938,9.4760850679714,0.1316171543509496,0.5614378902209755,4.641945554657891,0.1961908054039191,0.6215475922837763,20985.65736410993,0.134310392523418,0.1613400072505461,0.2024548549982542,/wynton/group/sali/mhancock/xray/sample_bench/out/277_native_5_ref/2/output_795/pdbs/268.pdb,4.83413951331351,0.3784524077162236,0.4385621097790246,795
939,10.164105408089334,0.3531198915555936,0.2000026803923593,5.021521881145872,0.2893866354175178,0.6997606096022693,20507.258424759984,0.2056611956110641,0.2264257662313687,0.28460179660898,/wynton/group/sali/mhancock/xray/sample_bench/out/277_native_5_ref/2/output_803/pdbs/43.pdb,5.142583526943463,0.3002393903977308,0.7999973196076406,803
940,9.254133520488992,0.1420744048450453,0.0715362131887349,4.687786929031854,0.1818488081758734,0.3180292379042375,13775.9345267668,0.140521650315343,0.1232430053579274,0.1536063217905395,/wynton/group/sali/mhancock/xray/sample_bench/out/277_native_5_ref/2/output_688/pdbs/497.pdb,4.566346591457137,0.6819707620957625,0.9284637868112652,688
941,9.678420563344194,0.1885305547107307,0.913526157813839,4.773816766135651,0.2168475542397178,0.5111976724514204,17067.354200318823,0.1620171539453176,0.1747894848452264,0.2071562825724936,/wynton/group/sali/mhancock/xray/sample_bench/out/277_native_5_ref/2/output_845/pdbs/404.pdb,4.904603797208542,0.4888023275485796,0.086473842186161,845
942,9.973728700583838,1.0082657599108058,0.0850247121930041,5.045388660619753,0.2829833458479507,0.864258040624882,26476.232941967297,0.2161459904222775,0.2130555036770385,0.2663533946853653,/wynton/group/sali/mhancock/xray/sample_bench/out/277_native_5_ref/2/output_189/pdbs/360.pdb,4.928340039964084,0.135741959375118,0.9149752878069958,189
943,9.079225911081807,0.1559798544368837,0.2572065469627694,4.547907962199834,0.1541341293787607,0.3281558505963587,11412.256677931877,0.1218692449365559,0.1210467614902296,0.1441448219422432,/wynton/group/sali/mhancock/xray/sample_bench/out/277_native_5_ref/2/output_401/pdbs/211.pdb,4.531317948881972,0.6718441494036412,0.7427934530372305,401
944,9.261788954673765,0.1983211630022037,0.7924054982415252,4.578076396550629,0.1556524835012004,0.6149575548517856,12772.116664272193,0.1271652817156327,0.1422376523275536,0.1819643793398812,/wynton/group/sali/mhancock/xray/sample_bench/out/277_native_5_ref/2/output_262/pdbs/244.pdb,4.683712558123137,0.3850424451482144,0.2075945017584748,262
945,9.447210914966867,0.2103715682570644,0.6439681215775285,4.683511026362236,0.1776441496203089,0.5305465049487939,19931.89815793174,0.1414505322191017,0.1519888943608239,0.1850946884317677,/wynton/group/sali/mhancock/xray/sample_bench/out/277_native_5_ref/2/output_522/pdbs/268.pdb,4.763699888604632,0.4694534950512062,0.3560318784224716,522
946,10.13261638068752,0.944409428445197,0.874876467209684,5.083841916197041,0.3046702390530876,0.0939347229686676,24925.532580635303,0.2251762743894373,0.2163599739753978,0.2884890587327352,/wynton/group/sali/mhancock/xray/sample_bench/out/277_native_5_ref/2/output_649/pdbs/423.pdb,5.048774464490479,0.9060652770313324,0.125123532790316,649
947,10.187336891798022,0.4495311072565573,0.6580942910822718,5.232708903795018,0.3869908225152113,0.1569862794878971,26299.38402321542,0.2473566545398568,0.1911165362872655,0.30544407885947,/wynton/group/sali/mhancock/xray/sample_bench/out/277_native_5_ref/2/output_84/pdbs/137.pdb,4.954627988003004,0.8430137205121028,0.3419057089177282,84
948,9.481770757476347,0.1228217395586532,0.700958302256045,4.635235693083144,0.184999073191597,0.4723124898009805,14254.346836961791,0.1339663057922738,0.1611030054691252,0.2009907250640122,/wynton/group/sali/mhancock/xray/sample_bench/out/277_native_5_ref/2/output_869/pdbs/381.pdb,4.846535064393204,0.5276875101990194,0.2990416977439549,869
949,9.640815433677826,0.1918370266200946,0.549772963998835,4.890512948276974,0.2224613336048106,0.2655242583657899,14786.698931056024,0.1739679426135333,0.157352431412059,0.1806736425030786,/wynton/group/sali/mhancock/xray/sample_bench/out/277_native_5_ref/2/output_634/pdbs/403.pdb,4.750302485400853,0.7344757416342101,0.450227036001165,634
950,10.038388395005448,0.9566123145751082,0.0554799654044874,5.0432409801441445,0.2968124714062595,0.9185292006642306,24168.930123055285,0.2194606575046085,0.2087374273279262,0.2815250831038549,/wynton/group/sali/mhancock/xray/sample_bench/out/277_native_5_ref/2/output_792/pdbs/491.pdb,4.995147414861305,0.0814707993357693,0.9445200345955126,792
951,9.718374179214178,0.1414895205759174,0.580323642472842,4.88747843299044,0.2353091613524822,0.3724467902718177,16544.3474631108,0.1712595476877132,0.1634827440422496,0.2017733557356883,/wynton/group/sali/mhancock/xray/sample_bench/out/277_native_5_ref/2/output_201/pdbs/137.pdb,4.830895746223739,0.6275532097281823,0.4196763575271581,201
952,9.303037089766434,0.0986735416645429,0.2244326706264528,4.4994285039617,0.1536894511712491,0.1007051117168928,15981.14969354398,0.1222156114255955,0.1515172708824718,0.1937275557451654,/wynton/group/sali/mhancock/xray/sample_bench/out/277_native_5_ref/2/output_260/pdbs/270.pdb,4.803608585804735,0.8992948882831071,0.775567329373547,260
953,9.334083800611182,0.105344607343098,0.4505599149003612,4.6558745522783935,0.1780671331911197,0.1024382928292625,17229.674893533003,0.1367133216577996,0.1410721165582104,0.1668554293754617,/wynton/group/sali/mhancock/xray/sample_bench/out/277_native_5_ref/2/output_591/pdbs/471.pdb,4.67820924833279,0.8975617071707375,0.5494400850996388,591
954,10.093576273388265,0.7772157559555337,0.0174387738820244,5.030782961024364,0.2894332872987029,0.926955950994169,30358.66711849494,0.2177046186075705,0.2201452646388631,0.285919183877258,/wynton/group/sali/mhancock/xray/sample_bench/out/277_native_5_ref/2/output_17/pdbs/283.pdb,5.062793312363902,0.0730440490058309,0.9825612261179756,17
955,10.014636655908777,0.2798822215336874,0.7007388428420439,5.017476430065623,0.2499915175618301,0.3173303434399348,21515.43834104179,0.2048506516119081,0.1981909500029633,0.2654774284912983,/wynton/group/sali/mhancock/xray/sample_bench/out/277_native_5_ref/2/output_659/pdbs/165.pdb,4.997160225843153,0.6826696565600652,0.2992611571579561,659
956,9.980336167478427,0.1186845063421919,0.0097470053571026,4.974072113456884,0.2378176042182293,0.6330079050572784,4788.74656589279,0.179860827952911,0.1929449971213125,0.2272495182806096,/wynton/group/sali/mhancock/xray/sample_bench/out/277_native_5_ref/2/output_180/pdbs/0.pdb,5.006264054021542,0.3669920949427215,0.9902529946428974,180
957,9.080221551955987,0.0869833139814172,0.2449814630379354,4.49946745119046,0.1583117433841916,0.1207162930015242,13265.872576651258,0.1139692868833121,0.1269124217772978,0.1556977313453232,/wynton/group/sali/mhancock/xray/sample_bench/out/277_native_5_ref/2/output_850/pdbs/278.pdb,4.580754100765526,0.8792837069984757,0.7550185369620646,850
958,10.193427370212511,0.7879160694282924,0.294860990839284,5.159467723595917,0.3724713967921413,0.9517320645927152,21967.50788934891,0.2808576316084257,0.2071662967514241,0.3974437421792624,/wynton/group/sali/mhancock/xray/sample_bench/out/277_native_5_ref/2/output_75/pdbs/250.pdb,5.0339596466165935,0.0482679354072849,0.7051390091607159,75
959,9.860601347246348,0.2239861516628236,0.2123757037247467,4.855404964433503,0.2150767264846069,0.5826048437620021,20028.49000992535,0.1755651494527801,0.19498371514969,0.2370268762482908,/wynton/group/sali/mhancock/xray/sample_bench/out/277_native_5_ref/2/output_437/pdbs/390.pdb,5.005196382812846,0.4173951562379979,0.7876242962752532,437
960,9.17488859731166,0.1676094641644404,0.3483503285996408,4.571025401253988,0.1663823322248132,0.1856926458418434,14765.568159904418,0.1246805396099035,0.1299092862835748,0.1690054777031977,/wynton/group/sali/mhancock/xray/sample_bench/out/277_native_5_ref/2/output_301/pdbs/435.pdb,4.603863196057672,0.8143073541581566,0.6516496714003591,301
961,9.498060529899814,0.2040814259959067,0.4101208292454772,4.780692176515457,0.2028599483845886,0.3706718364999395,17837.213990163476,0.1520647891544167,0.1454970783240401,0.1735274143548065,/wynton/group/sali/mhancock/xray/sample_bench/out/277_native_5_ref/2/output_95/pdbs/321.pdb,4.717368353384356,0.6293281635000606,0.5898791707545227,95
962,9.067234304428784,0.1180234865226916,0.6049921549590247,4.451128776773896,0.1381168596699339,0.9741767123787636,16316.24699661366,0.1142469656764944,0.1305987074040502,0.1540157577412692,/wynton/group/sali/mhancock/xray/sample_bench/out/277_native_5_ref/2/output_814/pdbs/217.pdb,4.616105527654887,0.0258232876212365,0.3950078450409752,814
963,9.14720846041994,0.1065336585384881,0.2641708393421367,4.598020706685599,0.1960239975728926,0.2952968401086366,17413.176754368113,0.1240073994901166,0.1216968072110012,0.1701368654958313,/wynton/group/sali/mhancock/xray/sample_bench/out/277_native_5_ref/2/output_805/pdbs/406.pdb,4.549187753734341,0.7047031598913635,0.7358291606578633,805
964,8.93048006101576,0.1365273175271745,0.2071646909662199,4.361014064643017,0.1347185871281944,0.1535551735406169,24658.733263596365,0.1046656432366476,0.1199901848519057,0.1516510611542745,/wynton/group/sali/mhancock/xray/sample_bench/out/277_native_5_ref/2/output_425/pdbs/356.pdb,4.569465996372744,0.846444826459383,0.7928353090337801,425
965,9.62968910170292,0.3091250719328942,0.5431027954702217,4.894446410311182,0.2253725033947613,0.1537854794840711,14714.44285670173,0.174005215036255,0.1555456843493395,0.2142772437626289,/wynton/group/sali/mhancock/xray/sample_bench/out/277_native_5_ref/2/output_4/pdbs/489.pdb,4.735242691391739,0.8462145205159288,0.4568972045297784,4
966,9.254809175522247,0.1670019782732691,0.8724818640919759,4.616745372395097,0.1612233958741799,0.6226419487173498,18811.676323372016,0.134728687745851,0.1332236150946974,0.1653202252946521,/wynton/group/sali/mhancock/xray/sample_bench/out/277_native_5_ref/2/output_968/pdbs/429.pdb,4.6380638031271495,0.3773580512826501,0.1275181359080241,968
967,9.073489449689891,0.0923161830373504,0.087424482143411,4.600761601290349,0.1625978382933419,0.2635848524109976,16553.151005076226,0.1256948598699441,0.1087430055760039,0.135045519634067,/wynton/group/sali/mhancock/xray/sample_bench/out/277_native_5_ref/2/output_22/pdbs/167.pdb,4.472727848399542,0.7364151475890024,0.912575517856589,22
968,10.120502621527251,0.669997985739859,0.2335978631221604,5.116680120213269,0.3154438427152037,0.7618227497570028,23029.663454078163,0.2208220267167619,0.2189835508872832,0.2968765510064051,/wynton/group/sali/mhancock/xray/sample_bench/out/277_native_5_ref/2/output_350/pdbs/338.pdb,5.003822501313982,0.2381772502429971,0.7664021368778395,350
969,9.72434862000873,0.1955142977287084,0.6005290021611772,4.8811583287253,0.1969937890336034,0.3227555720527566,15677.8347724594,0.1780592425563408,0.1718104326461925,0.1940480346086055,/wynton/group/sali/mhancock/xray/sample_bench/out/277_native_5_ref/2/output_459/pdbs/286.pdb,4.843190291283428,0.6772444279472434,0.3994709978388228,459
970,9.581013036635424,0.1517820262036221,0.5321531167310903,4.764461479930575,0.1881371219681772,0.5119716363133104,15399.074613938728,0.1533567189832069,0.1586063990281777,0.1850484509877386,/wynton/group/sali/mhancock/xray/sample_bench/out/277_native_5_ref/2/output_173/pdbs/332.pdb,4.816551556704849,0.4880283636866895,0.4678468832689096,173
971,9.260657981725412,0.1891109651859716,0.2576629335156327,4.500003102674186,0.1507404833744574,0.0750283469643713,21212.651306504635,0.1210038350030782,0.1486310912113036,0.1860102491844428,/wynton/group/sali/mhancock/xray/sample_bench/out/277_native_5_ref/2/output_906/pdbs/263.pdb,4.760654879051226,0.9249716530356288,0.7423370664843673,906
972,9.300938920193213,0.112172314755277,0.4091264584227314,4.6317695509544015,0.1788085422529229,0.0723368165149347,31189.540574482264,0.1338800942432233,0.1391755565301975,0.1816987821905062,/wynton/group/sali/mhancock/xray/sample_bench/out/277_native_5_ref/2/output_564/pdbs/342.pdb,4.669169369238811,0.9276631834850652,0.5908735415772686,564
973,9.57285826676911,0.2555398704571151,0.3966646974011901,4.785401063203461,0.2087219829601196,0.4781801583640285,33926.72766443853,0.1525904433553243,0.153060393327493,0.1859044645318959,/wynton/group/sali/mhancock/xray/sample_bench/out/277_native_5_ref/2/output_865/pdbs/408.pdb,4.787457203565649,0.5218198416359714,0.60333530259881,865
974,9.803777682487723,0.2053726390319335,0.3776025538120978,4.975343091133936,0.2326238954693811,0.7552524601135547,23903.014973389178,0.188199748814677,0.1724418549193531,0.2094150197030552,/wynton/group/sali/mhancock/xray/sample_bench/out/277_native_5_ref/2/output_185/pdbs/281.pdb,4.828434591353788,0.2447475398864452,0.6223974461879022,185
975,8.995937744848298,0.1214865647537927,0.0577257536813456,4.492498800734444,0.1404332818538914,0.035017821081892,15726.237456837216,0.11034665870337,0.1099875375434532,0.1445557645048607,/wynton/group/sali/mhancock/xray/sample_bench/out/277_native_5_ref/2/output_144/pdbs/278.pdb,4.503438944113853,0.964982178918108,0.9422742463186544,144
976,9.8932103394949,0.2545108132914601,0.6190390356923317,4.986780753978498,0.2405966887969862,0.3089086669341827,18349.55061372548,0.1917989041190125,0.179054052180966,0.2375937887241032,/wynton/group/sali/mhancock/xray/sample_bench/out/277_native_5_ref/2/output_889/pdbs/239.pdb,4.906429585516401,0.6910913330658173,0.3809609643076683,889
977,10.043375397280748,0.2233951728479626,0.7320650491900099,5.108846607210059,0.250789060232013,0.0216266806911015,25458.552947001564,0.2163166440525738,0.1870663837971296,0.2143485423283045,/wynton/group/sali/mhancock/xray/sample_bench/out/277_native_5_ref/2/output_159/pdbs/12.pdb,4.934528790070688,0.9783733193088984,0.2679349508099901,159
978,9.615677290406593,0.1036778895077242,0.4756624060733073,4.815906256748391,0.2024380684794178,0.9947159584383272,15411.513823713918,0.1606157232305927,0.1647412924809413,0.203004478037711,/wynton/group/sali/mhancock/xray/sample_bench/out/277_native_5_ref/2/output_702/pdbs/348.pdb,4.799771033658202,0.0052840415616728,0.5243375939266927,702
979,9.04753517387411,0.1382911984656791,0.5517938177849193,4.482370750356139,0.1612821903040638,0.9643760641794868,23228.948710195866,0.1118228387895328,0.1247997729667072,0.1504707482932342,/wynton/group/sali/mhancock/xray/sample_bench/out/277_native_5_ref/2/output_96/pdbs/474.pdb,4.56516442351797,0.0356239358205132,0.4482061822150806,96
980,9.273639611266704,0.2131284299984767,0.2958284306883817,4.577686267432027,0.1572704064486583,0.3910717429029302,22721.8717962706,0.1268499212768351,0.1386624664694054,0.1689207991392793,/wynton/group/sali/mhancock/xray/sample_bench/out/277_native_5_ref/2/output_577/pdbs/417.pdb,4.695953343834677,0.6089282570970699,0.7041715693116182,577
981,10.154316170498571,0.3802852482693539,0.9973202489310372,5.085313621840291,0.3094921394077983,0.0262712910171547,33965.386146277306,0.2277527887477208,0.2216820057654728,0.2949087140605481,/wynton/group/sali/mhancock/xray/sample_bench/out/277_native_5_ref/2/output_488/pdbs/276.pdb,5.069002548658282,0.9737287089828452,0.0026797510689626,488
982,9.541911469319071,0.1815396771035895,0.5200866853459104,4.799201342093511,0.1853269715800631,0.6116495757353586,19952.04803816521,0.1551193975197468,0.1500087637367274,0.1760913752250049,/wynton/group/sali/mhancock/xray/sample_bench/out/277_native_5_ref/2/output_721/pdbs/172.pdb,4.7427101272255605,0.3883504242646414,0.4799133146540896,721
983,9.908810959758,0.291784384320599,0.188615998383439,4.877348978791139,0.242625132481674,0.611765641892904,23798.805746651466,0.1817740493728985,0.2050847237474717,0.2356066584276199,/wynton/group/sali/mhancock/xray/sample_bench/out/277_native_5_ref/2/output_678/pdbs/367.pdb,5.031461980966862,0.3882343581070959,0.8113840016165611,678
984,9.69161856937454,0.1468963825857669,0.1939189513098251,4.738521158891568,0.2421258435891297,0.5239992623928351,21971.0538834107,0.1525532213514346,0.1805293460481569,0.2520864299245061,/wynton/group/sali/mhancock/xray/sample_bench/out/277_native_5_ref/2/output_498/pdbs/436.pdb,4.953097410482972,0.4760007376071649,0.8060810486901749,498
985,10.060333772436916,0.1769132716755277,0.6726909738234971,5.06111472185818,0.2586526392224543,0.2277304618769673,28361.503083875446,0.1972803260633139,0.1839284677762623,0.2451698836634248,/wynton/group/sali/mhancock/xray/sample_bench/out/277_native_5_ref/2/output_418/pdbs/6.pdb,4.999219050578736,0.7722695381230326,0.327309026176503,418
986,9.514619063905435,0.1978797437905402,0.4517388324005044,4.691035805718546,0.1650295792577044,0.5072845869171756,19516.499570372056,0.1421035406709918,0.1606408051701928,0.1777632276136699,/wynton/group/sali/mhancock/xray/sample_bench/out/277_native_5_ref/2/output_945/pdbs/271.pdb,4.823583258186889,0.4927154130828244,0.5482611675994955,945
987,8.964054067197662,0.1192101500274421,0.7079587372329089,4.372346318913524,0.1335729097788943,0.9536166370445364,23134.662423882917,0.1045004695220456,0.1219040868209363,0.1550984678237232,/wynton/group/sali/mhancock/xray/sample_bench/out/277_native_5_ref/2/output_892/pdbs/499.pdb,4.591707748284136,0.0463833629554636,0.2920412627670911,892
988,9.8422531427627,0.3123543884682385,0.2087685856597242,4.796023375607378,0.2010969146410732,0.6141063545008968,19619.065286878576,0.1716575719622077,0.2036686237110337,0.2297181727332925,/wynton/group/sali/mhancock/xray/sample_bench/out/277_native_5_ref/2/output_629/pdbs/287.pdb,5.046229767155323,0.3858936454991032,0.7912314143402758,629
989,9.823926794954627,0.3332688603547596,0.2336798704638956,4.801320110454999,0.2007831412934256,0.5814088852737721,17122.88217509859,0.1647235941072347,0.1962594423001825,0.2279016380640774,/wynton/group/sali/mhancock/xray/sample_bench/out/277_native_5_ref/2/output_787/pdbs/265.pdb,5.022606684499626,0.4185911147262279,0.7663201295361044,787
990,8.99939515737339,0.0869933151458861,0.1043153408423399,4.5920739291460935,0.1528532510582719,0.2094057099461955,14901.103524303451,0.1259117723780702,0.1082414937193481,0.1302376190562823,/wynton/group/sali/mhancock/xray/sample_bench/out/277_native_5_ref/2/output_946/pdbs/368.pdb,4.407321228227297,0.7905942900538045,0.89568465915766,946
991,9.48800458688913,0.1766798250359026,0.6028259274576595,4.710509065201923,0.1771018077490186,0.5350031747593047,24461.931757260703,0.1392029165763839,0.1482798591786865,0.1749671680304429,/wynton/group/sali/mhancock/xray/sample_bench/out/277_native_5_ref/2/output_70/pdbs/414.pdb,4.777495521687206,0.4649968252406953,0.3971740725423405,70
992,9.58126993610427,0.1395456668761976,0.4208874635875527,4.770273736965113,0.1946696207631695,0.5294260726521992,12562.35732520106,0.1571758049726376,0.1614241369266505,0.1924165262691372,/wynton/group/sali/mhancock/xray/sample_bench/out/277_native_5_ref/2/output_917/pdbs/440.pdb,4.810996199139156,0.4705739273478008,0.5791125364124473,917
993,9.62696681281922,0.2039387254095236,0.5081529586305858,4.808325007019835,0.192090346322755,0.5019262411616268,28042.365943355584,0.1611323466483609,0.1598652333654195,0.1899633999858994,/wynton/group/sali/mhancock/xray/sample_bench/out/277_native_5_ref/2/output_986/pdbs/224.pdb,4.818641805799384,0.4980737588383733,0.4918470413694141,986
994,10.070842728110186,0.3427642752942644,0.2731860452499832,5.102982034999681,0.26838191493189,0.7959321339477298,24190.83893267045,0.2155004322050474,0.1948814171664475,0.232617056194675,/wynton/group/sali/mhancock/xray/sample_bench/out/277_native_5_ref/2/output_518/pdbs/65.pdb,4.967860693110506,0.2040678660522701,0.7268139547500168,518
995,9.44126465632178,0.1539423213140845,0.4066904842953108,4.720466650195832,0.1909020764209277,0.4090847935227519,18157.118112060976,0.1419547270018403,0.1427433381744267,0.1792655412719871,/wynton/group/sali/mhancock/xray/sample_bench/out/277_native_5_ref/2/output_344/pdbs/299.pdb,4.720798006125947,0.590915206477248,0.5933095157046891,344
996,10.14895038964838,0.810190870840807,0.6891550015678338,5.189424372155354,0.4343734843868985,0.0813908951255451,26456.441461144597,0.2844570585899555,0.1959759362895323,0.3644048674934183,/wynton/group/sali/mhancock/xray/sample_bench/out/277_native_5_ref/2/output_387/pdbs/388.pdb,4.959526017493025,0.9186091048744548,0.3108449984321662,387
997,10.110367092422848,1.1339443721964115,0.0959341736317541,4.956428139666542,0.2805703016715161,0.6970047890216698,25017.727882793133,0.2011890869753585,0.2799002994036222,0.365124314446707,/wynton/group/sali/mhancock/xray/sample_bench/out/277_native_5_ref/2/output_774/pdbs/495.pdb,5.153938952756305,0.3029952109783301,0.9040658263682458,774
998,9.38225609828552,0.1248351633052958,0.3942950578040233,4.63635308745039,0.1684745794464735,0.4165963102558725,14338.352143641132,0.1354898679649233,0.1494298537803918,0.1789758598747509,/wynton/group/sali/mhancock/xray/sample_bench/out/277_native_5_ref/2/output_548/pdbs/468.pdb,4.745903010835131,0.5834036897441275,0.6057049421959767,548
