,n,xray_native_5_0+xray_native_5_1_mean,xray_native_5_0+xray_native_5_1_std,ff_mean,ff_std,rmsd_mean,rmsd_std,xray_native_5_0+xray_native_5_1_50,xray_native_5_0+xray_native_5_1_25,xray_native_5_0+xray_native_5_1_75,ff_50,ff_25,ff_75,rmsd_50,rmsd_25,rmsd_75
0,1,9.561502157752637,0.34990104414899303,20297.4493961687,5528.498495298212,0.2646983945438357,0.24978802458033914,9.573768811606083,9.299140528790735,9.840070523823456,19606.945776242435,16125.55823415171,23186.61361132268,0.17154049926540776,0.13427234788668593,0.2562283715260843
1,2,9.354523819307172,0.2970104178065224,18889.18952426395,5337.6004654833805,0.17216372335091837,0.13062461675008172,9.348765785690214,9.133293384586516,9.574855719548284,17568.153836423822,15122.057975559648,20747.029881395625,0.1496284558917378,0.1168196447177232,0.1835144492734161
2,3,9.247601705264852,0.24905865554513476,18653.66411243662,5357.323193120596,0.1455103327268154,0.06784433309405163,9.241634161363876,9.050839251779294,9.44069662622672,17198.552318385093,14957.432028486626,20566.839020140265,0.1395456668761976,0.10847253504843316,0.16821560416427742
3,4,9.186091992442767,0.2288125234849184,18298.780305224198,5179.62703334267,0.13693597718385708,0.041361722911150665,9.187107362189089,9.02394109991119,9.349026456385875,17037.57334980204,14885.87333179086,20422.02320352325,0.1318194268147204,0.1043218226762929,0.1632111292262637
4,5,9.134580457259684,0.21289794559169356,18243.20588817168,5236.638593725174,0.13387861184538716,0.04076298329230599,9.129236860482171,8.99939515737339,9.280054124543392,16819.49058040463,14768.71613059261,20402.271166732684,0.1285572899027074,0.103051723138571,0.15848615225139695
5,6,9.100630597234137,0.20352143083514715,17998.96148690079,5101.216788042701,0.13171852417716398,0.040330115441063984,9.079225911081808,8.968479013539206,9.241907019655136,16815.0545217521,14517.358628147223,20165.269625194185,0.1260750332937693,0.1013423444301922,0.1559798544368837
6,7,9.07786147345264,0.1949005938883065,17778.363365919744,4845.136097631945,0.12890638428658985,0.039774599171671504,9.05788372645687,8.956749274819728,9.214356124317101,16647.399618276293,14464.03312770788,20109.353106949948,0.12271381733700795,0.09681547379638947,0.1512357012386611
7,8,9.057064339591712,0.1887813207168603,17775.597570134203,4804.562197334068,0.12731395059431322,0.03869200454556542,9.047126574111395,8.939949190243,9.193082695056983,16778.26094266164,14517.358628147223,20109.353106949948,0.12128114217704486,0.0966703578533798,0.1507293802870057
8,9,9.04047640878609,0.1818985467215443,17632.761918387572,4745.998031720439,0.12528823811298376,0.03812448036999583,9.036277843443775,8.918733230262028,9.157553881441423,16607.580876239248,14297.55872028453,19929.886992637006,0.1202879509325257,0.0948417690774969,0.1495453858291524
9,10,9.026175722353,0.17658130993291268,17498.92586733937,4608.3893603705565,0.12490722409759163,0.03799696925579957,9.026512610539656,8.91155446985389,9.14375389194019,16582.287223144616,14286.39041456124,19728.01072702956,0.1202879509325257,0.0945797379531121,0.1494514512911694
10,11,9.012028870102933,0.17066082057312063,17256.7835344144,4375.403524288036,0.1237192782288027,0.03723383396001267,9.015267788493782,8.905617615912647,9.12779607473805,16433.133011409653,14117.557235392236,19636.56650111035,0.1202879509325257,0.0945797379531121,0.1493337681253396
11,12,8.995869707881976,0.1673673917405656,17108.13067653993,4295.838862987849,0.1221775032574047,0.037065993679121965,9.001920092594938,8.898859032897565,9.10442615668353,16291.836062549286,14081.872059121482,19612.507400898736,0.1184917072361496,0.0945797379531121,0.1450450906423849
12,13,8.984584052814219,0.16367752906252078,16970.650986581324,4073.644347371638,0.12157361588066164,0.03683004474264792,8.995937744848298,8.881254027632055,9.085564154692577,16282.392047516196,14052.571219157602,19308.968375731994,0.1180990382818194,0.0945116742771026,0.14316243628648956
13,14,8.972124309452933,0.1628350579428928,16864.0598036192,4060.8576656036416,0.12104799791868243,0.03688536468376735,8.98840468295698,8.83611356247181,9.06736717347194,16043.453636622658,13751.511104117846,19164.92048964406,0.1177189431869646,0.0940690732764823,0.1398865482303856
14,15,8.959726330051808,0.1604263678456276,16832.679308832994,4029.942609503143,0.12044933973642438,0.035563303436417074,8.968479013539206,8.830125122172884,9.05679856613818,16272.948032483106,13751.511104117846,19164.92048964406,0.1178712148548281,0.0940690732764823,0.1398865482303856
15,16,8.949305068964334,0.15716040420975774,16738.06079394343,3980.838939860392,0.11909466722715177,0.034300296142200704,8.963960533833529,8.82398486558171,9.047992417627182,16043.453636622658,13731.245696282547,19093.95626849517,0.1173059283024404,0.09402485732378,0.1398865482303856
16,17,8.939551741791128,0.15397545679001393,16646.362330401917,3942.8982326650043,0.118676593023432,0.03378976114396547,8.953575225085295,8.823805326625434,9.044737200471838,16028.044466775813,13723.891411829414,19093.95626849517,0.1173059283024404,0.0940690732764823,0.1398865482303856
17,18,8.93414036486074,0.15236541892338318,16624.97705390842,3923.5576234165655,0.11807853288640169,0.03367887400160741,8.953492747138181,8.820660414571002,9.035561821477472,16035.749051699237,13729.407125169264,19093.95626849517,0.1168196447177232,0.09402485732378,0.1382911984656791
18,19,8.926972190962406,0.15056674200428627,16509.14339561994,3795.6837374588404,0.11791572439303265,0.03352574835003053,8.950069069091391,8.820660414571002,9.030361129244294,15952.320008473447,13723.891411829414,19016.41349088949,0.1170627865100818,0.09402485732378,0.13869003590685575
19,20,8.921837190497753,0.1496260432883628,16585.501109413988,3857.2327990884514,0.11756731464296084,0.0331592454482813,8.943105566652081,8.818562537921158,9.028135288346238,16035.749051699237,13729.407125169264,19016.41349088949,0.1168196447177232,0.09402485732378,0.1365273175271745
20,21,8.91736916685931,0.1473207685615344,16546.734719633052,3800.555231282228,0.1175678807314867,0.03351091671053277,8.928154817637152,8.814521928415658,9.02495257359265,16028.044466775813,13723.891411829414,19016.41349088949,0.1168196447177232,0.09402485732378,0.1365273175271745
21,22,8.911800653967017,0.14410178707893898,16519.80920700572,3747.110539506712,0.117295882023417,0.03351242814833355,8.92017897977314,8.814521928415658,9.015654367111303,16028.044466775813,13723.891411829414,19016.41349088949,0.1168196447177232,0.09387922100158673,0.1365273175271745
22,23,8.906096535812585,0.14222441619604267,16467.23563929907,3675.722164257433,0.11706094775148232,0.033831763706184945,8.91439598172869,8.80550045887977,9.00732668950091,16028.044466775813,13723.891411829414,19016.41349088949,0.1168196447177232,0.0928343475279176,0.1365273175271745
23,24,8.901534057210565,0.1410893610064092,16448.004758663552,3632.6877490573556,0.11684155629096779,0.03373379673049613,8.91155446985389,8.80550045887977,9.004742095408858,16028.044466775813,13723.891411829414,19016.41349088949,0.11497269583187081,0.0925484635590205,0.1365273175271745
24,25,8.897315107531227,0.13951298648202715,16470.814744733827,3679.518909055287,0.11650054771399324,0.03386580460889747,8.906717807616056,8.804945359232216,9.001920092594938,16028.044466775813,13723.891411829414,19016.41349088949,0.111494790310549,0.091851720576278,0.1365273175271745
25,26,8.892450746377309,0.136951324900806,16389.70820319624,3601.0763126677243,0.1165007068414866,0.03383636517836816,8.905617615912647,8.804945359232216,8.99940264753198,15952.320008473447,13716.399576809017,19016.41349088949,0.111494790310549,0.0922000674220823,0.1365273175271745
26,27,8.888158977593998,0.13601360798644335,16312.369238880232,3541.616811566416,0.11586880045519568,0.03324711829847524,8.905416988511758,8.804945359232216,8.998508594950042,15952.320008473447,13475.534054062491,19016.41349088949,0.1105180427536318,0.091851720576278,0.1359522663528626
27,28,8.884248256999442,0.13390431848777576,16260.364880500429,3505.810896828151,0.11541666460070894,0.033467441198212274,8.90419704405706,8.804945359232216,8.992979824861532,15952.320008473447,13198.366354742297,18943.25269493366,0.108779945345712,0.091851720576278,0.1359522663528626
28,29,8.880014004064016,0.13279351488868388,16250.34965500177,3466.7267092908137,0.11505934073717575,0.033393233003106274,8.90297709960236,8.765247867417832,8.98840468295698,15952.320008473447,13198.366354742297,18943.25269493366,0.108779945345712,0.091851720576278,0.1350495842295028
29,30,8.875404209166394,0.13093728535790683,16186.637620884529,3423.9377970248443,0.11454387133000593,0.03305202518019254,8.881254027632055,8.765247867417832,8.987185915829418,15952.320008473447,13198.366354742297,18705.654661063232,0.108779945345712,0.0906101481210332,0.1350418557276601
30,31,8.871360011443345,0.12953376475104217,16187.67519235749,3402.4155244606677,0.11423351004679998,0.033138715287639176,8.881254027632055,8.741325152388264,8.985604811708853,15952.320008473447,13198.366354742297,18705.654661063232,0.108779945345712,0.0906101481210332,0.1350392795603792
31,32,8.866566494185278,0.12816460650079092,16098.28127245198,3377.0526089679734,0.11408971709300478,0.03333328472295091,8.860339826972123,8.741325152388264,8.968479013539206,15952.320008473447,13029.832376891613,18451.80165532845,0.1079504321803606,0.0903235107378677,0.1350392795603792
32,33,8.862733001661265,0.1265309554732566,16074.61802014947,3347.726435271363,0.11359889088284233,0.03321634793279426,8.858233151783413,8.741325152388264,8.964054067197662,15952.320008473447,13029.832376891613,18464.07970050414,0.1072887098901523,0.089830280007594,0.1350392795603792
33,34,8.859494294115557,0.1254488653179499,16101.725341197121,3339.1649710890033,0.11354794513584074,0.033184371412107894,8.858233151783413,8.741325152388264,8.963960533833529,15952.320008473447,13029.832376891613,18705.654661063232,0.1078837579322019,0.089830280007594,0.1350392795603792
34,35,8.855921483023245,0.12483253291154062,16062.894141554023,3345.413280255609,0.11346569248538718,0.03319747171642363,8.83611356247181,8.732063941272942,8.956749274819728,15952.320008473447,13029.832376891613,18552.09904228921,0.10833185163895695,0.089830280007594,0.1350392795603792
35,36,8.852298012526346,0.124394434987518,16060.677422103727,3306.724791368752,0.11296781062376586,0.03269335122125619,8.830125122172884,8.732063941272942,8.953575225085295,15952.320008473447,13029.832376891613,18451.80165532845,0.1078837579322019,0.089830280007594,0.1331614703394124
36,37,8.8486005500952,0.12350607353379806,16029.129739581676,3316.3297994845857,0.11265194308611481,0.03263901572429894,8.830125122172884,8.732063941272942,8.950369633749514,15952.320008473447,13029.832376891613,18451.80165532845,0.1056443657042432,0.089830280007594,0.1331614703394124
37,38,8.84626349581101,0.12254166736876143,16025.414546071683,3327.5885628702467,0.11200641145110103,0.032403960142854134,8.82501851560296,8.732063941272942,8.950369633749514,15952.320008473447,13029.832376891613,18451.80165532845,0.1056443657042432,0.089830280007594,0.1331614703394124
38,39,8.843376814182982,0.12078698611667611,16022.426896947627,3312.061068819118,0.11180404287196957,0.032569646087483334,8.82501851560296,8.732063941272942,8.949768504433269,15952.320008473447,13029.832376891613,18705.654661063232,0.1056443657042432,0.0897148349503796,0.1331614703394124
39,40,8.83922004502206,0.11965233778779329,16043.931364317988,3287.3012789865156,0.11141842468496108,0.03232911239116704,8.82501851560296,8.727418482571103,8.943105566652081,15952.320008473447,13029.832376891613,18705.654661063232,0.1056443657042432,0.0893684997787364,0.1325819222884956
40,41,8.83615724955713,0.11811934890042261,16024.93152083764,3291.6414226109987,0.11125567852946512,0.032054509149182196,8.82398486558171,8.727418482571103,8.925829574258543,15952.320008473447,13029.832376891613,18705.654661063232,0.1056443657042432,0.0893684997787364,0.13225959366897758
41,42,8.83454197762951,0.11740117607730376,16033.509508009212,3280.100380675904,0.11116687252986181,0.031942036495517016,8.82398486558171,8.727418482571103,8.925829574258543,15952.320008473447,13029.832376891613,18705.654661063232,0.1056443657042432,0.0897148349503796,0.13184271090637323
42,43,8.831592183569446,0.11643834930050312,16037.682203401962,3265.8497444961195,0.11100307582455922,0.03204745605104339,8.82398486558171,8.727418482571103,8.92017897977314,15952.320008473447,13029.832376891613,18705.654661063232,0.1056443657042432,0.0893684997787364,0.1317395642765627
43,44,8.829731370168002,0.11599358420288267,16022.615848286538,3296.8955734334795,0.11088525688847732,0.031974070022892154,8.823895096103573,8.727418482571103,8.91439598172869,15952.320008473447,13029.832376891613,18705.654661063232,0.1056443657042432,0.0893684997787364,0.1317395642765627
44,45,8.82623893795665,0.11387629295841795,16005.137087137453,3305.740540358896,0.11059736037872231,0.0317477729501653,8.823805326625434,8.727418482571103,8.91155446985389,15952.320008473447,12507.07105307045,18705.654661063232,0.1056443657042432,0.0893684997787364,0.1317395642765627
45,46,8.82302068123491,0.11354264071057613,15976.759979123533,3292.583850326198,0.11049999372057229,0.03168234722464178,8.820660414571002,8.727418482571103,8.90676672072799,15952.320008473447,12507.07105307045,18451.80165532845,0.1056443657042432,0.0893684997787364,0.1317395642765627
46,47,8.819902122425125,0.11284205614694201,15997.762174355286,3300.202981460393,0.11029333022928395,0.03143464715501196,8.820660414571002,8.727076985045835,8.906717807616056,15952.320008473447,12507.07105307045,18705.654661063232,0.1056443657042432,0.0893684997787364,0.1317395642765627
47,48,8.817516183743898,0.11236020292112667,16012.984177545854,3325.1761291920384,0.1104269754801273,0.03149201822726656,8.820660414571002,8.727076985045835,8.905617615912647,15952.320008473447,12507.07105307045,18705.654661063232,0.1056443657042432,0.089830280007594,0.1317395642765627
48,49,8.816026655038636,0.1095996891832117,15987.298706000525,3278.7027610381856,0.10951859708557801,0.03168029257465901,8.818562537921158,8.727076985045835,8.905617615912647,15952.320008473447,12727.490602506277,18515.264906762146,0.1043218226762929,0.0893684997787364,0.12765897032723894
49,50,8.81350577291908,0.10866747240593229,15970.261469384424,3283.976715908717,0.1094955603744019,0.03179616914697509,8.818562537921158,8.727076985045835,8.905416988511758,15952.320008473447,12628.75977400477,18705.654661063232,0.1043218226762929,0.0893684997787364,0.1317395642765627
50,51,8.811086716549633,0.10814895556525214,15994.691232243687,3314.8631725548858,0.10938301392583778,0.03172476403841067,8.818562537921158,8.727076985045835,8.90297709960236,15952.320008473447,12628.75977400477,18705.654661063232,0.1043218226762929,0.0893684997787364,0.1317395642765627
51,52,8.808377712399103,0.10724167352012991,16035.697454249903,3312.659957836073,0.1090384037023979,0.03145185513775182,8.818562537921158,8.727076985045835,8.898859032897565,15952.320008473447,12669.322680982876,18783.344368519796,0.1043218226762929,0.0893684997787364,0.1246924210781741
52,53,8.806917752327111,0.10714365261852184,16040.031853608907,3304.1634520636258,0.10863313563417183,0.03143601749198552,8.814521928415658,8.727076985045835,8.898859032897565,15952.320008473447,12669.322680982876,19016.41349088949,0.1043218226762929,0.0893684997787364,0.1246924210781741
53,54,8.805140681870053,0.10632420152165864,16022.901163946133,3302.0756675297084,0.1082965799490816,0.03134654520842849,8.814521928415658,8.727076985045835,8.898859032897565,15952.320008473447,12507.07105307045,19016.41349088949,0.1043218226762929,0.0881940780546118,0.1246924210781741
54,55,8.804369621252658,0.10650188542744445,16026.049890678953,3298.5275725879483,0.10847295426881146,0.03131299698913469,8.814521928415658,8.727076985045835,8.898859032897565,15997.886822548053,12507.07105307045,19016.41349088949,0.1043218226762929,0.0893684997787364,0.1246924210781741
55,56,8.802689539990498,0.10593869895020079,16016.157242722686,3279.123510110078,0.10821643119978702,0.031009138966832505,8.80550045887977,8.727076985045835,8.885655278948432,16043.453636622658,12507.07105307045,19016.41349088949,0.1043218226762929,0.0893684997787364,0.1246924210781741
56,57,8.800157201832995,0.10589219392056276,16003.173571668893,3291.5471596944526,0.10815011269226413,0.030842647877971932,8.80550045887977,8.723098162534745,8.881254027632055,15997.886822548053,12507.07105307045,19016.41349088949,0.1043218226762929,0.0893684997787364,0.1246924210781741
57,58,8.798264643988414,0.1047965735239114,16016.51719905385,3293.6052392521,0.10769825221702396,0.030465590371470168,8.80550045887977,8.723098162534745,8.862446502160832,16043.453636622658,12507.07105307045,19016.41349088949,0.1043218226762929,0.0893684997787364,0.1206902344478893
58,59,8.7965126185491,0.10405367499563932,15994.350830055897,3285.7141400596615,0.10750022491343929,0.030370242515140766,8.80550045887977,8.723098162534745,8.862446502160832,16043.453636622658,12496.035729803703,19016.41349088949,0.1043218226762929,0.0893684997787364,0.1202879509325257
59,60,8.795098376471971,0.10324389383979693,15989.727081490602,3292.643917332749,0.10739891839037087,0.03025466638528448,8.80550045887977,8.723098162534745,8.862446502160832,16043.453636622658,12496.035729803703,19016.41349088949,0.1043218226762929,0.08907489434770524,0.1202879509325257
60,61,8.793616432517537,0.10255337163266233,15990.840609700956,3287.786779051782,0.10726729120032105,0.03024474658983794,8.804945359232216,8.723098162534745,8.859286489377768,16043.453636622658,12496.035729803703,19016.41349088949,0.1043218226762929,0.0881940780546118,0.1202879509325257
61,62,8.792132392202744,0.10171039068311248,15992.155837570193,3281.7973307680427,0.1070542352478326,0.030161125235958652,8.804945359232216,8.723098162534745,8.858233151783413,16043.453636622658,12496.035729803703,19016.41349088949,0.1043218226762929,0.0881940780546118,0.1202879509325257
62,63,8.791086963734015,0.1009875087802852,15976.22888665772,3286.144924954783,0.106883781456838,0.029984765871542394,8.804945359232216,8.723098162534745,8.858233151783413,16043.453636622658,12496.035729803703,19016.41349088949,0.1043218226762929,0.08718561763113372,0.1202879509325257
63,64,8.789219062625973,0.1003639266488964,15965.277011024511,3276.502883610687,0.10687920655123762,0.0299967172630443,8.804945359232216,8.723098162534745,8.83611356247181,16043.453636622658,12496.035729803703,19016.41349088949,0.1043218226762929,0.08332676569811558,0.1202879509325257
64,65,8.787682397762694,0.10006094816242683,16009.377934551032,3281.4689604518417,0.10703392792764588,0.02997976585418648,8.804945359232216,8.723098162534745,8.83611356247181,16043.453636622658,12496.035729803703,19016.41349088949,0.1043218226762929,0.0881940780546118,0.1202879509325257
65,66,8.786812607854351,0.09979747539705444,16008.33696431665,3287.3199186391075,0.10707414294794072,0.030027485439353522,8.804945359232216,8.723098162534745,8.83611356247181,16043.453636622658,12496.035729803703,19016.41349088949,0.1043218226762929,0.0881940780546118,0.1202879509325257
66,67,8.785355404914895,0.0994615005851678,15979.857478150023,3294.2767624988837,0.10706461274178235,0.03011759298567049,8.804945359232216,8.723098162534745,8.83611356247181,16043.453636622658,12496.035729803703,19016.41349088949,0.1043218226762929,0.08628504544958945,0.1202879509325257
67,68,8.784567035811765,0.09888188149197247,15964.40953385015,3276.361391279487,0.1067441087042491,0.02976392524132168,8.804945359232216,8.723098162534745,8.830125122172884,16043.453636622658,12496.035729803703,19016.41349088949,0.1043218226762929,0.0808263537103638,0.1202879509325257
68,69,8.782879119901894,0.09823422165548563,15961.44648405944,3264.856530864887,0.10657528493434903,0.0297610146257127,8.804945359232216,8.723098162534745,8.830125122172884,16043.453636622658,12496.035729803703,19016.41349088949,0.1043218226762929,0.0808263537103638,0.1202879509325257
69,70,8.781682797757162,0.09754314877018981,15983.843061686293,3243.322454619242,0.10641741597704625,0.029471287493113427,8.804945359232216,8.723098162534745,8.830125122172884,16043.453636622658,12496.035729803703,19016.41349088949,0.1043218226762929,0.0808263537103638,0.1202879509325257
70,71,8.78041229564008,0.09641041109920771,15999.7154859567,3241.817328533496,0.10662218611433877,0.029648820257937088,8.804945359232216,8.723098162534745,8.830125122172884,16238.293324016155,12496.035729803703,19016.41349088949,0.1043218226762929,0.0808263537103638,0.1202879509325257
71,72,8.77908478330186,0.09565229272968463,16017.56918414393,3246.178410941751,0.10650140917147041,0.02949714607976259,8.765247867417832,8.723098162534745,8.82501851560296,16433.133011409653,12496.035729803703,19016.41349088949,0.1043218226762929,0.0808263537103638,0.1202879509325257
72,73,8.77738947795761,0.09455573132734149,16005.26737308309,3214.0755145519875,0.10633700230376766,0.029421244406827692,8.765247867417832,8.723098162534745,8.82501851560296,16433.133011409653,12496.035729803703,19016.41349088949,0.1043218226762929,0.0748738588141869,0.1202879509325257
73,74,8.776413227503957,0.09396557624681592,16000.499674888735,3214.1910112778505,0.10633543838248889,0.02946782656842886,8.765247867417832,8.687855444982088,8.82501851560296,16433.133011409653,12496.035729803703,19016.41349088949,0.1043218226762929,0.0748738588141869,0.1202879509325257
74,75,8.774958901142975,0.09319114271913477,15981.723840458702,3200.9791623033916,0.10606000128917638,0.02921069940562173,8.765247867417832,8.687855444982088,8.82501851560296,16433.133011409653,12496.035729803703,19016.41349088949,0.1043218226762929,0.0748738588141869,0.1202879509325257
75,76,8.773494832044134,0.09289921981696646,15980.566463950936,3211.508049780981,0.10585893302607884,0.029329830522212164,8.765247867417832,8.687855444982088,8.82398486558171,16433.133011409653,12496.035729803703,19016.41349088949,0.1043218226762929,0.0748738588141869,0.1202879509325257
76,77,8.772598081436197,0.09257371935404798,15986.532893455487,3209.9156963007404,0.10593612206033419,0.029604592073128145,8.765247867417832,8.687855444982088,8.82398486558171,16433.133011409653,12496.035729803703,19016.41349088949,0.1043218226762929,0.0748738588141869,0.1202879509325257
77,78,8.771724207532062,0.09225431940224699,15980.733005389762,3196.3236745427266,0.10570351070524195,0.02932396702951908,8.741325152388264,8.687855444982088,8.82398486558171,16433.133011409653,12496.035729803703,19016.41349088949,0.1043218226762929,0.0748738588141869,0.1202879509325257
78,79,8.770394438067125,0.09188064968075794,15975.4951122175,3198.6323875309067,0.10548134237033681,0.028973364282083258,8.741325152388264,8.687855444982088,8.82398486558171,16582.287223144616,12496.035729803703,19016.41349088949,0.1043218226762929,0.0748738588141869,0.1202879509325257
79,80,8.769172803464953,0.091632631430786,15987.044257555992,3212.0386651742297,0.10552244071155796,0.028742136330108147,8.741325152388264,8.687855444982088,8.82398486558171,16582.287223144616,12496.035729803703,19016.41349088949,0.1043218226762929,0.0748738588141869,0.1202879509325257
80,81,8.768506847300939,0.09147256225911707,15978.918143693698,3193.4987677422387,0.10544303291322288,0.028689253144410794,8.741325152388264,8.687855444982088,8.82398486558171,16582.287223144616,12496.035729803703,19016.41349088949,0.1043218226762929,0.0748738588141869,0.1202879509325257
81,82,8.767663326000076,0.09060587515922411,15959.152869376345,3180.789703434874,0.10536194725579286,0.02886599024830773,8.741325152388264,8.687855444982088,8.82398486558171,16582.287223144616,12496.035729803703,19016.41349088949,0.1043218226762929,0.0748738588141869,0.1202879509325257
82,83,8.766561847085157,0.09015733782403072,15976.369718302461,3167.231588653476,0.10517908802358382,0.028893493594740294,8.741325152388264,8.687855444982088,8.82398486558171,16582.287223144616,12496.035729803703,19016.41349088949,0.1043218226762929,0.0748738588141869,0.1202879509325257
83,84,8.765747784644697,0.09002963112588308,15953.031015874929,3171.300015895007,0.10531632000137914,0.028841983003179195,8.741325152388264,8.687855444982088,8.823805326625434,16582.287223144616,12496.035729803703,19016.41349088949,0.1043218226762929,0.0748738588141869,0.1202879509325257
84,85,8.764107651047295,0.08939717989094302,15938.79813729795,3169.524499855711,0.10521053240921277,0.028865019108873017,8.741325152388264,8.687855444982088,8.823805326625434,16582.287223144616,12496.035729803703,19016.41349088949,0.1043218226762929,0.0748738588141869,0.1202879509325257
85,86,8.763171810326002,0.08883025400344748,15934.276659729567,3168.814915682826,0.10512653012632056,0.028788237816546946,8.741325152388264,8.687855444982088,8.823805326625434,16582.287223144616,12496.035729803703,19016.41349088949,0.1043218226762929,0.0748738588141869,0.1202879509325257
86,87,8.762207239961516,0.08840916318725674,15921.420521028107,3170.1069748075784,0.10508329137392754,0.02870395185166737,8.741325152388264,8.687855444982088,8.823805326625434,16582.287223144616,12496.035729803703,19016.41349088949,0.1043218226762929,0.0748738588141869,0.1202879509325257
87,88,8.761058381478279,0.08770224985670638,15922.011766482174,3179.2801040803643,0.10489850154418226,0.02860095582465271,8.741325152388264,8.687855444982088,8.820660414571002,16582.287223144616,12496.035729803703,19016.41349088949,0.1043218226762929,0.0748738588141869,0.119479600253713
88,89,8.760691135113778,0.08737051287631574,15913.227267889415,3179.8034129031075,0.10481187939901246,0.02857509996887857,8.741325152388264,8.687855444982088,8.820660414571002,16582.287223144616,12496.035729803703,19016.41349088949,0.1043218226762929,0.0748738588141869,0.11837681621822507
89,90,8.759726098897877,0.08704223847713739,15922.618757192018,3173.342610136057,0.10474933349126805,0.028553370417530078,8.741325152388264,8.687855444982088,8.820660414571002,16582.287223144616,12496.035729803703,19016.41349088949,0.1043218226762929,0.0748738588141869,0.11837681621822507
90,91,8.75900929699546,0.08669617036664284,15918.283928557312,3177.5453442692137,0.10465095387121114,0.028630080590794728,8.732063941272942,8.687855444982088,8.820660414571002,16582.287223144616,12496.035729803703,19016.41349088949,0.1043218226762929,0.0748738588141869,0.11837681621822507
91,92,8.758476960465838,0.08664148646491775,15915.320302283422,3179.3010596303216,0.1047763173400029,0.028901750673412687,8.732063941272942,8.684452820808737,8.820660414571002,16582.287223144616,12496.035729803703,19016.41349088949,0.1043218226762929,0.0748738588141869,0.119479600253713
92,93,8.758123612604725,0.08655255381407391,15895.531399808251,3186.6855308857184,0.1045186377722459,0.02890885729421981,8.732063941272942,8.684452820808737,8.820660414571002,16507.710117277136,12496.035729803703,19016.41349088949,0.1043218226762929,0.0748738588141869,0.1180990382818194
93,94,8.75768534947693,0.08629773496303929,15885.347562047342,3181.960377317572,0.10445255738062782,0.02896963093224797,8.732063941272942,8.684452820808737,8.820660414571002,16433.133011409653,12496.035729803703,19016.41349088949,0.1043218226762929,0.0748738588141869,0.11837681621822507
94,95,8.757018973523689,0.08632047944508787,15863.743242392175,3180.303704761105,0.10439182260745385,0.029017208868585255,8.732063941272942,8.684452820808737,8.820660414571002,16433.133011409653,12496.035729803703,19016.41349088949,0.1043218226762929,0.0748738588141869,0.1180990382818194
95,96,8.755845224274859,0.08540590065539129,15878.901570359936,3195.082320460773,0.10440728552281917,0.028791503616701054,8.732063941272942,8.684452820808737,8.820660414571002,16433.133011409653,12496.035729803703,19016.41349088949,0.1043218226762929,0.0748738588141869,0.11837681621822507
96,97,8.747092008762213,0.08377947458879322,15723.072810336673,3266.817447151731,0.10580880108493997,0.030014078904917925,8.727418482571103,8.684452820808737,8.814521928415658,15952.320008473447,12496.035729803703,19016.41349088949,0.1056443657042432,0.0748738588141869,0.1202879509325257
97,98,8.746755009818958,0.08359917346558116,15736.588964033042,3267.9522476615457,0.1058005979067702,0.030129158614880105,8.727418482571103,8.684452820808737,8.814521928415658,15952.320008473447,12496.035729803703,19016.41349088949,0.1056443657042432,0.0748738588141869,0.1202879509325257
98,99,8.74618150863576,0.08351451004045249,15727.00996160887,3270.513538827416,0.10562662019491123,0.0301507189148977,8.727418482571103,8.684452820808737,8.814521928415658,15952.320008473447,12496.035729803703,19016.41349088949,0.1056443657042432,0.0748738588141869,0.1202879509325257
99,100,8.745056904677341,0.08315313119464886,15716.951243088224,3268.761393224476,0.10545604234085076,0.030075143080763814,8.727418482571103,8.684452820808737,8.814521928415658,15952.320008473447,12496.035729803703,19016.41349088949,0.1056443657042432,0.0748738588141869,0.1202879509325257
100,101,8.74332363529882,0.08240764077941805,15702.912476845977,3264.922628705528,0.10569476153759338,0.03002710388378877,8.727418482571103,8.684452820808737,8.814521928415658,15952.320008473447,12496.035729803703,19016.41349088949,0.1056443657042432,0.0748738588141869,0.1202879509325257
101,102,8.742762303624072,0.08210801080104077,15721.5763908479,3272.042828970805,0.10589182003641327,0.029982846256694198,8.727418482571103,8.684452820808737,8.814521928415658,15952.320008473447,12496.035729803703,19016.41349088949,0.1056443657042432,0.0748738588141869,0.1202879509325257
102,103,8.742283275429239,0.08184418070057388,15724.749266687144,3275.9528032929798,0.10595038502106255,0.02993662940084187,8.727076985045835,8.684452820808737,8.814521928415658,15952.320008473447,12496.035729803703,19016.41349088949,0.1056443657042432,0.0748738588141869,0.1202879509325257
103,104,8.741709613486776,0.08147440439948798,15715.339008995456,3269.8770488930054,0.10600329841462258,0.02998340370156722,8.727076985045835,8.684452820808737,8.80550045887977,15952.320008473447,12496.035729803703,19016.41349088949,0.1056443657042432,0.0748738588141869,0.1213890684689378
104,105,8.741305902644587,0.08128302005851325,15716.03713787121,3264.9752335178728,0.10601236676487331,0.03002788204908713,8.727076985045835,8.684452820808737,8.80550045887977,15952.320008473447,12496.035729803703,19016.41349088949,0.1056443657042432,0.0748738588141869,0.1246924210781741
105,106,8.740493567045936,0.08101993070052754,15703.182618610825,3270.703402146179,0.10594312980631516,0.029965774580084547,8.727076985045835,8.684452820808737,8.80550045887977,15952.320008473447,12496.035729803703,19016.41349088949,0.1056443657042432,0.0748738588141869,0.1202879509325257
106,107,8.739955766828484,0.08086256225038732,15693.355707535498,3269.685022619224,0.10599162397401923,0.030012249170173456,8.727076985045835,8.684452820808737,8.80550045887977,15952.320008473447,12496.035729803703,19016.41349088949,0.1056443657042432,0.0748738588141869,0.1246924210781741
107,108,8.738700128991166,0.0803926801817796,15702.28216039175,3270.09390514599,0.10604197305494827,0.030021591395705118,8.727076985045835,8.684452820808737,8.80550045887977,15952.320008473447,12496.035729803703,19016.41349088949,0.1056443657042432,0.0748738588141869,0.1246924210781741
108,109,8.737904462392208,0.08014240198529568,15693.470628965486,3265.5526552666206,0.10578190305430232,0.029850159219971067,8.727076985045835,8.684452820808737,8.80550045887977,15952.320008473447,12496.035729803703,19016.41349088949,0.1056443657042432,0.0748738588141869,0.1202879509325257
109,110,8.737108511789161,0.080037748141013,15699.224674476154,3264.8733811673787,0.1059492678873869,0.030005305472779666,8.727076985045835,8.684452820808737,8.80550045887977,15952.320008473447,12496.035729803703,19016.41349088949,0.1056443657042432,0.0748738588141869,0.1202879509325257
110,111,8.736666859922513,0.07983483238969677,15689.489440970188,3261.1614884190703,0.1060484387032994,0.029969175435749576,8.727076985045835,8.684452820808737,8.80550045887977,15952.320008473447,12496.035729803703,19016.41349088949,0.1056443657042432,0.0748738588141869,0.1213890684689378
111,112,8.73582281150661,0.07955910843970662,15709.222442837143,3259.0692085752767,0.10622364197149592,0.029981080738027598,8.727076985045835,8.684452820808737,8.804945359232216,15952.320008473447,12496.035729803703,19016.41349088949,0.1056443657042432,0.0748738588141869,0.1213890684689378
112,113,8.735153008711587,0.07921611054114798,15715.58006574294,3253.017095544681,0.10627763585069991,0.02999078652066265,8.727076985045835,8.684452820808737,8.804945359232216,15952.320008473447,12496.035729803703,19016.41349088949,0.1056443657042432,0.0748738588141869,0.1202879509325257
113,114,8.73469809519295,0.07902491528587359,15698.501559541877,3252.94342500819,0.10628330072987759,0.030027933168113776,8.727076985045835,8.684452820808737,8.804945359232216,15952.320008473447,12496.035729803703,19016.41349088949,0.1056443657042432,0.0748738588141869,0.1213890684689378
114,115,8.733351738097006,0.07803412494877768,15670.530685585201,3264.601918763668,0.10625153695735856,0.03007840588477421,8.727076985045835,8.684452820808737,8.804945359232216,15952.320008473447,12496.035729803703,19016.41349088949,0.1056443657042432,0.0748738588141869,0.1246924210781741
115,116,8.732956998354217,0.07782010201345656,15675.195816720941,3268.473078769295,0.10620952571014061,0.030098439990036467,8.727076985045835,8.684452820808737,8.804945359232216,15952.320008473447,12496.035729803703,19016.41349088949,0.1056443657042432,0.0748738588141869,0.1213890684689378
116,117,8.73287010440403,0.07765331770059022,15666.991703602502,3271.425951833719,0.10615921215771884,0.030099570536929188,8.727076985045835,8.684452820808737,8.804945359232216,15952.320008473447,12496.035729803703,19016.41349088949,0.1056443657042432,0.0748738588141869,0.1202879509325257
117,118,8.73216915322802,0.07724171986720989,15647.273905515318,3272.082634303237,0.10619139083955048,0.030179737613719154,8.727076985045835,8.684452820808737,8.804945359232216,15952.320008473447,12496.035729803703,19016.41349088949,0.1056443657042432,0.0748738588141869,0.1246924210781741
118,119,8.731546766047556,0.07666660199797654,15655.655714493952,3279.2641369669204,0.10634282676914883,0.029955428533136947,8.727076985045835,8.684452820808737,8.804945359232216,15952.320008473447,12496.035729803703,19016.41349088949,0.1056443657042432,0.0748738588141869,0.1246924210781741
119,120,8.731397659797796,0.07642520843031245,15667.76092151296,3284.498790471757,0.10638350167366396,0.029935411034056156,8.727076985045835,8.684452820808737,8.804945359232216,15952.320008473447,12496.035729803703,19016.41349088949,0.1056443657042432,0.0748738588141869,0.1246924210781741
120,121,8.730959378320145,0.07588070994479791,15687.956392195909,3279.709255159591,0.10628957446691586,0.02983931403465883,8.727076985045835,8.684452820808737,8.804945359232216,15952.320008473447,12496.035729803703,19016.41349088949,0.1056443657042432,0.0748738588141869,0.1213890684689378
121,122,8.730746426463478,0.07572173907611116,15689.40133446434,3281.094611984622,0.10630327886916328,0.02986877958224974,8.72508757379029,8.684452820808737,8.804945359232216,15952.320008473447,12496.035729803703,19016.41349088949,0.1056443657042432,0.0748738588141869,0.1213890684689378
122,123,8.729781249650514,0.07515836114176921,15686.853270329693,3288.361819432006,0.1063723943588898,0.029863865068344042,8.723098162534745,8.684452820808737,8.804945359232216,15952.320008473447,12496.035729803703,19016.41349088949,0.1056443657042432,0.0748738588141869,0.12645420687777126
123,124,8.729100626786225,0.07497170756948396,15716.409327374406,3294.764004104994,0.10662750790373277,0.029578107778268685,8.723098162534745,8.684452820808737,8.775172240371429,15952.320008473447,12496.035729803703,19016.41349088949,0.1056443657042432,0.0748738588141869,0.1317395642765627
124,125,8.728409174968471,0.07452393733172519,15732.293598239845,3297.9244761487976,0.10672066015269022,0.029623981834885987,8.723098162534745,8.684452820808737,8.765247867417832,15952.320008473447,12496.035729803703,19016.41349088949,0.1056443657042432,0.0748738588141869,0.1317395642765627
125,126,8.72805406723108,0.07427054154541002,15731.020986382926,3299.9597839059866,0.10663464422947375,0.029448652307456365,8.723098162534745,8.684452820808737,8.765247867417832,15952.320008473447,12496.035729803703,19016.41349088949,0.1056443657042432,0.0748738588141869,0.1317395642765627
126,127,8.727072741339722,0.07384151063415983,15729.708272113608,3291.9634382909558,0.1067813880245487,0.029453298441440654,8.723098162534745,8.681749422510668,8.765247867417832,15952.320008473447,12496.035729803703,19016.41349088949,0.1056443657042432,0.0748738588141869,0.1317395642765627
127,128,8.726520721788189,0.07339025333346262,15718.004552317896,3292.491786916188,0.10651796125072087,0.029361140370689737,8.723098162534745,8.673639227616462,8.765247867417832,15952.320008473447,12496.035729803703,19016.41349088949,0.1056443657042432,0.0748738588141869,0.1317395642765627
128,129,8.725962619758578,0.07295469108775715,15710.663366114211,3285.9105915778923,0.10658784263031423,0.029446326402644357,8.723098162534745,8.673639227616462,8.765247867417832,15952.320008473447,12496.035729803703,19016.41349088949,0.1056443657042432,0.0748738588141869,0.1317395642765627
129,130,8.725035067984305,0.07304922778991652,15677.850413259011,3285.6817411833204,0.10674297213468215,0.029470280608321405,8.723098162534745,8.673639227616462,8.765247867417832,15952.320008473447,12496.035729803703,19016.41349088949,0.1056443657042432,0.0748738588141869,0.1317395642765627
130,131,8.724310381131874,0.07232706142031611,15677.702873302524,3283.9786908225883,0.1068975260420836,0.029559741066572397,8.723098162534745,8.673639227616462,8.765247867417832,15952.320008473447,12496.035729803703,19016.41349088949,0.1056443657042432,0.0748738588141869,0.1317395642765627
131,132,8.723293533824291,0.07167656863059024,15665.456709405931,3295.1477147914547,0.10660561928141947,0.02952908946580873,8.723098162534745,8.673639227616462,8.765247867417832,15952.320008473447,12496.035729803703,19016.41349088949,0.1056443657042432,0.0748738588141869,0.1317395642765627
132,133,8.722634965233855,0.07153480300715724,15644.260648990352,3298.672892802907,0.10675103226426678,0.029503144137589785,8.723098162534745,8.673639227616462,8.765247867417832,15952.320008473447,12496.035729803703,19016.41349088949,0.1056443657042432,0.0748738588141869,0.1317395642765627
133,134,8.72221525408657,0.07147630623627589,15637.609810190641,3298.6634010277903,0.10660998348358584,0.029534455649311304,8.723098162534745,8.673639227616462,8.765247867417832,15952.320008473447,12496.035729803703,19016.41349088949,0.1056443657042432,0.0748738588141869,0.1317395642765627
134,135,8.72152670058298,0.07108770409533385,15629.363811791882,3298.5924458707964,0.1066145440439621,0.029413262279967784,8.723098162534745,8.673639227616462,8.765247867417832,15952.320008473447,12496.035729803703,19016.41349088949,0.1056443657042432,0.0748738588141869,0.1317395642765627
135,136,8.72126212628886,0.07091828924196768,15620.013734378945,3303.3057956251464,0.10659746724078102,0.02942592962452516,8.723098162534745,8.673639227616462,8.765247867417832,15952.320008473447,12496.035729803703,19016.41349088949,0.1056443657042432,0.0748738588141869,0.1317395642765627
136,137,8.720522520046657,0.07074921733361282,15605.279747255754,3304.4048739061377,0.1064420063469084,0.029107633118298684,8.723098162534745,8.673639227616462,8.765247867417832,15952.320008473447,12496.035729803703,19016.41349088949,0.1056443657042432,0.0748738588141869,0.1246924210781741
137,138,8.72007326885439,0.07029127116537776,15604.923836109512,3309.676333647342,0.10619027239644388,0.02913360465545865,8.723098162534745,8.673639227616462,8.741325152388264,15952.320008473447,12496.035729803703,19016.41349088949,0.1056443657042432,0.0748738588141869,0.1213890684689378
138,139,8.71944405324361,0.06984684764356679,15611.297100052856,3316.1118589198586,0.10619321055467856,0.029132153335306166,8.723098162534745,8.673639227616462,8.741325152388264,15952.320008473447,12496.035729803703,19016.41349088949,0.1056443657042432,0.0748738588141869,0.12645420687777126
139,140,8.718984955692738,0.06977495226386879,15618.639566175936,3317.544186242712,0.10647435835802113,0.029023209706950447,8.723098162534745,8.673639227616462,8.741325152388264,15952.320008473447,12496.035729803703,19016.41349088949,0.1056443657042432,0.0748738588141869,0.1317395642765627
140,141,8.716184217663855,0.07218213411649345,15519.628061144356,3245.535306483512,0.106831437174747,0.0279623608832343,8.723098162534745,8.673639227616462,8.741325152388264,15952.320008473447,12496.035729803703,18515.264906762146,0.1056443657042432,0.0748738588141869,0.1202879509325257
141,142,8.717715957942701,0.06896390318220576,15646.704736471896,3321.3183326549647,0.10654991344973797,0.0288058913178518,8.723098162534745,8.673639227616462,8.741325152388264,15952.320008473447,12496.035729803703,19016.41349088949,0.1056443657042432,0.0748738588141869,0.1317395642765627
142,143,8.717315132726029,0.06864408722416407,15667.40621989276,3314.708673054496,0.10658989302377886,0.028724676324482307,8.723098162534745,8.673639227616462,8.741325152388264,15952.320008473447,12496.035729803703,19016.41349088949,0.1056443657042432,0.0748738588141869,0.1317395642765627
143,144,8.717109269890614,0.0686553775846582,15665.71864290469,3312.9641256760256,0.10656562430367306,0.028715518944163153,8.723098162534745,8.673639227616462,8.741325152388264,15952.320008473447,12496.035729803703,19016.41349088949,0.1056443657042432,0.0748738588141869,0.1317395642765627
144,145,8.716795304093893,0.06854394500740926,15677.259633777578,3315.365435017776,0.10665351160006345,0.028730909472801835,8.723098162534745,8.673639227616462,8.741325152388264,15952.320008473447,12496.035729803703,19093.95626849517,0.1056443657042432,0.0748738588141869,0.1317395642765627
145,146,8.714189920973036,0.07145324155556936,15516.443677749012,3252.380488489399,0.10696427951272292,0.027870968684524218,8.687855444982088,8.673639227616462,8.741325152388264,15952.320008473447,12496.035729803703,18451.80165532845,0.10721215552497759,0.0748738588141869,0.1202879509325257
146,147,8.713833495771024,0.07132689356169113,15502.162086887569,3248.559147594968,0.10696555276513897,0.027889426526066085,8.687855444982088,8.673639227616462,8.741325152388264,15952.320008473447,12496.035729803703,18451.80165532845,0.108779945345712,0.0748738588141869,0.1202879509325257
147,148,8.713769534066655,0.07127388660458468,15498.58278015241,3250.1930673892743,0.10691604873672966,0.027938798873775435,8.687855444982088,8.673639227616462,8.741325152388264,15952.320008473447,12496.035729803703,18451.80165532845,0.108779945345712,0.0748738588141869,0.1202879509325257
148,149,8.713507179344575,0.07115389134078819,15494.921956498853,3254.3059053590055,0.10700742909907741,0.02799178686127254,8.687855444982088,8.673639227616462,8.741325152388264,15952.320008473447,12496.035729803703,18451.80165532845,0.108779945345712,0.0748738588141869,0.1202879509325257
149,150,8.712850747994693,0.07102537373412979,15485.50648592523,3255.311688520971,0.10688847535419986,0.027905437328708725,8.687855444982088,8.673639227616462,8.741325152388264,15952.320008473447,12496.035729803703,18451.80165532845,0.108779945345712,0.0748738588141869,0.1202879509325257
150,151,8.712174885737875,0.07086675339735113,15497.030124526238,3252.0202126975423,0.10705480268569423,0.02790560392119342,8.687855444982088,8.673639227616462,8.734379244051773,15952.320008473447,12496.035729803703,18451.80165532845,0.108779945345712,0.0748738588141869,0.1202879509325257
151,152,8.71190965148392,0.07077713217492361,15523.453155704141,3253.771614810339,0.10712405597155589,0.027889556508336973,8.687855444982088,8.673639227616462,8.732063941272942,15952.320008473447,12496.035729803703,18515.264906762146,0.108779945345712,0.0748738588141869,0.1202879509325257
152,153,8.711572194425134,0.07081158464995925,15501.855314094444,3254.7859241863566,0.10717453724524363,0.02786931796566301,8.687855444982088,8.673639227616462,8.732063941272942,15952.320008473447,12496.035729803703,18451.80165532845,0.108779945345712,0.0748738588141869,0.1202879509325257
153,154,8.711098825791987,0.07089746620738245,15502.986322276694,3252.067036973167,0.10729806745778304,0.02777714457102884,8.687855444982088,8.673639227616462,8.732063941272942,15952.320008473447,12496.035729803703,18451.80165532845,0.108779945345712,0.0748738588141869,0.1202879509325257
154,155,8.710468311497584,0.07066583910039637,15495.349280265908,3251.199011184272,0.10738949232346078,0.027728332622134096,8.687855444982088,8.673639227616462,8.732063941272942,15952.320008473447,12496.035729803703,18451.80165532845,0.108779945345712,0.0748738588141869,0.1202879509325257
155,156,8.710014593221091,0.0705508050894995,15495.319194683465,3255.3271924908004,0.10744933128367934,0.0276702065994631,8.687855444982088,8.673639227616462,8.732063941272942,15952.320008473447,12496.035729803703,18451.80165532845,0.108779945345712,0.0748738588141869,0.1202879509325257
156,157,8.709356519194602,0.06990151628456838,15463.359798375594,3234.182832529129,0.10747841488358859,0.027661066591025445,8.687855444982088,8.673639227616462,8.732063941272942,15952.320008473447,12496.035729803703,18451.80165532845,0.108779945345712,0.0748738588141869,0.1202879509325257
157,158,8.708843387854301,0.06958176906360872,15458.905011452223,3234.743569730182,0.10760158083912466,0.027725285184450693,8.687855444982088,8.673639227616462,8.732063941272942,15952.320008473447,12496.035729803703,18451.80165532845,0.108779945345712,0.0748738588141869,0.1213890684689378
158,159,8.707928357140236,0.0689662059117965,15425.042739131875,3228.200149273989,0.10753761290772887,0.027702573342752074,8.687855444982088,8.673639227616462,8.732063941272942,15706.663225094586,12496.035729803703,18451.80165532845,0.108779945345712,0.0748738588141869,0.1202879509325257
159,160,8.707609226498615,0.0686434041095271,15431.904497973848,3223.402527925492,0.10749454677284047,0.027583276977524968,8.687855444982088,8.673639227616462,8.732063941272942,15952.320008473447,12496.035729803703,18451.80165532845,0.108779945345712,0.0748738588141869,0.1202879509325257
160,161,8.707258799267755,0.0683662932260453,15399.334160929478,3212.2255666670344,0.10745075725065523,0.0276858375781979,8.687855444982088,8.673639227616462,8.732063941272942,15144.355291831258,12496.035729803703,18451.80165532845,0.108779945345712,0.0748738588141869,0.1202879509325257
161,162,8.706900546322489,0.06813603792741277,15385.886079390984,3209.911751253343,0.10746027988848313,0.02773293305260323,8.687855444982088,8.673639227616462,8.732063941272942,15144.355291831258,12496.035729803703,18451.80165532845,0.108779945345712,0.0748738588141869,0.1202879509325257
162,163,8.706638017592057,0.06774641310668332,15390.538743300129,3210.718179324423,0.10746857706704437,0.027675701759783258,8.687855444982088,8.673639227616462,8.732063941272942,15144.355291831258,12496.035729803703,18451.80165532845,0.108779945345712,0.0748738588141869,0.1202879509325257
163,164,8.705766884186147,0.06710950693488961,15401.438214985943,3211.164206714846,0.10759417917921855,0.02771929259347258,8.687855444982088,8.673639227616462,8.732063941272942,15302.680866773491,12496.035729803703,18451.80165532845,0.108779945345712,0.0748738588141869,0.12645420687777126
164,165,8.705577736690566,0.0670043938313679,15382.943207694016,3212.882705519401,0.1073989829354296,0.027762867741322743,8.687855444982088,8.673639227616462,8.732063941272942,15144.355291831258,12496.035729803703,18451.80165532845,0.108779945345712,0.0748738588141869,0.1202879509325257
165,166,8.704744140850229,0.06639347964762084,15374.93679653878,3210.200118056651,0.10748303034229467,0.02777284130541057,8.687855444982088,8.673639227616462,8.732063941272942,15144.355291831258,12496.035729803703,18451.80165532845,0.108779945345712,0.0748738588141869,0.12645420687777126
166,167,8.704699932353936,0.06638999203103498,15367.574582380685,3211.5771385771573,0.10750262893959253,0.027788781046506974,8.687855444982088,8.673639227616462,8.732063941272942,14613.11367547637,12496.035729803703,18451.80165532845,0.108779945345712,0.0748738588141869,0.1317395642765627
167,168,8.704255740375176,0.06615118481781646,15390.237732158312,3206.56099112762,0.10742149423452299,0.027567601197680425,8.687855444982088,8.673639227616462,8.732063941272942,15144.355291831258,12496.035729803703,18451.80165532845,0.108779945345712,0.0748738588141869,0.1213890684689378
168,169,8.703795244287166,0.06573038563111218,15374.092384771506,3209.901079387902,0.10754799730550291,0.027569897470980355,8.687855444982088,8.673639227616462,8.732063941272942,14613.11367547637,12496.035729803703,18451.80165532845,0.108779945345712,0.0748738588141869,0.1317395642765627
169,170,8.703138184975925,0.06528121169739749,15344.149136441001,3208.701091278388,0.10753475181335002,0.027584507191419333,8.687855444982088,8.673639227616462,8.728579847246563,13029.832376891613,12496.035729803703,18451.80165532845,0.108779945345712,0.0748738588141869,0.1317395642765627
170,171,8.702772326392372,0.0651622480942892,15338.779565875384,3209.647162030581,0.10744031019507475,0.027593228139796123,8.687855444982088,8.673639227616462,8.727418482571103,13029.832376891613,12496.035729803703,18451.80165532845,0.108779945345712,0.0748738588141869,0.12645420687777126
171,172,8.702476391982698,0.06489631145775812,15338.415168526588,3216.660934929321,0.10765261002194135,0.027634055305338807,8.687855444982088,8.673639227616462,8.727418482571103,13029.832376891613,12496.035729803703,18451.80165532845,0.108779945345712,0.0748738588141869,0.1317395642765627
172,173,8.701565976090652,0.0645409327420155,15367.708791598434,3215.44049226246,0.10771438388925325,0.02760325478027852,8.687855444982088,8.673639227616462,8.727418482571103,13029.832376891613,12496.035729803703,18451.80165532845,0.108779945345712,0.0748738588141869,0.1317395642765627
173,174,8.701414645035007,0.0644515539954818,15357.244398444092,3214.057125839527,0.1077679911942169,0.027643323466140873,8.687855444982088,8.673639227616462,8.727418482571103,13029.832376891613,12496.035729803703,18451.80165532845,0.108779945345712,0.0748738588141869,0.1317395642765627
174,175,8.701414645035007,0.0644515539954818,15357.244398444092,3214.057125839527,0.1077679911942169,0.027643323466140873,8.687855444982088,8.673639227616462,8.727418482571103,13029.832376891613,12496.035729803703,18451.80165532845,0.108779945345712,0.0748738588141869,0.1317395642765627
175,176,8.701292599598572,0.06449522276055603,15338.626588088273,3211.5579001927977,0.10776239220290962,0.027633157140355434,8.687855444982088,8.673639227616462,8.727418482571103,13029.832376891613,12496.035729803703,18451.80165532845,0.108779945345712,0.0748738588141869,0.1317395642765627
176,177,8.700754018267535,0.0641404868941057,15307.374963061826,3201.5060327706983,0.10780974487477937,0.02771704789772652,8.687855444982088,8.673639227616462,8.727418482571103,13029.832376891613,12496.035729803703,18451.80165532845,0.108779945345712,0.0748738588141869,0.13209504079227513
177,178,8.70043706789746,0.06428509607270164,15302.39746349198,3202.2941428790273,0.107897336717642,0.02769715193071701,8.687855444982088,8.673639227616462,8.727418482571103,13029.832376891613,12496.035729803703,18451.80165532845,0.108779945345712,0.0748738588141869,0.13400293213635292
178,179,8.700313377901296,0.0641651614001283,15320.820913162146,3197.9887087872953,0.10790959738391312,0.02766050642784283,8.687855444982088,8.673639227616462,8.727418482571103,13029.832376891613,12496.035729803703,18451.80165532845,0.108779945345712,0.0748738588141869,0.13209504079227513
179,180,8.699989127152637,0.06413684536665543,15316.950361915886,3197.7889825027632,0.10794223914735884,0.027633465528751053,8.687855444982088,8.673639227616462,8.727418482571103,13029.832376891613,12496.035729803703,18451.80165532845,0.108779945345712,0.0748738588141869,0.13209504079227513
180,181,8.699501541987145,0.0638351898391208,15332.034894006583,3198.8932907607086,0.10795686373956383,0.02751637464348673,8.687855444982088,8.673639227616462,8.727418482571103,13029.832376891613,12496.035729803703,18451.80165532845,0.108779945345712,0.0748738588141869,0.1317395642765627
181,182,8.699086013957993,0.06377937167920826,15333.796605594958,3201.3094013601826,0.1081410276062039,0.027472924819399086,8.687855444982088,8.673639227616462,8.727418482571103,13029.832376891613,12496.035729803703,18451.80165532845,0.108779945345712,0.0748738588141869,0.13400293213635292
182,183,8.698519869996513,0.06370640373764216,15338.637761937627,3201.2036101334593,0.10819939335332678,0.027481808118811166,8.687855444982088,8.673639227616462,8.727418482571103,13029.832376891613,12496.035729803703,18451.80165532845,0.108779945345712,0.0748738588141869,0.1398865482303856
183,184,8.698076955027707,0.06309965348171492,15339.928477911548,3200.545066321903,0.10819867713561528,0.02743112972744897,8.687855444982088,8.673639227616462,8.727418482571103,13029.832376891613,12496.035729803703,18451.80165532845,0.108779945345712,0.0748738588141869,0.13736712520297728
184,185,8.697888977856412,0.0628717579297739,15307.159743627153,3188.3153023955733,0.10814014268113852,0.027701386705389925,8.687855444982088,8.673639227616462,8.727418482571103,13029.832376891613,12496.035729803703,18451.80165532845,0.108779945345712,0.0748738588141869,0.1398865482303856
185,186,8.70320326901627,0.06262164168968244,15814.261018500692,3265.7705064516254,0.10835077742208943,0.028633558164071687,8.687855444982088,8.673639227616462,8.727418482571103,16582.287223144616,12496.035729803703,19093.95626849517,0.108779945345712,0.0748738588141869,0.1398865482303856
186,187,8.697261504952188,0.06221024751392482,15310.2507774854,3189.3563221819704,0.1081464083553425,0.027753352371330538,8.687855444982088,8.673639227616462,8.727418482571103,13029.832376891613,12496.035729803703,18451.80165532845,0.108779945345712,0.0748738588141869,0.1398865482303856
187,188,8.696996382806898,0.06203713982825778,15295.817288395543,3189.5914447986875,0.10810578926218416,0.027757727253222036,8.687855444982088,8.673639227616462,8.727418482571103,13029.832376891613,12496.035729803703,18451.80165532845,0.108779945345712,0.0748738588141869,0.1398865482303856
188,189,8.696907292422216,0.061842043353888806,15304.31779995529,3189.884315192752,0.10805712860612304,0.027747613523931156,8.687855444982088,8.673639227616462,8.727418482571103,13029.832376891613,12496.035729803703,18451.80165532845,0.108779945345712,0.0748738588141869,0.1398865482303856
189,190,8.696626870167453,0.06151077771313823,15311.763799632738,3189.8787144275975,0.10804520302026174,0.027739427472563458,8.687855444982088,8.673639227616462,8.727418482571103,13029.832376891613,12496.035729803703,18451.80165532845,0.108779945345712,0.0748738588141869,0.1398865482303856
190,191,8.70182014854135,0.061274995123132045,15811.596924466961,3274.967646232171,0.10836271683013037,0.028569076393046615,8.687855444982088,8.673639227616462,8.727418482571103,16582.287223144616,12496.035729803703,19093.95626849517,0.108779945345712,0.0748738588141869,0.1398865482303856
191,192,8.70146317643136,0.061047430266554334,15798.913094322343,3268.7004430892007,0.10836865923796786,0.02858534428527284,8.687855444982088,8.673639227616462,8.727418482571103,16582.287223144616,12496.035729803703,19093.95626849517,0.108779945345712,0.0748738588141869,0.1398865482303856
192,193,8.700958319348194,0.0606083239896184,15793.256842121757,3265.896427814189,0.10850041840377168,0.028602444443495648,8.687855444982088,8.673639227616462,8.727418482571103,16582.287223144616,12496.035729803703,19093.95626849517,0.108779945345712,0.0748738588141869,0.1398865482303856
193,194,8.69533769877046,0.0609923295434088,15297.211452283726,3194.891718924087,0.10841227014141883,0.027442022836415097,8.684452820808737,8.673639227616462,8.727076985045835,13029.832376891613,12496.035729803703,18451.80165532845,0.108779945345712,0.0748738588141869,0.1398865482303856
194,195,8.694897529621851,0.06062765343694581,15286.819074294135,3197.8397152850785,0.1084969231979628,0.027491601895155086,8.684452820808737,8.673639227616462,8.727076985045835,13029.832376891613,12496.035729803703,18451.80165532845,0.108779945345712,0.0748738588141869,0.1398865482303856
195,196,8.694755259944658,0.06047689814944455,15280.880088302332,3200.1135319813516,0.10850507018191662,0.02749969448164315,8.684452820808737,8.673639227616462,8.727076985045835,13029.832376891613,12496.035729803703,18451.80165532845,0.108779945345712,0.0748738588141869,0.1398865482303856
196,197,8.699985129218314,0.0599547408986465,15818.86355707776,3245.6029747421035,0.10862563187909631,0.028402359510448786,8.684452820808737,8.673639227616462,8.727418482571103,16582.287223144616,13029.832376891613,19093.95626849517,0.108779945345712,0.0748738588141869,0.1398865482303856
197,198,8.6995573788329,0.05983617304257564,15821.864933411958,3245.1581580363045,0.10881008960213313,0.028390792027725875,8.684452820808737,8.673639227616462,8.727418482571103,16582.287223144616,13029.832376891613,19093.95626849517,0.108779945345712,0.0748738588141869,0.1398865482303856
198,199,8.699481455065513,0.059735752957075755,15812.327742204849,3250.772373706909,0.10878691151967286,0.028399274787222442,8.684452820808737,8.673639227616462,8.727418482571103,16582.287223144616,13029.832376891613,19093.95626849517,0.108779945345712,0.0748738588141869,0.1398865482303856
199,200,8.698995123186586,0.05944873927581492,15791.087346189954,3249.5634025360696,0.10877330226214386,0.028376441655328887,8.684452820808737,8.673639227616462,8.727418482571103,16582.287223144616,13029.832376891613,19093.95626849517,0.108779945345712,0.0748738588141869,0.1398865482303856
200,201,8.698497121581843,0.059040405568496296,15784.751763143548,3248.008845421918,0.10869495910790966,0.028402110849937632,8.684452820808737,8.673639227616462,8.727418482571103,16582.287223144616,13029.832376891613,19093.95626849517,0.108779945345712,0.0748738588141869,0.1398865482303856
201,202,8.698201219295225,0.05882942101515742,15776.013229174201,3244.1323754474893,0.10864885584840173,0.02838161862604074,8.684452820808737,8.673639227616462,8.727418482571103,16582.287223144616,13029.832376891613,19093.95626849517,0.108779945345712,0.0748738588141869,0.1398865482303856
202,203,8.697922852459428,0.05866473405703506,15767.33258300918,3242.611299389003,0.10862277328351706,0.02840283399172004,8.684452820808737,8.673639227616462,8.727418482571103,16582.287223144616,13029.832376891613,19093.95626849517,0.108779945345712,0.0748738588141869,0.1398865482303856
203,204,8.697603497951155,0.05848535162082537,15741.080891420641,3241.8730632505,0.10871495894218042,0.02842745968417624,8.684452820808737,8.673639227616462,8.727418482571103,15997.886822548053,12896.383215119635,19093.95626849517,0.108779945345712,0.0748738588141869,0.1398865482303856
204,205,8.697273174051336,0.058189625343645884,15744.148604492875,3243.880585639477,0.10869675129523775,0.028509395855257042,8.684452820808737,8.673639227616462,8.727162359427153,16043.453636622658,12896.383215119635,19093.95626849517,0.108779945345712,0.0748738588141869,0.1398865482303856
205,206,8.696822978130871,0.057813514372547205,15755.502735554499,3235.0285679453204,0.10868562674799492,0.028421043264628215,8.684452820808737,8.673639227616462,8.727076985045835,16312.870429883638,13029.832376891613,19093.95626849517,0.108779945345712,0.0748738588141869,0.1398865482303856
206,207,8.69672027149127,0.05766765574164312,15754.426482073939,3234.7838729962077,0.10862796552110009,0.028432702226037047,8.684452820808737,8.673639227616462,8.727076985045835,16043.453636622658,13029.832376891613,19093.95626849517,0.108779945345712,0.0748738588141869,0.1398865482303856
207,208,8.696488840052487,0.05742648752595484,15757.663722624766,3235.80859033858,0.10871192490643598,0.02843904482180502,8.684452820808737,8.673639227616462,8.727076985045835,16312.870429883638,13029.832376891613,19093.95626849517,0.108779945345712,0.0748738588141869,0.1398865482303856
208,209,8.696372671376537,0.05739942489355855,15762.685135007056,3236.662837000007,0.10893949607333832,0.028365930347647356,8.684452820808737,8.673639227616462,8.727076985045835,16582.287223144616,13029.832376891613,19093.95626849517,0.108779945345712,0.0748738588141869,0.1398865482303856
209,210,8.69611080589683,0.05725024016765264,15738.830721334323,3241.201273718652,0.10897830559343251,0.028365396534557902,8.684452820808737,8.673639227616462,8.727076985045835,16043.453636622658,13029.832376891613,19093.95626849517,0.108779945345712,0.0748738588141869,0.1398865482303856
210,211,8.695887275772705,0.057336526611953806,15730.486264424306,3242.312079657086,0.1090014991958097,0.028341653894122326,8.684452820808737,8.673639227616462,8.727076985045835,15997.886822548053,13029.832376891613,19093.95626849517,0.108779945345712,0.0748738588141869,0.1398865482303856
211,212,8.69588693427518,0.05733633982710307,15733.627900684327,3244.047082314027,0.10899934021010241,0.028344396257932614,8.684452820808737,8.673639227616462,8.727076985045835,16043.453636622658,13029.832376891613,19093.95626849517,0.108779945345712,0.0748738588141869,0.1398865482303856
212,213,8.69551828361348,0.05696499450525795,15730.770956592572,3242.306329454594,0.10896730254031164,0.028406383298513145,8.684452820808737,8.673639227616462,8.727076985045835,16043.453636622658,13029.832376891613,19093.95626849517,0.108779945345712,0.0748738588141869,0.1398865482303856
213,214,8.695151392078099,0.05667302521460058,15727.669496623663,3243.653223524715,0.10902012250786083,0.028439753828557852,8.684452820808737,8.673639227616462,8.727076985045835,15997.886822548053,13029.832376891613,19093.95626849517,0.108779945345712,0.0748738588141869,0.1398865482303856
214,215,8.69487008944545,0.05681156178874952,15733.761760717885,3236.926776257777,0.109024779906197,0.02836632474764696,8.684452820808737,8.673639227616462,8.727076985045835,15997.886822548053,13029.832376891613,19093.95626849517,0.108779945345712,0.0748738588141869,0.1398865482303856
215,216,8.694671410045713,0.056758327978492104,15730.678165115985,3237.626694376962,0.10907216405774188,0.028399075372629635,8.684452820808737,8.673639227616462,8.727076985045835,15997.886822548053,13029.832376891613,19093.95626849517,0.108779945345712,0.0748738588141869,0.1398865482303856
216,217,8.694494945083761,0.05665162219165624,15743.037300509888,3240.134212293387,0.10934224857016173,0.028399523141910344,8.684452820808737,8.673639227616462,8.727076985045835,16043.453636622658,13029.832376891613,19093.95626849517,0.108779945345712,0.0748738588141869,0.1398865482303856
217,218,8.694108954259937,0.056151868827719505,15736.9196652373,3245.3242074865593,0.10947752194810739,0.02843824227071301,8.684452820808737,8.673639227616462,8.727076985045835,16043.453636622658,13029.832376891613,19093.95626849517,0.108779945345712,0.0748738588141869,0.1398865482303856
218,219,8.69385642607548,0.056147184663235046,15736.32961328163,3240.9837702930636,0.1094513480459974,0.028422237783059096,8.684452820808737,8.673639227616462,8.727076985045835,15997.886822548053,13029.832376891613,19093.95626849517,0.108779945345712,0.0748738588141869,0.1398865482303856
219,220,8.693563779753786,0.0561303560220567,15729.783889198661,3238.6664490887238,0.10948971225519835,0.028400723856185105,8.684452820808737,8.673639227616462,8.727076985045835,15952.320008473447,13029.832376891613,19093.95626849517,0.108779945345712,0.0748738588141869,0.1398865482303856
220,221,8.693425714379684,0.05607367267053986,15716.035483708762,3236.593490868116,0.10941831485639494,0.02839132546647246,8.684452820808737,8.673639227616462,8.727076985045835,15952.320008473447,13029.832376891613,19093.95626849517,0.108779945345712,0.0748738588141869,0.1398865482303856
221,222,8.693236801199966,0.055886369428842606,15717.30985749163,3236.805180649751,0.1095091121115558,0.028432740931996693,8.684452820808737,8.673639227616462,8.727076985045835,15952.320008473447,13029.832376891613,19093.95626849517,0.108779945345712,0.0748738588141869,0.1398865482303856
222,223,8.693125931627213,0.05584456100666298,15707.99101555716,3241.8692724277666,0.10952059501938384,0.028500063797576712,8.684452820808737,8.673639227616462,8.727076985045835,15952.320008473447,13029.832376891613,19093.95626849517,0.108779945345712,0.0748738588141869,0.1398865482303856
223,224,8.692778552405644,0.05580815692571377,15715.132281727161,3237.1877298370327,0.10962429343012213,0.028388656922068184,8.684452820808737,8.673639227616462,8.727076985045835,15952.320008473447,13029.832376891613,19093.95626849517,0.108779945345712,0.0748738588141869,0.1398865482303856
224,225,8.692584229645774,0.05563768698324985,15713.155261480191,3238.461613993396,0.10966478854093138,0.028373336533894764,8.684452820808737,8.673639227616462,8.727076985045835,15952.320008473447,13029.832376891613,19093.95626849517,0.108779945345712,0.0748738588141869,0.1398865482303856
225,226,8.692390798876717,0.05559824011716858,15693.281477778983,3235.7439573184756,0.1095480361710155,0.028357793352195806,8.684452820808737,8.673639227616462,8.727076985045835,15952.320008473447,13029.832376891613,19093.95626849517,0.108779945345712,0.0748738588141869,0.1398865482303856
226,227,8.692181043163082,0.05519893788720476,15696.85968448064,3235.362569438094,0.10958153249239332,0.028352740433378466,8.684452820808737,8.673639227616462,8.727076985045835,15952.320008473447,13029.832376891613,19093.95626849517,0.108779945345712,0.0748738588141869,0.1398865482303856
227,228,8.692073446144374,0.05511226037293099,15691.225587799476,3234.4317638728844,0.10964859875266376,0.028350128933193504,8.684452820808737,8.673639227616462,8.727076985045835,15952.320008473447,13029.832376891613,19093.95626849517,0.108779945345712,0.0748738588141869,0.1398865482303856
228,229,8.691744226462193,0.05478554856256706,15713.029573308915,3232.824288697185,0.10977927165631773,0.028385572187965145,8.684452820808737,8.673639227616462,8.727076985045835,15952.320008473447,13029.832376891613,19093.95626849517,0.108779945345712,0.0748738588141869,0.1398865482303856
229,230,8.691671452785618,0.054678390198620606,15719.43425337277,3233.4890844495567,0.10976947911668584,0.028417483636642645,8.684452820808737,8.673639227616462,8.727076985045835,15952.320008473447,13029.832376891613,19093.95626849517,0.108779945345712,0.0748738588141869,0.1398865482303856
230,231,8.691111042353942,0.054307696244328074,15731.434993138873,3234.351184172059,0.10995378192327138,0.02849947407656875,8.684452820808737,8.673639227616462,8.727076985045835,15952.320008473447,13029.832376891613,19093.95626849517,0.108779945345712,0.0748738588141869,0.1398865482303856
231,232,8.69076103973835,0.054484224046893334,15736.383076192371,3228.957821445931,0.10995938089056509,0.0284248546144664,8.684452820808737,8.673639227616462,8.727076985045835,15952.320008473447,13029.832376891613,19093.95626849517,0.108779945345712,0.0748738588141869,0.1398865482303856
232,233,8.69023717075541,0.05402762019048598,15734.634205773391,3229.742555307298,0.11002505215851259,0.028427754924670926,8.684452820808737,8.673639227616462,8.727076985045835,15952.320008473447,13029.832376891613,19093.95626849517,0.108779945345712,0.0748738588141869,0.1398865482303856
233,234,8.689971703911688,0.053983794061161446,15754.301874428778,3226.4751816153557,0.11023904664601333,0.0284276832121912,8.684452820808737,8.673639227616462,8.727076985045835,15997.886822548053,13029.832376891613,19093.95626849517,0.108779945345712,0.0748738588141869,0.1398865482303856
234,235,8.689878044677664,0.05408786036334984,15586.776900795207,3195.091091992205,0.11000331519020341,0.028020706296567676,8.684452820808737,8.673639227616462,8.727076985045835,15952.320008473447,13029.832376891613,19093.95626849517,0.108779945345712,0.089830280007594,0.1398865482303856
235,236,8.689646748666942,0.053795504194100695,15744.116841056179,3228.6530787079155,0.11035937225952017,0.02834904734051305,8.684452820808737,8.673639227616462,8.727076985045835,15952.320008473447,13029.832376891613,19093.95626849517,0.108779945345712,0.089830280007594,0.1398865482303856
236,237,8.689482308251804,0.053803295730049466,15578.117388363078,3192.4486519166826,0.10989226990331258,0.028011721459809933,8.684452820808737,8.673639227616462,8.727076985045835,15952.320008473447,13029.832376891613,19093.95626849517,0.108779945345712,0.0748738588141869,0.1398865482303856
237,238,8.689143509630984,0.05351242446424472,15749.545853937672,3226.692934178997,0.11040239214638037,0.028295559794278,8.684452820808737,8.673639227616462,8.727076985045835,15952.320008473447,13029.832376891613,19093.95626849517,0.108779945345712,0.0929762129947335,0.1398865482303856
238,239,8.688967064368551,0.05352305827927808,15747.209543779982,3224.3361762028467,0.11053643442560937,0.028242088490623832,8.684452820808737,8.673639227616462,8.727076985045835,15952.320008473447,13029.832376891613,19093.95626849517,0.108779945345712,0.09402485732378,0.1398865482303856
239,240,8.688453600618967,0.052990060599557076,15562.618119167908,3191.3093003130316,0.11004589454511071,0.028041376850747958,8.684452820808737,8.673639227616462,8.727076985045835,15952.320008473447,13029.832376891613,19093.95626849517,0.108779945345712,0.0929762129947335,0.1398865482303856
240,241,8.688337086903054,0.052864639821597906,15568.510257837217,3191.0984989936946,0.11004553268053661,0.028044711297337387,8.684452820808737,8.673639227616462,8.727076985045835,15952.320008473447,13029.832376891613,19093.95626849517,0.108779945345712,0.0929762129947335,0.1398865482303856
241,242,8.6876147225329,0.05287293620565523,15762.8745809388,3212.5660445803956,0.11090526316681291,0.028182703796503422,8.684452820808737,8.673639227616462,8.727076985045835,15952.320008473447,13029.832376891613,19093.95626849517,0.108779945345712,0.103051723138571,0.1398865482303856
242,243,8.687169773521049,0.052743969109109196,15737.929759311435,3210.2919773205854,0.11092153959847072,0.02817665244967354,8.684452820808737,8.673639227616462,8.727076985045835,15952.320008473447,13029.832376891613,19093.95626849517,0.108779945345712,0.103051723138571,0.1398865482303856
243,244,8.687453564542992,0.052562495680133506,15539.294937439807,3191.3818692662485,0.11028713343064507,0.02792871024126395,8.684452820808737,8.673639227616462,8.727076985045835,15952.320008473447,13029.832376891613,19016.41349088949,0.108779945345712,0.0948417690774969,0.1398865482303856
244,245,8.687414001505402,0.05254728683504988,15534.432204928566,3194.4520493987693,0.11035294164149373,0.027920844784229588,8.684452820808737,8.673639227616462,8.727076985045835,15952.320008473447,13029.832376891613,19016.41349088949,0.108779945345712,0.0948417690774969,0.1398865482303856
245,246,8.68638022355374,0.05225138038965636,15723.916415505897,3201.576182170139,0.11101274859786274,0.028135873159795006,8.684452820808737,8.673639227616462,8.727076985045835,15952.320008473447,13029.832376891613,19093.95626849517,0.108779945345712,0.103051723138571,0.1398865482303856
246,247,8.687014532528178,0.052592475472542775,15527.560202765402,3189.773943714263,0.11047175013131408,0.027907565220231124,8.684452820808737,8.673639227616462,8.727076985045835,15952.320008473447,13029.832376891613,19016.41349088949,0.108779945345712,0.10241254459915633,0.1398865482303856
247,248,8.686516032261622,0.05200875645807388,15496.399203698338,3187.0284159053613,0.1103879635562209,0.027912563142481445,8.684452820808737,8.673639227616462,8.727076985045835,15952.320008473447,13029.832376891613,19016.41349088949,0.108779945345712,0.10241254459915633,0.1398865482303856
248,249,8.686292930409019,0.051805465534366345,15496.186946384092,3191.2695943852923,0.11056993895843967,0.027842113938898894,8.684452820808737,8.673639227616462,8.727076985045835,15952.320008473447,13029.832376891613,19016.41349088949,0.108779945345712,0.103051723138571,0.1398865482303856
249,250,8.686164395757798,0.0517646005638551,15496.760605343037,3194.521482718758,0.11082309888401158,0.027861526462571687,8.684452820808737,8.673639227616462,8.723098162534745,15952.320008473447,13029.832376891613,19016.41349088949,0.108779945345712,0.103051723138571,0.1398865482303856
250,251,8.685850246528783,0.05176953694146842,15522.059380022325,3194.42827616759,0.1109849124383071,0.02771808953775242,8.684452820808737,8.673639227616462,8.723098162534745,15952.320008473447,13029.832376891613,19035.79918529091,0.108779945345712,0.103051723138571,0.1398865482303856
251,252,8.685810683491196,0.05175286941294454,15517.196647511082,3197.4693193516177,0.11105072064915576,0.02770850710831053,8.684452820808737,8.673639227616462,8.723098162534745,15952.320008473447,13029.832376891613,19035.79918529091,0.108779945345712,0.103051723138571,0.1398865482303856
252,253,8.68564746190353,0.051765047103128334,15517.48676036067,3200.4568688851505,0.11116207330002505,0.02768744489765398,8.684452820808737,8.673639227616462,8.723098162534745,15952.320008473447,13029.832376891613,19093.95626849517,0.108779945345712,0.103051723138571,0.1398865482303856
253,254,8.685456166563602,0.051639742727439944,15504.031220393588,3200.9951183874805,0.11114093927906783,0.0276710368802831,8.684452820808737,8.659723458177439,8.723098162534745,15952.320008473447,13029.832376891613,19035.79918529091,0.108779945345712,0.103051723138571,0.1398865482303856
254,255,8.685020638050515,0.051225198260858196,15504.492154588888,3202.692462645384,0.11119049891818943,0.02761978650413736,8.684452820808737,8.617976149860372,8.723098162534745,15952.320008473447,13029.832376891613,19035.79918529091,0.108779945345712,0.103051723138571,0.1398865482303856
255,256,8.684690563598473,0.05118352806222269,15503.554911303203,3201.049567577608,0.11121360242327225,0.027581044335497552,8.684452820808737,8.617976149860372,8.723098162534745,15952.320008473447,13029.832376891613,19035.79918529091,0.108779945345712,0.103051723138571,0.1398865482303856
256,257,8.684528601204196,0.051195884070644716,15511.380716295715,3198.8501699411,0.11129207635589021,0.027543048693534553,8.684452820808737,8.617976149860372,8.723098162534745,15952.320008473447,13029.832376891613,19035.79918529091,0.108779945345712,0.103051723138571,0.1398865482303856
257,258,8.684344176643297,0.051010328549749795,15506.630710309388,3201.9115510394317,0.1114379114120377,0.027530819551627006,8.684452820808737,8.617976149860372,8.723098162534745,15952.320008473447,13029.832376891613,19035.79918529091,0.108779945345712,0.10310256263815679,0.1398865482303856
258,259,8.683972181708231,0.05072284709640012,15485.830722767883,3204.843905729603,0.11147605024253299,0.027598160357281076,8.684452820808737,8.617976149860372,8.723098162534745,15952.320008473447,13029.832376891613,19035.79918529091,0.108779945345712,0.10310256263815679,0.1398865482303856
259,260,8.683503707450601,0.0504540742234619,15477.015326060971,3207.1244305264936,0.11164240808755388,0.027609828623614854,8.684452820808737,8.617976149860372,8.723098162534745,14087.093834361436,13029.832376891613,19093.95626849517,0.108779945345712,0.1031195091380187,0.1398865482303856
260,261,8.683243617787282,0.05030482756011043,15482.29108821713,3207.346137499342,0.1115600408645933,0.02753993021281615,8.684452820808737,8.617976149860372,8.723098162534745,14087.093834361436,13029.832376891613,19093.95626849517,0.108779945345712,0.1031195091380187,0.1398865482303856
261,262,8.683046074323949,0.050090452456728926,15478.785814893086,3204.156722933417,0.11163047264370765,0.027525369923554137,8.684452820808737,8.617976149860372,8.723098162534745,14087.093834361436,13029.832376891613,19093.95626849517,0.108779945345712,0.1031195091380187,0.1398865482303856
262,263,8.68283802366895,0.05006746514100221,15484.782613301535,3205.8551549657354,0.11182441411950582,0.027461137342971575,8.684452820808737,8.617976149860372,8.723098162534745,15548.337650152353,13029.832376891613,19093.95626849517,0.108779945345712,0.10402124429172435,0.1398865482303856
263,264,8.68256632073433,0.04984621576327659,15483.72955745864,3204.788048259558,0.11178652596280973,0.02747568596953102,8.684452820808737,8.617976149860372,8.723098162534745,15548.337650152353,13029.832376891613,19093.95626849517,0.108779945345712,0.10402124429172435,0.1398865482303856
264,265,8.68256632073433,0.04984621576327659,15483.72955745864,3204.788048259558,0.11178652596280973,0.02747568596953102,8.684452820808737,8.617976149860372,8.723098162534745,15548.337650152353,13029.832376891613,19093.95626849517,0.108779945345712,0.10402124429172435,0.1398865482303856
265,266,8.682413488794918,0.0497448884601394,15480.840829854142,3204.570035502369,0.1116777485689499,0.02752307982281167,8.684452820808737,8.617976149860372,8.723098162534745,14087.093834361436,13029.832376891613,19093.95626849517,0.108779945345712,0.1031195091380187,0.1398865482303856
266,267,8.682280433294727,0.049716993953180875,15475.047886546748,3202.896907745072,0.11170147928485,0.027484438530352963,8.684452820808737,8.617976149860372,8.723098162534745,13029.832376891613,13029.832376891613,19093.95626849517,0.108779945345712,0.1031195091380187,0.1398865482303856
267,268,8.682109473171735,0.04969834347332963,15475.64107839411,3202.1238402642616,0.11173990896453088,0.027426792803398294,8.684452820808737,8.617976149860372,8.723098162534745,13029.832376891613,13029.832376891613,19093.95626849517,0.108779945345712,0.10402124429172435,0.1398865482303856
268,269,8.681948099398523,0.04969000591710975,15469.121136450038,3204.2377878332577,0.11176076250869905,0.02739933747970058,8.684452820808737,8.617976149860372,8.723098162534745,13029.832376891613,13029.832376891613,19093.95626849517,0.108779945345712,0.1043218226762929,0.1398865482303856
269,270,8.681532581270584,0.04928814994029078,15488.900785351245,3206.4367282371586,0.11183314485421711,0.02740678969808201,8.684452820808737,8.617976149860372,8.723098162534745,13029.832376891613,13029.832376891613,19093.95626849517,0.108779945345712,0.1043218226762929,0.1398865482303856
270,271,8.681376156382957,0.04923232398574425,15513.629002108188,3205.3606395656752,0.1119802596225586,0.02742547197417826,8.684452820808737,8.617976149860372,8.723098162534745,15952.320008473447,13029.832376891613,19093.95626849517,0.108779945345712,0.1043218226762929,0.1398865482303856
271,272,8.681170147667235,0.04906589041619521,15505.666816897608,3201.6292629638924,0.11199920928789672,0.027416706117459624,8.684452820808737,8.617976149860372,8.723098162534745,15952.320008473447,13029.832376891613,19093.95626849517,0.108779945345712,0.10531372994725563,0.1398865482303856
272,273,8.680907801538858,0.04892455811237668,15511.591292842777,3199.3478085944707,0.1120611437096794,0.027412062631758754,8.684452820808737,8.617976149860372,8.723098162534745,15952.320008473447,13029.832376891613,19093.95626849517,0.108779945345712,0.1056443657042432,0.1398865482303856
273,274,8.680668516930464,0.04894983040924764,15513.713740239182,3199.0960175231185,0.11219320807570282,0.02735544931174462,8.684452820808737,8.617976149860372,8.723098162534745,15952.320008473447,13029.832376891613,19093.95626849517,0.108779945345712,0.1056443657042432,0.1398865482303856
274,275,8.680292720324488,0.0489696892825818,15475.109610533513,3199.324139862367,0.11209169005142318,0.027337506186896534,8.684452820808737,8.617976149860372,8.723098162534745,13029.832376891613,13029.832376891613,19093.95626849517,0.108779945345712,0.1056443657042432,0.1398865482303856
275,276,8.680178632533075,0.04898183896143937,15469.687641255077,3198.8692126085807,0.11208018204583638,0.027336475651498646,8.684452820808737,8.617976149860372,8.723098162534745,13029.832376891613,13029.832376891613,19093.95626849517,0.108779945345712,0.1056443657042432,0.1398865482303856
276,277,8.680005754806624,0.04894399509962896,15467.080688137674,3197.3873065891476,0.1122078801300984,0.02735907823776231,8.684452820808737,8.617976149860372,8.723098162534745,13029.832376891613,13029.832376891613,19093.95626849517,0.108779945345712,0.1056443657042432,0.1398865482303856
277,278,8.679681819416036,0.04878675040713409,15462.804327986181,3196.633507541176,0.11227570848302948,0.027294963911372497,8.684452820808737,8.617976149860372,8.723098162534745,13029.832376891613,13029.832376891613,19093.95626849517,0.108779945345712,0.1056443657042432,0.1398865482303856
278,279,8.67922071425609,0.048502666990563964,15458.81365374248,3198.740732431137,0.11251095765246934,0.027211711643704197,8.684452820808737,8.617976149860372,8.723098162534745,13029.832376891613,13029.832376891613,19093.95626849517,0.108779945345712,0.1056443657042432,0.1398865482303856
279,280,8.67922071425609,0.048502666990563964,15458.81365374248,3198.740732431137,0.11251095765246934,0.027211711643704197,8.684452820808737,8.617976149860372,8.723098162534745,13029.832376891613,13029.832376891613,19093.95626849517,0.108779945345712,0.1056443657042432,0.1398865482303856
280,281,8.676530159759231,0.04667894866561581,15636.935288251938,3197.784786041881,0.11431802666757761,0.027349302348972634,8.673639227616462,8.617976149860372,8.687855444982088,15952.320008473447,13029.832376891613,19093.95626849517,0.108779945345712,0.1056443657042432,0.1398865482303856
281,282,8.67901861113349,0.04837373309441878,15450.225077217947,3199.8826243741582,0.1125625664106917,0.027235124620665883,8.684452820808737,8.617976149860372,8.723098162534745,13029.832376891613,13029.832376891613,19093.95626849517,0.108779945345712,0.1056443657042432,0.1398865482303856
282,283,8.678954935981205,0.04835339468966884,15464.9692949702,3199.8260807463207,0.11264926476422114,0.027248685641675575,8.684452820808737,8.617976149860372,8.723098162534745,13029.832376891613,13029.832376891613,19093.95626849517,0.108779945345712,0.1056443657042432,0.1398865482303856
283,284,8.675974126639671,0.04631004819426514,15626.968156681862,3204.639949590815,0.1146177688222662,0.027256714649040906,8.673639227616462,8.617976149860372,8.687855444982088,15952.320008473447,13029.832376891613,19093.95626849517,0.108779945345712,0.1056443657042432,0.1398865482303856
284,285,8.675928099851259,0.0462818490764652,15633.40587615915,3201.7920031835365,0.11461725165376987,0.027214479070507815,8.673639227616462,8.617976149860372,8.687855444982088,15952.320008473447,13029.832376891613,19093.95626849517,0.108779945345712,0.1056443657042432,0.1398865482303856
285,286,8.678445557690873,0.048326668928050744,15443.333262232232,3200.8996647855647,0.11273226370414563,0.02715899905745268,8.684452820808737,8.617976149860372,8.723098162534745,13029.832376891613,13029.832376891613,19093.95626849517,0.108779945345712,0.1056443657042432,0.1398865482303856
286,287,8.678388685359293,0.0482860843204353,15449.348423358031,3200.6303819318514,0.11278220138941329,0.027099945704398665,8.684452820808737,8.617976149860372,8.723098162534745,13029.832376891613,13029.832376891613,19093.95626849517,0.108779945345712,0.1056443657042432,0.1398865482303856
287,288,8.675115104429532,0.045849565423664015,15642.332840045668,3195.7451417290526,0.11471160731423356,0.027102347229572017,8.673639227616462,8.617976149860372,8.687855444982088,15952.320008473447,13029.832376891613,19093.95626849517,0.108779945345712,0.1056443657042432,0.1398865482303856
288,289,8.67817199406422,0.04823372258392984,15448.432653209142,3205.034811871588,0.11297773390807639,0.027024172198285942,8.684452820808737,8.617976149860372,8.723098162534745,13029.832376891613,13029.832376891613,19093.95626849517,0.108779945345712,0.1056443657042432,0.1398865482303856
289,290,8.674433918706132,0.0453707243440686,15620.47705699402,3200.2827519519647,0.11482576698808089,0.02705040011732111,8.673639227616462,8.617976149860372,8.687855444982088,15952.320008473447,13029.832376891613,19093.95626849517,0.108779945345712,0.1056443657042432,0.1398865482303856
290,291,8.677781548170298,0.048164271698280976,15470.426930914487,3204.6029166942517,0.11313488739504707,0.026908517690603182,8.684452820808737,8.617976149860372,8.723098162534745,13029.832376891613,13029.832376891613,19093.95626849517,0.108779945345712,0.1056443657042432,0.1398865482303856
291,292,8.677713894195504,0.04813829333608479,15478.573228128049,3203.808723665317,0.1132245402557163,0.026916028806633015,8.684452820808737,8.617976149860372,8.723098162534745,13029.832376891613,13029.832376891613,19093.95626849517,0.108779945345712,0.1056443657042432,0.1398865482303856
292,293,8.674228543975973,0.04537293334587848,15618.753320141226,3198.936537690648,0.11490428946874717,0.0269661807719453,8.673639227616462,8.617976149860372,8.687855444982088,15952.320008473447,13029.832376891613,19093.95626849517,0.108779945345712,0.1056443657042432,0.1398865482303856
293,294,8.674180356657171,0.04533361666067399,15604.79318544444,3200.493961345676,0.11492684257318478,0.026972657576256682,8.673639227616462,8.617976149860372,8.687855444982088,15952.320008473447,13029.832376891613,19093.95626849517,0.108779945345712,0.1056443657042432,0.1398865482303856
294,295,8.673992754470259,0.04514408441913472,15605.204356966802,3200.1443800381307,0.11492161357107539,0.02700113682138625,8.673639227616462,8.617976149860372,8.687855444982088,15952.320008473447,13029.832376891613,19093.95626849517,0.108779945345712,0.1056443657042432,0.1398865482303856
295,296,8.673898446050776,0.045153242085828035,15604.883864745756,3198.83374363165,0.11491043464302414,0.02694993568224441,8.673639227616462,8.617976149860372,8.687855444982088,15952.320008473447,13029.832376891613,19093.95626849517,0.108779945345712,0.1056443657042432,0.1398865482303856
296,297,8.673667122464808,0.04492673966995019,15585.26046125115,3198.250725298342,0.11497897984797306,0.02695025604618578,8.673639227616462,8.617976149860372,8.687855444982088,15952.320008473447,13029.832376891613,19093.95626849517,0.108779945345712,0.1056443657042432,0.1398865482303856
297,298,8.673628477123083,0.04490081677960227,15591.075057142854,3197.914669103252,0.11500975035486312,0.026921999710626185,8.673639227616462,8.617976149860372,8.687855444982088,15952.320008473447,13029.832376891613,19093.95626849517,0.108779945345712,0.1056443657042432,0.1398865482303856
298,299,8.673476410626137,0.0448723128835214,15587.369244864283,3198.1556833743,0.11507817697685692,0.02685858790201092,8.673639227616462,8.617976149860372,8.687855444982088,15952.320008473447,13029.832376891613,19093.95626849517,0.108779945345712,0.1056443657042432,0.1398865482303856
299,300,8.673350868253259,0.04493842984997377,15583.174401631191,3195.0329035071454,0.11500512093903095,0.02682482579192322,8.673639227616462,8.617976149860372,8.687855444982088,15952.320008473447,13029.832376891613,19093.95626849517,0.108779945345712,0.1056443657042432,0.1398865482303856
300,301,8.673350868253259,0.04493842984997377,15583.174401631191,3195.0329035071454,0.11500512093903095,0.02682482579192322,8.673639227616462,8.617976149860372,8.687855444982088,15952.320008473447,13029.832376891613,19093.95626849517,0.108779945345712,0.1056443657042432,0.1398865482303856
301,302,8.673286616902638,0.0449048857750585,15584.099654720476,3195.9548802001336,0.1151290159822263,0.02683587835241349,8.673639227616462,8.617976149860372,8.687855444982088,15952.320008473447,13029.832376891613,19093.95626849517,0.108779945345712,0.1056443657042432,0.1398865482303856
302,303,8.675968363750496,0.047459189445743656,15441.558762573228,3208.4747810667914,0.11421251724931294,0.0265237534019705,8.673639227616462,8.617976149860372,8.687855444982088,13029.832376891613,13029.832376891613,19093.95626849517,0.108779945345712,0.1056443657042432,0.1398865482303856
303,304,8.672982735387725,0.044931605554411065,15575.408095298231,3193.4729919929123,0.11516834698200888,0.02681332792394741,8.673639227616462,8.617976149860372,8.687855444982088,15952.320008473447,13029.832376891613,19093.95626849517,0.108779945345712,0.1056443657042432,0.1398865482303856
304,305,8.672859418335173,0.0449300872545159,15577.41930439904,3191.414653865629,0.1152160504077368,0.026791345849684865,8.673639227616462,8.617976149860372,8.687855444982088,15952.320008473447,13029.832376891613,19093.95626849517,0.108779945345712,0.1056443657042432,0.1398865482303856
305,306,8.672678853872812,0.04495625541538247,15566.716535875987,3190.965499420339,0.11520767798179146,0.026790700773097607,8.673639227616462,8.617976149860372,8.687855444982088,13029.832376891613,13029.832376891613,19093.95626849517,0.108779945345712,0.1056443657042432,0.1398865482303856
306,307,8.672202283144426,0.044648581808529764,15577.978906170181,3192.4033597757802,0.11552719074290904,0.02666549122249072,8.673639227616462,8.617976149860372,8.687855444982088,14491.076192682529,13029.832376891613,19093.95626849517,0.108779945345712,0.1056443657042432,0.1398865482303856
307,308,8.671938786235568,0.04452087543870695,15570.741748191504,3193.1315366200793,0.1155985067783729,0.026599517822583657,8.673639227616462,8.617976149860372,8.687855444982088,13029.832376891613,13029.832376891613,19093.95626849517,0.108779945345712,0.1056443657042432,0.1398865482303856
308,309,8.67174555793792,0.04452894718123765,15573.416354952347,3190.3269663632404,0.11562047344039734,0.026522630178766132,8.673639227616462,8.617976149860372,8.687855444982088,13029.832376891613,13029.832376891613,19093.95626849517,0.108779945345712,0.1056443657042432,0.1398865482303856
309,310,8.671742155313746,0.04452784602426546,15580.637399076622,3188.34151793944,0.11558623125787121,0.026513381893156933,8.673639227616462,8.617976149860372,8.687855444982088,14491.076192682529,13029.832376891613,19093.95626849517,0.108779945345712,0.1056443657042432,0.1398865482303856
310,311,8.671675337145272,0.04455800622988821,15578.498236092028,3190.10596349414,0.11558720785180539,0.02651585929994348,8.673639227616462,8.617976149860372,8.687855444982088,13029.832376891613,13029.832376891613,19093.95626849517,0.108779945345712,0.1056443657042432,0.1398865482303856
311,312,8.67166452355208,0.04455621612105287,15579.352524960163,3190.9517702805333,0.11563229286638814,0.026537235612048085,8.673639227616462,8.617976149860372,8.687855444982088,13029.832376891613,13029.832376891613,19093.95626849517,0.108779945345712,0.1056443657042432,0.1398865482303856
312,313,8.671586180718538,0.04442704626512588,15576.898150052852,3192.4370289632643,0.11563421804752862,0.026537166635627614,8.673639227616462,8.617976149860372,8.687855444982088,13029.832376891613,13029.832376891613,19093.95626849517,0.108779945345712,0.1056443657042432,0.1398865482303856
313,314,8.67151970404759,0.04445746850279783,15571.617350808236,3192.2782683242044,0.11563735362717009,0.026536171297299804,8.673639227616462,8.617976149860372,8.687855444982088,13029.832376891613,13029.832376891613,19093.95626849517,0.108779945345712,0.1056443657042432,0.1398865482303856
314,315,8.671407200588233,0.044453735033732095,15572.774271040907,3189.374015527166,0.11563997203831523,0.0264918096208221,8.673639227616462,8.617976149860372,8.687855444982088,13029.832376891613,13029.832376891613,19093.95626849517,0.108779945345712,0.1056443657042432,0.1398865482303856
315,316,8.671258506773812,0.04433893481677753,15570.913237956227,3195.5207535194663,0.11586657613488635,0.026399152100945646,8.673639227616462,8.617976149860372,8.687855444982088,13029.832376891613,13029.832376891613,19093.95626849517,0.108779945345712,0.1056443657042432,0.1398865482303856
316,317,8.670938585714943,0.044334393346133934,15552.097742695832,3195.1005972632906,0.1160084455912866,0.02630541980730432,8.673639227616462,8.617976149860372,8.687855444982088,13029.832376891613,13029.832376891613,19093.95626849517,0.108779945345712,0.1056443657042432,0.1398865482303856
317,318,8.670934606892432,0.04432953326072001,15545.49982215714,3194.5921566432644,0.11601140009842636,0.02630063323451203,8.673639227616462,8.617976149860372,8.687855444982088,13029.832376891613,13029.832376891613,19093.95626849517,0.108779945345712,0.1056443657042432,0.1398865482303856
318,319,8.670934606892432,0.04432953326072001,15545.49982215714,3194.5921566432644,0.11601140009842636,0.02630063323451203,8.673639227616462,8.617976149860372,8.687855444982088,13029.832376891613,13029.832376891613,19093.95626849517,0.108779945345712,0.1056443657042432,0.1398865482303856
319,320,8.670825506057247,0.044325480794544646,15539.435698265535,3193.606004696212,0.11604826069209766,0.026264617549786803,8.673639227616462,8.617976149860372,8.687855444982088,13029.832376891613,13029.832376891613,19093.95626849517,0.108779945345712,0.1056443657042432,0.1398865482303856
320,321,8.670710500569971,0.044310404090294304,15523.336400584154,3196.543413015115,0.11607179039046947,0.026272767548426782,8.673639227616462,8.617976149860372,8.687855444982088,13029.832376891613,13029.832376891613,19093.95626849517,0.108779945345712,0.1056443657042432,0.1398865482303856
321,322,8.67024717568573,0.044029080195460535,15539.05303483184,3198.838159796503,0.11635142513854814,0.026218942599838972,8.673639227616462,8.617976149860372,8.687855444982088,13029.832376891613,13029.832376891613,19164.92048964406,0.108779945345712,0.1056443657042432,0.1398865482303856
322,323,8.670049969081504,0.04385484610842165,15547.73970724895,3197.40845385338,0.11636504168567213,0.02623347047764804,8.673639227616462,8.617976149860372,8.687855444982088,13029.832376891613,13029.832376891613,19164.92048964406,0.108779945345712,0.1056443657042432,0.1398865482303856
323,324,8.669941444444655,0.04385229445059861,15555.494548020313,3195.0189504881164,0.11636470558967753,0.026193370539937165,8.673639227616462,8.617976149860372,8.687855444982088,13029.832376891613,13029.832376891613,19164.92048964406,0.108779945345712,0.1056443657042432,0.1398865482303856
324,325,8.669590539348325,0.04347492431688129,15557.604847953962,3198.186965242667,0.11664459164995161,0.02619951091552821,8.673639227616462,8.617976149860372,8.687855444982088,13029.832376891613,13029.832376891613,19164.92048964406,0.108779945345712,0.1056443657042432,0.1398865482303856
325,326,8.669590539348325,0.04347492431688129,15557.604847953962,3198.186965242667,0.11664459164995161,0.02619951091552821,8.673639227616462,8.617976149860372,8.687855444982088,13029.832376891613,13029.832376891613,19164.92048964406,0.108779945345712,0.1056443657042432,0.1398865482303856
326,327,8.669741278703194,0.04442051546740424,15489.64920627439,3157.144765522402,0.11516339951219573,0.026264718046260013,8.673639227616462,8.617976149860372,8.687855444982088,13029.832376891613,13029.832376891613,19093.95626849517,0.108779945345712,0.1056443657042432,0.1398865482303856
327,328,8.66928284798108,0.04337506609303052,15564.146665325547,3199.4390974430326,0.11686076020310969,0.02620219949326033,8.673639227616462,8.617976149860372,8.687855444982088,13029.832376891613,13029.832376891613,19164.92048964406,0.108779945345712,0.1056443657042432,0.1507293802870057
328,329,8.66928284798108,0.04337506609303052,15564.146665325547,3199.4390974430326,0.11686076020310969,0.02620219949326033,8.673639227616462,8.617976149860372,8.687855444982088,13029.832376891613,13029.832376891613,19164.92048964406,0.108779945345712,0.1056443657042432,0.1507293802870057
329,330,8.668983025936779,0.0437075915247182,15485.27125800648,3160.875159767031,0.11554143334743026,0.026305445019484154,8.673639227616462,8.617976149860372,8.687855444982088,13029.832376891613,13029.832376891613,19093.95626849517,0.108779945345712,0.1056443657042432,0.1398865482303856
330,331,8.669060347089362,0.043354653248988906,15561.28815831058,3196.1568132891357,0.1168968101226811,0.026124003848262706,8.673639227616462,8.617976149860372,8.687855444982088,13029.832376891613,13029.832376891613,19164.92048964406,0.108779945345712,0.1056443657042432,0.1507293802870057
331,332,8.668714889379743,0.0435847264766256,15479.547292955363,3159.9675745650457,0.11559419753394012,0.026281294693252074,8.673639227616462,8.617976149860372,8.687855444982088,13029.832376891613,13029.832376891613,19093.95626849517,0.108779945345712,0.1056443657042432,0.1398865482303856
332,333,8.668668279408266,0.043352682376732364,15544.117290938779,3200.009067052863,0.11698912858805013,0.026068612960181956,8.673639227616462,8.617976149860372,8.687855444982088,13029.832376891613,13029.832376891613,19164.92048964406,0.108779945345712,0.1056443657042432,0.1507293802870057
333,334,8.668546351665452,0.04338593058730868,15488.940630892133,3157.6916519456836,0.11561565311648021,0.026203099491224895,8.673639227616462,8.617976149860372,8.687855444982088,13029.832376891613,13029.832376891613,19093.95626849517,0.108779945345712,0.1056443657042432,0.1398865482303856
334,335,8.668385392443561,0.043356521599332426,15543.630665521894,3196.103266172728,0.11697965956965437,0.02603349873968282,8.673639227616462,8.617976149860372,8.687855444982088,13029.832376891613,13029.832376891613,19164.92048964406,0.108779945345712,0.1056443657042432,0.1507293802870057
335,336,8.66822062853062,0.043374770266778204,15531.43145351754,3194.033042888078,0.11697457072838437,0.02597514247051126,8.673639227616462,8.617976149860372,8.687855444982088,13029.832376891613,13029.832376891613,19164.92048964406,0.108779945345712,0.1056443657042432,0.1507293802870057
336,337,8.668361069292382,0.04325947904850668,15491.66233035739,3157.0149770687103,0.1157355311311988,0.02605922060416987,8.673639227616462,8.617976149860372,8.687855444982088,13029.832376891613,13029.832376891613,19093.95626849517,0.108779945345712,0.1056443657042432,0.1398865482303856
337,338,8.667997273375104,0.0433825695560319,15522.850115209621,3187.5915750545832,0.11686023271704231,0.025923657710307225,8.673639227616462,8.617976149860372,8.687855444982088,13029.832376891613,13029.832376891613,19164.92048964406,0.108779945345712,0.1056443657042432,0.1507293802870057
338,339,8.667887831042393,0.04337057293090701,15519.927627578043,3188.5360593036035,0.1168949343250063,0.02588956981788412,8.673639227616462,8.617976149860372,8.687855444982088,13029.832376891613,13029.832376891613,19164.92048964406,0.108779945345712,0.1056443657042432,0.1507293802870057
339,340,8.668052885447022,0.04314633532264838,15497.923580818328,3152.606651759755,0.11584003589355273,0.025932600350168793,8.673639227616462,8.617976149860372,8.687855444982088,13029.832376891613,13029.832376891613,19093.95626849517,0.108779945345712,0.1056443657042432,0.1398865482303856
340,341,8.667922733623788,0.043133146469836174,15507.386999325963,3152.057782950924,0.11592986982672365,0.02593483476443038,8.673639227616462,8.617976149860372,8.687855444982088,13029.832376891613,13029.832376891613,19093.95626849517,0.108779945345712,0.1056443657042432,0.1398865482303856
341,342,8.66786246109568,0.04309538811149035,15514.91017295394,3153.607514340585,0.11605081036277921,0.025946707919624033,8.673639227616462,8.617976149860372,8.687855444982088,13029.832376891613,13029.832376891613,19093.95626849517,0.108779945345712,0.1056443657042432,0.1398865482303856
342,343,8.667663886580947,0.04269964010358816,15510.04735798608,3149.58007708311,0.1160231595200503,0.025976803584254585,8.673639227616462,8.617976149860372,8.687855444982088,13029.832376891613,13029.832376891613,19093.95626849517,0.108779945345712,0.1056443657042432,0.1398865482303856
343,344,8.667606096553504,0.04263496205519117,15505.385190708934,3152.448024651579,0.11610813490927659,0.02591625714014749,8.673639227616462,8.617976149860372,8.687855444982088,13029.832376891613,13029.832376891613,19093.95626849517,0.108779945345712,0.1056443657042432,0.1398865482303856
344,345,8.666760614450217,0.043250023727228484,15496.206308487905,3174.6663128886034,0.11695379655761183,0.025767094260978264,8.673639227616462,8.617976149860372,8.687855444982088,13029.832376891613,13029.832376891613,19164.92048964406,0.108779945345712,0.1056443657042432,0.1507293802870057
345,346,8.667309129911773,0.042426238188134714,15495.383182347292,3150.982221486067,0.11614729463991,0.025881515302586908,8.673639227616462,8.617976149860372,8.687855444982088,13029.832376891613,13029.832376891613,19093.95626849517,0.108779945345712,0.1056443657042432,0.1398865482303856
346,347,8.667199398448744,0.04235062122039811,15509.57524073511,3153.246939853039,0.1163440906974384,0.02588212825651984,8.673639227616462,8.617976149860372,8.687855444982088,13029.832376891613,13029.832376891613,19093.95626849517,0.108779945345712,0.1056443657042432,0.1398865482303856
347,348,8.66709427643607,0.04234220499089933,15510.109037382199,3152.781895888222,0.11637799678396991,0.025849968077865982,8.673639227616462,8.617976149860372,8.687855444982088,13029.832376891613,13029.832376891613,19093.95626849517,0.108779945345712,0.1056443657042432,0.1398865482303856
348,349,8.666943127634983,0.04229289915937834,15517.08055350658,3149.659203348529,0.11641138570200513,0.025773165701560845,8.673639227616462,8.617976149860372,8.687855444982088,13029.832376891613,13029.832376891613,19093.95626849517,0.108779945345712,0.1056443657042432,0.1398865482303856
349,350,8.666722254890365,0.04216468198012497,15510.626720174889,3151.050978751732,0.11644897672343914,0.025738748362022383,8.673639227616462,8.617976149860372,8.687855444982088,13029.832376891613,13029.832376891613,19093.95626849517,0.108779945345712,0.1056443657042432,0.1398865482303856
350,351,8.66661315405518,0.04214951948476159,15504.562596283284,3149.9840613907045,0.11648583731711043,0.025701317769239198,8.673639227616462,8.617976149860372,8.687855444982088,13029.832376891613,13029.832376891613,19093.95626849517,0.108779945345712,0.1056443657042432,0.1398865482303856
351,352,8.666609113445675,0.04213514408122203,15498.976315299753,3150.4351112227855,0.11646546950191461,0.02572716716435386,8.673639227616462,8.617976149860372,8.687855444982088,13029.832376891613,13029.832376891613,19093.95626849517,0.108779945345712,0.1056443657042432,0.1398865482303856
352,353,8.665692506800577,0.04297821719349023,15479.104089111308,3171.6632723643775,0.11725363979284555,0.025640119695532555,8.673639227616462,8.617976149860372,8.687855444982088,13029.832376891613,13029.832376891613,19164.92048964406,0.108779945345712,0.1056443657042432,0.1507293802870057
353,354,8.666553450367918,0.0421625783249667,15492.841227187,3149.2636084993496,0.11642352006697332,0.02570545510678196,8.673639227616462,8.617976149860372,8.687855444982088,13029.832376891613,13029.832376891613,19093.95626849517,0.108779945345712,0.1056443657042432,0.1398865482303856
354,355,8.666390570277777,0.04210342970654536,15489.989703776568,3150.273729860279,0.1165370317035499,0.025655781378358757,8.673639227616462,8.617976149860372,8.687855444982088,13029.832376891613,13029.832376891613,19093.95626849517,0.108779945345712,0.1056443657042432,0.1398865482303856
355,356,8.666376354060413,0.04209857946701186,15498.065036768981,3149.333411810571,0.11654787453560651,0.025667935587942177,8.673639227616462,8.617976149860372,8.687855444982088,13029.832376891613,13029.832376891613,19093.95626849517,0.108779945345712,0.1056443657042432,0.1398865482303856
356,357,8.66620971038304,0.04210118524589497,15491.399032338662,3149.281653143486,0.11663865464021884,0.02554972413358754,8.673639227616462,8.617976149860372,8.687855444982088,13029.832376891613,13029.832376891613,19093.95626849517,0.108779945345712,0.1056443657042432,0.1398865482303856
357,358,8.66620971038304,0.04210118524589497,15491.399032338662,3149.281653143486,0.11663865464021884,0.02554972413358754,8.673639227616462,8.617976149860372,8.687855444982088,13029.832376891613,13029.832376891613,19093.95626849517,0.108779945345712,0.1056443657042432,0.1398865482303856
358,359,8.66599548753518,0.042073456469476356,15485.868705094148,3147.715417116229,0.11670942132042168,0.025478673430436152,8.673639227616462,8.617976149860372,8.687855444982088,13029.832376891613,13029.832376891613,19093.95626849517,0.108779945345712,0.1056443657042432,0.1398865482303856
359,360,8.665872138532654,0.04203322284451135,15486.603066975329,3147.0566060328238,0.11676249458533083,0.02540672204746721,8.673639227616462,8.617976149860372,8.687855444982088,13029.832376891613,13029.832376891613,19093.95626849517,0.108779945345712,0.1056443657042432,0.1398865482303856
360,361,8.665762696199943,0.04201530576276414,15483.680579343747,3147.9796013625846,0.11679719619329482,0.025372073325052508,8.673639227616462,8.617976149860372,8.687855444982088,13029.832376891613,13029.832376891613,19093.95626849517,0.108779945345712,0.1056443657042432,0.1398865482303856
361,362,8.665762696199943,0.04201530576276414,15483.680579343747,3147.9796013625846,0.11679719619329482,0.025372073325052508,8.673639227616462,8.617976149860372,8.687855444982088,13029.832376891613,13029.832376891613,19093.95626849517,0.108779945345712,0.1056443657042432,0.1398865482303856
362,363,8.665762696199943,0.04201530576276414,15483.680579343747,3147.9796013625846,0.11679719619329482,0.025372073325052508,8.673639227616462,8.617976149860372,8.687855444982088,13029.832376891613,13029.832376891613,19093.95626849517,0.108779945345712,0.1056443657042432,0.1398865482303856
363,364,8.6657160314262,0.04196016130829396,15477.31097371323,3147.5915021296823,0.11681055339212883,0.0253612851522065,8.673639227616462,8.617976149860372,8.687855444982088,13029.832376891613,13029.832376891613,19093.95626849517,0.108779945345712,0.1056443657042432,0.1398865482303856
364,365,8.66547640126191,0.041981901189282494,15467.6941612017,3143.8053469607084,0.11672598934871606,0.02533152235538803,8.673639227616462,8.617976149860372,8.687855444982088,13029.832376891613,13029.832376891613,19093.95626849517,0.108779945345712,0.1056443657042432,0.1398865482303856
365,366,8.665378768590978,0.04197509318756035,15453.521921574795,3145.9724093301866,0.11674530883185133,0.025333537254515648,8.673639227616462,8.617976149860372,8.685303476852074,13029.832376891613,13029.832376891613,19093.95626849517,0.108779945345712,0.1056443657042432,0.1398865482303856
366,367,8.665257823111201,0.0418769601583333,15446.954544907518,3144.8388572966096,0.11672917181826212,0.025377207916359196,8.673639227616462,8.617976149860372,8.684452820808737,13029.832376891613,13029.832376891613,19093.95626849517,0.108779945345712,0.1056443657042432,0.1398865482303856
367,368,8.665194280920744,0.0417937604307685,15467.37231660471,3145.5228878108524,0.11678065363347964,0.025417346095435164,8.673639227616462,8.617976149860372,8.684452820808737,13029.832376891613,13029.832376891613,19093.95626849517,0.108779945345712,0.1056443657042432,0.1398865482303856
368,369,8.665018125304565,0.04158949557747612,15460.531446622577,3143.568928610237,0.11674129684110401,0.025394624672281457,8.673639227616462,8.617976149860372,8.684452820808737,13029.832376891613,13029.832376891613,19093.95626849517,0.108779945345712,0.1056443657042432,0.1398865482303856
369,370,8.66486697650348,0.041531741146912125,15467.502962746954,3140.547131483311,0.11677468575913921,0.02531596181281305,8.673639227616462,8.617976149860372,8.684452820808737,13029.832376891613,13029.832376891613,19093.95626849517,0.108779945345712,0.1056443657042432,0.1398865482303856
370,371,8.664740857932268,0.041573156534279294,15449.489154850893,3138.2352430247524,0.11673882641097917,0.02528816603396396,8.673639227616462,8.617976149860372,8.684452820808737,13029.832376891613,13029.832376891613,19093.95626849517,0.108779945345712,0.1056443657042432,0.1398865482303856
371,372,8.664698233768029,0.041531052191598014,15448.705830203908,3137.423118203409,0.11677255142500899,0.025250831782883305,8.673639227616462,8.617976149860372,8.684452820808737,13029.832376891613,13029.832376891613,19093.95626849517,0.108779945345712,0.1056443657042432,0.1398865482303856
372,373,8.664589132932845,0.04151033892493169,15442.641706312303,3136.2318388575654,0.11680941201868028,0.02521220377611162,8.673639227616462,8.617976149860372,8.684452820808737,13029.832376891613,13029.832376891613,19093.95626849517,0.108779945345712,0.1056443657042432,0.1398865482303856
373,374,8.664358305996213,0.03944530961771721,15414.818521330033,3143.313692642475,0.11735184171038333,0.024840510383881534,8.673639227616462,8.617976149860372,8.684452820808737,13029.832376891613,13029.832376891613,19093.95626849517,0.108779945345712,0.1056443657042432,0.1398865482303856
374,375,8.66409110743275,0.04137715323304705,15436.290095785747,3136.6654053169486,0.11702431283731583,0.025113204748230176,8.673639227616462,8.617976149860372,8.684452820808737,13029.832376891613,13029.832376891613,19093.95626849517,0.108779945345712,0.1056443657042432,0.1398865482303856
375,376,8.6638197858407,0.04113624228704383,15421.530650674622,3136.323519878686,0.11706632134874727,0.02506933407683608,8.673639227616462,8.617976149860372,8.684452820808737,13029.832376891613,13029.832376891613,19093.95626849517,0.108779945345712,0.1056443657042432,0.1398865482303856
376,377,8.663766006585746,0.041088187651697326,15424.743251155794,3138.5101769289395,0.11714297239165257,0.02505495700345876,8.673639227616462,8.617976149860372,8.684452820808737,13029.832376891613,13029.832376891613,19111.69732378239,0.108779945345712,0.1056443657042432,0.14259725624454062
377,378,8.663626312366127,0.040950944146372854,15430.487641234828,3138.416037959629,0.11723790934192692,0.02500585122334437,8.673639227616462,8.617976149860372,8.684452820808737,13029.832376891613,13029.832376891613,19164.92048964406,0.108779945345712,0.1056443657042432,0.1507293802870057
378,379,8.664125486114743,0.03948513834350568,15422.7588230359,3136.2320061250825,0.11722395064166762,0.02486229270625213,8.673639227616462,8.617976149860372,8.684452820808737,13029.832376891613,13029.832376891613,19093.95626849517,0.108779945345712,0.1056443657042432,0.1398865482303856
379,380,8.663202319952273,0.04083260119597534,15428.556824969404,3134.526427816138,0.11734343064258818,0.024899639805622015,8.673639227616462,8.617976149860372,8.684452820808737,13029.832376891613,13029.832376891613,19164.92048964406,0.108779945345712,0.1056443657042432,0.1507293802870057
380,381,8.663191506359079,0.040828403700741346,15429.411113837537,3135.4280816453406,0.11738851565717093,0.024919225174639844,8.673639227616462,8.617976149860372,8.684452820808737,13029.832376891613,13029.832376891613,19164.92048964406,0.108779945345712,0.1056443657042432,0.1507293802870057
381,382,8.66362088302431,0.03938816340902311,15405.468028677142,3137.8514273010796,0.11732425735736304,0.024707874492135583,8.673639227616462,8.617976149860372,8.684452820808737,13029.832376891613,13029.832376891613,19093.95626849517,0.108779945345712,0.1056443657042432,0.1398865482303856
382,383,8.663026729961695,0.040741462777927416,15430.112216017744,3135.818635552653,0.11737512701881296,0.02487687573661934,8.673639227616462,8.617976149860372,8.684452820808737,13029.832376891613,13029.832376891613,19164.92048964406,0.108779945345712,0.1056443657042432,0.1507293802870057
383,384,8.662797000256994,0.04041298985182483,15438.392133932051,3133.272873216774,0.11745633147557424,0.024802417297073526,8.673639227616462,8.617976149860372,8.684452820808737,13029.832376891613,13029.832376891613,19164.92048964406,0.108779945345712,0.1056443657042432,0.1507293802870057
384,385,8.663069954589965,0.039223912514267045,15388.400438747927,3133.982141317033,0.11729494780185139,0.024641511516670187,8.673639227616462,8.617976149860372,8.684452820808737,13029.832376891613,13029.832376891613,19093.95626849517,0.108779945345712,0.1056443657042432,0.1398865482303856
385,386,8.662882985380593,0.03899211684718102,15382.41385763393,3132.7637299254725,0.11730067602405853,0.024638865494005183,8.673639227616462,8.617976149860372,8.684452820808737,13029.832376891613,13029.832376891613,19093.95626849517,0.108779945345712,0.1056443657042432,0.1398865482303856
386,387,8.662530516955552,0.04039107218039948,15419.505674450505,3131.9643034606092,0.11751939090336191,0.02471338461480481,8.673639227616462,8.617976149860372,8.684452820808737,13029.832376891613,13029.832376891613,19164.92048964406,0.108779945345712,0.1056443657042432,0.1507293802870057
387,388,8.662718221467653,0.038989161448921165,15370.214645629576,3130.0233453636206,0.11729558718278854,0.024577264489147956,8.673639227616462,8.617976149860372,8.684452820808737,13029.832376891613,13029.832376891613,19093.95626849517,0.108779945345712,0.1056443657042432,0.1398865482303856
388,389,8.662458612819655,0.038808007283723876,15370.74920068514,3129.6132822645955,0.11747246974131693,0.024505672480348725,8.673639227616462,8.617976149860372,8.684452820808737,13029.832376891613,13029.832376891613,19093.95626849517,0.108779945345712,0.1056443657042432,0.1398865482303856
389,390,8.662388733524534,0.038825123781447486,15372.689445564802,3127.5592844935145,0.11744136313843224,0.024496942363471243,8.673639227616462,8.617976149860372,8.684452820808737,13029.832376891613,13029.832376891613,19093.95626849517,0.108779945345712,0.1056443657042432,0.1398865482303856
390,391,8.66234951198447,0.0387795394740976,15364.685076793538,3128.267914299306,0.11750933033498821,0.024464813476205105,8.673639227616462,8.617976149860372,8.684452820808737,13029.832376891613,13029.832376891613,19093.95626849517,0.108779945345712,0.1056443657042432,0.1398865482303856
391,392,8.662176394499475,0.03869717949268173,15376.50680691421,3129.4415768063477,0.11763073029648165,0.02442521098400851,8.673639227616462,8.617976149860372,8.684452820808737,13029.832376891613,13029.832376891613,19093.95626849517,0.108779945345712,0.1056443657042432,0.1398865482303856
392,393,8.662004795815852,0.03869291765741207,15371.759804316682,3128.49638138162,0.11766777196265464,0.024387997238840563,8.673639227616462,8.617976149860372,8.684452820808737,13029.832376891613,13029.832376891613,19093.95626849517,0.108779945345712,0.1056443657042432,0.1398865482303856
393,394,8.661993982222661,0.03868815330416685,15372.614093184815,3129.415277481601,0.11771285697723739,0.024407394049961437,8.673639227616462,8.617976149860372,8.684452820808737,13029.832376891613,13029.832376891613,19093.95626849517,0.108779945345712,0.1056443657042432,0.1398865482303856
394,395,8.661614134270573,0.04020450836328712,15418.727365325423,3124.2098085234597,0.11766718381558115,0.02450603206764088,8.673639227616462,8.617976149860372,8.684452820808737,13029.832376891613,13029.832376891613,19164.92048964406,0.108779945345712,0.1056443657042432,0.1507293802870057
395,396,8.66161327818159,0.03856964537074564,15373.081194296641,3123.3000230336656,0.11772857235124534,0.024204931338599526,8.673639227616462,8.617976149860372,8.684452820808737,13029.832376891613,13029.832376891613,19093.95626849517,0.108779945345712,0.1056443657042432,0.1398865482303856
396,397,8.661546801510644,0.038587506775354226,15367.800395052023,3122.793102264268,0.1177317079308868,0.024203568768870722,8.673639227616462,8.617976149860372,8.684452820808737,13029.832376891613,13029.832376891613,19093.95626849517,0.108779945345712,0.1056443657042432,0.1398865482303856
397,398,8.661422876309778,0.03852500437624981,15354.715792270235,3122.770897910048,0.11782197788546185,0.02412717096665498,8.673639227616462,8.617976149860372,8.684452820808737,13029.832376891613,13029.832376891613,19093.95626849517,0.108779945345712,0.1056443657042432,0.1398865482303856
398,399,8.661227664458675,0.03844091705515915,15347.098333996895,3119.029425282701,0.11784804865957095,0.024077074491262535,8.673639227616462,8.617976149860372,8.684452820808737,13029.832376891613,13029.832376891613,19093.95626849517,0.108779945345712,0.1056443657042432,0.1398865482303856
399,400,8.661158873312138,0.03998537192042653,15414.92761727252,3122.9333876327455,0.11799372883250102,0.02432820869578634,8.673639227616462,8.617976149860372,8.684452820808737,13029.832376891613,13029.832376891613,19164.92048964406,0.108779945345712,0.108779945345712,0.1507293802870057
400,401,8.661091308492605,0.03847308736687446,15343.757779631937,3116.434486947612,0.11782007763632775,0.024067292521887013,8.673639227616462,8.617976149860372,8.684452820808737,13029.832376891613,13029.832376891613,19093.95626849517,0.108779945345712,0.1056443657042432,0.1398865482303856
401,402,8.66092256575715,0.03845577969421044,15324.96064708889,3112.539050323453,0.11781794330219751,0.023998866952105586,8.673639227616462,8.617976149860372,8.684452820808737,13029.832376891613,13029.832376891613,19093.95626849517,0.108779945345712,0.1056443657042432,0.1398865482303856
402,403,8.660838470244665,0.038462907690331526,15334.976224960963,3109.973498588106,0.11779767953136946,0.02400283328711365,8.673639227616462,8.617976149860372,8.684452820808737,13029.832376891613,13029.832376891613,19093.95626849517,0.108779945345712,0.1056443657042432,0.1398865482303856
403,404,8.66079982490294,0.03841972335664373,15340.790820852668,3110.095865773099,0.11782845003825954,0.02396748438274023,8.673639227616462,8.617976149860372,8.684452820808737,13029.832376891613,13029.832376891613,19093.95626849517,0.108779945345712,0.1056443657042432,0.1398865482303856
404,405,8.660744161825184,0.038441397754308104,15334.655732739917,3108.596985168511,0.11778650060331823,0.02394656451576599,8.673639227616462,8.617976149860372,8.684452820808737,13029.832376891613,13029.832376891613,19093.95626849517,0.108779945345712,0.1056443657042432,0.1398865482303856
405,406,8.660652078726027,0.03834283375546762,15340.54129285277,3108.8064965417566,0.11789608113882086,0.023889606920155786,8.673639227616462,8.617976149860372,8.684452820808737,13029.832376891613,13029.832376891613,19093.95626849517,0.108779945345712,0.1056443657042432,0.1398865482303856
406,407,8.660634118386962,0.03833252128952004,15358.979306229476,3108.9158592412336,0.11787052280264404,0.023899110848178428,8.673639227616462,8.617976149860372,8.684452820808737,13029.832376891613,13029.832376891613,19093.95626849517,0.108779945345712,0.1056443657042432,0.1398865482303856
407,408,8.660555910007648,0.038240325507986915,15359.931169609938,3111.8721651918895,0.11796710152038278,0.02383329367837673,8.673639227616462,8.617976149860372,8.684452820808737,13029.832376891613,13029.832376891613,19093.95626849517,0.108779945345712,0.1056443657042432,0.1398865482303856
408,409,8.660372609557303,0.03821237469141912,15352.351006319326,3109.698028494504,0.11797365103260188,0.023780761108092494,8.673639227616462,8.617976149860372,8.684452820808737,13029.832376891613,13029.832376891613,19093.95626849517,0.108779945345712,0.1056443657042432,0.1398865482303856
409,410,8.660337366839752,0.03817073681178985,15350.944558086754,3111.30719571397,0.11803866372201807,0.023751693733388982,8.673639227616462,8.617976149860372,8.684452820808737,13029.832376891613,13029.832376891613,19093.95626849517,0.108779945345712,0.1056443657042432,0.1398865482303856
410,411,8.66005326469677,0.0381203031742929,15347.354475721897,3107.4205472708477,0.11807832379933622,0.02366286188306322,8.673639227616462,8.617976149860372,8.684452820808737,13029.832376891613,13029.832376891613,19093.95626849517,0.108779945345712,0.1056443657042432,0.1398865482303856
411,412,8.659972571808458,0.03812791320243105,15350.149009469693,3106.2984042177186,0.11809230221103433,0.023673892507693254,8.673639227616462,8.617976149860372,8.684452820808737,13029.832376891613,13029.832376891613,19093.95626849517,0.108779945345712,0.1056443657042432,0.1398865482303856
412,413,8.659902692513336,0.038140780365591063,15352.089254349352,3104.2418553281577,0.11806119560814966,0.023665670277342815,8.673639227616462,8.617976149860372,8.684452820808737,13029.832376891613,13029.832376891613,19093.95626849517,0.108779945345712,0.1056443657042432,0.1398865482303856
413,414,8.659584554898297,0.038216805378521686,15324.599803975583,3097.0843471455055,0.11795541580180513,0.023607211243837422,8.673639227616462,8.617976149860372,8.684452820808737,13029.832376891613,13029.832376891613,19093.95626849517,0.108779945345712,0.1079960504353448,0.1398865482303856
414,415,8.659476030261448,0.0381841446700207,15332.35464474695,3095.176498259521,0.11795507970581053,0.02356266493180942,8.673639227616462,8.617976149860372,8.684452820808737,13029.832376891613,13029.832376891613,19093.95626849517,0.108779945345712,0.1079960504353448,0.1398865482303856
415,416,8.659476030261448,0.0381841446700207,15332.35464474695,3095.176498259521,0.11795507970581053,0.02356266493180942,8.673639227616462,8.617976149860372,8.684452820808737,13029.832376891613,13029.832376891613,19093.95626849517,0.108779945345712,0.1079960504353448,0.1398865482303856
416,417,8.659353890512744,0.03821824211007235,15320.93875738958,3093.0618739003708,0.11791626585051071,0.023540185426130247,8.673639227616462,8.617976149860372,8.684452820808737,13029.832376891613,13029.832376891613,19093.95626849517,0.108779945345712,0.108779945345712,0.1398865482303856
417,418,8.659277949134195,0.038191195387833325,15315.211671879071,3092.24592244342,0.11789078137501362,0.0235393375796156,8.673639227616462,8.617976149860372,8.684452820808737,13029.832376891613,13029.832376891613,19093.95626849517,0.108779945345712,0.108779945345712,0.1398865482303856
418,419,8.660943889036746,0.038225605704239884,15480.943557547078,3133.9222436698105,0.11822980184573889,0.024186129885702436,8.673639227616462,8.617976149860372,8.684452820808737,13029.832376891613,13029.832376891613,19164.92048964406,0.108779945345712,0.1056443657042432,0.1507293802870057
419,420,8.65913478791978,0.038211808928940855,15326.313205762668,3086.699266131356,0.11779432598671813,0.023515009209642918,8.673639227616462,8.617976149860372,8.684452820808737,13029.832376891613,13029.832376891613,19093.95626849517,0.108779945345712,0.1079960504353448,0.1398865482303856
420,421,8.659070195071633,0.03814780807835598,15330.380095111974,3089.962393101736,0.11791606204420618,0.02351704838773025,8.673639227616462,8.617976149860372,8.684452820808737,13029.832376891613,13029.832376891613,19093.95626849517,0.108779945345712,0.108779945345712,0.1398865482303856
421,422,8.658933839105565,0.03817251944836148,15327.039540747017,3087.324934319083,0.11788809102096301,0.02350711430514269,8.673639227616462,8.617976149860372,8.684452820808737,13029.832376891613,13029.832376891613,19093.95626849517,0.108779945345712,0.108779945345712,0.1398865482303856
422,423,8.658821335646206,0.038131055415730745,15328.196460979689,3084.4135962297723,0.11789070943210814,0.023456773565636326,8.673639227616462,8.617976149860372,8.684452820808737,13029.832376891613,13029.832376891613,19093.95626849517,0.108779945345712,0.108779945345712,0.1398865482303856
423,424,8.658810522053013,0.03812531792752077,15329.050749847824,3085.357683410949,0.1179357944466909,0.023476511640782804,8.673639227616462,8.617976149860372,8.684452820808737,13029.832376891613,13029.832376891613,19093.95626849517,0.108779945345712,0.108779945345712,0.1398865482303856
424,425,8.658767897888776,0.038072762807170805,15328.267425200836,3084.5010507236643,0.11796951946072072,0.023434569073451227,8.673639227616462,8.617976149860372,8.684452820808737,13029.832376891613,13029.832376891613,19093.95626849517,0.108779945345712,0.108779945345712,0.1398865482303856
425,426,8.65872925254705,0.03802703126230913,15334.082021092541,3084.6370746350394,0.11800028996761078,0.023398135701008786,8.673639227616462,8.617976149860372,8.684452820808737,13029.832376891613,13029.832376891613,19093.95626849517,0.108779945345712,0.108779945345712,0.1398865482303856
426,427,8.65988120788803,0.03745341185053726,15444.659191671355,3133.06076404806,0.11851437805351991,0.02402841217492403,8.673639227616462,8.617976149860372,8.684452820808737,13029.832376891613,13029.832376891613,19164.92048964406,0.108779945345712,0.108779945345712,0.1507293802870057
427,428,8.65831719195119,0.03781857262630726,15344.884562349596,3083.5806212181187,0.11825591328083496,0.02324909962500071,8.673639227616462,8.617976149860372,8.684452820808737,13029.832376891613,13029.832376891613,19093.95626849517,0.108779945345712,0.108779945345712,0.1398865482303856
428,429,8.658119409148625,0.0375484299455013,15339.752270103736,3083.199550457839,0.11830672651762487,0.023265256346873216,8.673639227616462,8.617976149860372,8.684452820808737,13029.832376891613,13029.832376891613,19111.69732378239,0.108779945345712,0.108779945345712,0.14259725624454062
429,430,8.659671292875766,0.03730035212280792,15455.48546289007,3132.904437832637,0.11857604941520232,0.023968430412254407,8.673639227616462,8.617976149860372,8.684452820808737,13029.832376891613,13029.832376891613,19164.92048964406,0.108779945345712,0.108779945345712,0.1507293802870057
430,431,8.659510507785335,0.037290069932177004,15449.884171424406,3131.1831912189677,0.11856800606679255,0.023910955666640133,8.673639227616462,8.617976149860372,8.684452820808737,13029.832376891613,13029.832376891613,19164.92048964406,0.108779945345712,0.108779945345712,0.1507293802870057
431,432,8.657904960692798,0.03740046993894483,15364.141440570134,3080.166459234464,0.11851950690657455,0.02314966667442057,8.673639227616462,8.617976149860372,8.684452820808737,13029.832376891613,13029.832376891613,19164.92048964406,0.108779945345712,0.108779945345712,0.1507293802870057
432,433,8.657904960692798,0.03740046993894483,15364.141440570134,3080.166459234464,0.11851950690657455,0.02314966667442057,8.673639227616462,8.617976149860372,8.684452820808737,13029.832376891613,13029.832376891613,19164.92048964406,0.108779945345712,0.108779945345712,0.1507293802870057
433,434,8.657849297615043,0.03741842856206762,15358.006352457382,3078.6995395315403,0.11847755747163326,0.02312926048316074,8.673639227616462,8.617976149860372,8.684452820808737,13029.832376891613,13029.832376891613,19164.92048964406,0.108779945345712,0.108779945345712,0.1507293802870057
434,435,8.659020038700534,0.037127117625957495,15442.672555914365,3126.9167360145666,0.11867666294709527,0.02379244995675313,8.673639227616462,8.617976149860372,8.684452820808737,13029.832376891613,13029.832376891613,19164.92048964406,0.108779945345712,0.108779945345712,0.1507293802870057
435,436,8.658910937865349,0.03708724596252361,15436.608432022762,3125.709747457234,0.11871352354076656,0.02374849500711715,8.673639227616462,8.617976149860372,8.684452820808737,13029.832376891613,13029.832376891613,19164.92048964406,0.108779945345712,0.108779945345712,0.1507293802870057
436,437,8.658816629445866,0.037060032937523066,15436.287939801714,3124.3505924097435,0.11870234461271532,0.023692054315960324,8.673639227616462,8.617976149860372,8.684452820808737,13029.832376891613,13029.832376891613,19164.92048964406,0.108779945345712,0.108779945345712,0.1507293802870057
437,438,8.65880736823475,0.03704056516701683,15442.44427096133,3124.2210729442936,0.11876692588321128,0.02360811994658455,8.673639227616462,8.617976149860372,8.684452820808737,13029.832376891613,13029.832376891613,19164.92048964406,0.108779945345712,0.108779945345712,0.1507293802870057
438,439,8.658751705156996,0.03706005361376334,15436.309182848578,3122.9286799854694,0.11872497644826999,0.023588550378223192,8.673639227616462,8.617976149860372,8.684452820808737,13029.832376891613,13029.832376891613,19164.92048964406,0.108779945345712,0.108779945345712,0.1507293802870057
439,440,8.6586870763005,0.03706278709384166,15424.2183288103,3121.5345509848125,0.11863761292121036,0.023609472166213095,8.673639227616462,8.617976149860372,8.684452820808737,13029.832376891613,13029.832376891613,19164.92048964406,0.108779945345712,0.108779945345712,0.1507293802870057
440,441,8.658432953211255,0.03694152416124132,15411.626683711027,3123.551080726835,0.11870556246063474,0.023648325735070787,8.673639227616462,8.617976149860372,8.684452820808737,13029.832376891613,13029.832376891613,19164.92048964406,0.108779945345712,0.108779945345712,0.1507293802870057
441,442,8.658366476540307,0.036954451797251424,15406.345884466411,3123.109377136788,0.1187086980402762,0.02364680154385693,8.673639227616462,8.617976149860372,8.684452820808737,13029.832376891613,13029.832376891613,19164.92048964406,0.108779945345712,0.108779945345712,0.1507293802870057
442,443,8.658163643903288,0.03698991630228888,15397.724530856836,3120.12454061023,0.11868386259667447,0.023636338378608002,8.673639227616462,8.617976149860372,8.684452820808737,13029.832376891613,13029.832376891613,19164.92048964406,0.108779945345712,0.108779945345712,0.1507293802870057
443,444,8.656729123405128,0.0373173872382635,15343.85733581516,3059.803725072822,0.11833835001073126,0.022815488355410862,8.673639227616462,8.617976149860372,8.684452820808737,13029.832376891613,13029.832376891613,19111.69732378239,0.108779945345712,0.108779945345712,0.14259725624454062
444,445,8.65775221393527,0.03684086366281196,15388.27088983447,3114.8045119533795,0.11877955044604149,0.023457838088295636,8.673639227616462,8.617976149860372,8.684452820808737,13029.832376891613,13029.832376891613,19164.92048964406,0.108779945345712,0.108779945345712,0.1507293802870057
445,446,8.657737997717904,0.03683198645206787,15396.346222826882,3114.117264968051,0.11879039327809812,0.023470094513680272,8.673639227616462,8.617976149860372,8.684452820808737,13029.832376891613,13029.832376891613,19164.92048964406,0.108779945345712,0.108779945345712,0.1507293802870057
446,447,8.657667542224445,0.03683641731740814,15384.467503043574,3112.7852552485133,0.11879648336487934,0.023462831412194667,8.673639227616462,8.617976149860372,8.684452820808737,13029.832376891613,13029.832376891613,19164.92048964406,0.108779945345712,0.108779945345712,0.1507293802870057
447,448,8.657667542224445,0.03683641731740814,15384.467503043574,3112.7852552485133,0.11879648336487934,0.023462831412194667,8.673639227616462,8.617976149860372,8.684452820808737,13029.832376891613,13029.832376891613,19164.92048964406,0.108779945345712,0.108779945345712,0.1507293802870057
448,449,8.657667542224445,0.03683641731740814,15384.467503043574,3112.7852552485133,0.11879648336487934,0.023462831412194667,8.673639227616462,8.617976149860372,8.684452820808737,13029.832376891613,13029.832376891613,19164.92048964406,0.108779945345712,0.108779945345712,0.1507293802870057
449,450,8.656301229419885,0.03717767319360978,15371.624969613318,3054.524954925819,0.11844149016361104,0.022727166003701643,8.673639227616462,8.617976149860372,8.684452820808737,13029.832376891613,13029.832376891613,19164.92048964406,0.108779945345712,0.108779945345712,0.1507293802870057
450,451,8.657453319376584,0.036754968722369157,15378.93717579906,3111.010563935465,0.11886725004508217,0.023378910359528632,8.673639227616462,8.617976149860372,8.684452820808737,13029.832376891613,13029.832376891613,19164.92048964406,0.108779945345712,0.108779945345712,0.1507293802870057
451,452,8.657453319376584,0.036754968722369157,15378.93717579906,3111.010563935465,0.11886725004508217,0.023378910359528632,8.673639227616462,8.617976149860372,8.684452820808737,13029.832376891613,13029.832376891613,19164.92048964406,0.108779945345712,0.108779945345712,0.1507293802870057
452,453,8.657355032134593,0.03671642748068256,15372.01876303932,3108.748454547327,0.1188590256241707,0.023315888999546855,8.673639227616462,8.617976149860372,8.684452820808737,13029.832376891613,13029.832376891613,19164.92048964406,0.108779945345712,0.108779945345712,0.1507293802870057
453,454,8.657308975823845,0.03666378221925531,15371.46660367488,3111.2915719818125,0.11896912332816965,0.02330165471403163,8.673639227616462,8.617976149860372,8.684452820808737,13029.832376891613,13029.832376891613,19164.92048964406,0.108779945345712,0.108779945345712,0.1507293802870057
454,455,8.657107450391981,0.036505228606714936,15374.429676156156,3112.2622443541986,0.11911340547163628,0.02319618764975609,8.673639227616462,8.617976149860372,8.684452820808737,13029.832376891613,13029.832376891613,19164.92048964406,0.108779945345712,0.108779945345712,0.1507293802870057
455,456,8.657093234174615,0.036496018604973465,15382.50500914857,3111.610357152473,0.1191242483036929,0.02320842627838304,8.673639227616462,8.617976149860372,8.684452820808737,13029.832376891613,13029.832376891613,19164.92048964406,0.108779945345712,0.108779945345712,0.1507293802870057
456,457,8.656905633821465,0.036349148240261794,15384.16462411904,3111.974627896212,0.11930121661179739,0.023114339888070847,8.673639227616462,8.617976149860372,8.684452820808737,13029.832376891613,13029.832376891613,19164.92048964406,0.108779945345712,0.108779945345712,0.1507293802870057
457,458,8.656810148098135,0.03623238617937408,15397.271228356169,3110.4806058597796,0.11937655496477387,0.02304311598060436,8.673639227616462,8.617976149860372,8.684452820808737,13029.832376891613,13029.832376891613,19164.92048964406,0.108779945345712,0.108779945345712,0.1507293802870057
458,459,8.656670287349598,0.036094276471530996,15405.920373297326,3105.353872024194,0.11933180131562167,0.022978873400817574,8.673639227616462,8.617976149860372,8.684452820808737,13029.832376891613,13029.832376891613,19164.92048964406,0.108779945345712,0.108779945345712,0.1507293802870057
459,460,8.656552796934013,0.03603325378505985,15407.719448143165,3103.12656092952,0.11928605112750872,0.02297611380121309,8.673639227616462,8.617976149860372,8.684452820808737,13029.832376891613,13029.832376891613,19164.92048964406,0.108779945345712,0.108779945345712,0.1507293802870057
460,461,8.656486320263063,0.036043039627062325,15402.43864889855,3102.6752995025054,0.11928918670715019,0.022974465788173307,8.673639227616462,8.617976149860372,8.684452820808737,13029.832376891613,13029.832376891613,19164.92048964406,0.108779945345712,0.108779945345712,0.1507293802870057
461,462,8.656374994107553,0.03607583587434428,15390.168472673045,3099.9015208161704,0.11920528783726761,0.022936062347205254,8.673639227616462,8.617976149860372,8.684452820808737,13029.832376891613,13029.832376891613,19164.92048964406,0.108779945345712,0.108779945345712,0.1507293802870057
462,463,8.656305114812433,0.03608246808865762,15392.108717552705,3097.8156601009905,0.11917418123438293,0.022929085494383807,8.673639227616462,8.617976149860372,8.684452820808737,13029.832376891613,13029.832376891613,19164.92048964406,0.108779945345712,0.108779945345712,0.1507293802870057
463,464,8.656198207347595,0.03593037579204741,15390.973798775374,3099.34082183258,0.11933717113078932,0.02282279531656887,8.673639227616462,8.617976149860372,8.684452820808737,13029.832376891613,13029.832376891613,19164.92048964406,0.108779945345712,0.108779945345712,0.1507293802870057
464,465,8.656093085334922,0.03588824564665586,15391.507595422463,3098.888117910995,0.11937107721732083,0.022781863517135896,8.673639227616462,8.617976149860372,8.684452820808737,13029.832376891613,13029.832376891613,19164.92048964406,0.108779945345712,0.108779945345712,0.1507293802870057
465,466,8.655324639215443,0.03750080828521652,15263.164685996571,3036.452470202193,0.11763671423028163,0.022937003068052988,8.673639227616462,8.617976149860372,8.684452820808737,13029.832376891613,13029.832376891613,19093.95626849517,0.108779945345712,0.108779945345712,0.1398865482303856
466,467,8.655917507828788,0.035846871007937126,15380.16267228624,3097.079990647354,0.11941107339063359,0.02273314674439528,8.673639227616462,8.617976149860372,8.684452820808737,13029.832376891613,13029.832376891613,19164.92048964406,0.108779945345712,0.108779945345712,0.1507293802870057
467,468,8.655840217564648,0.03584853225862596,15375.736161909761,3097.5083570803945,0.11945929398485783,0.02274881202229734,8.673639227616462,8.617976149860372,8.684452820808737,13029.832376891613,13029.832376891613,19164.92048964406,0.108779945345712,0.108779945345712,0.1507293802870057
468,469,8.65583589724461,0.03584016503272338,15372.27987763109,3098.791103306001,0.11946008950629029,0.02274723890058105,8.673639227616462,8.617976149860372,8.684452820808737,13029.832376891613,13029.832376891613,19164.92048964406,0.108779945345712,0.108779945345712,0.1507293802870057
469,470,8.655751801732123,0.03583587830216152,15382.295455503165,3096.06108873576,0.11943982573546223,0.02275288598338472,8.673639227616462,8.617976149860372,8.684452820808737,13029.832376891613,13029.832376891613,19164.92048964406,0.108779945345712,0.108779945345712,0.1507293802870057
470,471,8.65564667971945,0.035792325861988376,15382.829252150254,3095.6094016488637,0.11947373182199376,0.022711674940270182,8.673639227616462,8.617976149860372,8.684452820808737,13029.832376891613,13029.832376891613,19164.92048964406,0.108779945345712,0.108779945345712,0.1507293802870057
471,472,8.655591016641694,0.035807580611828205,15376.6941640375,3094.186857388696,0.11943178238705246,0.022692638902199903,8.673639227616462,8.617976149860372,8.684452820808737,13029.832376891613,13029.832376891613,19164.92048964406,0.108779945345712,0.108779945345712,0.1507293802870057
472,473,8.655521137346572,0.03581273280585458,15378.63440891716,3092.105596605998,0.11940067578416778,0.02268589775414549,8.673639227616462,8.617976149860372,8.684452820808737,13029.832376891613,13029.832376891613,19164.92048964406,0.108779945345712,0.108779945345712,0.1507293802870057
473,474,8.65482275585125,0.037300668251228124,15267.997718315924,3032.5785052510164,0.11782645629697307,0.022922014987521347,8.673639227616462,8.617976149860372,8.684452820808737,13029.832376891613,13029.832376891613,19093.95626849517,0.108779945345712,0.108779945345712,0.1398865482303856
474,475,8.655168333212316,0.03581019067544211,15363.557474973788,3086.1789045311216,0.11932271197757355,0.02259764054527835,8.673639227616462,8.617976149860372,8.684452820808737,13029.832376891613,13029.832376891613,19164.92048964406,0.108779945345712,0.108779945345712,0.1507293802870057
475,476,8.654550108289735,0.03712797481861238,15263.180509905722,3031.378501719579,0.11792766440653035,0.022862553713297314,8.673639227616462,8.617976149860372,8.684452820808737,13029.832376891613,13029.832376891613,19093.95626849517,0.108779945345712,0.108779945345712,0.1398865482303856
476,477,8.65495748850077,0.035744213809417176,15375.81542722922,3084.8771109403224,0.11942652432244254,0.02259708786384018,8.673639227616462,8.617976149860372,8.684452820808737,13029.832376891613,13029.832376891613,19164.92048964406,0.108779945345712,0.108779945345712,0.1507293802870057
477,478,8.654380081453722,0.03700148520674814,15277.912711003864,3031.837122023302,0.11797053269234736,0.022789164194142286,8.673639227616462,8.617976149860372,8.684452820808737,13029.832376891613,13029.832376891613,19093.95626849517,0.108779945345712,0.108779945345712,0.1398865482303856
478,479,8.6548211325347,0.03575490479011957,15372.474872864263,3082.2845435298295,0.11939855329919935,0.022588619620536727,8.673639227616462,8.617976149860372,8.684452820808737,13029.832376891613,13029.832376891613,19164.92048964406,0.108779945345712,0.108779945345712,0.1507293802870057
479,480,8.654810318941509,0.03574757590899352,15373.3291617324,3083.2170141185397,0.11944363831378212,0.022606108615728166,8.673639227616462,8.617976149860372,8.684452820808737,13029.832376891613,13029.832376891613,19164.92048964406,0.108779945345712,0.108779945345712,0.1507293802870057
480,481,8.654810318941509,0.03574757590899352,15373.3291617324,3083.2170141185397,0.11944363831378212,0.022606108615728166,8.673639227616462,8.617976149860372,8.684452820808737,13029.832376891613,13029.832376891613,19164.92048964406,0.108779945345712,0.108779945345712,0.1507293802870057
481,482,8.653651666267338,0.036847195902078016,15268.607548933665,3017.5905312464974,0.11788604735603808,0.02254277524945767,8.673639227616462,8.617976149860372,8.684452820808737,13029.832376891613,13029.832376891613,19093.95626849517,0.108779945345712,0.108779945345712,0.1398865482303856
482,483,8.653460954428665,0.03667688649660216,15270.716332546803,3017.7110849850387,0.11798524448492194,0.022420245618237387,8.673639227616462,8.617976149860372,8.684452820808737,13029.832376891613,13029.832376891613,19093.95626849517,0.108779945345712,0.108779945345712,0.1398865482303856
483,484,8.65453247537087,0.03564440409161621,15348.46790529775,3078.0608278773507,0.11947836457332314,0.022485730542017912,8.673639227616462,8.617976149860372,8.684452820808737,13029.832376891613,13029.832376891613,19164.92048964406,0.108779945345712,0.108779945345712,0.1507293802870057
484,485,8.653341616198624,0.03661712405149182,15279.325462186303,3016.871189073799,0.1180299934035101,0.02239383996544236,8.673639227616462,8.617976149860372,8.684452820808737,13029.832376891613,13029.832376891613,19093.95626849517,0.108779945345712,0.108779945345712,0.1398865482303856
485,486,8.653230290043114,0.03663985298345975,15267.0552859608,3013.517206701452,0.1179460945336275,0.022349712668186722,8.673639227616462,8.617976149860372,8.684452820808737,13029.832376891613,13029.832376891613,19093.95626849517,0.108779945345712,0.108779945345712,0.1398865482303856
486,487,8.653221028831998,0.03661874903207547,15273.211617120418,3013.728645373357,0.11801067580412347,0.022262911427624547,8.673639227616462,8.617976149860372,8.684452820808737,13029.832376891613,13029.832376891613,19093.95626849517,0.108779945345712,0.108779945345712,0.1398865482303856
487,488,8.65315455216105,0.03662233114084895,15267.9308178758,3013.0282592826265,0.11801381138376493,0.02226139025671365,8.673639227616462,8.617976149860372,8.684452820808737,13029.832376891613,13029.832376891613,19093.95626849517,0.108779945345712,0.108779945345712,0.1398865482303856
488,489,8.653079487217235,0.0365379895438358,15269.710359833221,3015.0856012495033,0.11818279144154305,0.022278266576622005,8.673639227616462,8.617976149860372,8.684452820808737,13029.832376891613,13029.832376891613,19093.95626849517,0.108779945345712,0.108779945345712,0.1398865482303856
489,490,8.653079487217235,0.0365379895438358,15269.710359833221,3015.0856012495033,0.11818279144154305,0.022278266576622005,8.673639227616462,8.617976149860372,8.684452820808737,13029.832376891613,13029.832376891613,19093.95626849517,0.108779945345712,0.108779945345712,0.1398865482303856
490,491,8.653010248910386,0.03645054816830282,15271.277767535676,3016.9042316376826,0.1182583178854803,0.02232201546657018,8.673639227616462,8.617976149860372,8.684452820808737,13029.832376891613,13029.832376891613,19093.95626849517,0.108779945345712,0.108779945345712,0.1398865482303856
491,492,8.653602519357712,0.035444974334387584,15290.24326814066,3062.2795370154213,0.11938340426015669,0.02201018924271391,8.673639227616462,8.617976149860372,8.684452820808737,13029.832376891613,13029.832376891613,19164.92048964406,0.108779945345712,0.108779945345712,0.1507293802870057
492,493,8.652883497283685,0.036356962322960096,15279.233173541132,3014.890983309636,0.1182771489678633,0.022229270872441496,8.673639227616462,8.617976149860372,8.684452820808737,13029.832376891613,13029.832376891613,19093.95626849517,0.108779945345712,0.108779945345712,0.1398865482303856
493,494,8.652815501811364,0.03627543501454617,15290.521107014714,3016.8909789477498,0.1183646428428252,0.022222030102924607,8.673639227616462,8.617976149860372,8.684452820808737,13029.832376891613,13029.832376891613,19164.92048964406,0.108779945345712,0.108779945345712,0.1507293802870057
494,495,8.652759838733608,0.03628614391202648,15284.386018901962,3015.243486438292,0.11832269340788391,0.022200478651066873,8.673639227616462,8.617976149860372,8.684452820808737,13029.832376891613,13029.832376891613,19111.69732378239,0.108779945345712,0.108779945345712,0.14259725624454062
495,496,8.65271037979869,0.03622389077532977,15291.054903661803,3016.443677400344,0.11839854892935674,0.022181476289987307,8.673639227616462,8.617976149860372,8.684452820808737,13029.832376891613,13029.832376891613,19164.92048964406,0.108779945345712,0.108779945345712,0.1507293802870057
496,497,8.65271037979869,0.03622389077532977,15291.054903661803,3016.443677400344,0.11839854892935674,0.022181476289987307,8.673639227616462,8.617976149860372,8.684452820808737,13029.832376891613,13029.832376891613,19164.92048964406,0.108779945345712,0.108779945345712,0.1507293802870057
497,498,8.653290825224738,0.03523978455852205,15277.1848095613,3054.270048875858,0.1194150479525507,0.0218931056167435,8.673639227616462,8.617976149860372,8.684452820808737,13029.832376891613,13029.832376891613,19164.92048964406,0.108779945345712,0.108779945345712,0.1507293802870057
498,499,8.652409836118016,0.03618069921206183,15289.33410195546,3010.1924163643107,0.11832829237517764,0.022102485720516617,8.673639227616462,8.617976149860372,8.684452820808737,13029.832376891613,13029.832376891613,19111.69732378239,0.108779945345712,0.108779945345712,0.14259725624454062
499,500,8.652275363974749,0.03609989646098858,15295.341236184424,3011.504993364649,0.118418921829781,0.022093410654448503,8.673639227616462,8.617976149860372,8.684452820808737,13029.832376891613,13029.832376891613,19164.92048964406,0.108779945345712,0.108779945345712,0.1507293802870057
500,501,8.652068522573572,0.035995991848413185,15289.187785354321,3012.0281683037,0.1185209761853702,0.022018163494327406,8.673639227616462,8.617976149860372,8.684452820808737,13029.832376891613,13029.832376891613,19164.92048964406,0.108779945345712,0.108779945345712,0.1507293802870057
501,502,8.651952586967706,0.03593371148036877,15290.575870869545,3012.558203499135,0.1185999672864845,0.02199669691324526,8.673639227616462,8.617976149860372,8.684452820808737,13029.832376891613,13029.832376891613,19164.92048964406,0.108779945345712,0.108779945345712,0.1507293802870057
502,503,8.651888335617084,0.03585342623651557,15291.50112395883,3013.625843836739,0.11872386232967985,0.021989929422003212,8.673639227616462,8.617976149860372,8.684452820808737,13029.832376891613,13029.832376891613,19164.92048964406,0.108779945345712,0.108779945345712,0.1507293802870057
503,504,8.65176619586838,0.03586390637487889,15280.085236601462,3011.2990832289906,0.11868504847438002,0.021967198866209497,8.673639227616462,8.617976149860372,8.67634262591453,13029.832376891613,13029.832376891613,19164.92048964406,0.108779945345712,0.108779945345712,0.1507293802870057
504,505,8.65165486971287,0.03588222487995859,15267.815060375957,3007.9419870419465,0.11860114960449746,0.021924719627410796,8.673639227616462,8.617976149860372,8.67634262591453,13029.832376891613,13029.832376891613,19164.92048964406,0.108779945345712,0.108779945345712,0.1507293802870057
505,506,8.651591194560586,0.03580617273678816,15282.55927812821,3008.7758508535635,0.11868784795802688,0.021917689577031635,8.673639227616462,8.617976149860372,8.673639227616462,13029.832376891613,13029.832376891613,19164.92048964406,0.108779945345712,0.108779945345712,0.1507293802870057
506,507,8.651580380967394,0.03579787868582263,15283.413566996345,3009.756617623766,0.11873293297260966,0.021937174182224687,8.673639227616462,8.617976149860372,8.673639227616462,13029.832376891613,13029.832376891613,19164.92048964406,0.108779945345712,0.108779945345712,0.1507293802870057
507,508,8.651421479699765,0.03566808790951136,15287.159964124603,3011.7351601651235,0.11884349010204646,0.021873101552647257,8.673639227616462,8.617976149860372,8.673639227616462,13029.832376891613,13029.832376891613,19164.92048964406,0.108779945345712,0.108779945345712,0.1507293802870057
508,509,8.65133337341479,0.03562373878699983,15289.300774238356,3009.461774760424,0.11883155067753941,0.021818294281659333,8.645807688738417,8.617976149860372,8.673639227616462,13029.832376891613,13029.832376891613,19164.92048964406,0.108779945345712,0.108779945345712,0.1507293802870057
509,510,8.65121403518475,0.03555506619846423,15297.909903877857,3008.56639631412,0.11887629959612758,0.021789421231483204,8.617976149860372,8.617976149860372,8.673639227616462,13029.832376891613,13029.832376891613,19164.92048964406,0.108779945345712,0.108779945345712,0.1507293802870057
510,511,8.651007799923558,0.03554777725488743,15296.509594392559,3003.7319920500054,0.1188172219699997,0.021772075036033796,8.617976149860372,8.617976149860372,8.673639227616462,13029.832376891613,13029.832376891613,19164.92048964406,0.108779945345712,0.108779945345712,0.1507293802870057
511,512,8.650908882053722,0.03541560398036623,15309.84736391224,3006.0725011126137,0.11896893301294534,0.021729587398295124,8.617976149860372,8.617976149860372,8.673639227616462,13029.832376891613,13029.832376891613,19164.92048964406,0.108779945345712,0.108779945345712,0.1507293802870057
512,513,8.650823543706705,0.03539260215235403,15310.142416013181,3003.3743434447506,0.11893670181109262,0.021787262475538548,8.617976149860372,8.617976149860372,8.673639227616462,13029.832376891613,13029.832376891613,19164.92048964406,0.108779945345712,0.108779945345712,0.1507293802870057
513,514,8.650548841324175,0.033822969964618435,15330.95987431964,3028.006678454251,0.11990985884565808,0.02116081604201291,8.673639227616462,8.617976149860372,8.673639227616462,13029.832376891613,13029.832376891613,19164.92048964406,0.108779945345712,0.108779945345712,0.1507293802870057
514,515,8.65068102348056,0.03529013051302206,15320.871112719567,3001.5936755957996,0.11894687946961904,0.02181581520595432,8.617976149860372,8.617976149860372,8.673639227616462,13029.832376891613,13029.832376891613,19164.92048964406,0.108779945345712,0.108779945345712,0.1507293802870057
515,516,8.650614546809612,0.03528906299325737,15315.590313474951,3000.9743246361154,0.11895001504926053,0.02181412828754543,8.617976149860372,8.617976149860372,8.673639227616462,13029.832376891613,13029.832376891613,19164.92048964406,0.108779945345712,0.108779945345712,0.1507293802870057
516,517,8.650558883731856,0.03529660036877518,15309.455225362199,2999.3693677769206,0.11890806561431924,0.021793300242351064,8.617976149860372,8.617976149860372,8.673639227616462,13029.832376891613,13029.832376891613,19164.92048964406,0.108779945345712,0.108779945345712,0.1507293802870057
517,518,8.650325417827641,0.03531706561506323,15285.769161779323,2993.8004942050675,0.11878535288913684,0.021728540640899924,8.617976149860372,8.617976149860372,8.673639227616462,13029.832376891613,13029.832376891613,19164.92048964406,0.108779945345712,0.108779945345712,0.1507293802870057
518,519,8.65016187110131,0.03516932365577494,15287.016077260727,2994.1894622308855,0.11884970040502287,0.0217097993941485,8.617976149860372,8.617976149860372,8.673639227616462,13029.832376891613,13029.832376891613,19164.92048964406,0.108779945345712,0.108779945345712,0.1507293802870057
519,520,8.650106208023555,0.035176170377249495,15280.880989147974,2992.522285974485,0.11880775097008157,0.02168867713708366,8.617976149860372,8.617976149860372,8.673639227616462,13029.832376891613,13029.832376891613,19164.92048964406,0.108779945345712,0.108779945345712,0.1507293802870057
520,521,8.650046537510821,0.03353835166229113,15315.24154417158,3021.017520227909,0.1200232401103188,0.02095352188468685,8.617976149860372,8.617976149860372,8.673639227616462,13029.832376891613,13029.832376891613,19164.92048964406,0.108779945345712,0.108779945345712,0.1507293802870057
521,522,8.649927227893249,0.03510051430379635,15276.75711013603,2988.8460283467243,0.1188135049608682,0.02163231284299198,8.617976149860372,8.617976149860372,8.673639227616462,13029.832376891613,13029.832376891613,19164.92048964406,0.108779945345712,0.108779945345712,0.1507293802870057
522,523,8.649713581663038,0.035080061764805284,15268.990045394594,2986.345342988003,0.11883375453184923,0.021640536895061475,8.617976149860372,8.617976149860372,8.673639227616462,13029.832376891613,13029.832376891613,19164.92048964406,0.108779945345712,0.108779945345712,0.1507293802870057
523,524,8.649885151734193,0.033507292113903485,15320.830611667172,3018.7654493615523,0.12005119693371498,0.02097582535096505,8.617976149860372,8.617976149860372,8.673639227616462,13029.832376891613,13029.832376891613,19164.92048964406,0.108779945345712,0.108779945345712,0.1507293802870057
524,525,8.649818675063244,0.033504588735186934,15315.549812422554,3018.1495513396426,0.12005433251335645,0.020973905779530285,8.617976149860372,8.617976149860372,8.673639227616462,13029.832376891613,13029.832376891613,19164.92048964406,0.108779945345712,0.108779945345712,0.1507293802870057
525,526,8.649554644387061,0.035012574333511653,15256.578699135269,2982.766646232881,0.11873521207673836,0.02160190889841007,8.617976149860372,8.617976149860372,8.673639227616462,13029.832376891613,13029.832376891613,19164.92048964406,0.108779945345712,0.108779945345712,0.1507293802870057
526,527,8.649498981309305,0.035018486507110654,15250.443611022516,2981.030441006161,0.11869326264179708,0.021580458494581047,8.617976149860372,8.617976149860372,8.673639227616462,13029.832376891613,13029.832376891613,19164.92048964406,0.108779945345712,0.108779945345712,0.1507293802870057
527,528,8.649387655153793,0.0350300425143528,15238.17343479701,2977.5170701476336,0.11860936377191447,0.02153724847486415,8.617976149860372,8.617976149860372,8.673639227616462,13029.832376891613,13029.832376891613,19164.92048964406,0.108779945345712,0.108779945345712,0.1507293802870057
528,529,8.649605028833033,0.033482468719312555,15307.782747681114,3015.7730769297186,0.1200745820843375,0.020981190370588043,8.617976149860372,8.617976149860372,8.673639227616462,13029.832376891613,13029.832376891613,19164.92048964406,0.108779945345712,0.108779945345712,0.1507293802870057
529,530,8.649199038734142,0.0350282897091232,15221.476748195026,2974.165444845027,0.11857368549625615,0.021512177330938798,8.617976149860372,8.617976149860372,8.673639227616462,13029.832376891613,13029.832376891613,19164.92048964406,0.108779945345712,0.108779945345712,0.1507293802870057
530,531,8.649549365755277,0.03348873476910445,15301.647659568363,3014.1601083152987,0.12003263264939619,0.020961785271726634,8.617976149860372,8.617976149860372,8.673639227616462,13029.832376891613,13029.832376891613,19164.92048964406,0.108779945345712,0.108779945345712,0.1507293802870057
531,532,8.649535149537913,0.03347548535978754,15309.722992560775,3013.682029296524,0.12004347548145282,0.020974852480115293,8.617976149860372,8.617976149860372,8.673639227616462,13029.832376891613,13029.832376891613,19164.92048964406,0.108779945345712,0.108779945345712,0.1507293802870057
532,533,8.649535149537913,0.03347548535978754,15309.722992560775,3013.682029296524,0.12004347548145282,0.020974852480115293,8.617976149860372,8.617976149860372,8.673639227616462,13029.832376891613,13029.832376891613,19164.92048964406,0.108779945345712,0.108779945345712,0.1507293802870057
533,534,8.64944704568058,0.03345296115597875,15306.15077105243,3014.991418203852,0.1201367810902598,0.021007709160149404,8.617976149860372,8.617976149860372,8.673639227616462,13029.832376891613,13029.832376891613,19164.92048964406,0.108779945345712,0.108779945345712,0.1507293802870057
534,535,8.649432829463212,0.03343965407315844,15314.226104044841,3014.501407984233,0.12014762392231643,0.021020694099242815,8.617976149860372,8.617976149860372,8.673639227616462,13029.832376891613,13029.832376891613,19164.92048964406,0.108779945345712,0.108779945345712,0.1507293802870057
535,536,8.649379967904121,0.03336341021259092,15328.116032928958,3014.1403971194263,0.1201892372612631,0.02098985702965475,8.617976149860372,8.617976149860372,8.673639227616462,13029.832376891613,13029.832376891613,19164.92048964406,0.108779945345712,0.108779945345712,0.1507293802870057
536,537,8.648638817000373,0.034829231432677736,15186.427398758586,2967.413856347961,0.118634972734917,0.021338468103843915,8.617976149860372,8.617976149860372,8.673639227616462,13029.832376891613,13029.832376891613,19164.92048964406,0.108779945345712,0.108779945345712,0.1507293802870057
537,538,8.649324304826365,0.033369323198730386,15321.980944816205,3012.567963310644,0.12014728782632181,0.02097068930617772,8.617976149860372,8.617976149860372,8.673639227616462,13029.832376891613,13029.832376891613,19164.92048964406,0.108779945345712,0.108779945345712,0.1507293802870057
538,539,8.64924361193805,0.033352068605895194,15324.775478563999,3011.4340215895413,0.12016126623801991,0.020981756892195887,8.617976149860372,8.617976149860372,8.673639227616462,13029.832376891613,13029.832376891613,19164.92048964406,0.108779945345712,0.108779945345712,0.1507293802870057
539,540,8.648329026539644,0.03462305947424176,15173.0408871501,2968.4781963172245,0.11872743920531993,0.02119313548134117,8.617976149860372,8.617976149860372,8.673639227616462,13029.832376891613,13029.832376891613,19111.69732378239,0.108779945345712,0.108779945345712,0.14259725624454062
540,541,8.649026563083668,0.033322370183184444,15324.229457946838,3007.586618068903,0.1201472736264748,0.02098469168657793,8.617976149860372,8.617976149860372,8.673639227616462,13029.832376891613,13029.832376891613,19164.92048964406,0.108779945345712,0.108779945345712,0.1507293802870057
541,542,8.648970900005912,0.03332770020797848,15318.094369834085,3006.0028237254846,0.12010532419153351,0.020965435276427902,8.617976149860372,8.617976149860372,8.673639227616462,13029.832376891613,13029.832376891613,19164.92048964406,0.108779945345712,0.108779945345712,0.1507293802870057
542,543,8.648953281164372,0.03331034025860832,15333.390746950774,3003.9660129149456,0.12008192484106399,0.020974109928281685,8.617976149860372,8.617976149860372,8.673639227616462,13029.832376891613,13029.832376891613,19164.92048964406,0.108779945345712,0.108779945345712,0.1507293802870057
543,544,8.648897618086616,0.03331554977000423,15327.255658838023,3002.3990288496107,0.12003997540612271,0.02095471297211572,8.617976149860372,8.617976149860372,8.673639227616462,13029.832376891613,13029.832376891613,19164.92048964406,0.108779945345712,0.108779945345712,0.1507293802870057
544,545,8.648698188073771,0.03330108073948314,15311.413261104171,3000.5469187593935,0.12004938214504712,0.020948951557341364,8.617976149860372,8.617976149860372,8.673639227616462,13029.832376891613,13029.832376891613,19164.92048964406,0.108779945345712,0.108779945345712,0.1507293802870057
545,546,8.648642524996015,0.03330586537260166,15305.278172991419,2998.9331879421948,0.12000743271010582,0.020929466059040468,8.617976149860372,8.617976149860372,8.673639227616462,13029.832376891613,13029.832376891613,19164.92048964406,0.108779945345712,0.108779945345712,0.1507293802870057
546,547,8.648576048325067,0.033300665133715456,15299.997373746803,2998.285824120333,0.12001056828974728,0.020927548792521546,8.617976149860372,8.617976149860372,8.673639227616462,13029.832376891613,13029.832376891613,19164.92048964406,0.108779945345712,0.108779945345712,0.1507293802870057
547,548,8.648520385247311,0.033305245694927474,15293.86228563405,2996.6475038342337,0.119968618854806,0.020907965472265977,8.617976149860372,8.617976149860372,8.673639227616462,13029.832376891613,13029.832376891613,19164.92048964406,0.108779945345712,0.108779945345712,0.1507293802870057
548,549,8.648409059091799,0.033314125914293446,15281.592109408544,2993.3304502892815,0.11988471998492341,0.02086849072432186,8.617976149860372,8.617976149860372,8.673639227616462,13029.832376891613,13029.832376891613,19164.92048964406,0.108779945345712,0.108779945345712,0.1507293802870057
549,550,8.64746553549765,0.0341464989072114,15159.276686341966,2963.812555627478,0.1189999603386451,0.0209524243319725,8.617976149860372,8.617976149860372,8.673639227616462,13029.832376891613,13029.832376891613,19164.92048964406,0.108779945345712,0.108779945345712,0.1507293802870057
550,551,8.648353396014043,0.03331842564731532,15275.457021295793,2991.6516722217375,0.11984277054998212,0.020848598713262542,8.617976149860372,8.617976149860372,8.673639227616462,13029.832376891613,13029.832376891613,19164.92048964406,0.108779945345712,0.108779945345712,0.1507293802870057
551,552,8.64824206985853,0.03332674454114727,15263.186845070288,2988.2534997262856,0.11975887168009954,0.02080850393870715,8.617976149860372,8.617976149860372,8.673639227616462,13029.832376891613,13029.832376891613,19164.92048964406,0.108779945345712,0.108779945345712,0.1507293802870057
552,553,8.648203424516804,0.03326226378528799,15269.001440961994,2988.52053087673,0.11978964218698958,0.0207648126464475,8.617976149860372,8.617976149860372,8.673639227616462,13029.832376891613,13029.832376891613,19164.92048964406,0.108779945345712,0.108779945345712,0.1507293802870057
553,554,8.64814776143905,0.033266226143007074,15262.866352849243,2986.8131875008835,0.11974769275204827,0.02074462895589635,8.617976149860372,8.617976149860372,8.673639227616462,13029.832376891613,13029.832376891613,19164.92048964406,0.108779945345712,0.108779945345712,0.1507293802870057
554,555,8.64807047117491,0.03324996021552828,15258.43984247276,2987.0835515588838,0.11979591334627251,0.020761012838254166,8.617976149860372,8.617976149860372,8.673639227616462,13029.832376891613,13029.832376891613,19164.92048964406,0.108779945345712,0.108779945345712,0.1507293802870057
555,556,8.648003653006436,0.03324279327611605,15256.300679488166,2988.736204673224,0.11979688994020668,0.02076397858725988,8.617976149860372,8.617976149860372,8.673639227616462,13029.832376891613,13029.832376891613,19164.92048964406,0.108779945345712,0.108779945345712,0.1507293802870057
556,557,8.647989436789068,0.033228784510717,15264.37601248058,2988.3765994597675,0.11980773277226331,0.02077729322587565,8.617976149860372,8.617976149860372,8.673639227616462,13029.832376891613,13029.832376891613,19164.92048964406,0.108779945345712,0.108779945345712,0.1507293802870057
557,558,8.647989436789068,0.033228784510717,15264.37601248058,2988.3765994597675,0.11980773277226331,0.02077729322587565,8.617976149860372,8.617976149860372,8.673639227616462,13029.832376891613,13029.832376891613,19164.92048964406,0.108779945345712,0.108779945345712,0.1507293802870057
558,559,8.64784566943467,0.033091980681241015,15270.724405019373,2988.1934075230806,0.1198724093656849,0.020687576893796668,8.617976149860372,8.617976149860372,8.673639227616462,13029.832376891613,13029.832376891613,19164.92048964406,0.108779945345712,0.108779945345712,0.1507293802870057
559,560,8.647810426717117,0.033030528118394756,15269.317956786803,2989.829572277501,0.11993742205510109,0.020648179272994612,8.617976149860372,8.617976149860372,8.673639227616462,13029.832376891613,13029.832376891613,19164.92048964406,0.108779945345712,0.108779945345712,0.1507293802870057
560,561,8.645783195624798,0.03275138209251088,15148.276526413607,2959.501732353796,0.11993981395744771,0.020732604037381048,8.617976149860372,8.617976149860372,8.673639227616462,13029.832376891613,13029.832376891613,19164.92048964406,0.108779945345712,0.108779945345712,0.1507293802870057
561,562,8.647510484141954,0.03302558904322939,15240.35109395931,2983.168103801615,0.11981784490956018,0.02058403357055239,8.617976149860372,8.617976149860372,8.673639227616462,13029.832376891613,13029.832376891613,19164.92048964406,0.108779945345712,0.108779945345712,0.1507293802870057
562,563,8.6474548210642,0.03302841199543127,15234.216005846558,2981.3987395667386,0.1197758954746189,0.020563729975029494,8.617976149860372,8.617976149860372,8.673639227616462,13029.832376891613,13029.832376891613,19164.92048964406,0.108779945345712,0.108779945345712,0.1507293802870057
563,564,8.647343494908688,0.03303377579457042,15221.945829621052,2977.818937738634,0.11969199660473631,0.020522805287288882,8.617976149860372,8.617976149860372,8.673639227616462,13029.832376891613,13029.832376891613,19164.92048964406,0.108779945345712,0.108779945345712,0.1507293802870057
564,565,8.64721054156679,0.03301792459297959,15211.38423113182,2976.209811409379,0.11969826776401926,0.020518990506115543,8.617976149860372,8.617976149860372,8.673639227616462,13029.832376891613,13029.832376891613,19164.92048964406,0.108779945345712,0.108779945345712,0.1507293802870057
565,566,8.647018522522965,0.03299959016573907,15201.908588654112,2971.495846801335,0.11962834730583478,0.02048935584729712,8.617976149860372,8.617976149860372,8.673639227616462,13029.832376891613,13029.832376891613,19164.92048964406,0.108779945345712,0.108779945345712,0.1507293802870057
566,567,8.645231919056325,0.03242725195379436,15154.907747083267,2952.4583716578354,0.11999217282400297,0.02066130141359633,8.617976149860372,8.617976149860372,8.673639227616462,13029.832376891613,13029.832376891613,19164.92048964406,0.108779945345712,0.108779945345712,0.1507293802870057
567,568,8.646679934606075,0.03292051309210033,15178.756321718325,2964.5807154868307,0.11953954066718392,0.02037876141487681,8.617976149860372,8.617976149860372,8.673639227616462,13029.832376891613,13029.832376891613,19164.92048964406,0.108779945345712,0.108779945345712,0.1507293802870057
568,569,8.646613457935127,0.03291128802441523,15173.475522473707,2963.7004172188117,0.11954267624682538,0.020376864331315633,8.617976149860372,8.617976149860372,8.673639227616462,13029.832376891613,13029.832376891613,19164.92048964406,0.108779945345712,0.108779945345712,0.1507293802870057
569,570,8.646543002441668,0.032892426549635125,15161.5968026904,2961.4069344061113,0.1195487663336066,0.020368273329757238,8.617976149860372,8.617976149860372,8.673639227616462,13029.832376891613,13029.832376891613,19164.92048964406,0.108779945345712,0.108779945345712,0.1507293802870057
570,571,8.645092160466081,0.03239381670621026,15158.788236842587,2948.3849157397935,0.11992995961823362,0.020648132151963174,8.617976149860372,8.617976149860372,8.673639227616462,13029.832376891613,13029.832376891613,19164.92048964406,0.108779945345712,0.108779945345712,0.1507293802870057
571,572,8.645092160466081,0.03239381670621026,15158.788236842587,2948.3849157397935,0.11992995961823362,0.020648132151963174,8.617976149860372,8.617976149860372,8.673639227616462,13029.832376891613,13029.832376891613,19164.92048964406,0.108779945345712,0.108779945345712,0.1507293802870057
572,573,8.646385625009886,0.03284605874245243,15180.77366956641,2956.056511597387,0.11946315377736777,0.020361783455539986,8.617976149860372,8.617976149860372,8.673639227616462,13029.832376891613,13029.832376891613,19164.92048964406,0.108779945345712,0.108779945345712,0.1507293802870057
573,574,8.644773992909395,0.03222854226369576,15140.364609786984,2944.6747831295343,0.11994811510394025,0.02052021435525346,8.617976149860372,8.617976149860372,8.673639227616462,13029.832376891613,13029.832376891613,19164.92048964406,0.108779945345712,0.108779945345712,0.1507293802870057
574,575,8.646137942888302,0.032823410037925355,15165.16293897595,2949.2799005455495,0.11935128388424199,0.020309677658736813,8.617976149860372,8.617976149860372,8.673639227616462,13029.832376891613,13029.832376891613,19164.92048964406,0.108779945345712,0.108779945345712,0.1507293802870057
575,576,8.646132955932076,0.03281073106462318,15165.805093589113,2950.0652437486306,0.11930291528498388,0.020364910457166183,8.617976149860372,8.617976149860372,8.673639227616462,13029.832376891613,13029.832376891613,19164.92048964406,0.108779945345712,0.108779945345712,0.1507293802870057
576,577,8.646074531218419,0.03270952644548963,15166.51821242343,2950.945540734765,0.11933335671433837,0.020389097666524424,8.617976149860372,8.617976149860372,8.673639227616462,13029.832376891613,13029.832376891613,19164.92048964406,0.108779945345712,0.108779945345712,0.1507293802870057
577,578,8.645954275292517,0.032609174457342266,15164.450013659985,2952.647120885706,0.11941314333688513,0.020361007275868127,8.617976149860372,8.617976149860372,8.673639227616462,13029.832376891613,13029.832376891613,19164.92048964406,0.108779945345712,0.108779945345712,0.1507293802870057
578,579,8.644257602166045,0.032104637811252876,15099.661367381077,2932.0656001662264,0.11977854517504827,0.02036835665549753,8.617976149860372,8.617976149860372,8.673639227616462,13029.832376891613,13029.832376891613,19164.92048964406,0.108779945345712,0.108779945345712,0.1507293802870057
579,580,8.644187722870921,0.032085710662426076,15101.601612260738,2930.05263071054,0.1197474385721636,0.020361375754996025,8.617976149860372,8.617976149860372,8.673639227616462,13029.832376891613,13029.832376891613,19164.92048964406,0.108779945345712,0.108779945345712,0.1507293802870057
580,581,8.644184320246747,0.032081259721099396,15108.822656385013,2929.054095027365,0.11971319638963746,0.020356270852874003,8.617976149860372,8.617976149860372,8.673639227616462,13029.832376891613,13029.832376891613,19164.92048964406,0.108779945345712,0.108779945345712,0.1507293802870057
581,582,8.644145674905023,0.03200937190047709,15114.637252276718,2929.6329133863555,0.11974396689652753,0.020311676002095998,8.617976149860372,8.617976149860372,8.673639227616462,13029.832376891613,13029.832376891613,19164.92048964406,0.108779945345712,0.108779945345712,0.1507293802870057
582,583,8.644145674905023,0.03200937190047709,15114.637252276718,2929.6329133863555,0.11974396689652753,0.020311676002095998,8.617976149860372,8.617976149860372,8.673639227616462,13029.832376891613,13029.832376891613,19164.92048964406,0.108779945345712,0.108779945345712,0.1507293802870057
583,584,8.644131458687657,0.03199310883633487,15122.712585269132,2929.656560924164,0.11975480972858414,0.020325315168707798,8.617976149860372,8.617976149860372,8.673639227616462,13029.832376891613,13029.832376891613,19164.92048964406,0.108779945345712,0.108779945345712,0.1507293802870057
584,585,8.645264791971343,0.032400027138004286,15094.503475590633,2940.482029134834,0.11935284946779064,0.02015871069785539,8.617976149860372,8.617976149860372,8.673639227616462,13029.832376891613,13029.832376891613,19093.95626849517,0.108779945345712,0.108779945345712,0.1398865482303856
585,586,8.644131458687657,0.03199310883633487,15122.712585269132,2929.656560924164,0.11975480972858414,0.020325315168707798,8.617976149860372,8.617976149860372,8.673639227616462,13029.832376891613,13029.832376891613,19164.92048964406,0.108779945345712,0.108779945345712,0.1507293802870057
586,587,8.645076175551692,0.032374120537057585,15077.806788988648,2936.271296966376,0.11931717119213228,0.02013324045514679,8.617976149860372,8.617976149860372,8.673639227616462,13029.832376891613,13029.832376891613,19093.95626849517,0.108779945345712,0.108779945345712,0.1398865482303856
587,588,8.64411724247029,0.03197683118075355,15130.787918261545,2929.6579494421353,0.11976565256064076,0.020338939408594294,8.617976149860372,8.617976149860372,8.673639227616462,13029.832376891613,13029.832376891613,19164.92048964406,0.108779945345712,0.108779945345712,0.1507293802870057
588,589,8.644061579392535,0.03197383998052243,15124.652830148792,2927.6266582347325,0.11972370312569945,0.02031828314202944,8.617976149860372,8.617976149860372,8.673639227616462,13029.832376891613,13029.832376891613,19164.92048964406,0.108779945345712,0.108779945345712,0.1507293802870057
589,590,8.643932634395483,0.031946698191482534,15127.679031039977,2922.503794898206,0.11961640490534735,0.020285079336321215,8.617976149860372,8.617976149860372,8.673639227616462,13029.832376891613,13029.832376891613,19164.92048964406,0.108779945345712,0.108779945345712,0.1507293802870057
590,591,8.643876971317727,0.03194338248163571,15121.543942927225,2920.460996808126,0.11957445547040607,0.020264059206991127,8.617976149860372,8.617976149860372,8.673639227616462,13029.832376891613,13029.832376891613,19164.92048964406,0.108779945345712,0.108779945345712,0.1507293802870057
591,592,8.643876971317727,0.03194338248163571,15121.543942927225,2920.460996808126,0.11957445547040607,0.020264059206991127,8.617976149860372,8.617976149860372,8.673639227616462,13029.832376891613,13029.832376891613,19164.92048964406,0.108779945345712,0.108779945345712,0.1507293802870057
592,593,8.643872992495217,0.031933265153919484,15114.946022388533,2918.9316770035803,0.11957740997754583,0.020257325125468705,8.617976149860372,8.617976149860372,8.673639227616462,13029.832376891613,13029.832376891613,19164.92048964406,0.108779945345712,0.108779945345712,0.1507293802870057
593,594,8.643747450122339,0.0319098491149675,15110.751179155439,2914.8300347864165,0.11950435393971988,0.0202287950256188,8.617976149860372,8.617976149860372,8.673639227616462,13029.832376891613,13029.832376891613,19164.92048964406,0.108779945345712,0.108779945345712,0.1507293802870057
594,595,8.643691787044583,0.03190620650778151,15104.616091042686,2912.746200177821,0.11946240450477859,0.020207483740008563,8.617976149860372,8.617976149860372,8.673639227616462,13029.832376891613,13029.832376891613,19164.92048964406,0.108779945345712,0.108779945345712,0.1507293802870057
595,596,8.644701749265524,0.032260135195056605,15096.437635247492,2927.4281372240143,0.11921756602434833,0.020128102945833764,8.617976149860372,8.617976149860372,8.673639227616462,13029.832376891613,13029.832376891613,19111.69732378239,0.108779945345712,0.108779945345712,0.14259725624454062
596,597,8.643558833702688,0.03187456668522113,15094.054492553456,2910.675396372038,0.11946867566406155,0.02020368068570813,8.617976149860372,8.617976149860372,8.673639227616462,13029.832376891613,13029.832376891613,19164.92048964406,0.108779945345712,0.108779945345712,0.1507293802870057
597,598,8.64350317062493,0.031870590622185675,15087.919404440703,2908.553366661146,0.11942672622912025,0.020182268722749166,8.617976149860372,8.617976149860372,8.673639227616462,13029.832376891613,13029.832376891613,19164.92048964406,0.108779945345712,0.108779945345712,0.1507293802870057
598,599,8.643408862205447,0.03179324787592692,15087.598912219655,2907.054244663492,0.11941554730106901,0.020116220795360237,8.617976149860372,8.617976149860372,8.673639227616462,13029.832376891613,13029.832376891613,19164.92048964406,0.108779945345712,0.108779945345712,0.1507293802870057
599,600,8.643408862205447,0.03179324787592692,15087.598912219655,2907.054244663492,0.11941554730106901,0.020116220795360237,8.617976149860372,8.617976149860372,8.673639227616462,13029.832376891613,13029.832376891613,19164.92048964406,0.108779945345712,0.108779945345712,0.1507293802870057
600,601,8.643167384226704,0.03166515873341339,15084.792154501787,2903.5446402666025,0.11942148236435733,0.020060134162429785,8.617976149860372,8.617976149860372,8.673639227616462,13029.832376891613,13029.832376891613,19164.92048964406,0.108779945345712,0.108779945345712,0.1507293802870057
601,602,8.643097504931582,0.03164356127257487,15086.732399381446,2901.52182705987,0.11939037576147267,0.020052492074132774,8.617976149860372,8.617976149860372,8.673639227616462,13029.832376891613,13029.832376891613,19164.92048964406,0.108779945345712,0.108779945345712,0.1507293802870057
602,603,8.643097504931582,0.03164356127257487,15086.732399381446,2901.52182705987,0.11939037576147267,0.020052492074132774,8.617976149860372,8.617976149860372,8.673639227616462,13029.832376891613,13029.832376891613,19164.92048964406,0.108779945345712,0.108779945345712,0.1507293802870057
603,604,8.643062262214029,0.03157399081431875,15085.325951148874,2903.1177022200172,0.11945538845088888,0.02001341011767185,8.617976149860372,8.617976149860372,8.673639227616462,13029.832376891613,13029.832376891613,19164.92048964406,0.108779945345712,0.108779945345712,0.1507293802870057
604,605,8.642884459387568,0.03154663438830548,15067.77497567875,2897.7181950356076,0.11937462516064778,0.019968101752683345,8.617976149860372,8.617976149860372,8.673639227616462,13029.832376891613,13029.832376891613,19164.92048964406,0.108779945345712,0.108779945345712,0.1507293802870057
605,606,8.642884459387568,0.03154663438830548,15067.77497567875,2897.7181950356076,0.11937462516064778,0.019968101752683345,8.617976149860372,8.617976149860372,8.673639227616462,13029.832376891613,13029.832376891613,19164.92048964406,0.108779945345712,0.108779945345712,0.1507293802870057
606,607,8.642817982716622,0.03152900596742462,15062.494176434135,2896.6152560894766,0.11937776074028926,0.019966191549449206,8.617976149860372,8.617976149860372,8.673639227616462,13029.832376891613,13029.832376891613,19164.92048964406,0.108779945345712,0.108779945345712,0.1507293802870057
607,608,8.641273514020318,0.031291860398579244,14877.627248615741,2827.414577584874,0.11795623642166402,0.019117013513907162,8.617976149860372,8.617976149860372,8.673639227616462,13029.832376891613,13029.832376891613,18310.631621508783,0.108779945345712,0.108779945345712,0.1398865482303856
608,609,8.642640179890162,0.03150023167232996,15044.943200964013,2891.0650021871834,0.11929699745004815,0.019920461066904014,8.617976149860372,8.617976149860372,8.673639227616462,13029.832376891613,13029.832376891613,19164.92048964406,0.108779945345712,0.108779945345712,0.1507293802870057
609,610,8.642629366296969,0.03148772971327106,15045.797489832148,2892.155875650769,0.11934208246463092,0.019940519973077962,8.617976149860372,8.617976149860372,8.673639227616462,13029.832376891613,13029.832376891613,19164.92048964406,0.108779945345712,0.108779945345712,0.1507293802870057
610,611,8.642573703219213,0.03148206145885942,15039.662401719395,2889.917803468487,0.11930013302968963,0.01991855851505218,8.617976149860372,8.617976149860372,8.673639227616462,13029.832376891613,13029.832376891613,19164.92048964406,0.108779945345712,0.108779945345712,0.1507293802870057
611,612,8.642448160846335,0.03145312399637492,15035.467558486303,2885.665486765353,0.11922707699186365,0.019888523996433975,8.617976149860372,8.617976149860372,8.673639227616462,13029.832376891613,13029.832376891613,19164.92048964406,0.108779945345712,0.108779945345712,0.1507293802870057
612,613,8.64049841596597,0.030701098794624918,14850.320723296552,2814.841638398045,0.11797335749661779,0.018783835035536198,8.617976149860372,8.617976149860372,8.673639227616462,13029.832376891613,13029.832376891613,18310.631621508783,0.108779945345712,0.108779945345712,0.108779945345712
613,614,8.642381684175387,0.03143452048062279,15030.186759241686,2884.4987931198716,0.11923021257150514,0.019886629413718646,8.617976149860372,8.617976149860372,8.673639227616462,13029.832376891613,13029.832376891613,19164.92048964406,0.108779945345712,0.108779945345712,0.1507293802870057
614,615,8.642321034141405,0.031414556852750984,15024.693825742099,2883.0565870187907,0.11913989453730575,0.01992044380424246,8.617976149860372,8.617976149860372,8.673639227616462,13029.832376891613,13029.832376891613,19164.92048964406,0.108779945345712,0.108779945345712,0.1507293802870057
615,616,8.642321034141405,0.031414556852750984,15024.693825742099,2883.0565870187907,0.11913989453730575,0.01992044380424246,8.617976149860372,8.617976149860372,8.673639227616462,13029.832376891613,13029.832376891613,19164.92048964406,0.108779945345712,0.108779945345712,0.1507293802870057
616,617,8.642251154846283,0.03139090298094152,15026.634070621758,2881.0598622357143,0.11910878793442108,0.019912308219918417,8.617976149860372,8.617976149860372,8.673639227616462,13029.832376891613,13029.832376891613,19164.92048964406,0.108779945345712,0.108779945345712,0.1507293802870057
617,618,8.642139487193244,0.03137716363155027,15017.505530656275,2879.2069081582144,0.11902273007883118,0.01987222585331262,8.617976149860372,8.617976149860372,8.673639227616462,13029.832376891613,13029.832376891613,19164.92048964406,0.108779945345712,0.108779945345712,0.1507293802870057
618,619,8.64019789677316,0.03049522950974362,14823.590597965986,2804.278577780847,0.11790429746029865,0.01858837244820407,8.617976149860372,8.617976149860372,8.673639227616462,13029.832376891613,13029.832376891613,18310.631621508783,0.108779945345712,0.108779945345712,0.108779945345712
619,620,8.640131420102211,0.030471132427899936,14818.30979872137,2802.6788200604988,0.11790743303994013,0.01858656849222417,8.617976149860372,8.617976149860372,8.673639227616462,13029.832376891613,13029.832376891613,18310.631621508783,0.108779945345712,0.108779945345712,0.108779945345712
620,621,8.642069607898124,0.03135307692268341,15019.445775535938,2877.212359198516,0.11899162347594652,0.019863887043465367,8.617976149860372,8.617976149860372,8.673639227616462,13029.832376891613,13029.832376891613,19164.92048964406,0.108779945345712,0.108779945345712,0.1507293802870057
621,622,8.640064943431263,0.030446871132018327,14813.028999476754,2801.068192913112,0.1179105686195816,0.018584763832112824,8.617976149860372,8.617976149860372,8.673639227616462,13029.832376891613,13029.832376891613,18310.631621508783,0.108779945345712,0.108779945345712,0.108779945345712
622,623,8.642013944820366,0.031346390349967446,15013.310687423185,2874.9064196055656,0.11894967404100522,0.019841099815365502,8.617976149860372,8.617976149860372,8.673639227616462,13029.832376891613,13029.832376891613,19164.92048964406,0.108779945345712,0.108779945345712,0.1507293802870057
623,624,8.642009965997856,0.03133584372075302,15006.712766884493,2873.1043130711055,0.11895262854814499,0.019834315199174096,8.617976149860372,8.617976149860372,8.673639227616462,13029.832376891613,13029.832376891613,19164.92048964406,0.108779945345712,0.108779945345712,0.1507293802870057
624,625,8.641943489326907,0.031316240370410156,15001.431967639877,2871.8796428864357,0.11895576412778647,0.01983245882920077,8.617976149860372,8.617976149860372,8.673639227616462,13029.832376891613,13029.832376891613,19164.92048964406,0.108779945345712,0.108779945345712,0.1507293802870057
625,626,8.639872924387435,0.03038185949815571,14803.553356999044,2794.7086438248048,0.11784064816139711,0.018545300883403528,8.617976149860372,8.617976149860372,8.673639227616462,13029.832376891613,13029.832376891613,18310.631621508783,0.108779945345712,0.108779945345712,0.108779945345712
626,627,8.63976382355225,0.030264176911206506,14797.48923310744,2791.970300566036,0.1178775087550684,0.018490542366763382,8.617976149860372,8.617976149860372,8.673639227616462,13029.832376891613,13029.832376891613,18310.631621508783,0.108779945345712,0.108779945345712,0.108779945345712
627,628,8.639638281179375,0.03022240396829731,14793.294389874347,2787.2041175687555,0.11780445271724244,0.018452552882205927,8.617976149860372,8.617976149860372,8.673639227616462,13029.832376891613,13029.832376891613,18310.631621508783,0.108779945345712,0.108779945345712,0.108779945345712
628,629,8.639638281179375,0.03022240396829731,14793.294389874347,2787.2041175687555,0.11780445271724244,0.018452552882205927,8.617976149860372,8.617976149860372,8.673639227616462,13029.832376891613,13029.832376891613,18310.631621508783,0.108779945345712,0.108779945345712,0.108779945345712
629,630,8.639568401884251,0.030191607634492832,14795.234634754006,2785.2998728981865,0.11777334611435777,0.018441517373603243,8.617976149860372,8.617976149860372,8.673639227616462,13029.832376891613,13029.832376891613,18310.631621508783,0.108779945345712,0.108779945345712,0.108779945345712
630,631,8.64153782405287,0.03118565308588333,14984.189260420724,2862.9198972784266,0.118906093240583,0.019808086000014265,8.617976149860372,8.617976149860372,8.673639227616462,13029.832376891613,13029.832376891613,19164.92048964406,0.108779945345712,0.108779945345712,0.1507293802870057
631,632,8.641426497897358,0.031170208046148187,14971.919084195219,2858.1185726702274,0.11882219437070042,0.019761904425158346,8.617976149860372,8.617976149860372,8.673639227616462,13029.832376891613,13029.832376891613,19093.95626849517,0.108779945345712,0.108779945345712,0.1398865482303856
632,633,8.63942123232499,0.03012049010028678,14792.748369257184,2782.9424702153465,0.11779046010569735,0.018454102926340483,8.617976149860372,8.617976149860372,8.673639227616462,13029.832376891613,13029.832376891613,18310.631621508783,0.108779945345712,0.108779945345712,0.108779945345712
633,634,8.63930990616948,0.03009667043194081,14780.47819303168,2777.157216074629,0.11770656123581477,0.018399437752895043,8.617976149860372,8.617976149860372,8.673639227616462,13029.832376891613,13029.832376891613,18310.631621508783,0.108779945345712,0.108779945345712,0.108779945345712
634,635,8.639254243091722,0.030084599042664292,14774.343104918928,2774.2397138694555,0.11766461180087347,0.01837190049398072,8.617976149860372,8.617976149860372,8.673639227616462,13029.832376891613,13029.832376891613,18310.631621508783,0.108779945345712,0.108779945345712,0.108779945345712
635,636,8.641309644595628,0.031051800116865414,14962.629841307496,2860.4065719297723,0.1189362231757733,0.019741660597524077,8.617976149860372,8.617976149860372,8.673639227616462,13029.832376891613,13029.832376891613,19111.69732378239,0.108779945345712,0.108779945345712,0.14259725624454062
636,637,8.63897815302327,0.029925876551098223,14749.873716689066,2762.515147935703,0.1175756240897209,0.018233543061372072,8.617976149860372,8.617976149860372,8.673639227616462,13029.832376891613,13029.832376891613,18310.631621508783,0.108779945345712,0.108779945345712,0.108779945345712
637,638,8.638904871103977,0.029887853173496223,14759.035005693002,2760.47969780773,0.1175102753043101,0.018212138433648117,8.617976149860372,8.617976149860372,8.673639227616462,13029.832376891613,13029.832376891613,18310.631621508783,0.108779945345712,0.108779945345712,0.108779945345712
638,639,8.638904871103977,0.029887853173496223,14759.035005693002,2760.47969780773,0.1175102753043101,0.018212138433648117,8.617976149860372,8.617976149860372,8.673639227616462,13029.832376891613,13029.832376891613,18310.631621508783,0.108779945345712,0.108779945345712,0.108779945345712
639,640,8.638782731355272,0.029847341266909976,14747.619118335635,2755.7344678993004,0.11747146144901027,0.018182095819428607,8.617976149860372,8.617976149860372,8.673639227616462,13029.832376891613,13029.832376891613,18310.631621508783,0.108779945345712,0.108779945345712,0.108779945345712
640,641,8.638782731355272,0.029847341266909976,14747.619118335635,2755.7344678993004,0.11747146144901027,0.018182095819428607,8.617976149860372,8.617976149860372,8.673639227616462,13029.832376891613,13029.832376891613,18310.631621508783,0.108779945345712,0.108779945345712,0.108779945345712
641,642,8.638660591606568,0.029806273800156227,14736.203230978264,2750.9336793458897,0.11743264759371046,0.018151920488385716,8.617976149860372,8.617976149860372,8.673639227616462,13029.832376891613,13029.832376891613,18310.631621508783,0.108779945345712,0.108779945345712,0.108779945345712
642,643,8.638660591606568,0.029806273800156227,14736.203230978264,2750.9336793458897,0.11743264759371046,0.018151920488385716,8.617976149860372,8.617976149860372,8.673639227616462,13029.832376891613,13029.832376891613,18310.631621508783,0.108779945345712,0.108779945345712,0.108779945345712
643,644,8.640511612149748,0.030655052073001666,14925.447467633732,2844.8563116837267,0.11887439669282429,0.019573641951424525,8.617976149860372,8.617976149860372,8.673639227616462,13029.832376891613,13029.832376891613,19093.95626849517,0.108779945345712,0.108779945345712,0.1398865482303856
644,645,8.638510019423132,0.029724287840967343,14740.938009605721,2748.395619017243,0.11741551940252389,0.018154972213271732,8.617976149860372,8.617976149860372,8.673639227616462,13029.832376891613,13029.832376891613,18310.631621508783,0.108779945345712,0.108779945345712,0.108779945345712
645,646,8.63843272915899,0.0296809961580965,14736.51149922924,2747.8487882602512,0.11746373999674813,0.018179877809999318,8.617976149860372,8.617976149860372,8.673639227616462,13029.832376891613,13029.832376891613,18310.631621508783,0.108779945345712,0.108779945345712,0.108779945345712
646,647,8.638285559599728,0.02960300681272698,14734.025233732416,2745.406048491466,0.11748085398808769,0.018192935611230927,8.617976149860372,8.617976149860372,8.673639227616462,13029.832376891613,13029.832376891613,18310.631621508783,0.108779945345712,0.108779945345712,0.108779945345712
647,648,8.638163419851024,0.029559545677061445,14722.609346375048,2740.5305415510406,0.11744204013278786,0.0181627983610867,8.617976149860372,8.617976149860372,8.673639227616462,13029.832376891613,13029.832376891613,18310.631621508783,0.108779945345712,0.108779945345712,0.108779945345712
648,649,8.63804128010232,0.02951551511794732,14711.193459017677,2735.598706368725,0.11740322627748803,0.01813252793809695,8.617976149860372,8.617976149860372,8.673639227616462,13029.832376891613,13029.832376891613,18310.631621508783,0.108779945345712,0.108779945345712,0.108779945345712
649,650,8.637985617024563,0.029500812359729255,14705.058370904924,2732.481277814222,0.11736127684254674,0.01810388185179457,8.617976149860372,8.617976149860372,8.673639227616462,13029.832376891613,13029.832376891613,18310.631621508783,0.108779945345712,0.108779945345712,0.108779945345712
650,651,8.637946971682837,0.029414477592604155,14710.872966796629,2733.9605888740302,0.1173920473494368,0.0180577323215167,8.617976149860372,8.617976149860372,8.673639227616462,13029.832376891613,13029.832376891613,18310.631621508783,0.108779945345712,0.108779945345712,0.108779945345712
651,652,8.637877092387717,0.029378811870923626,14712.813211676288,2732.077767190947,0.11736094074655214,0.018045744504060927,8.617976149860372,8.617976149860372,8.673639227616462,13029.832376891613,13029.832376891613,18310.631621508783,0.108779945345712,0.108779945345712,0.108779945345712
652,653,8.637877092387717,0.029378811870923626,14712.813211676288,2732.077767190947,0.11736094074655214,0.018045744504060927,8.617976149860372,8.617976149860372,8.673639227616462,13029.832376891613,13029.832376891613,18310.631621508783,0.108779945345712,0.108779945345712,0.108779945345712
653,654,8.639444432006151,0.030144489898932297,14787.568607518582,2803.240892326184,0.11838467349436929,0.018743502680307486,8.617976149860372,8.617976149860372,8.673639227616462,13029.832376891613,13029.832376891613,18310.631621508783,0.108779945345712,0.108779945345712,0.1398865482303856
654,655,8.63782142930996,0.0293637294253685,14706.678123563535,2728.9599579232804,0.11731899131161085,0.01801686198191732,8.617976149860372,8.617976149860372,8.673639227616462,13029.832376891613,13029.832376891613,18310.631621508783,0.108779945345712,0.108779945345712,0.108779945345712
655,656,8.637810615716768,0.029348541988229438,14707.532412431672,2730.2214500509895,0.11736407632619361,0.018043980720044366,8.617976149860372,8.617976149860372,8.673639227616462,13029.832376891613,13029.832376891613,18310.631621508783,0.108779945345712,0.108779945345712,0.108779945345712
656,657,8.637810615716768,0.029348541988229438,14707.532412431672,2730.2214500509895,0.11736407632619361,0.018043980720044366,8.617976149860372,8.617976149860372,8.673639227616462,13029.832376891613,13029.832376891613,18310.631621508783,0.108779945345712,0.108779945345712,0.108779945345712
657,658,8.637799802123574,0.02933334270136776,14708.386701299807,2731.4820923940683,0.11740916134077638,0.01807094628009635,8.617976149860372,8.617976149860372,8.673639227616462,13029.832376891613,13029.832376891613,18310.631621508783,0.108779945345712,0.108779945345712,0.108779945345712
658,659,8.637744139045818,0.029318090122432063,14702.251613187056,2728.3536488103337,0.11736721190583509,0.01804221621866618,8.617976149860372,8.617976149860372,8.673639227616462,13029.832376891613,13029.832376891613,18310.631621508783,0.108779945345712,0.108779945345712,0.108779945345712
659,660,8.637642419657316,0.029205735184965657,14695.564365709868,2727.971672691257,0.11743536017489276,0.0180042959698501,8.617976149860372,8.617976149860372,8.673639227616462,13029.832376891613,13029.832376891613,18310.631621508783,0.108779945345712,0.108779945345712,0.108779945345712
660,661,8.639174546080536,0.0299023978844241,14775.903192161315,2797.201283666839,0.11841349073963081,0.01861441424052963,8.617976149860372,8.617976149860372,8.673639227616462,13029.832376891613,13029.832376891613,18310.631621508783,0.108779945345712,0.108779945345712,0.1398865482303856
661,662,8.637520279908612,0.029158988152409665,14684.148478352497,2722.903706562614,0.11739654631959293,0.017973744182570726,8.617976149860372,8.617976149860372,8.673639227616462,13029.832376891613,13029.832376891613,18310.631621508783,0.108779945345712,0.108779945345712,0.108779945345712
662,663,8.637352113371499,0.02900562546921969,14679.170310472418,2716.681822621396,0.11735721529579678,0.01787891174389322,8.617976149860372,8.617976149860372,8.673639227616462,13029.832376891613,13029.832376891613,18310.631621508783,0.108779945345712,0.108779945345712,0.108779945345712
663,664,8.637352113371499,0.02900562546921969,14679.170310472418,2716.681822621396,0.11735721529579678,0.01787891174389322,8.617976149860372,8.617976149860372,8.673639227616462,13029.832376891613,13029.832376891613,18310.631621508783,0.108779945345712,0.108779945345712,0.108779945345712
664,665,8.638937677552144,0.02983222264280529,14759.438172702714,2786.553361364876,0.11825653583192228,0.018526979276522373,8.617976149860372,8.617976149860372,8.673639227616462,13029.832376891613,13029.832376891613,18310.631621508783,0.108779945345712,0.108779945345712,0.12518760025699066
665,666,8.638937677552144,0.02983222264280529,14759.438172702714,2786.553361364876,0.11825653583192228,0.018526979276522373,8.617976149860372,8.617976149860372,8.673639227616462,13029.832376891613,13029.832376891613,18310.631621508783,0.108779945345712,0.108779945345712,0.12518760025699066
666,667,8.637079401439358,0.028865472845961127,14672.489201742505,2709.0683857316903,0.11730127324931038,0.01785096945536798,8.617976149860372,8.617976149860372,8.673639227616462,13029.832376891613,13029.832376891613,18310.631621508783,0.108779945345712,0.108779945345712,0.108779945345712
667,668,8.63695385906648,0.028809977485019834,14668.294358509413,2703.9621745225854,0.1172282172114844,0.01780925226909329,8.617976149860372,8.617976149860372,8.673639227616462,13029.832376891613,13029.832376891613,18310.631621508783,0.108779945345712,0.108779945345712,0.108779945345712
668,669,8.63695385906648,0.028809977485019834,14668.294358509413,2703.9621745225854,0.1172282172114844,0.01780925226909329,8.617976149860372,8.617976149860372,8.673639227616462,13029.832376891613,13029.832376891613,18310.631621508783,0.108779945345712,0.108779945345712,0.108779945345712
669,670,8.63695385906648,0.028809977485019834,14668.294358509413,2703.9621745225854,0.1172282172114844,0.01780925226909329,8.617976149860372,8.617976149860372,8.673639227616462,13029.832376891613,13029.832376891613,18310.631621508783,0.108779945345712,0.108779945345712,0.108779945345712
670,671,8.638392854374064,0.029555964342663325,14734.885596281634,2769.964571011845,0.11810865156714352,0.01837515103081483,8.617976149860372,8.617976149860372,8.673639227616462,13029.832376891613,13029.832376891613,18310.631621508783,0.108779945345712,0.108779945345712,0.108779945345712
671,672,8.636915213724754,0.02872017791677952,14674.108954401117,2705.536091962363,0.11725898771837444,0.01776256776202713,8.617976149860372,8.617976149860372,8.673639227616462,13029.832376891613,13029.832376891613,18310.631621508783,0.108779945345712,0.108779945345712,0.108779945345712
672,673,8.636750449811812,0.028566782291684446,14661.909742396761,2699.1631252184743,0.11725389887710445,0.017677008404934316,8.617976149860372,8.617976149860372,8.673639227616462,13029.832376891613,13029.832376891613,18310.631621508783,0.108779945345712,0.108779945345712,0.108779945345712
673,674,8.638263333178676,0.029495647062444858,14724.092832509848,2762.5168231315497,0.11803855003645733,0.018330649684468472,8.617976149860372,8.617976149860372,8.673639227616462,13029.832376891613,13029.832376891613,18310.631621508783,0.108779945345712,0.108779945345712,0.108779945345712
674,675,8.638193453883554,0.029460830008170007,14726.033077389511,2760.644186235152,0.11800744343357264,0.018319938235968444,8.617976149860372,8.617976149860372,8.673639227616462,13029.832376891613,13029.832376891613,18310.631621508783,0.108779945345712,0.108779945345712,0.108779945345712
675,676,8.63818264029036,0.029445829274851433,14726.887366257648,2761.8852199033627,0.11805252844815542,0.018344917109969654,8.617976149860372,8.617976149860372,8.673639227616462,13029.832376891613,13029.832376891613,18310.631621508783,0.108779945345712,0.108779945345712,0.108779945345712
676,677,8.638126977212606,0.029431359057579272,14720.752278144892,2758.8323954613757,0.11801057901321413,0.01831809018887774,8.617976149860372,8.617976149860372,8.673639227616462,13029.832376891613,13029.832376891613,18310.631621508783,0.108779945345712,0.108779945345712,0.108779945345712
677,678,8.638126977212606,0.029431359057579272,14720.752278144892,2758.8323954613757,0.11801057901321413,0.01831809018887774,8.617976149860372,8.617976149860372,8.673639227616462,13029.832376891613,13029.832376891613,18310.631621508783,0.108779945345712,0.108779945345712,0.108779945345712
678,679,8.636173185854153,0.028186710733679923,14639.920032580085,2685.0563498699066,0.117241269656074,0.01759421728940568,8.617976149860372,8.617976149860372,8.673639227616462,13029.832376891613,13029.832376891613,18310.631621508783,0.108779945345712,0.108779945345712,0.108779945345712
679,680,8.63808833187088,0.029345006116263776,14726.566874036598,2760.26452476954,0.11804134952010417,0.018271388232584805,8.617976149860372,8.617976149860372,8.673639227616462,13029.832376891613,13029.832376891613,18310.631621508783,0.108779945345712,0.108779945345712,0.108779945345712
680,681,8.635995383027693,0.028112525905259676,14622.369057109963,2676.2980645234193,0.11716050636583286,0.017532465487104187,8.617976149860372,8.617976149860372,8.673639227616462,13029.832376891613,13029.832376891613,18310.631621508783,0.108779945345712,0.108779945345712,0.108779945345712
681,682,8.637941162311618,0.029264389516727957,14724.080608539774,2757.82381683356,0.11805846351144375,0.018283840037173992,8.617976149860372,8.617976149860372,8.673639227616462,13029.832376891613,13029.832376891613,18310.631621508783,0.108779945345712,0.108779945345712,0.108779945345712
682,683,8.637829836156104,0.029234236777880986,14711.810432314269,2751.6795750798256,0.11797456464156116,0.018229897741824864,8.617976149860372,8.617976149860372,8.673639227616462,13029.832376891613,13029.832376891613,18310.631621508783,0.108779945345712,0.108779945345712,0.108779945345712
683,684,8.635772730716669,0.02803382017557251,14597.828704658954,2662.6255274664272,0.11699270862606768,0.01741070498290447,8.617976149860372,8.617976149860372,8.673639227616462,13029.832376891613,13029.832376891613,18310.631621508783,0.108779945345712,0.108779945345712,0.108779945345712
684,685,8.637652033329646,0.029172815513543584,14694.25945684415,2743.5939395965875,0.11789380135132006,0.018173565482275608,8.617976149860372,8.617976149860372,8.673639227616462,13029.832376891613,13029.832376891613,18310.631621508783,0.108779945345712,0.108779945345712,0.108779945345712
685,686,8.637641219736453,0.029157465810619156,14695.113745712286,2744.8525712719966,0.11793888636590283,0.01819902679404559,8.617976149860372,8.617976149860372,8.673639227616462,13029.832376891613,13029.832376891613,18310.631621508783,0.108779945345712,0.108779945345712,0.108779945345712
686,687,8.637616189925895,0.029121059471397943,14704.043367572833,2747.3664581721578,0.11799481421254221,0.018240587331824647,8.617976149860372,8.617976149860372,8.673639227616462,13029.832376891613,13029.832376891613,18310.631621508783,0.108779945345712,0.108779945345712,0.108779945345712
687,688,8.637607224147157,0.029093346563399913,14698.087601647308,2745.690548821311,0.11794940012042388,0.018291285413786787,8.617976149860372,8.617976149860372,8.673639227616462,13029.832376891613,13029.832376891613,18310.631621508783,0.108779945345712,0.108779945345712,0.108779945345712
688,689,8.637607224147157,0.029093346563399913,14698.087601647308,2745.690548821311,0.11794940012042388,0.018291285413786787,8.617976149860372,8.617976149860372,8.673639227616462,13029.832376891613,13029.832376891613,18310.631621508783,0.108779945345712,0.108779945345712,0.108779945345712
689,690,8.637551561069403,0.02907759944843292,14691.952513534556,2742.5552738324445,0.11790745068548258,0.018264142852448928,8.617976149860372,8.617976149860372,8.673639227616462,13029.832376891613,13029.832376891613,18310.631621508783,0.108779945345712,0.108779945345712,0.108779945345712
690,691,8.637551561069403,0.02907759944843292,14691.952513534556,2742.5552738324445,0.11790745068548258,0.018264142852448928,8.617976149860372,8.617976149860372,8.673639227616462,13029.832376891613,13029.832376891613,18310.631621508783,0.108779945345712,0.108779945345712,0.108779945345712
691,692,8.635347245768626,0.02783421395349029,14564.666998598366,2642.4182884804814,0.1168000754427008,0.01726943360676,8.617976149860372,8.617976149860372,8.673639227616462,13029.832376891613,13029.832376891613,18310.631621508783,0.108779945345712,0.108779945345712,0.108779945345712
692,693,8.637429421320698,0.029030263815048994,14680.536626177185,2737.499244426832,0.11786863683018277,0.01823503134109532,8.617976149860372,8.617976149860372,8.673639227616462,13029.832376891613,13029.832376891613,18310.631621508783,0.108779945345712,0.108779945345712,0.108779945345712
693,694,8.637429421320698,0.029030263815048994,14680.536626177185,2737.499244426832,0.11786863683018277,0.01823503134109532,8.617976149860372,8.617976149860372,8.673639227616462,13029.832376891613,13029.832376891613,18310.631621508783,0.108779945345712,0.108779945345712,0.108779945345712
694,695,8.637429421320698,0.029030263815048994,14680.536626177185,2737.499244426832,0.11786863683018277,0.01823503134109532,8.617976149860372,8.617976149860372,8.673639227616462,13029.832376891613,13029.832376891613,18310.631621508783,0.108779945345712,0.108779945345712,0.108779945345712
695,696,8.637318095165186,0.028997903080317734,14668.266449951678,2731.113657060109,0.11778473796030017,0.018180068225809563,8.617976149860372,8.617976149860372,8.673639227616462,13029.832376891613,13029.832376891613,18310.631621508783,0.108779945345712,0.108779945345712,0.108779945345712
696,697,8.637206769009675,0.028965078317067534,14655.996273726174,2724.6578478542583,0.11770083909041759,0.018124550072725037,8.617976149860372,8.617976149860372,8.673639227616462,13029.832376891613,13029.832376891613,18310.631621508783,0.108779945345712,0.108779945345712,0.108779945345712
697,698,8.637073815667776,0.028900403802148825,14645.434675236942,2720.7030230253654,0.11770711024970053,0.018120919502074506,8.617976149860372,8.617976149860372,8.673639227616462,13029.832376891613,13029.832376891613,18310.631621508783,0.108779945345712,0.108779945345712,0.108779945345712
698,699,8.636962489512266,0.028866526105352192,14633.164499011436,2714.1192346310686,0.11762321137981796,0.01806485904982126,8.617976149860372,8.617976149860372,8.673639227616462,13029.832376891613,13029.832376891613,18310.631621508783,0.108779945345712,0.108779945345712,0.108779945345712
699,700,8.636962489512266,0.028866526105352192,14633.164499011436,2714.1192346310686,0.11762321137981796,0.01806485904982126,8.617976149860372,8.617976149860372,8.673639227616462,13029.832376891613,13029.832376891613,18310.631621508783,0.108779945345712,0.108779945345712,0.108779945345712
700,701,8.636962489512266,0.028866526105352192,14633.164499011436,2714.1192346310686,0.11762321137981796,0.01806485904982126,8.617976149860372,8.617976149860372,8.673639227616462,13029.832376891613,13029.832376891613,18310.631621508783,0.108779945345712,0.108779945345712,0.108779945345712
701,702,8.636944870670726,0.02883914610072752,14648.460876128123,2715.723833806016,0.11759981202934842,0.01807171225391477,8.617976149860372,8.617976149860372,8.673639227616462,13029.832376891613,13029.832376891613,18310.631621508783,0.108779945345712,0.108779945345712,0.108779945345712
702,703,8.636885804968797,0.028816164115806297,14649.546832139651,2712.5858931692665,0.117523620411881,0.018033508656593627,8.617976149860372,8.617976149860372,8.673639227616462,13029.832376891613,13029.832376891613,18310.631621508783,0.108779945345712,0.108779945345712,0.108779945345712
703,704,8.634353943051908,0.026828218407949973,14595.11720929642,2658.2326818557785,0.11759790329574343,0.017681060732903018,8.617976149860372,8.617976149860372,8.673639227616462,13029.832376891613,13029.832376891613,18310.631621508783,0.108779945345712,0.108779945345712,0.108779945345712
704,705,8.634242616896396,0.02678041647332565,14582.847033070917,2651.260919417876,0.11751400442586087,0.017623081252999127,8.617976149860372,8.617976149860372,8.673639227616462,13029.832376891613,13029.832376891613,18310.631621508783,0.108779945345712,0.108779945345712,0.108779945345712
705,706,8.63651598309851,0.02865666428681755,14622.52021419182,2696.754799255151,0.1173729366634554,0.017931905604404882,8.617976149860372,8.617976149860372,8.673639227616462,13029.832376891613,13029.832376891613,18310.631621508783,0.108779945345712,0.108779945345712,0.108779945345712
706,707,8.63651598309851,0.02865666428681755,14622.52021419182,2696.754799255151,0.1173729366634554,0.017931905604404882,8.617976149860372,8.617976149860372,8.673639227616462,13029.832376891613,13029.832376891613,18310.631621508783,0.108779945345712,0.108779945345712,0.108779945345712
707,708,8.63651598309851,0.02865666428681755,14622.52021419182,2696.754799255151,0.1173729366634554,0.017931905604404882,8.617976149860372,8.617976149860372,8.673639227616462,13029.832376891613,13029.832376891613,18310.631621508783,0.108779945345712,0.108779945345712,0.108779945345712
708,709,8.636421674679028,0.02854754929439759,14622.19972197077,2695.0825271901263,0.11736175773540418,0.01785625068608014,8.617976149860372,8.617976149860372,8.673639227616462,13029.832376891613,13029.832376891613,18310.631621508783,0.108779945345712,0.108779945345712,0.108779945345712
709,710,8.636310348523518,0.02851070605021073,14609.929545745264,2688.3299490051736,0.1172778588655216,0.017797728733803683,8.617976149860372,8.617976149860372,8.673639227616462,13029.832376891613,13029.832376891613,18310.631621508783,0.108779945345712,0.108779945345712,0.108779945345712
710,711,8.636254685445762,0.028492103445157898,14603.794457632514,2684.9262634150737,0.1172359094305803,0.017768246919033618,8.617976149860372,8.617976149860372,8.673639227616462,13029.832376891613,13029.832376891613,18310.631621508783,0.108779945345712,0.108779945345712,0.108779945345712
711,712,8.636079684137965,0.02832372000815747,14606.268499159261,2682.7197645193028,0.11723870891422716,0.017707230235849507,8.617976149860372,8.617976149860372,8.673639227616462,13029.832376891613,13029.832376891613,18310.631621508783,0.108779945345712,0.108779945345712,0.108779945345712
712,713,8.633802915730989,0.02652173592330466,14557.760660002741,2632.537453987237,0.11733221407455059,0.017506607608956185,8.617976149860372,8.617976149860372,8.673639227616462,13029.832376891613,13029.832376891613,18310.631621508783,0.108779945345712,0.108779945345712,0.108779945345712
713,714,8.63593992554772,0.028240177048341055,14610.14898891858,2679.030885954523,0.11717649570845783,0.017682177022449633,8.617976149860372,8.617976149860372,8.673639227616462,13029.832376891613,13029.832376891613,18310.631621508783,0.108779945345712,0.108779945345712,0.108779945345712
714,715,8.63358248874029,0.026310291377809054,14539.426359885632,2621.8108399748407,0.11728517579833929,0.017389808848355604,8.617976149860372,8.617976149860372,8.673639227616462,13029.832376891613,13029.832376891613,18310.631621508783,0.108779945345712,0.108779945345712,0.108779945345712
715,716,8.635834227336709,0.028104356982225163,14596.8638209027,2675.4669959813696,0.11724759848465525,0.01763687551930484,8.617976149860372,8.617976149860372,8.673639227616462,13029.832376891613,13029.832376891613,18310.631621508783,0.108779945345712,0.108779945345712,0.108779945345712
716,717,8.635669463423769,0.027941207869723778,14584.664608898343,2668.6691474767076,0.11724250964338526,0.017550700123213383,8.617976149860372,8.617976149860372,8.673639227616462,13029.832376891613,13029.832376891613,18310.631621508783,0.108779945345712,0.108779945345712,0.108779945345712
717,718,8.633460348991587,0.026239498792456278,14528.010472528264,2615.855944245149,0.11724636194303949,0.017357839723985292,8.617976149860372,8.617976149860372,8.673639227616462,13029.832376891613,13029.832376891613,18310.631621508783,0.108779945345712,0.108779945345712,0.108779945345712
718,719,8.635543921050893,0.02787752434053946,14580.469765665252,2663.3471648611785,0.1171694536055593,0.017508022293515956,8.617976149860372,8.617976149860372,8.673639227616462,13029.832376891613,13029.832376891613,18310.631621508783,0.108779945345712,0.108779945345712,0.108779945345712
719,720,8.635488257973137,0.027856967515891225,14574.334677552499,2659.8435610273773,0.11712750417061801,0.017477791623804702,8.617976149860372,8.617976149860372,8.673639227616462,13029.832376891613,13029.832376891613,18310.631621508783,0.108779945345712,0.108779945345712,0.108779945345712
720,721,8.63329335975832,0.026160268841906514,14509.605208190005,2604.7253936999896,0.11712051363821561,0.01726645491018541,8.617976149860372,8.617976149860372,8.673639227616462,13029.832376891613,13029.832376891613,14350.032188045905,0.108779945345712,0.108779945345712,0.108779945345712
721,722,8.63329335975832,0.026160268841906514,14509.605208190005,2604.7253936999896,0.11712051363821561,0.01726645491018541,8.617976149860372,8.617976149860372,8.673639227616462,13029.832376891613,13029.832376891613,14350.032188045905,0.108779945345712,0.108779945345712,0.108779945345712
722,723,8.633115556931857,0.026060679849755786,14492.054232719884,2594.8147911186516,0.1170397503479745,0.017202959742105606,8.617976149860372,8.617976149860372,8.673639227616462,13029.832376891613,13029.832376891613,13029.832376891613,0.108779945345712,0.108779945345712,0.108779945345712
723,724,8.632899108763674,0.025853792454469386,14480.317853141467,2586.829118418014,0.11698975756462343,0.01709081779805894,8.617976149860372,8.617976149860372,8.673639227616462,13029.832376891613,13029.832376891613,13029.832376891613,0.108779945345712,0.108779945345712,0.108779945345712
724,725,8.632899108763674,0.025853792454469386,14480.317853141467,2586.829118418014,0.11698975756462343,0.01709081779805894,8.617976149860372,8.617976149860372,8.673639227616462,13029.832376891613,13029.832376891613,13029.832376891613,0.108779945345712,0.108779945345712,0.108779945345712
725,726,8.634935447208386,0.02733767095793616,14545.652083372197,2642.801072332426,0.11710946421216996,0.0172286681993934,8.617976149860372,8.617976149860372,8.673639227616462,13029.832376891613,13029.832376891613,18310.631621508783,0.108779945345712,0.108779945345712,0.108779945345712
726,727,8.63288829517048,0.025834481597343764,14481.172142009602,2588.234602269206,0.1170348425792062,0.01712027057534114,8.617976149860372,8.617976149860372,8.673639227616462,13029.832376891613,13029.832376891613,13029.832376891613,0.108779945345712,0.108779945345712,0.108779945345712
727,728,8.634879784130632,0.027315467965510296,14539.516995259442,2639.1892575919296,0.11706751477722867,0.01719780015866463,8.617976149860372,8.617976149860372,8.673639227616462,13029.832376891613,13029.832376891613,18310.631621508783,0.108779945345712,0.108779945345712,0.108779945345712
728,729,8.634868970537438,0.027297975780904767,14540.37128412758,2640.547719610597,0.11711259979181143,0.017226866531487375,8.617976149860372,8.617976149860372,8.673639227616462,13029.832376891613,13029.832376891613,18310.631621508783,0.108779945345712,0.108779945345712,0.108779945345712
729,730,8.632832632092725,0.02580657037670441,14475.037053896847,2584.3934695799176,0.1169928931442649,0.017089023561186658,8.617976149860372,8.617976149860372,8.673639227616462,13029.832376891613,13029.832376891613,13029.832376891613,0.108779945345712,0.108779945345712,0.108779945345712
730,731,8.634813307459682,0.027275604812965898,14534.236196014826,2636.9205321113877,0.11707065035687014,0.017196002905845414,8.617976149860372,8.617976149860372,8.673639227616462,13029.832376891613,13029.832376891613,18310.631621508783,0.108779945345712,0.108779945345712,0.108779945345712
731,732,8.632773566390796,0.025771462058283595,14476.123009908373,2581.1688346969436,0.11691670152679748,0.017045905452362585,8.617976149860372,8.617976149860372,8.673639227616462,13029.832376891613,13029.832376891613,13029.832376891613,0.108779945345712,0.108779945345712,0.108779945345712
732,733,8.632724107455877,0.025645219438213976,14482.791894668213,2584.65706726366,0.11699255704827032,0.017027414226838157,8.617976149860372,8.617976149860372,8.673639227616462,13029.832376891613,13029.832376891613,13029.832376891613,0.108779945345712,0.108779945345712,0.108779945345712
733,734,8.632601967707174,0.02556848567239575,14471.37600731084,2578.3656316430665,0.11695374319297049,0.01699409509299918,8.617976149860372,8.617976149860372,8.631891919299395,13029.832376891613,13029.832376891613,13029.832376891613,0.108779945345712,0.108779945345712,0.108779945345712
734,735,8.632601967707174,0.02556848567239575,14471.37600731084,2578.3656316430665,0.11695374319297049,0.01699409509299918,8.617976149860372,8.617976149860372,8.631891919299395,13029.832376891613,13029.832376891613,13029.832376891613,0.108779945345712,0.108779945345712,0.108779945345712
735,736,8.632601967707174,0.02556848567239575,14471.37600731084,2578.3656316430665,0.11695374319297049,0.01699409509299918,8.617976149860372,8.617976149860372,8.631891919299395,13029.832376891613,13029.832376891613,13029.832376891613,0.108779945345712,0.108779945345712,0.108779945345712
736,737,8.632601967707174,0.02556848567239575,14471.37600731084,2578.3656316430665,0.11695374319297049,0.01699409509299918,8.617976149860372,8.617976149860372,8.631891919299395,13029.832376891613,13029.832376891613,13029.832376891613,0.108779945345712,0.108779945345712,0.108779945345712
737,738,8.632601967707174,0.02556848567239575,14471.37600731084,2578.3656316430665,0.11695374319297049,0.01699409509299918,8.617976149860372,8.617976149860372,8.631891919299395,13029.832376891613,13029.832376891613,13029.832376891613,0.108779945345712,0.108779945345712,0.108779945345712
738,739,8.632546304629416,0.025539659728510536,14465.24091919809,2574.486430215308,0.11691179375802921,0.016962415087037185,8.617976149860372,8.617976149860372,8.617976149860372,13029.832376891613,13029.832376891613,13029.832376891613,0.108779945345712,0.108779945345712,0.108779945345712
739,740,8.63422083327837,0.02698423049785961,14482.669225615984,2604.3871563337398,0.11675216886867934,0.016958077353110373,8.617976149860372,8.617976149860372,8.673639227616462,13029.832376891613,13029.832376891613,18310.631621508783,0.108779945345712,0.108779945345712,0.108779945345712
740,741,8.632434978473906,0.02548154523799418,14452.970742972584,2566.6664452895066,0.11682789488814661,0.01689856450011335,8.617976149860372,8.617976149860372,8.617976149860372,13029.832376891613,13029.832376891613,13029.832376891613,0.108779945345712,0.108779945345712,0.108779945345712
741,742,8.632267989240638,0.025393209033998176,14434.565478634328,2554.781095280233,0.11670204658332273,0.01680154816400648,8.617976149860372,8.617976149860372,8.617976149860372,13029.832376891613,13029.832376891613,13029.832376891613,0.108779945345712,0.108779945345712,0.108779945345712
742,743,8.632190698976498,0.02532347555146073,14430.138968257846,2553.6618035551605,0.11675026717754697,0.016830501180769272,8.617976149860372,8.617976149860372,8.617976149860372,13029.832376891613,13029.832376891613,13029.832376891613,0.108779945345712,0.108779945345712,0.108779945345712
743,744,8.632179885383307,0.02530345723848109,14430.993257125981,2555.1023090965355,0.11679535219212972,0.016861049090062773,8.617976149860372,8.617976149860372,8.617976149860372,13029.832376891613,13029.832376891613,13029.832376891613,0.108779945345712,0.108779945345712,0.108779945345712
744,745,8.632179885383307,0.02530345723848109,14430.993257125981,2555.1023090965355,0.11679535219212972,0.016861049090062773,8.617976149860372,8.617976149860372,8.617976149860372,13029.832376891613,13029.832376891613,13029.832376891613,0.108779945345712,0.108779945345712,0.108779945345712
745,746,8.632124222305551,0.025273399432719997,14424.858169013229,2551.0906207764983,0.11675340275718844,0.016828723812178526,8.617976149860372,8.617976149860372,8.617976149860372,13029.832376891613,13029.832376891613,13029.832376891613,0.108779945345712,0.108779945345712,0.108779945345712
746,747,8.632113408712357,0.02525331295883117,14425.712457881365,2552.5343447412606,0.1167984877717712,0.016859266556790292,8.617976149860372,8.617976149860372,8.617976149860372,13029.832376891613,13029.832376891613,13029.832376891613,0.108779945345712,0.108779945345712,0.108779945345712
747,748,8.632113408712357,0.02525331295883117,14425.712457881365,2552.5343447412606,0.1167984877717712,0.016859266556790292,8.617976149860372,8.617976149860372,8.617976149860372,13029.832376891613,13029.832376891613,13029.832376891613,0.108779945345712,0.108779945345712,0.108779945345712
748,749,8.631991268963652,0.025172421690411378,14414.296570523997,2545.907604632246,0.11675967391647138,0.016825166758663752,8.617976149860372,8.617976149860372,8.617976149860372,13029.832376891613,13029.832376891613,13029.832376891613,0.108779945345712,0.108779945345712,0.108779945345712
749,750,8.631991268963652,0.025172421690411378,14414.296570523997,2545.907604632246,0.11675967391647138,0.016825166758663752,8.617976149860372,8.617976149860372,8.617976149860372,13029.832376891613,13029.832376891613,13029.832376891613,0.108779945345712,0.108779945345712,0.108779945345712
750,751,8.631924792292706,0.025121516748667725,14409.015771279379,2543.295688424285,0.11676280949611287,0.016823387073249967,8.617976149860372,8.617976149860372,8.617976149860372,13029.832376891613,13029.832376891613,13029.832376891613,0.108779945345712,0.108779945345712,0.108779945345712
751,752,8.633114775326163,0.02638076749797266,14426.367530114172,2552.3088911888926,0.11622254841557349,0.01666581013691596,8.617976149860372,8.617976149860372,8.673639227616462,13029.832376891613,13029.832376891613,13029.832376891613,0.108779945345712,0.108779945345712,0.108779945345712
752,753,8.631746989466246,0.025008064734742222,14391.464795809257,2532.4477283649067,0.11668204620587175,0.016756489268714266,8.617976149860372,8.617976149860372,8.617976149860372,13029.832376891613,13029.832376891613,13029.832376891613,0.108779945345712,0.108779945345712,0.108779945345712
753,754,8.631680512795299,0.024956173865302748,14386.183996564641,2529.774255599993,0.11668518178551322,0.0167547168161036,8.617976149860372,8.617976149860372,8.617976149860372,13029.832376891613,13029.832376891613,13029.832376891613,0.108779945345712,0.108779945345712,0.108779945345712
754,755,8.633023268844658,0.026290348610306713,14430.016352730105,2553.393100331181,0.11628161184185434,0.016715226396231818,8.617976149860372,8.617976149860372,8.673639227616462,13029.832376891613,13029.832376891613,13029.832376891613,0.108779945345712,0.108779945345712,0.108779945345712
755,756,8.631680512795299,0.024956173865302748,14386.183996564641,2529.774255599993,0.11668518178551322,0.0167547168161036,8.617976149860372,8.617976149860372,8.617976149860372,13029.832376891613,13029.832376891613,13029.832376891613,0.108779945345712,0.108779945345712,0.108779945345712
756,757,8.631680512795299,0.024956173865302748,14386.183996564641,2529.774255599993,0.11668518178551322,0.0167547168161036,8.617976149860372,8.617976149860372,8.617976149860372,13029.832376891613,13029.832376891613,13029.832376891613,0.108779945345712,0.108779945345712,0.108779945345712
757,758,8.631481082782456,0.02479878063285255,14370.341598830792,2521.6704789476985,0.11669458852443765,0.0167493948108991,8.617976149860372,8.617976149860372,8.617976149860372,13029.832376891613,13029.832376891613,13029.832376891613,0.108779945345712,0.108779945345712,0.108779945345712
758,759,8.631481082782456,0.02479878063285255,14370.341598830792,2521.6704789476985,0.11669458852443765,0.0167493948108991,8.617976149860372,8.617976149860372,8.617976149860372,13029.832376891613,13029.832376891613,13029.832376891613,0.108779945345712,0.108779945345712,0.108779945345712
759,760,8.632557931728709,0.025816908425663834,14409.106460177678,2540.878743334908,0.11631688131890054,0.016576486170294422,8.617976149860372,8.617976149860372,8.617976149860372,13029.832376891613,13029.832376891613,13029.832376891613,0.108779945345712,0.108779945345712,0.108779945345712
760,761,8.631481082782456,0.02479878063285255,14370.341598830792,2521.6704789476985,0.11669458852443765,0.0167493948108991,8.617976149860372,8.617976149860372,8.617976149860372,13029.832376891613,13029.832376891613,13029.832376891613,0.108779945345712,0.108779945345712,0.108779945345712
761,762,8.632382354222575,0.025598442510644186,14397.761537041457,2534.2792187785603,0.1163568774922133,0.0165168659751096,8.617976149860372,8.617976149860372,8.617976149860372,13029.832376891613,13029.832376891613,13029.832376891613,0.108779945345712,0.108779945345712,0.108779945345712
762,763,8.632315877551626,0.025549404005897964,14392.480737796841,2531.6208147709394,0.11636001307185478,0.0165151295423263,8.617976149860372,8.617976149860372,8.617976149860372,13029.832376891613,13029.832376891613,13029.832376891613,0.108779945345712,0.108779945345712,0.108779945345712
763,764,8.631354333583397,0.024590542037954417,14372.58397321415,2524.2870520588003,0.11681866464013471,0.016760459989031536,8.617976149860372,8.617976149860372,8.617976149860372,13029.832376891613,13029.832376891613,13029.832376891613,0.108779945345712,0.108779945345712,0.108779945345712
764,765,8.631243007427884,0.024524768934287077,14360.313796988645,2515.859206929621,0.11673476577025213,0.016695369081514266,8.617976149860372,8.617976149860372,8.617976149860372,13029.832376891613,13029.832376891613,13029.832376891613,0.108779945345712,0.108779945345712,0.108779945345712
765,766,8.631176530756935,0.024470484208574183,14355.032997744029,2513.102630643321,0.11673790134989359,0.016693580237039787,8.617976149860372,8.617976149860372,8.617976149860372,13029.832376891613,13029.832376891613,13029.832376891613,0.108779945345712,0.108779945345712,0.108779945345712
766,767,8.631908617165797,0.02530511483385315,14364.831498124262,2505.6363971924707,0.11604296767679623,0.016277945109047932,8.617976149860372,8.617976149860372,8.617976149860372,13029.832376891613,13029.832376891613,13029.832376891613,0.108779945345712,0.108779945345712,0.108779945345712
767,768,8.631065204601423,0.02440357643362196,14342.762821518523,2504.551167958705,0.116654002480011,0.016627820030207876,8.617976149860372,8.617976149860372,8.617976149860372,13029.832376891613,13029.832376891613,13029.832376891613,0.108779945345712,0.108779945345712,0.108779945345712
768,769,8.631738225308355,0.02520532996318553,14353.647277910282,2493.823347489499,0.1158828771894462,0.016156555803117624,8.617976149860372,8.617976149860372,8.617976149860372,13029.832376891613,13029.832376891613,13029.832376891613,0.108779945345712,0.108779945345712,0.108779945345712
769,770,8.631616085559651,0.02512246021596838,14342.231390552914,2486.709364354922,0.1158440633341464,0.016118765036127396,8.617976149860372,8.617976149860372,8.617976149860372,13029.832376891613,13029.832376891613,13029.832376891613,0.108779945345712,0.108779945345712,0.108779945345712
770,771,8.630943064852719,0.02431459410192673,14331.346934161154,2497.417989795423,0.1166151886247112,0.01659290663260972,8.617976149860372,8.617976149860372,8.617976149860372,13029.832376891613,13029.832376891613,13029.832376891613,0.108779945345712,0.108779945345712,0.108779945345712
771,772,8.631444486876031,0.02490622343686374,14337.484387955386,2483.5436521768847,0.11588110500031941,0.01606643788276077,8.617976149860372,8.617976149860372,8.617976149860372,13029.832376891613,13029.832376891613,13029.832376891613,0.108779945345712,0.108779945345712,0.108779945345712
772,773,8.630887401774965,0.02428047706559513,14325.211846048403,2493.068286925607,0.11657323918976989,0.016559601557038773,8.617976149860372,8.617976149860372,8.617976149860372,13029.832376891613,13029.832376891613,13029.832376891613,0.108779945345712,0.108779945345712,0.108779945345712
773,774,8.631433673282839,0.0248855452347947,14338.338676823523,2485.0566558601886,0.11592619001490218,0.016100869698283733,8.617976149860372,8.617976149860372,8.617976149860372,13029.832376891613,13029.832376891613,13029.832376891613,0.108779945345712,0.108779945345712,0.108779945345712
774,775,8.631422859689646,0.02486484513347006,14339.192965691658,2486.5684454249404,0.11597127502948493,0.016135102061174966,8.617976149860372,8.617976149860372,8.617976149860372,13029.832376891613,13029.832376891613,13029.832376891613,0.108779945345712,0.108779945345712,0.108779945345712
775,776,8.63136719661189,0.02483255962275174,14333.057877578905,2482.2191227796397,0.11592932559454364,0.016099172280305853,8.617976149860372,8.617976149860372,8.617976149860372,13029.832376891613,13029.832376891613,13029.832376891613,0.108779945345712,0.108779945345712,0.108779945345712
776,777,8.63068797176212,0.02411211589910904,14309.369448314552,2484.4560397108394,0.1165826459286943,0.01655428043440655,8.617976149860372,8.617976149860372,8.617976149860372,13029.832376891613,13029.832376891613,13029.832376891613,0.108779945345712,0.108779945345712,0.108779945345712
777,778,8.630576645606606,0.02404194874989026,14297.099272089048,2475.5793128953555,0.11649874705881173,0.01648717462207242,8.617976149860372,8.617976149860372,8.617976149860372,13029.832376891613,13029.832376891613,13029.832376891613,0.108779945345712,0.108779945345712,0.108779945345712
778,779,8.631196804754449,0.0247271375599443,14321.873657364924,2470.1502344397277,0.11576923510719363,0.015975285929346685,8.617976149860372,8.617976149860372,8.617976149860372,13029.832376891613,13029.832376891613,13029.832376891613,0.108779945345712,0.108779945345712,0.108779945345712
779,780,8.631141141676693,0.024694162467830492,14315.738569252171,2465.7288596776593,0.11572728567225234,0.01593846414149326,8.617976149860372,8.617976149860372,8.617976149860372,13029.832376891613,13029.832376891613,13029.832376891613,0.108779945345712,0.108779945345712,0.108779945345712
780,781,8.630963338850233,0.024573068335519286,14298.187593782048,2453.8710511803397,0.11564652238201124,0.015862564564518962,8.617976149860372,8.617976149860372,8.617976149860372,13029.832376891613,13029.832376891613,13029.832376891613,0.108779945345712,0.108779945345712,0.108779945345712
781,782,8.630886048586094,0.0244968847577938,14293.761083405569,2452.4595698423636,0.11569474297623547,0.0158964304125294,8.617976149860372,8.617976149860372,8.617976149860372,13029.832376891613,13029.832376891613,13029.832376891613,0.108779945345712,0.108779945345712,0.108779945345712
782,783,8.630576645606606,0.02404194874989026,14297.099272089048,2475.5793128953555,0.11649874705881173,0.01648717462207242,8.617976149860372,8.617976149860372,8.617976149860372,13029.832376891613,13029.832376891613,13029.832376891613,0.108779945345712,0.108779945345712,0.108779945345712
783,784,8.630819571915145,0.024441567259232775,14288.48028416095,2449.488175461559,0.11569787855587695,0.01589475682014329,8.617976149860372,8.617976149860372,8.617976149860372,13029.832376891613,13029.832376891613,13029.832376891613,0.108779945345712,0.108779945345712,0.108779945345712
784,785,8.630697432166443,0.024351491754064425,14277.064396803582,2441.9404206271297,0.11565906470057712,0.015855889259884886,8.617976149860372,8.617976149860372,8.617976149860372,13029.832376891613,13029.832376891613,13029.832376891613,0.108779945345712,0.108779945345712,0.108779945345712
785,786,8.630697432166443,0.024351491754064425,14277.064396803582,2441.9404206271297,0.11565906470057712,0.015855889259884886,8.617976149860372,8.617976149860372,8.617976149860372,13029.832376891613,13029.832376891613,13029.832376891613,0.108779945345712,0.108779945345712,0.108779945345712
786,787,8.630536647076012,0.024143551273184773,14271.463105337916,2437.024747217909,0.11565102135216734,0.01576738545345896,8.617976149860372,8.617976149860372,8.617976149860372,13029.832376891613,13029.832376891613,13029.832376891613,0.108779945345712,0.108779945345712,0.108779945345712
787,788,8.630174382956744,0.023685692881594115,14272.635520745625,2459.0038451012188,0.11648331835413445,0.016463538233214167,8.617976149860372,8.617976149860372,8.617976149860372,13029.832376891613,13029.832376891613,13029.832376891613,0.108779945345712,0.108779945345712,0.108779945345712
788,789,8.630333814438993,0.023963386094202194,14262.841751728343,2429.173961333853,0.11562618590856563,0.015746867473169786,8.617976149860372,8.617976149860372,8.617976149860372,13029.832376891613,13029.832376891613,13029.832376891613,0.108779945345712,0.108779945345712,0.108779945345712
789,790,8.630211674690289,0.023869020781513716,14251.425864370973,2421.442020241759,0.11558737205326582,0.01570745681934973,8.617976149860372,8.617976149860372,8.617976149860372,13029.832376891613,13029.832376891613,13029.832376891613,0.108779945345712,0.108779945345712,0.108779945345712
790,791,8.630211674690289,0.023869020781513716,14251.425864370973,2421.442020241759,0.11558737205326582,0.01570745681934973,8.617976149860372,8.617976149860372,8.617976149860372,13029.832376891613,13029.832376891613,13029.832376891613,0.108779945345712,0.108779945345712,0.108779945345712
791,792,8.630044685457023,0.023759072684101417,14233.020600032714,2407.299791734574,0.11546152374844194,0.0155930273803051,8.617976149860372,8.617976149860372,8.617976149860372,13029.832376891613,13029.832376891613,13029.832376891613,0.108779945345712,0.108779945345712,0.108779945345712
792,793,8.629989022379267,0.02372204885492692,14226.885511919962,2402.5358838856755,0.11541957431350067,0.015554470897879478,8.617976149860372,8.617976149860372,8.617976149860372,13029.832376891613,13029.832376891613,13029.832376891613,0.108779945345712,0.108779945345712,0.108779945345712
793,794,8.62992254570832,0.023662400269088134,14221.604712675344,2399.355484382871,0.11542270989314213,0.01555281598459248,8.617976149860372,8.617976149860372,8.617976149860372,13029.832376891613,13029.832376891613,13029.832376891613,0.108779945345712,0.108779945345712,0.108779945345712
794,795,8.629866882630562,0.02362493716844575,14215.469624562591,2394.546523156633,0.11538076045820084,0.015514054616444891,8.617976149860372,8.617976149860372,8.617976149860372,13029.832376891613,13029.832376891613,13029.832376891613,0.108779945345712,0.108779945345712,0.108779945345712
795,796,8.62975555647505,0.02354943747482287,14203.199448337085,2384.852162707645,0.11529686158831826,0.015435897877815952,8.617976149860372,8.617976149860372,8.617976149860372,13029.832376891613,13029.832376891613,13029.832376891613,0.108779945345712,0.108779945345712,0.108779945345712
796,797,8.62975555647505,0.02354943747482287,14203.199448337085,2384.852162707645,0.11529686158831826,0.015435897877815952,8.617976149860372,8.617976149860372,8.617976149860372,13029.832376891613,13029.832376891613,13029.832376891613,0.108779945345712,0.108779945345712,0.108779945345712
797,798,8.62964423031954,0.023473166968314536,14190.929272111582,2375.0548435629717,0.11521296271843565,0.015356885032647606,8.617976149860372,8.617976149860372,8.617976149860372,13029.832376891613,13029.832376891613,13029.832376891613,0.108779945345712,0.108779945345712,0.108779945345712
798,799,8.62964423031954,0.023473166968314536,14190.929272111582,2375.0548435629717,0.11521296271843565,0.015356885032647606,8.617976149860372,8.617976149860372,8.617976149860372,13029.832376891613,13029.832376891613,13029.832376891613,0.108779945345712,0.108779945345712,0.108779945345712
799,800,8.62863988168688,0.022666040274131022,14077.316419155042,2293.9508928160853,0.11483881677698252,0.014933418496806652,8.617976149860372,8.617976149860372,8.617976149860372,13029.832376891613,13029.832376891613,13029.832376891613,0.108779945345712,0.108779945345712,0.108779945345712
800,801,8.629633416726346,0.023450395066700203,14191.783560979717,2376.6895929647444,0.11525804773301841,0.015394860931996143,8.617976149860372,8.617976149860372,8.617976149860372,13029.832376891613,13029.832376891613,13029.832376891613,0.108779945345712,0.108779945345712,0.108779945345712
801,802,8.628423433518694,0.0223846248201636,14065.580039576625,2282.78267593038,0.11478882399363145,0.014796660282926677,8.617976149860372,8.617976149860372,8.617976149860372,13029.832376891613,13029.832376891613,13029.832376891613,0.108779945345712,0.108779945345712,0.108779945345712
802,803,8.629511276977643,0.023350293701613595,14180.367673622348,2368.443868803777,0.1152192338777186,0.015353616183359304,8.617976149860372,8.617976149860372,8.617976149860372,13029.832376891613,13029.832376891613,13029.832376891613,0.108779945345712,0.108779945345712,0.108779945345712
803,804,8.629333474151183,0.023209710344716205,14162.816698152224,2355.0878759635884,0.11513847058747749,0.015272124325407381,8.617976149860372,8.617976149860372,8.617976149860372,13029.832376891613,13029.832376891613,13029.832376891613,0.108779945345712,0.108779945345712,0.108779945345712
804,805,8.629333474151183,0.023209710344716205,14162.816698152224,2355.0878759635884,0.11513847058747749,0.015272124325407381,8.617976149860372,8.617976149860372,8.617976149860372,13029.832376891613,13029.832376891613,13029.832376891613,0.108779945345712,0.108779945345712,0.108779945345712
805,806,8.628189967614478,0.022185148379188377,14041.893975993753,2262.4757516474056,0.11466611126844906,0.014666687824059036,8.617976149860372,8.617976149860372,8.617976149860372,13029.832376891613,13029.832376891613,13029.832376891613,0.108779945345712,0.108779945345712,0.108779945345712
806,807,8.629277811073427,0.023170100235698505,14156.68161003947,2350.0348668340857,0.1150965211525362,0.015231865927903192,8.617976149860372,8.617976149860372,8.617976149860372,13029.832376891613,13029.832376891613,13029.832376891613,0.108779945345712,0.108779945345712,0.108779945345712
807,808,8.628134304536722,0.02214083099313934,14035.758887881,2256.8867396276564,0.11462416183350776,0.014623407932157086,8.617976149860372,8.617976149860372,8.617976149860372,13029.832376891613,13029.832376891613,13029.832376891613,0.108779945345712,0.108779945345712,0.108779945345712
808,809,8.62921133440248,0.02310698101508312,14151.400810794854,2346.625338010245,0.11509965673217766,0.015230242470199322,8.617976149860372,8.617976149860372,8.617976149860372,13029.832376891613,13029.832376891613,13029.832376891613,0.108779945345712,0.108779945345712,0.108779945345712
809,810,8.628988682091457,0.02294542578129315,14126.860458343845,2326.056403619687,0.11493185899241248,0.015066982970231685,8.617976149860372,8.617976149860372,8.617976149860372,13029.832376891613,13029.832376891613,13029.832376891613,0.108779945345712,0.108779945345712,0.108779945345712
810,811,8.628933019013699,0.02290452074497655,14120.725370231092,2320.8451424527466,0.11488990955747118,0.015025598143862333,8.617976149860372,8.617976149860372,8.617976149860372,13029.832376891613,13029.832376891613,13029.832376891613,0.108779945345712,0.108779945345712,0.108779945345712
811,812,8.627900838632506,0.021936061036919485,14012.072824298128,2236.0288113934093,0.11450144910832537,0.014490487343962254,8.617976149860372,8.617976149860372,8.617976149860372,13029.832376891613,13029.832376891613,13029.832376891613,0.108779945345712,0.108779945345712,0.108779945345712
812,813,8.628821692858187,0.022822083446350092,14108.455194005588,2310.3384826172805,0.11480601068758861,0.014942131325934166,8.617976149860372,8.617976149860372,8.617976149860372,13029.832376891613,13029.832376891613,13029.832376891613,0.108779945345712,0.108779945345712,0.108779945345712
813,814,8.628766029780433,0.022780548914261126,14102.320105892835,2305.0427004400085,0.11476406125264732,0.014900045429007903,8.617976149860372,8.617976149860372,8.617976149860372,13029.832376891613,13029.832376891613,13029.832376891613,0.108779945345712,0.108779945345712,0.108779945345712
814,815,8.62770140861966,0.02172215734596592,13996.230426564278,2224.193208672708,0.11451085584724979,0.014485751551625799,8.617976149860372,8.617976149860372,8.617976149860372,13029.832376891613,13029.832376891613,13029.832376891613,0.108779945345712,0.108779945345712,0.108779945345712
815,816,8.62770140861966,0.02172215734596592,13996.230426564278,2224.193208672708,0.11451085584724979,0.014485751551625799,8.617976149860372,8.617976149860372,8.617976149860372,13029.832376891613,13029.832376891613,13029.832376891613,0.108779945345712,0.108779945345712,0.108779945345712
816,817,8.628633076438536,0.022648764599227624,14091.758507403601,2297.823098439456,0.11477033241193026,0.014896865309575862,8.617976149860372,8.617976149860372,8.617976149860372,13029.832376891613,13029.832376891613,13029.832376891613,0.108779945345712,0.108779945345712,0.108779945345712
817,818,8.62731176707537,0.02139136230669019,13953.284809775012,2182.8241067616964,0.11421720980266073,0.01417032825216163,8.617976149860372,8.617976149860372,8.617976149860372,13029.832376891613,13029.832376891613,13029.832376891613,0.108779945345712,0.108779945345712,0.108779945345712
818,819,8.62731176707537,0.02139136230669019,13953.284809775012,2182.8241067616964,0.11421720980266073,0.01417032825216163,8.617976149860372,8.617976149860372,8.617976149860372,13029.832376891613,13029.832376891613,13029.832376891613,0.108779945345712,0.108779945345712,0.108779945345712
819,820,8.627256103997613,0.021343106688260095,13947.14972166226,2176.78089381774,0.11417526036771944,0.01412419442907152,8.617976149860372,8.617976149860372,8.617976149860372,13029.832376891613,13029.832376891613,13029.832376891613,0.108779945345712,0.108779945345712,0.108779945345712
820,821,8.62823262130105,0.02232335096749667,14049.667179482469,2261.391694563584,0.11452177138192399,0.014637773212261035,8.617976149860372,8.617976149860372,8.617976149860372,13029.832376891613,13029.832376891613,13029.832376891613,0.108779945345712,0.108779945345712,0.108779945345712
821,822,8.62823262130105,0.02232335096749667,14049.667179482469,2261.391694563584,0.11452177138192399,0.014637773212261035,8.617976149860372,8.617976149860372,8.617976149860372,13029.832376891613,13029.832376891613,13029.832376891613,0.108779945345712,0.108779945345712,0.108779945345712
822,823,8.627200440919857,0.021294596218768023,13941.014633549506,2170.70351722837,0.11413331093277816,0.014077784422849928,8.617976149860372,8.617976149860372,8.617976149860372,13029.832376891613,13029.832376891613,13029.832376891613,0.108779945345712,0.108779945345712,0.108779945345712
823,824,8.62812129514554,0.02223525298987584,14037.397003256963,2250.2200630630473,0.1144378725120414,0.01454995947899624,8.617976149860372,8.617976149860372,8.617976149860372,13029.832376891613,13029.832376891613,13029.832376891613,0.108779945345712,0.108779945345712,0.108779945345712
824,825,8.627019235469225,0.021111373806651366,13930.684702203662,2156.763498865868,0.1140183054600109,0.01396119585677137,8.617976149860372,8.617976149860372,8.617976149860372,13029.832376891613,13029.832376891613,13029.832376891613,0.108779945345712,0.108779945345712,0.108779945345712
825,826,8.627019235469225,0.021111373806651366,13930.684702203662,2156.763498865868,0.1140183054600109,0.01396119585677137,8.617976149860372,8.617976149860372,8.617976149860372,13029.832376891613,13029.832376891613,13029.832376891613,0.108779945345712,0.108779945345712,0.108779945345712
826,827,8.627019235469225,0.021111373806651366,13930.684702203662,2156.763498865868,0.1140183054600109,0.01396119585677137,8.617976149860372,8.617976149860372,8.617976149860372,13029.832376891613,13029.832376891613,13029.832376891613,0.108779945345712,0.108779945345712,0.108779945345712
827,828,8.62696357239147,0.021061703619495137,13924.549614090909,2150.5825865024312,0.11397635602506961,0.013913768986071745,8.617976149860372,8.617976149860372,8.617976149860372,13029.832376891613,13029.832376891613,13029.832376891613,0.108779945345712,0.108779945345712,0.108779945345712
828,829,8.626907909313713,0.021011768558364924,13918.414525978156,2144.366305947408,0.11393440659012832,0.013866052990459475,8.617976149860372,8.617976149860372,8.617976149860372,13029.832376891613,13029.832376891613,13029.832376891613,0.108779945345712,0.108779945345712,0.108779945345712
829,830,8.626907909313713,0.021011768558364924,13918.414525978156,2144.366305947408,0.11393440659012832,0.013866052990459475,8.617976149860372,8.617976149860372,8.617976149860372,13029.832376891613,13029.832376891613,13029.832376891613,0.108779945345712,0.108779945345712,0.108779945345712
830,831,8.627473157886472,0.02164783706709163,13979.694944745374,2194.489742509095,0.11407744158890931,0.01416279170981763,8.617976149860372,8.617976149860372,8.617976149860372,13029.832376891613,13029.832376891613,13029.832376891613,0.108779945345712,0.108779945345712,0.108779945345712
831,832,8.627417494808716,0.021600570327476275,13973.55985663262,2188.552778805624,0.11403549215396801,0.01411621791120783,8.617976149860372,8.617976149860372,8.617976149860372,13029.832376891613,13029.832376891613,13029.832376891613,0.108779945345712,0.108779945345712,0.108779945345712
832,833,8.626907909313713,0.021011768558364924,13918.414525978156,2144.366305947408,0.11393440659012832,0.013866052990459475,8.617976149860372,8.617976149860372,8.617976149860372,13029.832376891613,13029.832376891613,13029.832376891613,0.108779945345712,0.108779945345712,0.108779945345712
833,834,8.627228878389063,0.021404998806217157,13956.863170030634,2174.301207913253,0.11399981387830965,0.014066340464442113,8.617976149860372,8.617976149860372,8.617976149860372,13029.832376891613,13029.832376891613,13029.832376891613,0.108779945345712,0.108779945345712,0.108779945345712
834,835,8.626841432642765,0.020934621044825893,13913.133726733538,2140.041348774194,0.11393754216976978,0.013864532426129665,8.617976149860372,8.617976149860372,8.617976149860372,13029.832376891613,13029.832376891613,13029.832376891613,0.108779945345712,0.108779945345712,0.108779945345712
835,836,8.626774955971817,0.02085697629895284,13907.85292748892,2135.6945758143156,0.11394067774941125,0.013863010985801477,8.617976149860372,8.617976149860372,8.617976149860372,13029.832376891613,13029.832376891613,13029.832376891613,0.108779945345712,0.108779945345712,0.108779945345712
836,837,8.62671929289406,0.02080604529912046,13901.717839376168,2129.386729222934,0.11389872831446995,0.013815011341359928,8.617976149860372,8.617976149860372,8.617976149860372,13029.832376891613,13029.832376891613,13029.832376891613,0.108779945345712,0.108779945345712,0.108779945345712
837,838,8.626607966738547,0.020703358472181386,13889.447663150662,2116.661297801315,0.11381482944458736,0.0137181233909837,8.617976149860372,8.617976149860372,8.617976149860372,13029.832376891613,13029.832376891613,13029.832376891613,0.108779945345712,0.108779945345712,0.108779945345712
838,839,8.626552303660793,0.020651598543751166,13883.31257503791,2110.2430512149767,0.11377288000964607,0.013669228786188115,8.617976149860372,8.617976149860372,8.617976149860372,13029.832376891613,13029.832376891613,13029.832376891613,0.108779945345712,0.108779945345712,0.108779945345712
839,840,8.626496640583037,0.020599558151582643,13877.177486925159,2103.787332926011,0.11373093057470479,0.013620029454368653,8.617976149860372,8.617976149860372,8.617976149860372,13029.832376891613,13029.832376891613,13029.832376891613,0.108779945345712,0.108779945345712,0.108779945345712
840,841,8.627200228519271,0.0211184478444353,13969.048742580646,2203.8613932463936,0.11463381776596222,0.014582032391781475,8.617976149860372,8.617976149860372,8.617976149860372,13029.832376891613,13029.832376891613,13029.832376891613,0.108779945345712,0.108779945345712,0.108779945345712
841,842,8.626440977505279,0.02054723516466763,13871.042398812406,2097.2937969074533,0.11368898113976349,0.013570522081202392,8.617976149860372,8.617976149860372,8.617976149860372,13029.832376891613,13029.832376891613,13029.832376891613,0.108779945345712,0.108779945345712,0.108779945345712
842,843,8.626385314427523,0.020494627418604677,13864.907310699653,2090.7620907938617,0.11364703170482218,0.013520703282919495,8.617976149860372,8.617976149860372,8.617976149860372,13029.832376891613,13029.832376891613,13029.832376891613,0.108779945345712,0.108779945345712,0.108779945345712
843,844,8.626385314427523,0.020494627418604677,13864.907310699653,2090.7620907938617,0.11364703170482218,0.013520703282919495,8.617976149860372,8.617976149860372,8.617976149860372,13029.832376891613,13029.832376891613,13029.832376891613,0.108779945345712,0.108779945345712,0.108779945345712
844,845,8.626385314427523,0.020494627418604677,13864.907310699653,2090.7620907938617,0.11364703170482218,0.013520703282919495,8.617976149860372,8.617976149860372,8.617976149860372,13029.832376891613,13029.832376891613,13029.832376891613,0.108779945345712,0.108779945345712,0.108779945345712
845,846,8.626385314427523,0.020494627418604677,13864.907310699653,2090.7620907938617,0.11364703170482218,0.013520703282919495,8.617976149860372,8.617976149860372,8.617976149860372,13029.832376891613,13029.832376891613,13029.832376891613,0.108779945345712,0.108779945345712,0.108779945345712
846,847,8.626318837756575,0.02041382405702126,13859.626511455035,2086.190575896031,0.11365016728446366,0.013519210527963552,8.617976149860372,8.617976149860372,8.617976149860372,13029.832376891613,13029.832376891613,13029.832376891613,0.108779945345712,0.108779945345712,0.108779945345712
847,848,8.626263174678819,0.02036053769912843,13853.491423342282,2079.5903187315544,0.11360821784952237,0.013469081058823329,8.617976149860372,8.617976149860372,8.617976149860372,13029.832376891613,13029.832376891613,13029.832376891613,0.108779945345712,0.108779945345712,0.108779945345712
848,849,8.626907696913126,0.020833225984477045,13946.448635009294,2178.2160780731533,0.11443491342331238,0.014384651053058282,8.617976149860372,8.617976149860372,8.617976149860372,13029.832376891613,13029.832376891613,13029.832376891613,0.108779945345712,0.108779945345712,0.108779945345712
849,850,8.62619669800787,0.020278799671416915,13848.210624097666,2074.965137634855,0.11361135342916383,0.013467591618833446,8.617976149860372,8.617976149860372,8.617976149860372,13029.832376891613,13029.832376891613,13029.832376891613,0.108779945345712,0.108779945345712,0.108779945345712
850,851,8.626182481790506,0.020240516459563294,13856.285957090078,2079.921275826423,0.11362219626122046,0.01349308224612313,8.617976149860372,8.617976149860372,8.617976149860372,13029.832376891613,13029.832376891613,13029.832376891613,0.108779945345712,0.108779945345712,0.108779945345712
851,852,8.626126818712748,0.02018639664058395,13850.150868977325,2073.291175703321,0.11358024682627915,0.013442768056957485,8.617976149860372,8.617976149860372,8.617976149860372,13029.832376891613,13029.832376891613,13029.832376891613,0.108779945345712,0.108779945345712,0.108779945345712
852,853,8.626126818712748,0.02018639664058395,13850.150868977325,2073.291175703321,0.11358024682627915,0.013442768056957485,8.617976149860372,8.617976149860372,8.617976149860372,13029.832376891613,13029.832376891613,13029.832376891613,0.108779945345712,0.108779945345712,0.108779945345712
853,854,8.626126818712748,0.02018639664058395,13850.150868977325,2073.291175703321,0.11358024682627915,0.013442768056957485,8.617976149860372,8.617976149860372,8.617976149860372,13029.832376891613,13029.832376891613,13029.832376891613,0.108779945345712,0.108779945345712,0.108779945345712
854,855,8.626629381524346,0.020577306148255193,13915.773194445534,2147.492254807396,0.11422516624860592,0.014157953373851308,8.617976149860372,8.617976149860372,8.617976149860372,13029.832376891613,13029.832376891613,13029.832376891613,0.108779945345712,0.108779945345712,0.108779945345712
855,856,8.626451578697884,0.020392526776706974,13898.222218975412,2130.574510752232,0.11414440295836481,0.014063830448922376,8.617976149860372,8.617976149860372,8.617976149860372,13029.832376891613,13029.832376891613,13029.832376891613,0.108779945345712,0.108779945345712,0.108779945345712
856,857,8.626060342041802,0.020103499721825322,13844.870069732708,2068.6433830637293,0.11358338240592063,0.013441282226276557,8.617976149860372,8.617976149860372,8.617976149860372,13029.832376891613,13029.832376891613,13029.832376891613,0.108779945345712,0.108779945345712,0.108779945345712
857,858,8.626060342041802,0.020103499721825322,13844.870069732708,2068.6433830637293,0.11358338240592063,0.013441282226276557,8.617976149860372,8.617976149860372,8.617976149860372,13029.832376891613,13029.832376891613,13029.832376891613,0.108779945345712,0.108779945345712,0.108779945345712
858,859,8.626060342041802,0.020103499721825322,13844.870069732708,2068.6433830637293,0.11358338240592063,0.013441282226276557,8.617976149860372,8.617976149860372,8.617976149860372,13029.832376891613,13029.832376891613,13029.832376891613,0.108779945345712,0.108779945345712,0.108779945345712
859,860,8.626004678964046,0.020048670940935178,13838.734981619957,2061.9430537620465,0.11354143297097932,0.013390651813124554,8.617976149860372,8.617976149860372,8.617976149860372,13029.832376891613,13029.832376891613,13029.832376891613,0.108779945345712,0.108779945345712,0.108779945345712
860,861,8.626262962278231,0.02017622631920055,13881.525532373427,2115.3379032986036,0.11410872468270646,0.014014043825403711,8.617976149860372,8.617976149860372,8.617976149860372,13029.832376891613,13029.832376891613,13029.832376891613,0.108779945345712,0.108779945345712,0.108779945345712
861,862,8.625782026653022,0.019826277024778623,13814.194629168946,2034.736153286546,0.11337363523121415,0.013184851658405923,8.617976149860372,8.617976149860372,8.617976149860372,13029.832376891613,13029.832376891613,13029.832376891613,0.108779945345712,0.108779945345712,0.108779945345712
862,863,8.62615163612272,0.020067786037726947,13869.25535614792,2102.4095999163173,0.11402482581282386,0.013919807192078328,8.617976149860372,8.617976149860372,8.617976149860372,13029.832376891613,13029.832376891613,13029.832376891613,0.108779945345712,0.108779945345712,0.108779945345712
863,864,8.625659886904316,0.01968389270950041,13802.778741811579,2022.9688891410874,0.11333482137591433,0.013131101150179314,8.617976149860372,8.617976149860372,8.617976149860372,13029.832376891613,13029.832376891613,13029.832376891613,0.108779945345712,0.108779945345712,0.108779945345712
864,865,8.626095973044965,0.020013113333699647,13863.120268035167,2095.8886058772578,0.11398287637788257,0.013872258538590957,8.617976149860372,8.617976149860372,8.617976149860372,13029.832376891613,13029.832376891613,13029.832376891613,0.108779945345712,0.108779945345712,0.108779945345712
865,866,8.625984646889453,0.019902850367251194,13850.850091809663,2082.731153380305,0.11389897750799999,0.013776285704960776,8.617976149860372,8.617976149860372,8.617976149860372,13029.832376891613,13029.832376891613,13029.832376891613,0.108779945345712,0.108779945345712,0.108779945345712
866,867,8.625806844062994,0.01970593315425785,13833.299116339542,2064.731191004437,0.11381821421775888,0.013677611006046824,8.617976149860372,8.617976149860372,8.617976149860372,13029.832376891613,13029.832376891613,13029.832376891613,0.108779945345712,0.108779945345712,0.108779945345712
867,868,8.625751180985239,0.019649276983063166,13827.164028226789,2057.9836306767775,0.11377626478281759,0.013628581476084617,8.617976149860372,8.617976149860372,8.617976149860372,13029.832376891613,13029.832376891613,13029.832376891613,0.108779945345712,0.108779945345712,0.108779945345712
868,869,8.625751180985239,0.019649276983063166,13827.164028226789,2057.9836306767775,0.11377626478281759,0.013628581476084617,8.617976149860372,8.617976149860372,8.617976149860372,13029.832376891613,13029.832376891613,13029.832376891613,0.108779945345712,0.108779945345712,0.108779945345712
869,870,8.625616632531546,0.019566179838964106,13806.19589728412,2031.285001085918,0.11351516143424538,0.013332296673509431,8.617976149860372,8.617976149860372,8.617976149860372,13029.832376891613,13029.832376891613,13029.832376891613,0.108779945345712,0.108779945345712,0.108779945345712
870,871,8.625505306376034,0.019450640468922583,13793.925721058615,2017.3601117624182,0.11343126256436281,0.013229442314144267,8.617976149860372,8.617976149860372,8.617976149860372,13029.832376891613,13029.832376891613,13029.832376891613,0.108779945345712,0.108779945345712,0.108779945345712
871,872,8.625629041236534,0.019505407520192232,13815.74814086942,2046.4224029931945,0.11373745092751779,0.013577738855297616,8.617976149860372,8.617976149860372,8.617976149860372,13029.832376891613,13029.832376891613,13029.832376891613,0.108779945345712,0.108779945345712,0.108779945345712
872,873,8.62544964329828,0.019392372987773184,13787.790632945862,2010.3334139038607,0.11338931312942152,0.01317751377743143,8.617976149860372,8.617976149860372,8.617976149860372,13029.832376891613,13029.832376891613,13029.832376891613,0.108779945345712,0.108779945345712,0.108779945345712
873,874,8.625462052003268,0.019331161459551896,13797.342876531164,2025.7141836968503,0.1136116026226939,0.013427869402790608,8.617976149860372,8.617976149860372,8.617976149860372,13029.832376891613,13029.832376891613,13029.832376891613,0.108779945345712,0.108779945345712,0.108779945345712
874,875,8.625339912254564,0.019183065752493726,13785.926989173793,2013.7986770162054,0.11357278876739409,0.013375786097432531,8.617976149860372,8.617976149860372,8.617976149860372,13029.832376891613,13029.832376891613,13029.832376891613,0.108779945345712,0.108779945345712,0.108779945345712
875,876,8.625339912254564,0.019183065752493726,13785.926989173793,2013.7986770162054,0.11357278876739409,0.013375786097432531,8.617976149860372,8.617976149860372,8.617976149860372,13029.832376891613,13029.832376891613,13029.832376891613,0.108779945345712,0.108779945345712,0.108779945345712
876,877,8.625284249176808,0.019123501625445998,13779.791901061039,2006.7350548168254,0.1135308393324528,0.013324873471214908,8.617976149860372,8.617976149860372,8.617976149860372,13029.832376891613,13029.832376891613,13029.832376891613,0.108779945345712,0.108779945345712,0.108779945345712
877,878,8.625106446350348,0.018911890380694685,13762.240925590917,1987.419717359892,0.1134500760422117,0.013220581830285396,8.617976149860372,8.617976149860372,8.617976149860372,13029.832376891613,13029.832376891613,13029.832376891613,0.108779945345712,0.108779945345712,0.108779945345712
878,879,8.62493945711708,0.01872746494267699,13743.835661252657,1965.5891754450158,0.11332422773738782,0.013063848472892072,8.617976149860372,8.617976149860372,8.617976149860372,13029.832376891613,13029.832376891613,13029.832376891613,0.108779945345712,0.108779945345712,0.108779945345712
879,880,8.624939457117081,0.01872746494267699,13743.83566125266,1965.5891754450158,0.11332422773738784,0.013063848472892072,8.617976149860372,8.617976149860372,8.617976149860372,13029.832376891613,13029.832376891613,13029.832376891613,0.108779945345712,0.108779945345712,0.108779945345712
880,881,8.62459126243318,0.018304941129828067,13715.100465568554,1926.6001303842977,0.1130833739597967,0.012768271039532415,8.617976149860372,8.617976149860372,8.617976149860372,13029.832376891613,13029.832376891613,13029.832376891613,0.108779945345712,0.108779945345712,0.108779945345712
881,882,8.624769065259642,0.018528431901451745,13732.651441038679,1946.9440751576851,0.11316413725003782,0.01287852656809019,8.617976149860372,8.617976149860372,8.617976149860372,13029.832376891613,13029.832376891613,13029.832376891613,0.108779945345712,0.108779945345712,0.108779945345712
882,883,8.624479936277666,0.018175109075464088,13702.83028934305,1911.328232745301,0.11299947508991412,0.012657973839816978,8.617976149860372,8.617976149860372,8.617976149860372,13029.832376891613,13029.832376891613,13029.832376891613,0.108779945345712,0.108779945345712,0.108779945345712
883,884,8.624713402181886,0.018465035642514796,13726.516352925926,1939.4684839166514,0.11312218781509654,0.012824303507954746,8.617976149860372,8.617976149860372,8.617976149860372,13029.832376891613,13029.832376891613,13029.832376891613,0.108779945345712,0.108779945345712,0.108779945345712
884,885,8.624657739104128,0.01840125259528542,13720.381264813175,1931.9444841423342,0.11308023838015524,0.012769712402912298,8.617976149860372,8.617976149860372,8.617976149860372,13029.832376891613,13029.832376891613,13029.832376891613,0.108779945345712,0.108779945345712,0.108779945345712
885,886,8.624546412948616,0.018272509909655545,13708.111088587671,1916.7489750551995,0.11299633951027264,0.01265940698059922,8.617976149860372,8.617976149860372,8.617976149860372,13029.832376891613,13029.832376891613,13029.832376891613,0.108779945345712,0.108779945345712,0.108779945345712
886,887,8.624379423715348,0.0180763913630327,13689.705824249413,1893.5780309070028,0.11287049120544877,0.012491066173273361,8.617976149860372,8.617976149860372,8.617976149860372,13029.832376891613,13029.832376891613,13029.832376891613,0.108779945345712,0.108779945345712,0.108779945345712
887,888,8.624268097559836,0.017943591571031123,13677.435648023908,1877.871698646578,0.11278659233556618,0.012376856195763453,8.617976149860372,8.617976149860372,8.617976149860372,13029.832376891613,13029.832376891613,13029.832376891613,0.108779945345712,0.108779945345712,0.108779945345712
888,889,8.624029003711124,0.01778909862267585,13654.764576231402,1843.9263480982208,0.11250887796430381,0.012121351330657134,8.617976149860372,8.617976149860372,8.617976149860372,13029.832376891613,13029.832376891613,13029.832376891613,0.108779945345712,0.108779945345712,0.108779945345712
889,890,8.624145957811134,0.017775742689571106,13666.019760666537,1864.277763443919,0.11274777848026636,0.012317731230087234,8.617976149860372,8.617976149860372,8.617976149860372,13029.832376891613,13029.832376891613,13029.832376891613,0.108779945345712,0.108779945345712,0.108779945345712
890,891,8.624079481140186,0.01767409850101524,13660.73896142192,1858.584409565569,0.11275091405990782,0.012316321612052998,8.617976149860372,8.617976149860372,8.617976149860372,13029.832376891613,13029.832376891613,13029.832376891613,0.108779945345712,0.108779945345712,0.108779945345712
891,892,8.624013004469235,0.017571614871313816,13655.458162177303,1852.8585110600338,0.11275404963954931,0.012314911034297481,8.617976149860372,8.617976149860372,8.617976149860372,13029.832376891613,13029.832376891613,13029.832376891613,0.108779945345712,0.108779945345712,0.108779945345712
892,893,8.623957341391481,0.017502349339367403,13649.32307406455,1844.7450379895026,0.112712100204608,0.012256791659921634,8.617976149860372,8.617976149860372,8.617976149860372,13029.832376891613,13029.832376891613,13029.832376891613,0.108779945345712,0.108779945345712,0.108779945345712
893,894,8.623957341391481,0.017502349339367403,13649.32307406455,1844.7450379895026,0.112712100204608,0.012256791659921634,8.617976149860372,8.617976149860372,8.617976149860372,13029.832376891613,13029.832376891613,13029.832376891613,0.108779945345712,0.108779945345712,0.108779945345712
894,895,8.623890864720533,0.01739838742158806,13644.042274819933,1838.943267122626,0.11271523578424948,0.01225538416100171,8.617976149860372,8.617976149860372,8.617976149860372,13029.832376891613,13029.832376891613,13029.832376891613,0.108779945345712,0.108779945345712,0.108779945345712
895,896,8.623704031325403,0.01729281660156214,13634.727335264459,1816.49176766301,0.11244522866540227,0.012026675489412659,8.617976149860372,8.617976149860372,8.617976149860372,13029.832376891613,13029.832376891613,13029.832376891613,0.108779945345712,0.108779945345712,0.108779945345712
896,897,8.62377953856502,0.017257220513189887,13631.772098594429,1822.458805444616,0.1126313369143669,0.0121378838588315,8.617976149860372,8.617976149860372,8.617976149860372,13029.832376891613,13029.832376891613,13029.832376891613,0.108779945345712,0.108779945345712,0.108779945345712
897,898,8.62377953856502,0.017257220513189887,13631.772098594429,1822.458805444616,0.1126313369143669,0.0121378838588315,8.617976149860372,8.617976149860372,8.617976149860372,13029.832376891613,13029.832376891613,13029.832376891613,0.108779945345712,0.108779945345712,0.108779945345712
898,899,8.623723875487265,0.017185931810372694,13625.637010481676,1814.1292838570387,0.1125893874794256,0.012078486541101987,8.617976149860372,8.617976149860372,8.617976149860372,13029.832376891613,13029.832376891613,13029.832376891613,0.108779945345712,0.108779945345712,0.108779945345712
899,900,8.623612549331753,0.01704191440599514,13613.366834256172,1797.2916137123705,0.11250548860954301,0.011958365427567005,8.617976149860372,8.617976149860372,8.617976149860372,13029.832376891613,13029.832376891613,13029.832376891613,0.108779945345712,0.108779945345712,0.108779945345712
900,901,8.623556886253997,0.016969173483167385,13607.231746143421,1788.7817837536652,0.11246353917460172,0.011897628239349981,8.617976149860372,8.617976149860372,8.617976149860372,13029.832376891613,13029.832376891613,13029.832376891613,0.108779945345712,0.108779945345712,0.108779945345712
901,902,8.623537042092135,0.017077220939121354,13616.322070926202,1791.2711053857465,0.1123193803605784,0.011843494401615383,8.617976149860372,8.617976149860372,8.617976149860372,13029.832376891613,13029.832376891613,13029.832376891613,0.108779945345712,0.108779945345712,0.108779945345712
902,903,8.62348137901438,0.017004383880441853,13610.18698281345,1782.742707019926,0.11227743092563709,0.011781502425067833,8.617976149860372,8.617976149860372,8.617976149860372,13029.832376891613,13029.832376891613,13029.832376891613,0.108779945345712,0.108779945345712,0.108779945345712
903,904,8.62346537977249,0.016776208372929487,13610.880568759352,1791.9971208163506,0.11252260260088257,0.011985289467080827,8.617976149860372,8.617976149860372,8.617976149860372,13029.832376891613,13029.832376891613,13029.832376891613,0.108779945345712,0.108779945345712,0.108779945345712
904,905,8.623354053616977,0.016626912134673405,13598.610392533847,1774.8474973660318,0.11243870373099998,0.01186375251906818,8.617976149860372,8.617976149860372,8.617976149860372,13029.832376891613,13029.832376891613,13029.832376891613,0.108779945345712,0.108779945345712,0.108779945345712
905,906,8.623354053616977,0.016626912134673405,13598.610392533847,1774.8474973660318,0.11243870373099998,0.01186375251906818,8.617976149860372,8.617976149860372,8.617976149860372,13029.832376891613,13029.832376891613,13029.832376891613,0.108779945345712,0.108779945345712,0.108779945345712
906,907,8.62329839053922,0.01655147823853126,13592.475304421094,1766.1782752412626,0.1123967542960587,0.011802291077600564,8.617976149860372,8.617976149860372,8.617976149860372,13029.832376891613,13029.832376891613,13029.832376891613,0.108779945345712,0.108779945345712,0.108779945345712
907,908,8.62313658695465,0.016520153427881008,13574.23074300507,1732.7810235578763,0.11207081933057211,0.01146288558218552,8.617976149860372,8.617976149860372,8.617976149860372,13029.832376891613,13029.832376891613,13029.832376891613,0.108779945345712,0.108779945345712,0.108779945345712
908,909,8.623064924635004,0.01620702830752711,13568.78924083822,1733.3994068079987,0.11227404157087628,0.01161368055775777,8.617976149860372,8.617976149860372,8.617976149860372,13029.832376891613,13029.832376891613,13029.832376891613,0.108779945345712,0.108779945345712,0.108779945345712
909,910,8.622903121050436,0.01617270084805821,13550.544679422195,1699.1037624309236,0.11194810660538972,0.011265045696836446,8.617976149860372,8.617976149860372,8.617976149860372,13029.832376891613,13029.832376891613,13029.832376891613,0.108779945345712,0.108779945345712,0.108779945345712
910,911,8.623009261557248,0.016128633038462965,13562.654152725467,1724.4157427266493,0.11223209213593499,0.011550290558042568,8.617976149860372,8.617976149860372,8.617976149860372,13029.832376891613,13029.832376891613,13029.832376891613,0.108779945345712,0.108779945345712,0.108779945345712
911,912,8.622897935401737,0.015970106063419733,13550.383976499961,1706.240346026596,0.11214819326605242,0.011421993048491532,8.617976149860372,8.617976149860372,8.617976149860372,13029.832376891613,13029.832376891613,13029.832376891613,0.108779945345712,0.108779945345712,0.108779945345712
912,913,8.622613992068464,0.01573242056391225,13520.723527726568,1654.8947731740084,0.111783444445266,0.01099402752638225,8.617976149860372,8.617976149860372,8.617976149860372,13029.832376891613,13029.832376891613,13029.832376891613,0.108779945345712,0.108779945345712,0.108779945345712
913,914,8.622613992068464,0.01573242056391225,13520.723527726568,1654.8947731740084,0.111783444445266,0.01099402752638225,8.617976149860372,8.617976149860372,8.617976149860372,13029.832376891613,13029.832376891613,13029.832376891613,0.108779945345712,0.108779945345712,0.108779945345712
914,915,8.622613992068464,0.01573242056391225,13520.723527726568,1654.8947731740084,0.111783444445266,0.01099402752638225,8.617976149860372,8.617976149860372,8.617976149860372,13029.832376891613,13029.832376891613,13029.832376891613,0.108779945345712,0.108779945345712,0.108779945345712
915,916,8.622558328990708,0.01565004451556589,13514.588439613815,1645.3033415603184,0.11174149501032471,0.010925159796726577,8.617976149860372,8.617976149860372,8.617976149860372,13029.832376891613,13029.832376891613,13029.832376891613,0.108779945345712,0.108779945345712,0.108779945345712
916,917,8.622519107450644,0.015435735126750682,13506.584070842553,1637.592837072366,0.11180946220688066,0.010888564550256302,8.617976149860372,8.617976149860372,8.617976149860372,13029.832376891613,13029.832376891613,13029.832376891613,0.108779945345712,0.108779945345712,0.108779945345712
917,918,8.62227142532906,0.014998398951241582,13490.973340252096,1609.1679484967717,0.11169759231375484,0.010711170979896314,8.617976149860372,8.617976149860372,8.617976149860372,13029.832376891613,13029.832376891613,13029.832376891613,0.108779945345712,0.108779945345712,0.108779945345712
918,919,8.622407781295133,0.015266442576647842,13494.31389461705,1618.0175478358728,0.11172556333699808,0.01074907599949072,8.617976149860372,8.617976149860372,8.617976149860372,13029.832376891613,13029.832376891613,13029.832376891613,0.108779945345712,0.108779945345712,0.108779945345712
919,920,8.62220494865811,0.014869414090688529,13485.692541007478,1601.9916181642923,0.1117007278933963,0.010709857377208969,8.617976149860372,8.617976149860372,8.617976149860372,13029.832376891613,13029.832376891613,13029.832376891613,0.108779945345712,0.108779945345712,0.108779945345712
920,921,8.622240792061865,0.015007375464651657,13475.908630278791,1588.0245347990317,0.1115997150321742,0.010535128562720188,8.617976149860372,8.617976149860372,8.617976149860372,13029.832376891613,13029.832376891613,13029.832376891613,0.108779945345712,0.108779945345712,0.108779945345712
921,922,8.62220494865811,0.014869414090688529,13485.692541007478,1601.9916181642923,0.1117007278933963,0.010709857377208969,8.617976149860372,8.617976149860372,8.617976149860372,13029.832376891613,13029.832376891613,13029.832376891613,0.108779945345712,0.108779945345712,0.108779945345712
922,923,8.622240792061865,0.015007375464651657,13475.908630278791,1588.0245347990317,0.1115997150321742,0.010535128562720188,8.617976149860372,8.617976149860372,8.617976149860372,13029.832376891613,13029.832376891613,13029.832376891613,0.108779945345712,0.108779945345712,0.108779945345712
923,924,8.622185128984109,0.014919604818976995,13469.773542166038,1577.8524683586124,0.1115577655972329,0.010462504216299282,8.617976149860372,8.617976149860372,8.617976149860372,13029.832376891613,13029.832376891613,13029.832376891613,0.108779945345712,0.108779945345712,0.108779945345712
924,925,8.622185128984109,0.014919604818976995,13469.773542166038,1577.8524683586124,0.1115577655972329,0.010462504216299282,8.617976149860372,8.617976149860372,8.617976149860372,13029.832376891613,13029.832376891613,13029.832376891613,0.108779945345712,0.108779945345712,0.108779945345712
925,926,8.62201813975084,0.014651870060438612,13451.36827782778,1546.788998724973,0.11143191729240902,0.010240510697425698,8.617976149860372,8.617976149860372,8.617976149860372,13029.832376891613,13029.832376891613,13029.832376891613,0.108779945345712,0.108779945345712,0.108779945345712
926,927,8.621951663079892,0.014518647506006213,13446.087478583162,1539.1860095545562,0.1114350528720505,0.010239218071417897,8.617976149860372,8.617976149860372,8.617976149860372,13029.832376891613,13029.832376891613,13029.832376891613,0.108779945345712,0.108779945345712,0.108779945345712
927,928,8.621860156598382,0.014282355107768046,13449.736301199096,1543.302613497893,0.11149411629833132,0.01034682001640188,8.617976149860372,8.617976149860372,8.617976149860372,13029.832376891613,13029.832376891613,13029.832376891613,0.108779945345712,0.108779945345712,0.108779945345712
928,929,8.621860156598382,0.014282355107768046,13449.736301199096,1543.302613497893,0.11149411629833132,0.01034682001640188,8.617976149860372,8.617976149860372,8.617976149860372,13029.832376891613,13029.832376891613,13029.832376891613,0.108779945345712,0.108779945345712,0.108779945345712
929,930,8.621673347691113,0.014051144716220427,13415.412038019402,1485.0904604976467,0.11122530569734401,0.009854573556560761,8.617976149860372,8.617976149860372,8.617976149860372,13029.832376891613,13029.832376891613,13029.832376891613,0.108779945345712,0.108779945345712,0.108779945345712
930,931,8.621804493520628,0.014188607484845028,13443.601213086344,1532.7290388457682,0.11145216686339003,0.010272433279433928,8.617976149860372,8.617976149860372,8.617976149860372,13029.832376891613,13029.832376891613,13029.832376891613,0.108779945345712,0.108779945345712,0.108779945345712
931,932,8.621617684613357,0.013955098926676204,13409.276949906649,1473.956532871554,0.11118335626240272,0.009775288645591925,8.617976149860372,8.617976149860372,8.617976149860372,13029.832376891613,13029.832376891613,13029.832376891613,0.108779945345712,0.108779945345712,0.108779945345712
932,933,8.6215620215356,0.013858163930117831,13403.141861793896,1462.7121272198606,0.11114140682746144,0.009695173887941694,8.617976149860372,8.617976149860372,8.617976149860372,13029.832376891613,13029.832376891613,13029.832376891613,0.108779945345712,0.108779945345712,0.108779945345712
933,934,8.621439881786895,0.01361588110702817,13391.725974436527,1443.0501085814274,0.1111025929721616,0.009612940138114808,8.617976149860372,8.617976149860372,8.617976149860372,13029.832376891613,13029.832376891613,13029.832376891613,0.108779945345712,0.108779945345712,0.108779945345712
934,935,8.621439881786895,0.01361588110702817,13391.725974436527,1443.0501085814274,0.1111025929721616,0.009612940138114808,8.617976149860372,8.617976149860372,8.617976149860372,13029.832376891613,13029.832376891613,13029.832376891613,0.108779945345712,0.108779945345712,0.108779945345712
935,936,8.621384218709139,0.013515781356485358,13385.590886323775,1431.4877465896236,0.11106064353722031,0.009531105432371815,8.617976149860372,8.617976149860372,8.617976149860372,13029.832376891613,13029.832376891613,13029.832376891613,0.108779945345712,0.108779945345712,0.108779945345712
936,937,8.620802558121026,0.012337479719496053,13333.169627056797,1323.2316343962448,0.11069707703444684,0.00879276223685831,8.617976149860372,8.617976149860372,8.617976149860372,13029.832376891613,13029.832376891613,13029.832376891613,0.108779945345712,0.108779945345712,0.108779945345712
937,938,8.621217229475873,0.01320952486671588,13367.185621985516,1396.0645240247784,0.11093479523239644,0.009280135327349009,8.617976149860372,8.617976149860372,8.617976149860372,13029.832376891613,13029.832376891613,13029.832376891613,0.108779945345712,0.108779945345712,0.108779945345712
938,939,8.621217229475873,0.01320952486671588,13367.185621985516,1396.0645240247784,0.11093479523239644,0.009280135327349009,8.617976149860372,8.617976149860372,8.617976149860372,13029.832376891613,13029.832376891613,13029.832376891613,0.108779945345712,0.108779945345712,0.108779945345712
939,940,8.621161566398117,0.013105376283578177,13361.050533872763,1384.0009369760883,0.11089284579745515,0.009194573743093518,8.617976149860372,8.617976149860372,8.617976149860372,13029.832376891613,13029.832376891613,13029.832376891613,0.108779945345712,0.108779945345712,0.108779945345712
940,941,8.62110590332036,0.01300015504167204,13354.915445760013,1371.8038319120365,0.11085089636251386,0.009108015230019905,8.617976149860372,8.617976149860372,8.617976149860372,13029.832376891613,13029.832376891613,13029.832376891613,0.108779945345712,0.108779945345712,0.108779945345712
941,942,8.62063556888776,0.011993095732369511,13314.76436271854,1284.0760454909769,0.11057122872962294,0.008514699068594003,8.617976149860372,8.617976149860372,8.617976149860372,13029.832376891613,13029.832376891613,13029.832376891613,0.108779945345712,0.108779945345712,0.108779945345712
942,943,8.62110590332036,0.01300015504167204,13354.915445760013,1371.8038319120365,0.11085089636251386,0.009108015230019905,8.617976149860372,8.617976149860372,8.617976149860372,13029.832376891613,13029.832376891613,13029.832376891613,0.108779945345712,0.108779945345712,0.108779945345712
943,944,8.620994577164849,0.01278638838706359,13342.645269534507,1346.9945199618865,0.11076699749263126,0.008931791148806767,8.617976149860372,8.617976149860372,8.617976149860372,13029.832376891613,13029.832376891613,13029.832376891613,0.108779945345712,0.108779945345712,0.108779945345712
944,945,8.620994577164849,0.01278638838706359,13342.645269534507,1346.9945199618865,0.11076699749263126,0.008931791148806767,8.617976149860372,8.617976149860372,8.617976149860372,13029.832376891613,13029.832376891613,13029.832376891613,0.108779945345712,0.108779945345712,0.108779945345712
945,946,8.620938914087091,0.012677786923939864,13336.510181421754,1334.3745953323237,0.11072504805768996,0.008842063656660779,8.617976149860372,8.617976149860372,8.617976149860372,13029.832376891613,13029.832376891613,13029.832376891613,0.108779945345712,0.108779945345712,0.108779945345712
946,947,8.620938914087091,0.012677786923939864,13336.510181421754,1334.3745953323237,0.11072504805768996,0.008842063656660779,8.617976149860372,8.617976149860372,8.617976149860372,13029.832376891613,13029.832376891613,13029.832376891613,0.108779945345712,0.108779945345712,0.108779945345712
947,948,8.620883251009337,0.012568000550459727,13330.375093309001,1321.6056922989358,0.11068309862274868,0.008751215160238952,8.617976149860372,8.617976149860372,8.617976149860372,13029.832376891613,13029.832376891613,13029.832376891613,0.108779945345712,0.108779945345712,0.108779945345712
948,949,8.620235113750274,0.011081268872335882,13272.67303479741,1190.5222654152778,0.11032266769961667,0.007922148806851733,8.617976149860372,8.617976149860372,8.617976149860372,13029.832376891613,13029.832376891613,13029.832376891613,0.108779945345712,0.108779945345712,0.108779945345712
949,950,8.620771924853825,0.012344746277752132,13318.104917083496,1295.6032805520895,0.1105991997528661,0.008566012047327163,8.617976149860372,8.617976149860372,8.617976149860372,13029.832376891613,13029.832376891613,13029.832376891613,0.108779945345712,0.108779945345712,0.108779945345712
950,951,8.620646382480949,0.0120456416232636,13313.910073850402,1280.4627771834378,0.11052614371504015,0.00842078763613836,8.617976149860372,8.617976149860372,8.617976149860372,13029.832376891613,13029.832376891613,13029.832376891613,0.108779945345712,0.108779945345712,0.108779945345712
951,952,8.620224300157082,0.011023723888286886,13273.527323665545,1194.4371427529297,0.11036775271419944,0.008023043373428965,8.617976149860372,8.617976149860372,8.617976149860372,13029.832376891613,13029.832376891613,13029.832376891613,0.108779945345712,0.108779945345712,0.108779945345712
952,953,8.620479393247683,0.011690434646843589,13295.504809512144,1239.6714491160583,0.11040029541021627,0.008127365720254269,8.617976149860372,8.617976149860372,8.617976149860372,13029.832376891613,13029.832376891613,13029.832376891613,0.108779945345712,0.108779945345712,0.108779945345712
953,954,8.620224300157082,0.011023723888286886,13273.527323665545,1194.4371427529297,0.11036775271419944,0.008023043373428965,8.617976149860372,8.617976149860372,8.617976149860372,13029.832376891613,13029.832376891613,13029.832376891613,0.108779945345712,0.108779945345712,0.108779945345712
954,955,8.620423730169927,0.011569073519138282,13289.369721399393,1225.7113052683458,0.11035834597527498,0.008026736836536031,8.617976149860372,8.617976149860372,8.617976149860372,13029.832376891613,13029.832376891613,13029.832376891613,0.108779945345712,0.108779945345712,0.108779945345712
955,956,8.620423730169927,0.011569073519138282,13289.369721399393,1225.7113052683458,0.11035834597527498,0.008026736836536031,8.617976149860372,8.617976149860372,8.617976149860372,13029.832376891613,13029.832376891613,13029.832376891613,0.108779945345712,0.108779945345712,0.108779945345712
956,957,8.620368067092171,0.011446155039745082,13283.23463328664,1211.5592545804159,0.11031639654033368,0.00792460821902641,8.617976149860372,8.617976149860372,8.617976149860372,13029.832376891613,13029.832376891613,13029.832376891613,0.108779945345712,0.108779945345712,0.108779945345712
957,958,8.62011297400157,0.010761686404128258,13261.25714744004,1165.0026945655811,0.11028385384431684,0.007817231367650676,8.617976149860372,8.617976149860372,8.617976149860372,13029.832376891613,13029.832376891613,13029.832376891613,0.108779945345712,0.108779945345712,0.108779945345712
958,959,8.620134601187955,0.0108794548874408,13259.548569703766,1156.9417628168544,0.1101936838151513,0.007607387468978627,8.617976149860372,8.617976149860372,8.617976149860372,13029.832376891613,13029.832376891613,13029.832376891613,0.108779945345712,0.108779945345712,0.108779945345712
959,960,8.620078938110199,0.010747155629863394,13253.413481591015,1141.7775419318943,0.11015173438020999,0.007498629229137997,8.617976149860372,8.617976149860372,8.617976149860372,13029.832376891613,13029.832376891613,13029.832376891613,0.108779945345712,0.108779945345712,0.108779945345712
960,961,8.619879508097354,0.010151002740451975,13237.571083857163,1107.6229382244999,0.11016114111913443,0.007494934831449023,8.617976149860372,8.617976149860372,8.617976149860372,13029.832376891613,13029.832376891613,13029.832376891613,0.108779945345712,0.108779945345712,0.108779945345712
961,962,8.619879508097354,0.010151002740451975,13237.571083857163,1107.6229382244999,0.11016114111913443,0.007494934831449023,8.617976149860372,8.617976149860372,8.617976149860372,13029.832376891613,13029.832376891613,13029.832376891613,0.108779945345712,0.108779945345712,0.108779945345712
962,963,8.6198238450196,0.010007660745060962,13231.435995744412,1091.6504103269556,0.11011919168419312,0.007384335721319741,8.617976149860372,8.617976149860372,8.617976149860372,13029.832376891613,13029.832376891613,13029.832376891613,0.108779945345712,0.108779945345712,0.108779945345712
963,964,8.619768181941842,0.009861921404237318,13225.30090763166,1075.405683842449,0.11007724224925183,0.007271812734969585,8.617976149860372,8.617976149860372,8.617976149860372,13029.832376891613,13029.832376891613,13029.832376891613,0.108779945345712,0.108779945345712,0.108779945345712
964,965,8.619768181941842,0.009861921404237318,13225.30090763166,1075.405683842449,0.11007724224925183,0.007271812734969585,8.617976149860372,8.617976149860372,8.617976149860372,13029.832376891613,13029.832376891613,13029.832376891613,0.108779945345712,0.108779945345712,0.108779945345712
965,966,8.61984547220598,0.010134812483122676,13229.72741800814,1082.996620059362,0.11002902165502758,0.007159745575744186,8.617976149860372,8.617976149860372,8.617976149860372,13029.832376891613,13029.832376891613,13029.832376891613,0.108779945345712,0.108779945345712,0.108779945345712
966,967,8.619712518864086,0.009713676812722546,13219.165819518907,1058.8762310591248,0.11003529281431056,0.007157275134406192,8.617976149860372,8.617976149860372,8.617976149860372,13029.832376891613,13029.832376891613,13029.832376891613,0.108779945345712,0.108779945345712,0.108779945345712
967,968,8.61973414605047,0.009844870900366252,13217.457241782635,1049.93238082037,0.109945122785145,0.006924232786867465,8.617976149860372,8.617976149860372,8.617976149860372,13029.832376891613,13029.832376891613,13029.832376891613,0.108779945345712,0.108779945345712,0.108779945345712
968,969,8.619667669379522,0.00962972728509094,13212.176442538019,1037.508985639206,0.10994825836478647,0.006922994365292171,8.617976149860372,8.617976149860372,8.617976149860372,13029.832376891613,13029.832376891613,13029.832376891613,0.108779945345712,0.108779945345712,0.108779945345712
969,970,8.619590379115381,0.009340622701173392,13207.749932161538,1029.50727142292,0.10999647895901071,0.0070393851743343625,8.617976149860372,8.617976149860372,8.617976149860372,13029.832376891613,13029.832376891613,13029.832376891613,0.108779945345712,0.108779945345712,0.108779945345712
970,971,8.619590379115381,0.009340622701173392,13207.749932161538,1029.50727142292,0.10999647895901071,0.0070393851743343625,8.617976149860372,8.617976149860372,8.617976149860372,13029.832376891613,13029.832376891613,13029.832376891613,0.108779945345712,0.108779945345712,0.108779945345712
971,972,8.619534716037624,0.009182889620333902,13201.614844048787,1012.1222041888267,0.10995452952406942,0.006920512595247733,8.617976149860372,8.617976149860372,8.617976149860372,13029.832376891613,13029.832376891613,13029.832376891613,0.108779945345712,0.108779945345712,0.108779945345712
972,973,8.619423389882114,0.008857952933776813,13189.344667823281,976.308244856055,0.10987063065418684,0.006675630153559992,8.617976149860372,8.617976149860372,8.617976149860372,13029.832376891613,13029.832376891613,13029.832376891613,0.108779945345712,0.108779945345712,0.108779945345712
973,974,8.619312063726602,0.008519179041960095,13177.074491597778,938.9691727030024,0.10978673178430425,0.006420319561557752,8.617976149860372,8.617976149860372,8.617976149860372,13029.832376891613,13029.832376891613,13029.832376891613,0.108779945345712,0.108779945345712,0.108779945345712
974,975,8.6193120637266,0.008519179041960095,13177.074491597778,938.9691727030024,0.10978673178430423,0.006420319561557752,8.617976149860372,8.617976149860372,8.617976149860372,13029.832376891613,13029.832376891613,13029.832376891613,0.108779945345712,0.108779945345712,0.108779945345712
975,976,8.619089411415578,0.007792830885852665,13152.534139146768,858.9123357853427,0.10961893404453905,0.005872920891781115,8.617976149860372,8.617976149860372,8.617976149860372,13029.832376891613,13029.832376891613,13029.832376891613,0.108779945345712,0.108779945345712,0.108779945345712
976,977,8.619256400648844,0.008344079164310448,13170.939403485025,919.6699671754172,0.10974478234936294,0.006288358821659773,8.617976149860372,8.617976149860372,8.617976149860372,13029.832376891613,13029.832376891613,13029.832376891613,0.108779945345712,0.108779945345712,0.108779945345712
977,978,8.61892242218231,0.007195623567326439,13134.128874808514,793.0891785249066,0.10949308573971518,0.005422846793026503,8.617976149860372,8.617976149860372,8.617976149860372,13029.832376891613,13029.832376891613,13029.832376891613,0.108779945345712,0.108779945345712,0.108779945345712
978,979,8.618866759104554,0.0069843300880483425,13127.993786695759,769.8007768540284,0.10945113630477389,0.005263609423843727,8.617976149860372,8.617976149860372,8.617976149860372,13029.832376891613,13029.832376891613,13029.832376891613,0.108779945345712,0.108779945345712,0.108779945345712
979,980,8.618755432949042,0.006539878670263926,13115.723610470253,720.814110649665,0.10936723743489131,0.004928656945710713,8.617976149860372,8.617976149860372,8.617976149860372,13029.832376891613,13029.832376891613,13029.832376891613,0.108779945345712,0.108779945345712,0.108779945345712
980,981,8.61920073757109,0.008164845736150613,13164.804315372272,899.9151688631559,0.10970283291442165,0.006153282908918434,8.617976149860372,8.617976149860372,8.617976149860372,13029.832376891613,13029.832376891613,13029.832376891613,0.108779945345712,0.108779945345712,0.108779945345712
981,982,8.618644106793528,0.00606088873342239,13103.45343424475,668.0206686391215,0.10928333856500871,0.0045676751602421635,8.617976149860372,8.617976149860372,8.617976149860372,13029.832376891613,13029.832376891613,13029.832376891613,0.108779945345712,0.108779945345712,0.108779945345712
982,983,8.618532780638017,0.005538406307799898,13091.183258019246,610.433559773085,0.10919943969512612,0.00417391607603087,8.617976149860372,8.617976149860372,8.617976149860372,13029.832376891613,13029.832376891613,13029.832376891613,0.108779945345712,0.108779945345712,0.108779945345712
983,984,8.618477117560262,0.005256846525368364,13085.048169906493,579.4005277550904,0.10915749026018483,0.003961723824877385,8.617976149860372,8.617976149860372,8.617976149860372,13029.832376891613,13029.832376891613,13029.832376891613,0.108779945345712,0.108779945345712,0.108779945345712
984,985,8.619256400648846,0.008344079164310448,13170.939403485025,919.6699671754172,0.10974478234936298,0.006288358821659773,8.617976149860372,8.617976149860372,8.617976149860372,13029.832376891613,13029.832376891613,13029.832376891613,0.108779945345712,0.108779945345712,0.108779945345712
985,986,8.618477117560262,0.005256846525368364,13085.048169906493,579.4005277550904,0.10915749026018483,0.003961723824877385,8.617976149860372,8.617976149860372,8.617976149860372,13029.832376891613,13029.832376891613,13029.832376891613,0.108779945345712,0.108779945345712,0.108779945345712
986,987,8.618365791404749,0.0046407787109412225,13072.777993680987,511.49859927202573,0.10907359139030225,0.0034974358669965667,8.617976149860372,8.617976149860372,8.617976149860372,13029.832376891613,13029.832376891613,13029.832376891613,0.108779945345712,0.108779945345712,0.108779945345712
987,988,8.618365791404749,0.0046407787109412225,13072.777993680987,511.49859927202573,0.10907359139030225,0.0034974358669965667,8.617976149860372,8.617976149860372,8.617976149860372,13029.832376891613,13029.832376891613,13029.832376891613,0.108779945345712,0.108779945345712,0.108779945345712
988,989,8.618198802171483,0.003513394206393272,13054.37272934273,387.24022996910566,0.10894774308547836,0.00264780367212243,8.617976149860372,8.617976149860372,8.617976149860372,13029.832376891613,13029.832376891613,13029.832376891613,0.108779945345712,0.108779945345712,0.108779945345712
989,990,8.618143139093727,0.0030442157071755276,13048.237641229976,335.52818763607337,0.10890579365053708,0.0022942160926674826,8.617976149860372,8.617976149860372,8.617976149860372,13029.832376891613,13029.832376891613,13029.832376891613,0.108779945345712,0.108779945345712,0.108779945345712
990,991,8.618811096026798,0.006765983910601656,13121.858698583004,745.735038994761,0.10940918686983263,0.005099056920915019,8.617976149860372,8.617976149860372,8.617976149860372,13029.832376891613,13029.832376891613,13029.832376891613,0.108779945345712,0.108779945345712,0.108779945345712
991,992,8.618143139093727,0.0030442157071755276,13048.237641229976,335.52818763607337,0.10890579365053708,0.0022942160926674826,8.617976149860372,8.617976149860372,8.617976149860372,13029.832376891613,13029.832376891613,13029.832376891613,0.108779945345712,0.108779945345712,0.108779945345712
992,993,8.618143139093727,0.0030442157071755276,13048.237641229976,335.52818763607337,0.10890579365053708,0.0022942160926674826,8.617976149860372,8.617976149860372,8.617976149860372,13029.832376891613,13029.832376891613,13029.832376891613,0.108779945345712,0.108779945345712,0.108779945345712
993,994,8.61808747601597,0.002486837939565027,13042.102553117224,274.0949745578488,0.10886384421559579,0.0018741587882087497,8.617976149860372,8.617976149860372,8.617976149860372,13029.832376891613,13029.832376891613,13029.832376891613,0.108779945345712,0.108779945345712,0.108779945345712
994,995,8.618031812938217,0.001759340742168865,13035.96746500447,193.91149229760765,0.1088218947806545,0.0013258941650078778,8.617976149860372,8.617976149860372,8.617976149860372,13029.832376891613,13029.832376891613,13029.832376891613,0.108779945345712,0.108779945345712,0.108779945345712
995,996,8.618198802171484,0.0035133942063932714,13054.372729342727,387.24022996910566,0.10894774308547839,0.00264780367212243,8.617976149860372,8.617976149860372,8.617976149860372,13029.832376891613,13029.832376891613,13029.832376891613,0.108779945345712,0.108779945345712,0.108779945345712
996,997,8.618031812938217,0.001759340742168865,13035.96746500447,193.91149229760765,0.1088218947806545,0.0013258941650078778,8.617976149860372,8.617976149860372,8.617976149860372,13029.832376891613,13029.832376891613,13029.832376891613,0.108779945345712,0.108779945345712,0.108779945345712
997,998,8.61797614986046,0.0,13029.832376891718,1.8189894035458565e-12,0.10877994534571321,2.7755575615628914e-17,8.617976149860372,8.617976149860372,8.617976149860372,13029.832376891613,13029.832376891613,13029.832376891613,0.108779945345712,0.108779945345712,0.108779945345712
998,999,8.61797614986046,0.0,13029.832376891718,1.8189894035458565e-12,0.10877994534571321,2.7755575615628914e-17,8.617976149860372,8.617976149860372,8.617976149860372,13029.832376891613,13029.832376891613,13029.832376891613,0.108779945345712,0.108779945345712,0.108779945345712
