,n,rmsd_mean,rmsd_std,rmsd_50,rmsd_25,rmsd_75
0,1,0.26082389212233636,0.24691112234876786,0.1771094152365547,0.13694861782263826,0.23653034308757914
1,2,0.16078069545940785,0.0990113595596692,0.1426496857747285,0.11766887251126587,0.1764836450449871
2,3,0.13726260815714536,0.055391180738671254,0.1308028823186665,0.1066849314124448,0.1559943417832128
3,4,0.12573384016766148,0.03376489419667564,0.123252385152264,0.1025291202494856,0.1448891840148676
4,5,0.118893902464028,0.028513635702830085,0.1177085524059607,0.09673397050411392,0.1371767390934012
5,6,0.11441422306000434,0.02646015374769742,0.1101926814565781,0.0945116742771026,0.13097649346199094
6,7,0.11072665459960322,0.02509757322416366,0.1065336585384881,0.0925484635590205,0.1272452082433422
7,8,0.10772546359918357,0.02327329265296778,0.1043218226762929,0.0909842271460275,0.1222590250668629
8,9,0.10448677299349605,0.021261087838743517,0.103051723138571,0.0903235107378677,0.12026352195009572
9,10,0.1025592545960018,0.020457588525285866,0.1008994060977718,0.0897625796479696,0.1160612734656797
10,11,0.10085486590832389,0.019163465303464727,0.0968389452109187,0.08907489434770524,0.112172314755277
11,12,0.0994990528252102,0.01866665376626332,0.0954666953767533,0.0869933151458861,0.11066245097453418
12,13,0.09803325630151273,0.01816313298577449,0.0945116742771026,0.0869122046567495,0.1084822819011971
13,14,0.096745458246063,0.01765367260868531,0.093794210578948,0.0858445779131447,0.1065336585384881
14,15,0.09555143868200827,0.01702940931141432,0.0928945688976896,0.0827877348732663,0.10514263566985313
15,16,0.09442205432119871,0.01621310560756635,0.0923161830373504,0.0827877348732663,0.1035734859623168
16,17,0.09369970432733721,0.015822775411443942,0.0919989026398868,0.0816634817995656,0.103051723138571
17,18,0.09293720403051337,0.015438812906198517,0.091468224380524,0.0813260672599199,0.1025291202494856
18,19,0.09215858638176211,0.014999215934070805,0.0907883711618376,0.0808263537103638,0.1010540289976464
19,20,0.09140951090874057,0.014498242903901051,0.0906101481210332,0.0807964711988903,0.0986735416645429
20,21,0.09086514862921179,0.014125222644359585,0.0904215885902902,0.0807964711988903,0.097132544786141
21,22,0.09033109623132231,0.013809058477069178,0.0903235107378677,0.0792287480090279,0.0967007033580503
22,23,0.08952233585428594,0.013363383604828515,0.0897625796479696,0.0792287480090279,0.0956665475176334
23,24,0.08908608287254821,0.013248467621918556,0.0897625796479696,0.07903803621748642,0.0952668432358732
24,25,0.08826532055593793,0.012872448927474866,0.0896728728660025,0.078465900842862,0.0945116742771026
25,26,0.08782997181324062,0.012663271579433635,0.0893684997787364,0.078465900842862,0.09402485732378
26,27,0.08735990188956369,0.012419761604108525,0.0881940780546118,0.0768744076152654,0.093794210578948
27,28,0.08681743921693244,0.012212816949812074,0.0869933151458861,0.0763096685705355,0.0934762882940829
28,29,0.0862722514219077,0.011875867425145905,0.0869833139814172,0.0763096685705355,0.0928729060665886
29,30,0.08592363138560018,0.011718447590492983,0.0869833139814172,0.0763096685705355,0.0926258903995772
30,31,0.08546909895023072,0.011490662900853023,0.0869122046567495,0.0754419106152174,0.0923161830373504
31,32,0.08514718580939071,0.011268986736180082,0.0863636222932173,0.0754419106152174,0.0919989026398868
32,33,0.08479401314621997,0.011226881955679967,0.0858445779131447,0.0754419106152174,0.091851720576278
33,34,0.08443261482009007,0.011089852447429448,0.0841602363606995,0.07529989766495979,0.091468224380524
34,35,0.08423588891462323,0.011077327580718431,0.0841602363606995,0.0748738588141869,0.0909842271460275
35,36,0.0839240413479423,0.010861651567663277,0.0827877348732663,0.0748738588141869,0.0907883711618376
36,37,0.08355230944669743,0.010741247080403249,0.0827877348732663,0.0748738588141869,0.0906371229531441
37,38,0.08318539825817196,0.010601042788305811,0.08222560833641596,0.0748738588141869,0.0906101481210332
38,39,0.08288097962781779,0.01052387006351604,0.0816634817995656,0.0742063973889871,0.0904215885902902
39,40,0.08258075172209725,0.010331176320231493,0.0816634817995656,0.0742063973889871,0.09034803020097332
40,41,0.0823591476998582,0.01017705886147619,0.0816634817995656,0.0742063973889871,0.0903235107378677
41,42,0.08207686060305495,0.010153149505078726,0.0813260672599199,0.0742063973889871,0.089830280007594
42,43,0.08184202845815884,0.010088708156313922,0.0813260672599199,0.0742063973889871,0.0897625796479696
43,44,0.08168349409527825,0.010050206279984904,0.0813260672599199,0.0742063973889871,0.0897625796479696
44,45,0.08151535699741264,0.009964769971915916,0.0808263537103638,0.074078337381716,0.0896728728660025
45,46,0.08122829632172102,0.009956789809915743,0.0808263537103638,0.074078337381716,0.0896728728660025
46,47,0.08096360059286646,0.009896024758812483,0.0807964711988903,0.074078337381716,0.0893684997787364
47,48,0.0808390701010257,0.009866617214514477,0.0807964711988903,0.074078337381716,0.08848768348564295
48,49,0.08069453003417126,0.010365196677317397,0.0792287480090279,0.0738760975142231,0.0896728728660025
49,50,0.0804939878853286,0.010385052708871289,0.0792287480090279,0.0738760975142231,0.0893684997787364
50,51,0.08036582648869665,0.0103218255908002,0.0792287480090279,0.0738760975142231,0.0893684997787364
51,52,0.080164769102983,0.010211347467061923,0.0792287480090279,0.0738760975142231,0.0881940780546118
52,53,0.08005226835530652,0.010164940667422991,0.0792287480090279,0.0738760975142231,0.0881940780546118
53,54,0.07989826317983936,0.010065935862433083,0.078465900842862,0.0738760975142231,0.0874357955461756
54,55,0.07966314093016448,0.010011614223968629,0.078465900842862,0.07382133366765939,0.0874357955461756
55,56,0.07957810610975409,0.00995111005815134,0.078465900842862,0.0736570421279683,0.0874357955461756
56,57,0.07941177051155085,0.009885950944915328,0.078465900842862,0.0736570421279683,0.0869933151458861
57,58,0.07924618496891754,0.00992827493113581,0.078465900842862,0.0736570421279683,0.0869933151458861
58,59,0.07904665063938647,0.009790712067776392,0.0768744076152654,0.0736570421279683,0.0869833139814172
59,60,0.07887868658608758,0.009747224072146385,0.0768744076152654,0.0736570421279683,0.0869833139814172
60,61,0.0787992954142266,0.009763621244453865,0.0768744076152654,0.0736570421279683,0.0869833139814172
61,62,0.07869528165799862,0.009766943883414429,0.0768744076152654,0.0736570421279683,0.08692998198791642
62,63,0.0785685609235465,0.009678285248573965,0.0768744076152654,0.0736570421279683,0.0869122046567495
63,64,0.07840536822602596,0.009603821847047236,0.0768744076152654,0.0736570421279683,0.0869122046567495
64,65,0.07830686628202435,0.009559046190574134,0.0763096685705355,0.0736570421279683,0.0863636222932173
65,66,0.07818186252266977,0.00950625362449824,0.0763096685705355,0.0736570421279683,0.0863636222932173
66,67,0.07809802662699374,0.009472682901401842,0.0763096685705355,0.0736570421279683,0.0863636222932173
67,68,0.0780160129792266,0.009439072526510802,0.0763096685705355,0.0736570421279683,0.0863636222932173
68,69,0.07792747601744461,0.009436220086966984,0.0763096685705355,0.0736570421279683,0.0858445779131447
69,70,0.07790121403869313,0.009417756073770128,0.0763096685705355,0.0736570421279683,0.0858445779131447
70,71,0.07781750661419645,0.00943009383930445,0.0763096685705355,0.0736570421279683,0.0858445779131447
71,72,0.07769608605797516,0.009464024406228897,0.0754419106152174,0.0736046600172521,0.0858445779131447
72,73,0.0775732120251035,0.009404498190410315,0.0754419106152174,0.0736046600172521,0.0858445779131447
73,74,0.07745937143204275,0.00933830174954858,0.0754419106152174,0.0736046600172521,0.0841602363606995
74,75,0.07729168514927455,0.009316372270115302,0.0754419106152174,0.0736046600172521,0.0841602363606995
75,76,0.07719184434825872,0.009267656480212248,0.0754419106152174,0.0736046600172521,0.08313086024512459
76,77,0.07714008766869798,0.0092710420659453,0.0754419106152174,0.0736046600172521,0.0827877348732663
77,78,0.07706222595391234,0.009226924035510587,0.0748738588141869,0.0736046600172521,0.0827877348732663
78,79,0.07697745570707808,0.009180036117906368,0.0748738588141869,0.0736046600172521,0.0827877348732663
79,80,0.07685664468559816,0.009181659601198447,0.0748738588141869,0.0736046600172521,0.0827877348732663
80,81,0.07675419534778492,0.009114295681442945,0.0748738588141869,0.0736046600172521,0.0827877348732663
81,82,0.07659733275596482,0.009053499015242552,0.0748738588141869,0.0736046600172521,0.08194454506799077
82,83,0.07646281667609907,0.008995553780432161,0.0748738588141869,0.0736046600172521,0.0816634817995656
83,84,0.07632210845809927,0.008997745123654859,0.0748738588141869,0.0736046600172521,0.0816634817995656
84,85,0.076196209831061,0.008882619925988358,0.0748738588141869,0.0736046600172521,0.0813260672599199
85,86,0.07606621751685208,0.008828430499314024,0.0748738588141869,0.0736046600172521,0.0813260672599199
86,87,0.0759767593293914,0.008852570704572658,0.0742063973889871,0.0736046600172521,0.0813260672599199
87,88,0.07594987879141393,0.008827968302959692,0.0742063973889871,0.0736046600172521,0.0813260672599199
88,89,0.07582221123336572,0.008786003031356005,0.0742063973889871,0.0736046600172521,0.0808263537103638
89,90,0.07569060308175345,0.008751488852051658,0.0742063973889871,0.0736046600172521,0.0808263537103638
90,91,0.07561989109730448,0.008777022806479063,0.0742063973889871,0.0736046600172521,0.0808263537103638
91,92,0.0755089191758294,0.008745310009645362,0.0742063973889871,0.0736046600172521,0.0807964711988903
92,93,0.07537891720281764,0.008773022785776873,0.0742063973889871,0.0736046600172521,0.0807964711988903
93,94,0.07530566075062459,0.008725277825100807,0.0742063973889871,0.073183332931545,0.0807964711988903
94,95,0.07522770870863658,0.008674298500611272,0.0742063973889871,0.0719193516744237,0.0807964711988903
95,96,0.0751769226485512,0.008619114302182637,0.0742063973889871,0.0719193516744237,0.07962067880649351
96,97,0.07445908114469584,0.008875236525552702,0.074078337381716,0.0719193516744237,0.0792287480090279
97,98,0.07442313889975416,0.008824678387727153,0.074078337381716,0.0719193516744237,0.0792287480090279
98,99,0.07430747617617108,0.008773528234509305,0.074078337381716,0.0719193516744237,0.078465900842862
99,100,0.07420051566042363,0.00875405312717481,0.074078337381716,0.0719193516744237,0.078465900842862
100,101,0.07413486245056167,0.008709764776217698,0.074078337381716,0.0719193516744237,0.078465900842862
101,102,0.07400529893178502,0.008640220682417833,0.074078337381716,0.0719193516744237,0.078465900842862
102,103,0.07394029052332092,0.008655182394853994,0.074078337381716,0.0719193516744237,0.078465900842862
103,104,0.07388703867881305,0.008640226102162443,0.074078337381716,0.0719193516744237,0.078465900842862
104,105,0.07381015621539426,0.008621880067911536,0.074078337381716,0.0719193516744237,0.0768744076152654
105,106,0.07375786460093649,0.00857740355704663,0.074078337381716,0.0719193516744237,0.0768744076152654
106,107,0.07369330926880384,0.00859004580961067,0.0738760975142231,0.0719193516744237,0.0768744076152654
107,108,0.07364642390576248,0.008592224144095707,0.0738760975142231,0.0719193516744237,0.0768744076152654
108,109,0.07359835266834312,0.00859347359968926,0.0738760975142231,0.0719193516744237,0.0768744076152654
109,110,0.07352065356771675,0.00859024588430405,0.0738760975142231,0.0719193516744237,0.0768744076152654
110,111,0.07348530124897427,0.008560213091210609,0.0738760975142231,0.0719193516744237,0.0768744076152654
111,112,0.07338595124563076,0.008535122814173656,0.0738760975142231,0.0719193516744237,0.0768744076152654
112,113,0.07331045304093543,0.008516892459724208,0.0738760975142231,0.0719193516744237,0.0768744076152654
113,114,0.07317059677106014,0.008536808807373088,0.0738760975142231,0.0719193516744237,0.0768744076152654
114,115,0.07309212608371522,0.008548220030017754,0.0738760975142231,0.0719193516744237,0.0768744076152654
115,116,0.07305167141572111,0.008545936226381876,0.0738760975142231,0.0719193516744237,0.0768744076152654
116,117,0.07299305875453942,0.008541068254488315,0.0738760975142231,0.0719193516744237,0.0768744076152654
117,118,0.07290557081723915,0.008566293878379835,0.0738760975142231,0.0719193516744237,0.0763096685705355
118,119,0.07280452084951997,0.008533347887187617,0.0738760975142231,0.0719193516744237,0.0763096685705355
119,120,0.07274270110384337,0.00852350984346454,0.0738760975142231,0.0719193516744237,0.0763096685705355
120,121,0.07266594361633728,0.008516090631221794,0.0738760975142231,0.0719193516744237,0.0763096685705355
121,122,0.07263624578405885,0.008495523424771051,0.0738760975142231,0.0719193516744237,0.0763096685705355
122,123,0.07259759657970373,0.008454927457138627,0.0738760975142231,0.0719193516744237,0.0763096685705355
123,124,0.0725018123124023,0.008404988803510767,0.0736570421279683,0.0719193516744237,0.0763096685705355
124,125,0.07244419754083027,0.008432070343584187,0.0736570421279683,0.0675613773115032,0.0763096685705355
125,126,0.07242342309791013,0.008424425554317806,0.0736570421279683,0.0675613773115032,0.0763096685705355
126,127,0.07236470607105616,0.008375120350175637,0.0736570421279683,0.0675613773115032,0.0754419106152174
127,128,0.07234263226645073,0.008361369776969158,0.0736570421279683,0.0675613773115032,0.0754419106152174
128,129,0.07231204999434893,0.008348814652850575,0.0736570421279683,0.0675613773115032,0.0754419106152174
129,130,0.07222204991543492,0.008350559867594011,0.0736570421279683,0.0675613773115032,0.0754419106152174
130,131,0.07213677839418284,0.008287154038985415,0.0736570421279683,0.0675613773115032,0.0754419106152174
131,132,0.07207701194598785,0.008289010022273387,0.0736570421279683,0.0675613773115032,0.0754419106152174
132,133,0.07195804190508596,0.0083015825493884,0.0736570421279683,0.0675613773115032,0.0754419106152174
133,134,0.07187883243952595,0.008290202151344302,0.0736570421279683,0.0675613773115032,0.0754419106152174
134,135,0.07182800400916457,0.008310747942376262,0.0736570421279683,0.0675613773115032,0.0754419106152174
135,136,0.07172482795839945,0.008276539495102599,0.0736570421279683,0.0675613773115032,0.0754419106152174
136,137,0.07165824575839778,0.008317126149359295,0.0736570421279683,0.0675613773115032,0.0754419106152174
137,138,0.07162556549380616,0.008319925497890452,0.0736570421279683,0.0675613773115032,0.0754419106152174
138,139,0.07161116202416934,0.008312534439841967,0.0736570421279683,0.0675613773115032,0.07501587176444452
139,140,0.07158182545725962,0.008341469076569578,0.0736570421279683,0.0675613773115032,0.07501587176444452
140,141,0.07156614149138799,0.008325125548097239,0.0736570421279683,0.0675613773115032,0.0748738588141869
141,142,0.07147956347188536,0.008275667464675911,0.0736570421279683,0.0675613773115032,0.0748738588141869
142,143,0.0714375502417298,0.008271866026175297,0.0736570421279683,0.0675613773115032,0.0748738588141869
143,144,0.07138630426320354,0.008286670191405308,0.0736570421279683,0.0675613773115032,0.0748738588141869
144,145,0.07188860924817059,0.00748414006304936,0.0736570421279683,0.0719193516744237,0.0748738588141869
145,146,0.07185337803138146,0.007494641235250877,0.0736570421279683,0.0719193516744237,0.0748738588141869
146,147,0.07179170093138511,0.007497635318498377,0.0736570421279683,0.0675613773115032,0.0748738588141869
147,148,0.07177625523793787,0.007498243301460858,0.0736570421279683,0.0675613773115032,0.0748738588141869
148,149,0.07169605364956581,0.0075050847514993736,0.0736570421279683,0.0675613773115032,0.0748738588141869
149,150,0.0716275584027153,0.007494961374768806,0.0736570421279683,0.0675613773115032,0.0748738588141869
150,151,0.07159844862183394,0.0074959736378895124,0.0736570421279683,0.0675613773115032,0.0748738588141869
151,152,0.07158246317076315,0.007491875201598253,0.0736570421279683,0.0675613773115032,0.0748738588141869
152,153,0.07156456519118247,0.007508383640703708,0.0736570421279683,0.0675613773115032,0.0748738588141869
153,154,0.07154333023687602,0.007493846537073568,0.0736570421279683,0.0675613773115032,0.0748738588141869
154,155,0.07148951040992206,0.007457909859634635,0.0736570421279683,0.0675613773115032,0.0748738588141869
155,156,0.0714404272132953,0.007445623169639611,0.0736570421279683,0.0675613773115032,0.0748738588141869
156,157,0.07139523699439308,0.007440463364488132,0.0736570421279683,0.0675613773115032,0.07437326274528705
157,158,0.07129530326338046,0.007437562437628542,0.0736570421279683,0.0675613773115032,0.0742063973889871
158,159,0.07125889961917865,0.007447093552239992,0.0736570421279683,0.0675613773115032,0.0742063973889871
159,160,0.07122877338720622,0.007421511747569012,0.0736570421279683,0.0675613773115032,0.0742063973889871
160,161,0.0711674627216353,0.0074011604755907685,0.0736570421279683,0.0675613773115032,0.0742063973889871
161,162,0.07111938989914539,0.007427269374922104,0.0736570421279683,0.0675613773115032,0.0742063973889871
162,163,0.0710708384726892,0.007413332180737747,0.0736570421279683,0.0675613773115032,0.0742063973889871
163,164,0.07103104548031766,0.00741192880474616,0.0736570421279683,0.0675613773115032,0.0742063973889871
164,165,0.07099639146076239,0.007371460372300629,0.0736570421279683,0.0675613773115032,0.0742063973889871
165,166,0.0709422785070361,0.007392769833879267,0.0736046600172521,0.0675613773115032,0.0742063973889871
166,167,0.07091173274023144,0.007378202181102208,0.0736046600172521,0.0675613773115032,0.0742063973889871
167,168,0.07089048013851466,0.007368246589555353,0.0736046600172521,0.0675613773115032,0.0742063973889871
168,169,0.07082485236320334,0.007369326289418472,0.0736046600172521,0.0675613773115032,0.0742063973889871
169,170,0.07080440298289488,0.00735007354974537,0.0736046600172521,0.0675613773115032,0.0742063973889871
170,171,0.07078645262120349,0.00736498897807562,0.0736046600172521,0.0675613773115032,0.0742063973889871
171,172,0.07075588352566056,0.007371612778803454,0.0736046600172521,0.0675613773115032,0.07411035238353378
172,173,0.07072332766318493,0.007381538850870064,0.0736046600172521,0.0675613773115032,0.074078337381716
173,174,0.07070760239758958,0.007370123323276233,0.0736046600172521,0.0675613773115032,0.074078337381716
174,175,0.07064919094185086,0.007384834422126964,0.0736046600172521,0.0675613773115032,0.074078337381716
175,176,0.07057797574433744,0.007361164384587954,0.0736046600172521,0.0675613773115032,0.074078337381716
176,177,0.07056659754344162,0.007357336503335365,0.0736046600172521,0.0675613773115032,0.074078337381716
177,178,0.07054868957087816,0.0073478480405747585,0.0736046600172521,0.0675613773115032,0.074078337381716
178,179,0.07053944348060757,0.007339200631890285,0.0736046600172521,0.0675613773115032,0.074078337381716
179,180,0.07053158164384386,0.007338266736692316,0.0736046600172521,0.0675613773115032,0.074078337381716
180,181,0.07052084511098139,0.007328976536220552,0.0736046600172521,0.0675613773115032,0.074078337381716
181,182,0.0705133510282438,0.0073216152417788,0.0736046600172521,0.0675613773115032,0.074078337381716
182,183,0.07048700032513017,0.007330378244222122,0.0736046600172521,0.0675613773115032,0.074078337381716
183,184,0.07043575760557415,0.007350218944374785,0.0736046600172521,0.0675613773115032,0.074078337381716
184,185,0.07039050053216474,0.007346486093146736,0.0736046600172521,0.0675613773115032,0.074078337381716
185,186,0.07034449689557913,0.007337905345720876,0.0736046600172521,0.0675613773115032,0.074078337381716
186,187,0.07030768635847742,0.0073475873184481524,0.0736046600172521,0.0675613773115032,0.074078337381716
187,188,0.07028174886039486,0.007329139649744472,0.0736046600172521,0.0675613773115032,0.074078337381716
188,189,0.0702494860918518,0.007294549038070511,0.0736046600172521,0.0675613773115032,0.074078337381716
189,190,0.07021714347967849,0.007294412629485505,0.0736046600172521,0.0675613773115032,0.074078337381716
190,191,0.07018489172279062,0.007285481272379178,0.0736046600172521,0.0675613773115032,0.074078337381716
191,192,0.07018069966058367,0.007283243312052188,0.0736046600172521,0.0675613773115032,0.074078337381716
192,193,0.069731267684207,0.007920142911019005,0.0736046600172521,0.0675613773115032,0.074078337381716
193,194,0.06968152336740578,0.007899056931334568,0.0736046600172521,0.0675613773115032,0.074078337381716
194,195,0.0696597035625856,0.007907896852432615,0.0736046600172521,0.0675613773115032,0.074078337381716
195,196,0.06963788972136857,0.007915837790892145,0.0736046600172521,0.0675613773115032,0.074078337381716
196,197,0.0696287971527358,0.007907306804553193,0.0736046600172521,0.0675613773115032,0.074078337381716
197,198,0.06962834467117104,0.007906300700021893,0.0736046600172521,0.0675613773115032,0.074078337381716
198,199,0.06958500411740959,0.007889907102605466,0.0736046600172521,0.0675613773115032,0.074078337381716
199,200,0.06957044469135899,0.007876609224145657,0.0736046600172521,0.0675613773115032,0.074078337381716
200,201,0.06950663143975257,0.007876011399290811,0.0736046600172521,0.0675613773115032,0.074078337381716
201,202,0.06946536119053578,0.007872667141150516,0.0736046600172521,0.0675613773115032,0.074078337381716
202,203,0.06943154926328164,0.00789126653163182,0.0736046600172521,0.0675613773115032,0.074078337381716
203,204,0.06938867165929774,0.00784051331775451,0.0736046600172521,0.0675613773115032,0.074078337381716
204,205,0.06937848916771099,0.007835808590974151,0.0736046600172521,0.0675613773115032,0.074078337381716
205,206,0.06933338017824586,0.007853858301716551,0.0719193516744237,0.0675613773115032,0.074078337381716
206,207,0.06929704134409055,0.007874761649896743,0.0719193516744237,0.0675613773115032,0.074078337381716
207,208,0.06926948512064125,0.007863873814657757,0.0719193516744237,0.0675613773115032,0.074078337381716
208,209,0.06923751022492385,0.007870508074286117,0.0719193516744237,0.0675613773115032,0.0738760975142231
209,210,0.06921060202322084,0.007852914458944288,0.0719193516744237,0.0675613773115032,0.0738760975142231
210,211,0.06918989448222364,0.00786063929379283,0.0719193516744237,0.0675613773115032,0.0738760975142231
211,212,0.06912580908889145,0.00785323038347859,0.0719193516744237,0.0675613773115032,0.0738760975142231
212,213,0.06910239672805066,0.007841203862118725,0.0719193516744237,0.0675613773115032,0.0738760975142231
213,214,0.06908758792782832,0.007833050511865593,0.0719193516744237,0.0675613773115032,0.0738760975142231
214,215,0.0690125993995018,0.007849028547601966,0.0719193516744237,0.0675613773115032,0.0738760975142231
215,216,0.06895955215756833,0.00784817810618148,0.0719193516744237,0.0675613773115032,0.0738760975142231
216,217,0.0689296912110654,0.007843955423549173,0.0719193516744237,0.0675613773115032,0.0738760975142231
217,218,0.06888537023706073,0.007844218293755418,0.0719193516744237,0.0675613773115032,0.0738760975142231
218,219,0.06888504641745304,0.007844018594820984,0.0719193516744237,0.0675613773115032,0.0738760975142231
219,220,0.0688647180146681,0.007852337865130742,0.0719193516744237,0.0675613773115032,0.0738760975142231
220,221,0.06884512560023136,0.007836749627201102,0.0719193516744237,0.0675613773115032,0.0738760975142231
221,222,0.06882840674951074,0.007808693702484004,0.0719193516744237,0.0675613773115032,0.0738760975142231
222,223,0.06881105386868182,0.007791630449834691,0.0719193516744237,0.0675613773115032,0.0738760975142231
223,224,0.06877293856731286,0.007808979277344554,0.0719193516744237,0.0675613773115032,0.0738760975142231
224,225,0.06875252895443854,0.007815751186401784,0.0719193516744237,0.0675613773115032,0.0738760975142231
225,226,0.06871116345795532,0.0078102865175130425,0.0719193516744237,0.0675613773115032,0.0738760975142231
226,227,0.06869723102013127,0.007800457956303324,0.0719193516744237,0.0675613773115032,0.0738760975142231
227,228,0.06865513540389552,0.007789363858269945,0.0719193516744237,0.0675613773115032,0.0738760975142231
228,229,0.0686265321860092,0.00779236401351887,0.0719193516744237,0.0675613773115032,0.0738760975142231
229,230,0.06861781623728334,0.007791113190094758,0.0719193516744237,0.0675613773115032,0.0738760975142231
230,231,0.06858978051853072,0.007789675213885945,0.0719193516744237,0.0675613773115032,0.0738760975142231
231,232,0.0685173488991727,0.007805530450042994,0.0719193516744237,0.0675613773115032,0.0738760975142231
232,233,0.06848833885608617,0.007806077819942681,0.0719193516744237,0.0675613773115032,0.0738760975142231
233,234,0.06843712074433249,0.007796822331799553,0.0719193516744237,0.0675613773115032,0.0738760975142231
234,235,0.06841364417368974,0.007801241535315669,0.0719193516744237,0.0675613773115032,0.0738760975142231
235,236,0.06841007730846813,0.007797558716214856,0.0719193516744237,0.0675613773115032,0.0738760975142231
236,237,0.06839678385057558,0.007787374442251912,0.0719193516744237,0.0675613773115032,0.0738760975142231
237,238,0.06839411584034931,0.007784926145464051,0.0719193516744237,0.0675613773115032,0.0738760975142231
238,239,0.06838515362874548,0.007770073539316749,0.0719193516744237,0.0675613773115032,0.0738760975142231
239,240,0.06833237674299143,0.007776517181558762,0.0719193516744237,0.0675613773115032,0.0738760975142231
240,241,0.06833665942486182,0.007740868327740257,0.0719193516744237,0.0675613773115032,0.0736570421279683
241,242,0.06831357227453753,0.0077460513295264394,0.0719193516744237,0.0675613773115032,0.0736570421279683
242,243,0.06830692940809945,0.007737517712321578,0.0719193516744237,0.0675613773115032,0.0736570421279683
243,244,0.0682944590714671,0.007729584960596473,0.0719193516744237,0.0675613773115032,0.0736570421279683
244,245,0.06827456716171294,0.00772107543205673,0.0719193516744237,0.0675613773115032,0.0736570421279683
245,246,0.06823258838081832,0.007731828508412994,0.0719193516744237,0.0675613773115032,0.0736570421279683
246,247,0.06821089857934279,0.007736709338424242,0.0719193516744237,0.0675613773115032,0.0736570421279683
247,248,0.06817678792852425,0.007754055294275254,0.0719193516744237,0.0557066804365723,0.0736570421279683
248,249,0.0681695139373768,0.007745730807408419,0.0719193516744237,0.0557066804365723,0.0736570421279683
249,250,0.06810409114175855,0.0077587560612775155,0.0719193516744237,0.0557066804365723,0.0736570421279683
250,251,0.06802517168981972,0.007753148628364442,0.0719193516744237,0.0557066804365723,0.0736570421279683
251,252,0.06800543645964108,0.007759359598875929,0.0719193516744237,0.0557066804365723,0.0736570421279683
252,253,0.06795459489053922,0.007762262030225502,0.0719193516744237,0.0557066804365723,0.0736570421279683
253,254,0.06795157130911265,0.00775943759056613,0.0719193516744237,0.0557066804365723,0.0736570421279683
254,255,0.06794673965738526,0.00775807176409154,0.0719193516744237,0.0557066804365723,0.0736570421279683
255,256,0.06789107522233015,0.007778657733973297,0.0719193516744237,0.0557066804365723,0.0736570421279683
256,257,0.06784534392395125,0.007788070097078934,0.0719193516744237,0.0557066804365723,0.0736570421279683
257,258,0.06780074519088036,0.007793576452866443,0.0719193516744237,0.0557066804365723,0.0736570421279683
258,259,0.06780052613549412,0.007793408765530756,0.0719193516744237,0.0557066804365723,0.0736570421279683
259,260,0.06777713536194829,0.00777095608464056,0.0719193516744237,0.0557066804365723,0.0736570421279683
260,261,0.06776544373122965,0.007762886659454089,0.0719193516744237,0.0557066804365723,0.0736570421279683
261,262,0.06770706158739095,0.007776090069234717,0.0719193516744237,0.0557066804365723,0.0736570421279683
262,263,0.06768423808769349,0.007778036080885587,0.0719193516744237,0.0557066804365723,0.0736570421279683
263,264,0.06763784484001491,0.007786069899232816,0.0719193516744237,0.0557066804365723,0.0736570421279683
264,265,0.0675875005740307,0.0078064179243624975,0.0719193516744237,0.0557066804365723,0.0736570421279683
265,266,0.06756691952480724,0.007811126619819805,0.0719193516744237,0.0557066804365723,0.0736570421279683
266,267,0.06755480061686255,0.007803979451760054,0.0719193516744237,0.0557066804365723,0.0736570421279683
267,268,0.06750861954507625,0.007810091541899337,0.0719193516744237,0.0557066804365723,0.0736570421279683
268,269,0.0675029600293832,0.007805280835219521,0.0719193516744237,0.0557066804365723,0.0736570421279683
269,270,0.06746024989848444,0.0078107193335257025,0.0719193516744237,0.0557066804365723,0.0736570421279683
270,271,0.0674394646338538,0.007814989050550492,0.0719193516744237,0.0557066804365723,0.0736570421279683
271,272,0.06743777932551095,0.007813840974433807,0.0719193516744237,0.0557066804365723,0.0736570421279683
272,273,0.06742993842302646,0.007804220872038549,0.0719193516744237,0.0557066804365723,0.0736570421279683
273,274,0.06740763136657194,0.007790552430579328,0.0719193516744237,0.0557066804365723,0.0736570421279683
274,275,0.06738548959543687,0.0077938034983368095,0.0719193516744237,0.0557066804365723,0.0736570421279683
275,276,0.06736555713290056,0.007781979178502422,0.0719193516744237,0.0557066804365723,0.0736570421279683
276,277,0.06728451783095443,0.007796890047217333,0.0719193516744237,0.0557066804365723,0.0736046600172521
277,278,0.06728278014050089,0.007795663153809888,0.0719193516744237,0.0557066804365723,0.0736046600172521
278,279,0.0672580413812423,0.007798430561291187,0.0719193516744237,0.0557066804365723,0.0736046600172521
279,280,0.06724411756523284,0.007791550172350271,0.0719193516744237,0.0557066804365723,0.0736046600172521
280,281,0.0672322628683579,0.007800072137882107,0.0719193516744237,0.0557066804365723,0.0736046600172521
281,282,0.06720995453230359,0.007804506933240889,0.0719193516744237,0.0557066804365723,0.0736046600172521
282,283,0.06720559655794067,0.007803092627643998,0.0719193516744237,0.0557066804365723,0.0736046600172521
283,284,0.06718009709162655,0.00781867805434023,0.0719193516744237,0.0557066804365723,0.0736046600172521
284,285,0.06717526543989917,0.007816845738714185,0.0719193516744237,0.0557066804365723,0.0736046600172521
285,286,0.06716997760371281,0.007809140633526141,0.0719193516744237,0.0557066804365723,0.0736046600172521
286,287,0.06716535284764673,0.007804843098818531,0.0719193516744237,0.0557066804365723,0.0736046600172521
287,288,0.06716077581789756,0.007803218509963512,0.0719193516744237,0.0557066804365723,0.0736046600172521
288,289,0.06715002344245907,0.007689430247653019,0.0719193516744237,0.0557066804365723,0.0736570421279683
289,290,0.06713964535617614,0.007680763752046742,0.0719193516744237,0.0557066804365723,0.0736570421279683
290,291,0.06713322587175201,0.007677729389794438,0.0719193516744237,0.0557066804365723,0.0736570421279683
291,292,0.06710890840774716,0.007680428326787393,0.0719193516744237,0.0557066804365723,0.0736570421279683
292,293,0.06705446935414369,0.007696719138885248,0.0675613773115032,0.0557066804365723,0.0736570421279683
293,294,0.06701333847679225,0.007701674031647651,0.0675613773115032,0.0557066804365723,0.0736570421279683
294,295,0.06696736397346502,0.007701026648971879,0.0675613773115032,0.0557066804365723,0.0736570421279683
295,296,0.06693302145410993,0.007699078536440946,0.0675613773115032,0.0557066804365723,0.0736570421279683
296,297,0.06692589568546028,0.007692691463582022,0.0675613773115032,0.0557066804365723,0.0736570421279683
297,298,0.06690648219039097,0.0076960236195592795,0.0675613773115032,0.0557066804365723,0.0736570421279683
298,299,0.06689018991790094,0.007700538539606303,0.0675613773115032,0.0557066804365723,0.0736570421279683
299,300,0.06685396017536478,0.007708132225976626,0.0675613773115032,0.0557066804365723,0.0736570421279683
300,301,0.06681045035617524,0.007713614921845218,0.0675613773115032,0.0557066804365723,0.0736570421279683
301,302,0.06676552657162142,0.007717951009817408,0.0675613773115032,0.0557066804365723,0.0736046600172521
302,303,0.06670034995322054,0.007724393307330675,0.0675613773115032,0.0557066804365723,0.0736046600172521
303,304,0.06667922940407554,0.007725931460905817,0.0675613773115032,0.0557066804365723,0.0736046600172521
304,305,0.06664120526157742,0.007733386854149392,0.0675613773115032,0.0557066804365723,0.0736046600172521
305,306,0.06660488324294088,0.0077419989480806495,0.0675613773115032,0.0557066804365723,0.0736046600172521
306,307,0.0665862554659812,0.007745789696638778,0.0675613773115032,0.0557066804365723,0.0736046600172521
307,308,0.0665491903080229,0.007753365213412787,0.0675613773115032,0.0557066804365723,0.0736046600172521
308,309,0.06652833782130246,0.0077550987228542385,0.0675613773115032,0.0557066804365723,0.0736046600172521
309,310,0.06650191375370106,0.007754114130473778,0.0675613773115032,0.0557066804365723,0.0736046600172521
310,311,0.06646316978205101,0.007758762811582174,0.0675613773115032,0.0557066804365723,0.0736046600172521
311,312,0.06645875942557737,0.007756872187778492,0.0675613773115032,0.0557066804365723,0.0736046600172521
312,313,0.06645164918394218,0.007752577540043438,0.0675613773115032,0.0557066804365723,0.0736046600172521
313,314,0.06643543651270432,0.007758076710534308,0.0675613773115032,0.0557066804365723,0.0736046600172521
314,315,0.06643327752699703,0.007756249672175526,0.0675613773115032,0.0557066804365723,0.0736046600172521
315,316,0.06641701247364845,0.00776165918168036,0.0675613773115032,0.0557066804365723,0.0736046600172521
316,317,0.0663825916619844,0.007753861935008547,0.0675613773115032,0.0557066804365723,0.0736046600172521
317,318,0.06635877954473247,0.007751900346231057,0.0675613773115032,0.0557066804365723,0.0736046600172521
318,319,0.06634008604371933,0.007754976399753807,0.0675613773115032,0.0557066804365723,0.0736046600172521
319,320,0.06633976222411164,0.007754668117378773,0.0675613773115032,0.0557066804365723,0.0736046600172521
320,321,0.06630239423984838,0.007741642218244972,0.0675613773115032,0.0557066804365723,0.0736046600172521
321,322,0.06625342395926628,0.007736789857878852,0.0675613773115032,0.0557066804365723,0.0736046600172521
322,323,0.06625329589925902,0.0077366592772509174,0.0675613773115032,0.0557066804365723,0.0736046600172521
323,324,0.06624683132129952,0.007732858959538005,0.0675613773115032,0.0557066804365723,0.0736046600172521
324,325,0.06624419865822777,0.007730507804350193,0.0675613773115032,0.0557066804365723,0.0736046600172521
325,326,0.06623418093696626,0.007723273422479068,0.0675613773115032,0.0557066804365723,0.0736046600172521
326,327,0.06620175559449056,0.007733363767241287,0.0675613773115032,0.0557066804365723,0.0736046600172521
327,328,0.06617570564410918,0.007731232485292443,0.0675613773115032,0.0557066804365723,0.0736046600172521
328,329,0.06616525200492981,0.0077257185277294724,0.0675613773115032,0.0557066804365723,0.0736046600172521
329,330,0.06613081753450359,0.007733754298288851,0.0675613773115032,0.0557066804365723,0.0736046600172521
330,331,0.06604677047649343,0.007752930216101986,0.0675613773115032,0.0557066804365723,0.0736046600172521
331,332,0.06602887249691276,0.007756120316614323,0.0675613773115032,0.0557066804365723,0.0736046600172521
332,333,0.06602550188022711,0.007753192979767457,0.0675613773115032,0.0557066804365723,0.0736046600172521
333,334,0.06600494161174535,0.007733355759158983,0.0675613773115032,0.0557066804365723,0.0736046600172521
334,335,0.065966753842648,0.0077373153253163735,0.0675613773115032,0.0557066804365723,0.0736046600172521
335,336,0.06592740006834939,0.00773836874970642,0.0675613773115032,0.0557066804365723,0.0736046600172521
336,337,0.06590646459539068,0.00774920376688963,0.0675613773115032,0.0557066804365723,0.0736046600172521
337,338,0.06590014987518795,0.007745278744649685,0.0675613773115032,0.0557066804365723,0.0736046600172521
338,339,0.06586399973390396,0.007750181071402663,0.0675613773115032,0.0557066804365723,0.0736046600172521
339,340,0.06581663079340146,0.007731977714157911,0.0675613773115032,0.0557066804365723,0.0736046600172521
340,341,0.06581048795055129,0.0077277466711987925,0.0675613773115032,0.0557066804365723,0.0736046600172521
341,342,0.06577442055389296,0.007732731628205032,0.0675613773115032,0.0557066804365723,0.0736046600172521
342,343,0.06577104993720731,0.007729684478012711,0.0675613773115032,0.0557066804365723,0.0736046600172521
343,344,0.06577004372010059,0.007728621676631073,0.0675613773115032,0.0557066804365723,0.0736046600172521
344,345,0.0657404752846543,0.007723751233089824,0.0675613773115032,0.0557066804365723,0.0736046600172521
345,346,0.06571501105569474,0.007716512348328751,0.0675613773115032,0.0557066804365723,0.0736046600172521
346,347,0.06570025423379076,0.007719879618142679,0.0675613773115032,0.0557066804365723,0.0736046600172521
347,348,0.06569769575057922,0.007717414896960073,0.0675613773115032,0.0557066804365723,0.07234067876013081
348,349,0.06569694415545073,0.007716611718841882,0.0675613773115032,0.0557066804365723,0.07234067876013081
349,350,0.06569520646499717,0.007715014490939071,0.0675613773115032,0.0557066804365723,0.0719193516744237
350,351,0.06568841491957794,0.0077097603888136735,0.0675613773115032,0.0557066804365723,0.0719193516744237
351,352,0.06564357919208307,0.007709506775516784,0.0675613773115032,0.0557066804365723,0.0719193516744237
352,353,0.0656387151978225,0.007704175788694551,0.0675613773115032,0.0557066804365723,0.0719193516744237
353,354,0.06563219823775228,0.007699789056807678,0.0675613773115032,0.0557066804365723,0.0719193516744237
354,355,0.06559345817507384,0.007703180238970623,0.0675613773115032,0.0557066804365723,0.0719193516744237
355,356,0.06556824771399047,0.007699978319159018,0.0675613773115032,0.0557066804365723,0.0719193516744237
356,357,0.06554851248381183,0.007699937527427655,0.0675613773115032,0.0557066804365723,0.0719193516744237
357,358,0.06553034306673418,0.0077017024601174445,0.0675613773115032,0.0557066804365723,0.0719193516744237
358,359,0.06550102412987438,0.007695601536689867,0.0675613773115032,0.0557066804365723,0.0719193516744237
359,360,0.06548013374147968,0.007693103770687483,0.0675613773115032,0.0557066804365723,0.0719193516744237
360,361,0.06544989057214085,0.007700358277177599,0.0675613773115032,0.0557066804365723,0.0719193516744237
361,362,0.06542738322027779,0.007696993985775332,0.0675613773115032,0.0557066804365723,0.0719193516744237
362,363,0.06542128755546134,0.007692886708185461,0.0675613773115032,0.0557066804365723,0.0719193516744237
363,364,0.0653981070398013,0.007687461438343031,0.0675613773115032,0.0557066804365723,0.0719193516744237
364,365,0.06537351165803243,0.00768435201779661,0.0675613773115032,0.0557066804365723,0.0719193516744237
365,366,0.06536038776236054,0.0076886442090753435,0.0675613773115032,0.0557066804365723,0.0719193516744237
366,367,0.0653398217725536,0.00768672440556259,0.0675613773115032,0.0557066804365723,0.0719193516744237
367,368,0.06531743775860273,0.0076856432060662064,0.0675613773115032,0.0557066804365723,0.0719193516744237
368,369,0.06529236869946939,0.007681747655348727,0.0675613773115032,0.0557066804365723,0.0719193516744237
369,370,0.06529063100901586,0.007680051638021222,0.0675613773115032,0.0557066804365723,0.0719193516744237
370,371,0.06527268064732444,0.007681453392474064,0.0675613773115032,0.0557066804365723,0.0719193516744237
371,372,0.0652564679760866,0.0076845164775887,0.0675613773115032,0.0557066804365723,0.0719193516744237
372,373,0.06521419314133085,0.007696160806814406,0.0675613773115032,0.0557066804365723,0.0719193516744237
373,374,0.06517310324720445,0.0076931174546452175,0.0675613773115032,0.0557066804365723,0.0719193516744237
374,375,0.06515765375486587,0.007694414664950003,0.0675613773115032,0.0557066804365723,0.0719193516744237
375,376,0.06513150831821596,0.007690571071680736,0.0675613773115032,0.0557066804365723,0.0719193516744237
376,377,0.06511313666127083,0.007691120043342243,0.0675613773115032,0.0557066804365723,0.0719193516744237
377,378,0.06510704099645437,0.007686760431132794,0.0675613773115032,0.0557066804365723,0.0719193516744237
378,379,0.06505815748610838,0.007691438619685886,0.0675613773115032,0.0557066804365723,0.0719193516744237
379,380,0.06501900372341167,0.007703538042672204,0.0675613773115032,0.0557066804365723,0.0719193516744237
380,381,0.0650187322859147,0.0077032307303362205,0.0675613773115032,0.0557066804365723,0.0719193516744237
381,382,0.06498462163509616,0.007706535672053553,0.0675613773115032,0.0557066804365723,0.0719193516744237
382,383,0.06497830691489345,0.007701833126954221,0.0675613773115032,0.0557066804365723,0.0719193516744237
383,384,0.06497635016905365,0.007699820589559178,0.0675613773115032,0.0557066804365723,0.0719193516744237
384,385,0.06494706529982198,0.0077041495755063045,0.0675613773115032,0.0557066804365723,0.0719193516744237
385,386,0.06492820000214157,0.007703057293095264,0.0675613773115032,0.0557066804365723,0.0719193516744237
386,387,0.06490159072962887,0.007695528884150261,0.0675613773115032,0.0557066804365723,0.0719193516744237
387,388,0.06488318944401467,0.007681798031150324,0.0675613773115032,0.0557066804365723,0.0719193516744237
388,389,0.06488097807619665,0.007679456783693356,0.0675613773115032,0.0557066804365723,0.0719193516744237
389,390,0.0648765905127355,0.007672944580375863,0.0675613773115032,0.0557066804365723,0.0719193516744237
390,391,0.06486305050751774,0.0076762097196424375,0.0675613773115032,0.0557066804365723,0.0719193516744237
391,392,0.06482078901470474,0.007685775715369074,0.0675613773115032,0.0557066804365723,0.0719193516744237
392,393,0.06480785454575004,0.0076756371022474856,0.0675613773115032,0.0557066804365723,0.0719193516744237
393,394,0.06479574522689689,0.007680226208680355,0.0675613773115032,0.0557066804365723,0.0719193516744237
394,395,0.06477737356995177,0.007679972765600911,0.0675613773115032,0.0557066804365723,0.0719193516744237
395,396,0.06476733405094076,0.007670749581252792,0.0675613773115032,0.0557066804365723,0.0719193516744237
396,397,0.06474938368924936,0.007670928591574153,0.0675613773115032,0.0557066804365723,0.0719193516744237
397,398,0.0647089583182281,0.007668105258391702,0.0675613773115032,0.0557066804365723,0.0719193516744237
398,399,0.0646768662139472,0.007670363374065359,0.0675613773115032,0.0557066804365723,0.0719193516744237
399,400,0.06465854693911277,0.007669886135034048,0.0675613773115032,0.0557066804365723,0.0719193516744237
400,401,0.0646125815914193,0.007676214536088397,0.0675613773115032,0.0557066804365723,0.0719193516744237
401,402,0.06459636892018145,0.0076778859681347275,0.0675613773115032,0.0557066804365723,0.0719193516744237
402,403,0.06458451422330652,0.007682449328984679,0.0675613773115032,0.0557066804365723,0.0719193516744237
403,404,0.06458451422330652,0.007682449328984679,0.0675613773115032,0.0557066804365723,0.0719193516744237
404,405,0.0645367588030488,0.007686397834582867,0.0675613773115032,0.0557066804365723,0.0719193516744237
405,406,0.06451423141160824,0.007682811781120786,0.0675613773115032,0.0557066804365723,0.0719193516744237
406,407,0.06451423141160824,0.007682811781120786,0.0675613773115032,0.0557066804365723,0.0719193516744237
407,408,0.0645081881289025,0.007678034224250594,0.0675613773115032,0.0557066804365723,0.0719193516744237
408,409,0.06446534765215939,0.007671219132951821,0.0675613773115032,0.0557066804365723,0.0719193516744237
409,410,0.06445349295528448,0.007675584101791208,0.0675613773115032,0.0557066804365723,0.0719193516744237
410,411,0.064447397290468,0.00767069147954329,0.0675613773115032,0.0557066804365723,0.0719193516744237
411,412,0.06438175670377991,0.00768690768591223,0.0675613773115032,0.0557066804365723,0.0719193516744237
412,413,0.06434323569648774,0.007684271480878547,0.0675613773115032,0.0557066804365723,0.0719193516744237
413,414,0.06432909395389826,0.007685842662259093,0.0675613773115032,0.0557066804365723,0.0719193516744237
414,415,0.06430515269161183,0.0076801253677227415,0.0675613773115032,0.0557066804365723,0.0719193516744237
415,416,0.06428987499594052,0.007680458082827423,0.0675613773115032,0.0557066804365723,0.0719193516744237
416,417,0.06428377933112407,0.007675438626701468,0.0675613773115032,0.0557066804365723,0.0719193516744237
417,418,0.06424939724280855,0.007675154376429327,0.0675613773115032,0.0557066804365723,0.0719193516744237
418,419,0.0642433539601028,0.007670163391424783,0.0675613773115032,0.0557066804365723,0.0719193516744237
419,420,0.06424313490471656,0.007669891405992005,0.0675613773115032,0.0557066804365723,0.0719193516744237
420,421,0.06424313490471656,0.007669891405992005,0.0675613773115032,0.0557066804365723,0.0719193516744237
421,422,0.0642191412603194,0.007663829360747459,0.0675613773115032,0.0557066804365723,0.0719193516744237
422,423,0.0642191412603194,0.007663829360747459,0.0675613773115032,0.0557066804365723,0.0719193516744237
423,424,0.06421304559550295,0.0076587427089933975,0.0675613773115032,0.0557066804365723,0.0719193516744237
424,425,0.06420072620586273,0.007648378228533649,0.0675613773115032,0.0557066804365723,0.0719193516744237
425,426,0.06418282822628206,0.007647292594862331,0.0675613773115032,0.0557066804365723,0.0719193516744237
426,427,0.0641524609993044,0.007635510533372138,0.0675613773115032,0.0557066804365723,0.0719193516744237
427,428,0.0641407905434388,0.007625539545807869,0.0675613773115032,0.0557066804365723,0.0719193516744237
428,429,0.06413442344112537,0.007620022494580156,0.0675613773115032,0.0557066804365723,0.0719193516744237
429,430,0.06412256874425043,0.007623902224149432,0.0675613773115032,0.0557066804365723,0.0719193516744237
430,431,0.06422104747518532,0.007781111246097145,0.0675613773115032,0.0557066804365723,0.0719193516744237
431,432,0.06418525151602396,0.00777902920658512,0.0675613773115032,0.0557066804365723,0.0719193516744237
432,433,0.06409200575767235,0.0076116029400778275,0.0675613773115032,0.0557066804365723,0.0719193516744237
433,434,0.06416735353644328,0.007777926199847075,0.0675613773115032,0.0557066804365723,0.0719193516744237
434,435,0.06416735353644328,0.007777926199847075,0.0675613773115032,0.0557066804365723,0.0719193516744237
435,436,0.06405980196925157,0.007591536020901467,0.0675613773115032,0.0557066804365723,0.0719193516744237
436,437,0.0641299916696625,0.007773640946265405,0.0675613773115032,0.0557066804365723,0.0719193516744237
437,438,0.06410741189611122,0.007768851539080764,0.0675613773115032,0.0557066804365723,0.0719193516744237
438,439,0.06405643911036618,0.007765181992986897,0.0675613773115032,0.0557066804365723,0.0719193516744237
439,440,0.0640537560407234,0.007761965613101387,0.0675613773115032,0.0557066804365723,0.0719193516744237
440,441,0.06399425068781218,0.007766351629240898,0.0675613773115032,0.0557066804365723,0.0719193516744237
441,442,0.06395208762633738,0.00775765116103784,0.0675613773115032,0.0557066804365723,0.0719193516744237
442,443,0.06395186857095113,0.007757374018183625,0.0675613773115032,0.0557066804365723,0.0719193516744237
443,444,0.0639259705628249,0.007748279185300368,0.0675613773115032,0.0557066804365723,0.0719193516744237
444,445,0.06392591818071418,0.007748213575164559,0.0675613773115032,0.0557066804365723,0.0719193516744237
445,446,0.06392156020635126,0.007744941329571005,0.0675613773115032,0.0557066804365723,0.0719193516744237
446,447,0.06389761894406483,0.007738006893816544,0.0675613773115032,0.0557066804365723,0.0719193516744237
447,448,0.06388576424718989,0.007741464880962317,0.0675613773115032,0.0557066804365723,0.0719193516744237
448,449,0.06388571186507919,0.007741398941018023,0.0675613773115032,0.0557066804365723,0.0719193516744237
449,450,0.06383370323467996,0.007737815393037554,0.0675613773115032,0.0557066804365723,0.0719193516744237
450,451,0.06380999384093008,0.00774451617678295,0.0675613773115032,0.0557066804365723,0.0719193516744237
451,452,0.063781092866909,0.0077330926939652,0.0675613773115032,0.0557066804365723,0.0719193516744237
452,453,0.06375616665647293,0.007737984064739566,0.0675613773115032,0.0557066804365723,0.0719193516744237
453,454,0.063744311959598,0.007741225449022956,0.0675613773115032,0.0557066804365723,0.0719193516744237
454,455,0.06374262665125517,0.0077392618138203174,0.0675613773115032,0.0557066804365723,0.0719193516744237
455,456,0.06371574128545168,0.007729992745714506,0.0675613773115032,0.0557066804365723,0.0719193516744237
456,457,0.06370388658857674,0.007733175509077566,0.0675613773115032,0.0557066804365723,0.0719193516744237
457,458,0.06363008330243601,0.007721340631183861,0.0675613773115032,0.0557066804365723,0.0719193516744237
458,459,0.06358411795474254,0.007721506980190991,0.0675613773115032,0.0557066804365723,0.0719193516744237
459,460,0.06357015998668607,0.0077213084274643335,0.0675613773115032,0.0557066804365723,0.0719193516744237
460,461,0.06357015998668607,0.0077213084274643335,0.0675613773115032,0.0557066804365723,0.0719193516744237
461,462,0.06355830528981113,0.007724271343828807,0.0675613773115032,0.0557066804365723,0.0719193516744237
462,463,0.06355830528981113,0.007724271343828807,0.0675613773115032,0.0557066804365723,0.0719193516744237
463,464,0.06350394041606787,0.007715555883141933,0.0675613773115032,0.0557066804365723,0.0719193516744237
464,465,0.0634755887973078,0.00770368693974692,0.0675613773115032,0.0557066804365723,0.0719193516744237
465,466,0.06346867775664675,0.007696708357562502,0.0675613773115032,0.0557066804365723,0.0719193516744237
466,467,0.06344061038853395,0.007698757360100554,0.0675613773115032,0.0557066804365723,0.0719193516744237
467,468,0.06338273796185484,0.007700424948702095,0.0675613773115032,0.0557066804365723,0.0719193516744237
468,469,0.06337088326497992,0.007703107469656169,0.0675613773115032,0.0557066804365723,0.0719193516744237
469,470,0.06335467059374206,0.007702159796525369,0.0675613773115032,0.0557066804365723,0.0719193516744237
470,471,0.0633479345782856,0.007695541432811825,0.0675613773115032,0.0557066804365723,0.0719193516744237
471,472,0.0633479345782856,0.007695541432811825,0.0675613773115032,0.0557066804365723,0.0719193516744237
472,473,0.0632920795693379,0.007683099653591328,0.0675613773115032,0.0557066804365723,0.0719193516744237
473,474,0.06327806588675568,0.007682917528314871,0.0675613773115032,0.0557066804365723,0.0719193516744237
474,475,0.06327706812545571,0.007681476200062147,0.0675613773115032,0.0557066804365723,0.0719193516744237
475,476,0.06324651147176087,0.0076796243987347175,0.0675613773115032,0.0557066804365723,0.0719193516744237
476,477,0.06324046818905513,0.007673846571980718,0.0675613773115032,0.0557066804365723,0.0719193516744237
477,478,0.0634455204150377,0.007601123004995849,0.0675613773115032,0.0557066804365723,0.0719193516744237
478,479,0.0632106631304888,0.007672898638475141,0.0675613773115032,0.0557066804365723,0.0719193516744237
479,480,0.06341135738210844,0.007597341779910692,0.0675613773115032,0.0557066804365723,0.0719193516744237
480,481,0.0633709320110872,0.007587365451704332,0.0675613773115032,0.0557066804365723,0.0719193516744237
481,482,0.06335303403150652,0.007584313134578285,0.0675613773115032,0.0557066804365723,0.0719193516744237
482,483,0.06310012151268853,0.007647711817297956,0.06163402887403775,0.0557066804365723,0.0719193516744237
483,484,0.06333050664006594,0.007577160315937099,0.0675613773115032,0.0557066804365723,0.0719193516744237
484,485,0.06324816689162521,0.007568139347783207,0.0675613773115032,0.0557066804365723,0.0719193516744237
485,486,0.06305298382691059,0.007627711279487549,0.0557066804365723,0.0557066804365723,0.0719193516744237
486,487,0.06320525556743693,0.007553350691608268,0.0675613773115032,0.0557066804365723,0.0719193516744237
487,488,0.06320525556743693,0.007553350691608268,0.0675613773115032,0.0557066804365723,0.0719193516744237
488,489,0.06320525556743693,0.007553350691608268,0.0675613773115032,0.0557066804365723,0.0719193516744237
489,490,0.06317718819932415,0.007554459933287213,0.0675613773115032,0.0557066804365723,0.0719193516744237
490,491,0.06316087076386487,0.00755293263237835,0.0675613773115032,0.0557066804365723,0.0719193516744237
491,492,0.06314297278428418,0.007549368399478131,0.0675613773115032,0.0557066804365723,0.0719193516744237
492,493,0.06313861480992126,0.007545557746862807,0.0675613773115032,0.0557066804365723,0.0719193516744237
493,494,0.0631325715272155,0.0075395906994901885,0.0675613773115032,0.0557066804365723,0.0719193516744237
494,495,0.06311462116552412,0.007535879847596968,0.0675613773115032,0.0557066804365723,0.0719193516744237
495,496,0.0631102631911612,0.007532045966825016,0.0675613773115032,0.0557066804365723,0.0719193516744237
496,497,0.0631102631911612,0.007532045966825016,0.0675613773115032,0.0557066804365723,0.0719193516744237
497,498,0.0630778378486855,0.00752895019500903,0.0675613773115032,0.0557066804365723,0.0719193516744237
498,499,0.06306598315181057,0.0075312138689966855,0.0675613773115032,0.0557066804365723,0.0719193516744237
499,500,0.06304372719786697,0.007523537005552388,0.0675613773115032,0.0557066804365723,0.0719193516744237
500,501,0.06303187250099203,0.007525748576235216,0.0675613773115032,0.0557066804365723,0.0719193516744237
501,502,0.06302844950219566,0.007521314806763241,0.0675613773115032,0.0557066804365723,0.0719193516744237
502,503,0.0630001502655463,0.007507417541857282,0.0675613773115032,0.0557066804365723,0.0719193516744237
503,504,0.06298927533111318,0.0074967013468834436,0.0675613773115032,0.0557066804365723,0.0719193516744237
504,505,0.06297110591403553,0.007492310341129659,0.0675613773115032,0.0557066804365723,0.0719193516744237
505,506,0.06297110591403553,0.007492310341129659,0.0675613773115032,0.0557066804365723,0.0719193516744237
506,507,0.06294864772022443,0.007484013430120124,0.06163402887403775,0.0557066804365723,0.0719193516744237
507,508,0.06293679302334951,0.00748608611386722,0.0557066804365723,0.0557066804365723,0.0719193516744237
508,509,0.0629188426616581,0.007481879033765727,0.0557066804365723,0.0557066804365723,0.0719193516744237
509,510,0.06285657991808288,0.007472949147442344,0.0557066804365723,0.0557066804365723,0.0719193516744237
510,511,0.06284472522120796,0.007474878886677954,0.0557066804365723,0.0557066804365723,0.0719193516744237
511,512,0.06284036724684504,0.007470856265532003,0.0557066804365723,0.0557066804365723,0.06865087090223333
512,513,0.06282846016785938,0.0074726851035319545,0.0557066804365723,0.0557066804365723,0.06865087090223333
513,514,0.06279407807954387,0.00746569390092525,0.0557066804365723,0.0557066804365723,0.0675613773115032
514,515,0.06279407807954387,0.00746569390092525,0.0557066804365723,0.0557066804365723,0.0675613773115032
515,516,0.06276601071143109,0.007465270410086324,0.0557066804365723,0.0557066804365723,0.0675613773115032
516,517,0.06274979804019323,0.007462978623723004,0.0557066804365723,0.0557066804365723,0.0675613773115032
517,518,0.06272627288745271,0.007452327136035766,0.0557066804365723,0.0557066804365723,0.0675613773115032
518,519,0.06272627288745271,0.007452327136035766,0.0557066804365723,0.0557066804365723,0.0675613773115032
519,520,0.06270256349370283,0.007455763575510762,0.0557066804365723,0.0557066804365723,0.0675613773115032
520,521,0.06269070879682791,0.007457452934354196,0.0557066804365723,0.0557066804365723,0.0675613773115032
521,522,0.06267281081724722,0.007452714019156377,0.0557066804365723,0.0557066804365723,0.0675613773115032
522,523,0.06265224017164644,0.007446069508074176,0.0557066804365723,0.0557066804365723,0.0675613773115032
523,524,0.0626403854747715,0.007447680965093064,0.0557066804365723,0.0557066804365723,0.0675613773115032
524,525,0.06267929408272653,0.007315610988536036,0.0557066804365723,0.0557066804365723,0.0675613773115032
525,526,0.0626086760524761,0.007441674899729327,0.0557066804365723,0.0557066804365723,0.0675613773115032
526,527,0.06258642009853249,0.007432536339307594,0.0557066804365723,0.0557066804365723,0.0675613773115032
527,528,0.06262897076067014,0.007305570667143187,0.0557066804365723,0.0557066804365723,0.0675613773115032
528,529,0.06261347400961259,0.007302079897704197,0.0557066804365723,0.0557066804365723,0.0675613773115032
529,530,0.06260161931273765,0.007303660202185851,0.0557066804365723,0.0557066804365723,0.0675613773115032
530,531,0.06260161931273765,0.007303660202185851,0.0557066804365723,0.0557066804365723,0.0675613773115032
531,532,0.06257790991898779,0.007306762085838086,0.0557066804365723,0.0557066804365723,0.0675613773115032
532,533,0.062549842550875,0.007305498922713337,0.0557066804365723,0.0557066804365723,0.0675613773115032
533,534,0.06251090024832909,0.0072923994423950145,0.0557066804365723,0.0557066804365723,0.0675613773115032
534,535,0.062417493329432444,0.0073782686724131975,0.0557066804365723,0.0557066804365723,0.0675613773115032
535,536,0.06250916255787554,0.007289949868641836,0.0557066804365723,0.0557066804365723,0.0675613773115032
536,537,0.06250747724953272,0.007287579011056079,0.0557066804365723,0.0557066804365723,0.0675613773115032
537,538,0.06246122765119198,0.007265745880180838,0.0557066804365723,0.0557066804365723,0.0675613773115032
538,539,0.06233743014407076,0.0073763993655707105,0.0557066804365723,0.0557066804365723,0.0675613773115032
539,540,0.06246122765119198,0.007265745880180838,0.0557066804365723,0.0557066804365723,0.0675613773115032
540,541,0.062456869676829056,0.007261377253658082,0.0557066804365723,0.0557066804365723,0.0675613773115032
541,542,0.06245055495662634,0.007254186169243377,0.0557066804365723,0.0557066804365723,0.0675613773115032
542,543,0.062448869648283514,0.007251789998983505,0.0557066804365723,0.0557066804365723,0.0675613773115032
543,544,0.062412547629646965,0.007239971372937538,0.0557066804365723,0.0557066804365723,0.0675613773115032
544,545,0.0623888382358971,0.007242481602395675,0.0557066804365723,0.0557066804365723,0.0675613773115032
545,546,0.06238840012512459,0.007241793296936221,0.0557066804365723,0.0557066804365723,0.0675613773115032
546,547,0.062382304460308124,0.007234867683572615,0.0557066804365723,0.0557066804365723,0.0675613773115032
547,548,0.062333434578058004,0.0072101158170471144,0.0557066804365723,0.0557066804365723,0.0675613773115032
548,549,0.06233001157926163,0.007205156027500271,0.0557066804365723,0.0557066804365723,0.0675613773115032
549,550,0.06230194421114885,0.007202909134748055,0.0557066804365723,0.0557066804365723,0.0675613773115032
550,551,0.062285731539910995,0.007199488879821254,0.0557066804365723,0.0557066804365723,0.0675613773115032
551,552,0.062269518868673136,0.0071960304721759944,0.0557066804365723,0.0557066804365723,0.0675613773115032
552,553,0.062253306197435285,0.00719253385677702,0.0557066804365723,0.0557066804365723,0.0675613773115032
553,554,0.062253306197435285,0.00719253385677702,0.0557066804365723,0.0557066804365723,0.0675613773115032
554,555,0.06224894822307237,0.007187994676732307,0.0557066804365723,0.0557066804365723,0.0675613773115032
555,556,0.06224285255825591,0.007180898802509272,0.0557066804365723,0.0557066804365723,0.0675613773115032
556,557,0.06224285255825591,0.007180898802509272,0.0557066804365723,0.0557066804365723,0.0675613773115032
557,558,0.06224285255825591,0.007180898802509272,0.0557066804365723,0.0557066804365723,0.0675613773115032
558,559,0.062205603159288275,0.007181348660378887,0.0557066804365723,0.0557066804365723,0.0675613773115032
559,560,0.062179734779831124,0.007179944140502861,0.0557066804365723,0.0557066804365723,0.0675613773115032
560,561,0.06214383405644833,0.007167332327716939,0.0557066804365723,0.0557066804365723,0.0675613773115032
561,562,0.06214383405644833,0.007167332327716939,0.0557066804365723,0.0557066804365723,0.0675613773115032
562,563,0.062131979359573396,0.007168165688229018,0.0557066804365723,0.0557066804365723,0.0675613773115032
563,564,0.06212404644415896,0.0071577689138798625,0.0557066804365723,0.0557066804365723,0.0675613773115032
564,565,0.0620558251425219,0.007137102145778192,0.0557066804365723,0.0557066804365723,0.0675613773115032
565,566,0.06204710919379606,0.007127706150620209,0.0557066804365723,0.0557066804365723,0.0675613773115032
566,567,0.06204275121943314,0.007122999505750808,0.0557066804365723,0.0557066804365723,0.0675613773115032
567,568,0.06204106591109031,0.007120462668967549,0.0557066804365723,0.0557066804365723,0.0675613773115032
568,569,0.062024853239852455,0.007116408481753244,0.0557066804365723,0.0557066804365723,0.0675613773115032
569,570,0.06199242789737675,0.007108182235489999,0.0557066804365723,0.0557066804365723,0.0675613773115032
570,571,0.061958045809061245,0.007096782960467582,0.0557066804365723,0.0557066804365723,0.0675613773115032
571,572,0.0619563081186077,0.007094130423673391,0.0557066804365723,0.0557066804365723,0.0675613773115032
572,573,0.06146338936390467,0.007157050641630612,0.0557066804365723,0.0557066804365723,0.0675613773115032
573,574,0.0618879820527492,0.007071485740278569,0.0557066804365723,0.0557066804365723,0.0675613773115032
574,575,0.06185822937629359,0.007064840718392825,0.0557066804365723,0.0557066804365723,0.0675613773115032
575,576,0.061459966365108296,0.0071516376337741,0.0557066804365723,0.0557066804365723,0.0675613773115032
576,577,0.061455608390745375,0.007146588719617319,0.0557066804365723,0.0557066804365723,0.0675613773115032
577,578,0.06144375369387045,0.0071462829185550795,0.0557066804365723,0.0557066804365723,0.0675613773115032
578,579,0.06144375369387045,0.0071462829185550795,0.0557066804365723,0.0557066804365723,0.0675613773115032
579,580,0.06141367719780714,0.007137297647721647,0.0557066804365723,0.0557066804365723,0.0675613773115032
580,581,0.061397464526569294,0.007131826938259818,0.0557066804365723,0.0557066804365723,0.0675613773115032
581,582,0.06137347088217215,0.007115718218281533,0.0557066804365723,0.0557066804365723,0.0675613773115032
582,583,0.06137347088217215,0.007115718218281533,0.0557066804365723,0.0557066804365723,0.0675613773115032
583,584,0.06165727580652993,0.006995984158503228,0.0557066804365723,0.0557066804365723,0.0675613773115032
584,585,0.06133885692532009,0.007086077579180355,0.0557066804365723,0.0557066804365723,0.0675613773115032
585,586,0.06129021891160652,0.0070689075132143505,0.0557066804365723,0.0557066804365723,0.0675613773115032
586,587,0.061245143350823414,0.007055117694032591,0.0557066804365723,0.0557066804365723,0.0675613773115032
587,588,0.06123328865394848,0.007054454259743997,0.0557066804365723,0.0557066804365723,0.0675613773115032
588,589,0.061218010958277176,0.00704816100788914,0.0557066804365723,0.0557066804365723,0.0675613773115032
589,590,0.06121169623807446,0.007039640960934799,0.0557066804365723,0.0557066804365723,0.0675613773115032
590,591,0.06157278945154429,0.006964986672171828,0.0557066804365723,0.0557066804365723,0.0675613773115032
591,592,0.061211477182688205,0.0070392502715503425,0.0557066804365723,0.0557066804365723,0.0675613773115032
592,593,0.06117731414975896,0.007024310085993982,0.0557066804365723,0.0557066804365723,0.0675613773115032
593,594,0.06115674350415819,0.007012874616592737,0.0557066804365723,0.0557066804365723,0.0675613773115032
594,595,0.06111077815646472,0.006996828098705464,0.0557066804365723,0.0557066804365723,0.0675613773115032
595,596,0.06106649811711408,0.006983265338292871,0.0557066804365723,0.0557066804365723,0.0675613773115032
596,597,0.061054591038128436,0.0069821974264293344,0.0557066804365723,0.0557066804365723,0.0675613773115032
597,598,0.06098224363066502,0.006960606430981009,0.0557066804365723,0.0557066804365723,0.0675613773115032
598,599,0.060936225900860834,0.0069431882523307694,0.0557066804365723,0.0557066804365723,0.0675613773115032
599,600,0.06087638391519161,0.006905476256976627,0.0557066804365723,0.0557066804365723,0.0675613773115032
600,601,0.06087638391519161,0.006905476256976627,0.0557066804365723,0.0557066804365723,0.0675613773115032
601,602,0.060846631238735994,0.006894307117672256,0.0557066804365723,0.0557066804365723,0.0675613773115032
602,603,0.06082873325915531,0.006884388287353386,0.0557066804365723,0.0557066804365723,0.0675613773115032
603,604,0.06080066589104253,0.006875911201532612,0.0557066804365723,0.0557066804365723,0.0675613773115032
604,605,0.06080066589104253,0.006875911201532612,0.0557066804365723,0.0557066804365723,0.0675613773115032
605,606,0.060800192213678064,0.006875012751432623,0.0557066804365723,0.0557066804365723,0.0675613773115032
606,607,0.06078833751680314,0.006873564580101043,0.0557066804365723,0.0557066804365723,0.0675613773115032
607,608,0.06077648281992821,0.006872095653699977,0.0557066804365723,0.0557066804365723,0.0675613773115032
608,609,0.06076462812305327,0.006870605958917204,0.0557066804365723,0.0557066804365723,0.0675613773115032
609,610,0.06075272104406762,0.006868997276139876,0.0557066804365723,0.0557066804365723,0.0675613773115032
610,611,0.06075272104406762,0.006868997276139876,0.0557066804365723,0.0557066804365723,0.0675613773115032
611,612,0.06074836306970469,0.006863291393217234,0.0557066804365723,0.0557066804365723,0.0675613773115032
612,613,0.060699596995983866,0.006841114154710687,0.0557066804365723,0.0557066804365723,0.0675613773115032
613,614,0.060675887602234004,0.006837833802877379,0.0557066804365723,0.0557066804365723,0.0675613773115032
614,615,0.06067152962787109,0.006832052883872153,0.0557066804365723,0.0557066804365723,0.0675613773115032
615,616,0.06063910428539538,0.006817049776743161,0.0557066804365723,0.0557066804365723,0.0675613773115032
616,617,0.060616848331451784,0.006800630072529082,0.0557066804365723,0.0557066804365723,0.0675613773115032
617,618,0.06058466523179191,0.006783675541453682,0.0557066804365723,0.0557066804365723,0.0675613773115032
618,619,0.06058466523179191,0.006783675541453682,0.0557066804365723,0.0557066804365723,0.0675613773115032
619,620,0.06096387031256077,0.0069082260714960495,0.0557066804365723,0.0557066804365723,0.0675613773115032
620,621,0.060538428446601476,0.006762668734906724,0.0557066804365723,0.0557066804365723,0.0675613773115032
621,622,0.060526573749726545,0.006760737523548766,0.0557066804365723,0.0557066804365723,0.0675613773115032
622,623,0.060514719052851614,0.006758784967646161,0.0557066804365723,0.0557066804365723,0.0675613773115032
623,624,0.06092540168737931,0.00688629625423285,0.0557066804365723,0.0557066804365723,0.0675613773115032
624,625,0.06092540168737931,0.00688629625423285,0.0557066804365723,0.0557066804365723,0.0675613773115032
625,626,0.06092540168737931,0.00688629625423285,0.0557066804365723,0.0557066804365723,0.0675613773115032
626,627,0.060891291036560775,0.006869698111229933,0.0557066804365723,0.0557066804365723,0.0675613773115032
627,628,0.060855495077399416,0.006849961435016435,0.0557066804365723,0.0557066804365723,0.0675613773115032
628,629,0.06083928240616156,0.006842938709349211,0.0557066804365723,0.0557066804365723,0.0675613773115032
629,630,0.060839154346154285,0.006842689747255251,0.0557066804365723,0.0557066804365723,0.0675613773115032
630,631,0.06081544495240443,0.006839893921364096,0.0557066804365723,0.0557066804365723,0.0675613773115032
631,632,0.06081544495240443,0.006839893921364096,0.0557066804365723,0.0557066804365723,0.0675613773115032
632,633,0.06079749459071303,0.0068297159162652886,0.0557066804365723,0.0557066804365723,0.0675613773115032
633,634,0.060793136616350114,0.0068240057817543645,0.0557066804365723,0.0557066804365723,0.0675613773115032
634,635,0.060345272665515884,0.006663518667671958,0.0557066804365723,0.0557066804365723,0.0675613773115032
635,636,0.06076071127387441,0.006809564028370901,0.0557066804365723,0.0557066804365723,0.0675613773115032
636,637,0.060738455319930815,0.006793524633085941,0.0557066804365723,0.0557066804365723,0.0675613773115032
637,638,0.06069417528058017,0.0067771229399213396,0.0557066804365723,0.0557066804365723,0.0675613773115032
638,639,0.060676005863502525,0.006766105027719885,0.0557066804365723,0.0557066804365723,0.0675613773115032
639,640,0.06066415116662759,0.006764415907343375,0.0557066804365723,0.0557066804365723,0.0675613773115032
640,641,0.06064023953301023,0.006760575087288664,0.0557066804365723,0.0557066804365723,0.0675613773115032
641,642,0.06064023953301023,0.006760575087288664,0.0557066804365723,0.0557066804365723,0.0675613773115032
642,643,0.06019092214236975,0.006601399214049975,0.0557066804365723,0.0557066804365723,0.0675613773115032
643,644,0.06059857977756897,0.006746215127434417,0.0557066804365723,0.0557066804365723,0.0675613773115032
644,645,0.060582367106331116,0.00673846618287412,0.0557066804365723,0.0557066804365723,0.0675613773115032
645,646,0.060582367106331116,0.00673846618287412,0.0557066804365723,0.0557066804365723,0.0675613773115032
646,647,0.060552614429875494,0.006725719234467303,0.0557066804365723,0.0557066804365723,0.0675613773115032
647,648,0.06052454706176272,0.006715888036853213,0.0557066804365723,0.0557066804365723,0.0675613773115032
648,649,0.06052454706176272,0.006715888036853213,0.0557066804365723,0.0557066804365723,0.0675613773115032
649,650,0.06052018908739979,0.00670990376528684,0.0557066804365723,0.0557066804365723,0.0675613773115032
650,651,0.06050397641616194,0.0067019232050619625,0.0557066804365723,0.0557066804365723,0.0675613773115032
651,652,0.06048434074612771,0.00668760666304307,0.0557066804365723,0.0557066804365723,0.0675613773115032
652,653,0.060451915403652016,0.0066713690201449585,0.0557066804365723,0.0557066804365723,0.0675613773115032
653,654,0.060407635364301375,0.006652759352920846,0.0557066804365723,0.0557066804365723,0.0675613773115032
654,655,0.06040589767384783,0.006649524556020778,0.0557066804365723,0.0557066804365723,0.0675613773115032
655,656,0.06040589767384783,0.006649524556020778,0.0557066804365723,0.0557066804365723,0.0675613773115032
656,657,0.06040589767384783,0.006649524556020778,0.0557066804365723,0.0557066804365723,0.0675613773115032
657,658,0.06039985439114209,0.006640266098681942,0.0557066804365723,0.0557066804365723,0.0675613773115032
658,659,0.060383641719904235,0.006631907574348753,0.0557066804365723,0.0557066804365723,0.0675613773115032
659,660,0.060383641719904235,0.006631907574348753,0.0557066804365723,0.0557066804365723,0.0675613773115032
660,661,0.06035993232615437,0.006627393461731251,0.0557066804365723,0.0557066804365723,0.0675613773115032
661,662,0.06035993232615437,0.006627393461731251,0.0557066804365723,0.0557066804365723,0.0675613773115032
662,663,0.06035993232615437,0.006627393461731251,0.0557066804365723,0.0557066804365723,0.0675613773115032
663,664,0.06035993232615437,0.006627393461731251,0.0557066804365723,0.0557066804365723,0.0675613773115032
664,665,0.06034371965491652,0.00661892089568747,0.0557066804365723,0.0557066804365723,0.0675613773115032
665,666,0.06028667039053777,0.006609250834558663,0.0557066804365723,0.0557066804365723,0.0675613773115032
666,667,0.06033767637221076,0.006609562719640129,0.0557066804365723,0.0557066804365723,0.0675613773115032
667,668,0.06030211228158597,0.006602487966259488,0.0557066804365723,0.0557066804365723,0.0675613773115032
668,669,0.0602407050428443,0.006586152383791724,0.0557066804365723,0.0557066804365723,0.0675613773115032
669,670,0.06021671139844715,0.0065644789401604195,0.0557066804365723,0.0557066804365723,0.0675613773115032
670,671,0.06019300200469729,0.006559315066701934,0.0557066804365723,0.0557066804365723,0.0675613773115032
671,672,0.060266548190961174,0.006595213850608799,0.0557066804365723,0.0557066804365723,0.0675613773115032
672,673,0.06015448099740511,0.006531568147371116,0.0557066804365723,0.0557066804365723,0.0675613773115032
673,674,0.06013826832616726,0.006522460452990594,0.0557066804365723,0.0557066804365723,0.0675613773115032
674,675,0.060266548190961174,0.006595213850608799,0.0557066804365723,0.0557066804365723,0.0675613773115032
675,676,0.060112821241963856,0.0065135974956176245,0.0557066804365723,0.0557066804365723,0.0675613773115032
676,677,0.06023098410033638,0.00658773971228668,0.0557066804365723,0.0557066804365723,0.0675613773115032
677,678,0.060112821241963856,0.0065135974956176245,0.0557066804365723,0.0557066804365723,0.0675613773115032
678,679,0.06010846326760094,0.006507151463554856,0.0557066804365723,0.0557066804365723,0.0675613773115032
679,680,0.06007865820903461,0.00649166953067003,0.0557066804365723,0.0557066804365723,0.0675613773115032
680,681,0.06005494881528474,0.006485943059342301,0.0557066804365723,0.0557066804365723,0.0675613773115032
681,682,0.05999277079635342,0.0064511821987704035,0.0557066804365723,0.0557066804365723,0.0675613773115032
682,683,0.060159235035681505,0.006538762235554464,0.0557066804365723,0.0557066804365723,0.0675613773115032
683,684,0.05996737609426073,0.006441757540151522,0.0557066804365723,0.0557066804365723,0.0675613773115032
684,685,0.05996737609426073,0.006441757540151522,0.0557066804365723,0.0557066804365723,0.0675613773115032
685,686,0.05994768804211579,0.006425110265375148,0.0557066804365723,0.0557066804365723,0.0675613773115032
686,687,0.059906546750914245,0.006392102566095838,0.0557066804365723,0.0557066804365723,0.0675613773115032
687,688,0.059906546750914245,0.006392102566095838,0.0557066804365723,0.0557066804365723,0.0675613773115032
688,689,0.05987075079175289,0.006365351129733423,0.0557066804365723,0.0557066804365723,0.0675613773115032
689,690,0.05983082872676517,0.006348595074780868,0.0557066804365723,0.0557066804365723,0.0675613773115032
690,691,0.05983082872676517,0.006348595074780868,0.0557066804365723,0.0557066804365723,0.0675613773115032
691,692,0.05981293074718449,0.006334952979822307,0.0557066804365723,0.0557066804365723,0.0675613773115032
692,693,0.05981293074718449,0.006334952979822307,0.0557066804365723,0.0557066804365723,0.0675613773115032
693,694,0.05979671807594664,0.0063246867329375895,0.0557066804365723,0.0557066804365723,0.0675613773115032
694,695,0.059924757285908604,0.006418290767390945,0.0557066804365723,0.0557066804365723,0.0675613773115032
695,696,0.05973862659388127,0.006292808136615616,0.0557066804365723,0.0557066804365723,0.0675613773115032
696,697,0.05972072861430058,0.00627878201672108,0.0557066804365723,0.0557066804365723,0.0675613773115032
697,698,0.05970451594306273,0.006268185298872515,0.0557066804365723,0.0557066804365723,0.0675613773115032
698,699,0.05968080654931287,0.006260837774770855,0.0557066804365723,0.0557066804365723,0.0675613773115032
699,700,0.059674763266607124,0.006250302618343616,0.0557066804365723,0.0557066804365723,0.0675613773115032
700,701,0.059651053872857254,0.006242821051898477,0.0557066804365723,0.0557066804365723,0.0675613773115032
701,702,0.059615205531585176,0.006213837374330727,0.0557066804365723,0.0557066804365723,0.0675613773115032
702,703,0.05957528346659746,0.006195025064065139,0.0557066804365723,0.0557066804365723,0.0675613773115032
703,704,0.05957092549223454,0.006187868633660132,0.0557066804365723,0.0557066804365723,0.0675613773115032
704,705,0.05955907079535961,0.006183903521496036,0.0557066804365723,0.0557066804365723,0.0675613773115032
705,706,0.05954285812412176,0.0061727193586400405,0.0557066804365723,0.0557066804365723,0.0675613773115032
706,707,0.05954285812412176,0.0061727193586400405,0.0557066804365723,0.0557066804365723,0.0675613773115032
707,708,0.05954285812412176,0.0061727193586400405,0.0557066804365723,0.0557066804365723,0.0675613773115032
708,709,0.05951891686183533,0.006146985884214737,0.0557066804365723,0.0557066804365723,0.0675613773115032
709,710,0.05950270419059748,0.0061356283274859,0.0557066804365723,0.0557066804365723,0.0675613773115032
710,711,0.05971431462829645,0.006169823932013435,0.0557066804365723,0.0557066804365723,0.0675613773115032
711,712,0.059489164185379716,0.006127848496966804,0.0557066804365723,0.0557066804365723,0.0675613773115032
712,713,0.059461096817266926,0.00611217503066455,0.0557066804365723,0.0557066804365723,0.0675613773115032
713,714,0.059461096817266926,0.00611217503066455,0.0557066804365723,0.0557066804365723,0.0675613773115032
714,715,0.05965817989207088,0.006140581578856378,0.0557066804365723,0.0557066804365723,0.0675613773115032
715,716,0.059628374833504555,0.006121981199547872,0.0557066804365723,0.0557066804365723,0.0675613773115032
716,717,0.059616520136629624,0.006118084702944753,0.0557066804365723,0.0557066804365723,0.0675613773115032
717,718,0.059588220899980275,0.006085145204895527,0.0557066804365723,0.0557066804365723,0.0675613773115032
718,719,0.05958648320952673,0.0060813743677335195,0.0557066804365723,0.0557066804365723,0.0675613773115032
719,720,0.05957602957034734,0.00606301266046673,0.0557066804365723,0.0557066804365723,0.0675613773115032
720,721,0.059333000293883456,0.0060343336376001205,0.0557066804365723,0.0557066804365723,0.0675613773115032
721,722,0.05931510231430278,0.0060184991515034,0.0557066804365723,0.0557066804365723,0.0675613773115032
722,723,0.05930324761742784,0.006013918120487458,0.0557066804365723,0.0557066804365723,0.0675613773115032
723,724,0.05927953822367798,0.0060046753620374765,0.0557066804365723,0.0557066804365723,0.0675613773115032
724,725,0.05953174953099671,0.006036107720010881,0.0557066804365723,0.0557066804365723,0.0675613773115032
725,726,0.05953174953099671,0.006036107720010881,0.0557066804365723,0.0557066804365723,0.0675613773115032
726,727,0.05949182746600899,0.006016185965009945,0.0557066804365723,0.0557066804365723,0.0675613773115032
727,728,0.05947997276913406,0.0060119516577456095,0.0557066804365723,0.0557066804365723,0.0675613773115032
728,729,0.05946811807225912,0.006007690973816957,0.0557066804365723,0.0557066804365723,0.0675613773115032
729,730,0.05944440867850926,0.00599909025081944,0.0557066804365723,0.0557066804365723,0.0675613773115032
730,731,0.059205505507871736,0.005954204844006575,0.0557066804365723,0.0557066804365723,0.0675613773115032
731,732,0.059432334926248075,0.005994226288815144,0.0557066804365723,0.0557066804365723,0.0675613773115032
732,733,0.0594117642806473,0.00597481684296694,0.0557066804365723,0.0557066804365723,0.0675613773115032
733,734,0.05939990958377237,0.0059703942270927434,0.0557066804365723,0.0557066804365723,0.0675613773115032
734,735,0.05937620019002251,0.005961468431827535,0.0557066804365723,0.0557066804365723,0.0675613773115032
735,736,0.05913583076642841,0.0059102005315780975,0.0557066804365723,0.0557066804365723,0.0675613773115032
736,737,0.0593683668347525,0.0059460480474832125,0.0557066804365723,0.0557066804365723,0.0675613773115032
737,738,0.059332802744127694,0.005932374748636196,0.0557066804365723,0.0557066804365723,0.0675613773115032
738,739,0.05930473537601491,0.005915441594141278,0.0557066804365723,0.0557066804365723,0.0675613773115032
739,740,0.059292880679139986,0.005910759898960125,0.0557066804365723,0.0557066804365723,0.0675613773115032
740,741,0.0592749826995593,0.005894471651457746,0.0557066804365723,0.0557066804365723,0.0675613773115032
741,742,0.0592749826995593,0.005894471651457746,0.0557066804365723,0.0557066804365723,0.0675613773115032
742,743,0.0592749826995593,0.005894471651457746,0.0557066804365723,0.0557066804365723,0.0675613773115032
743,744,0.0592749826995593,0.005894471651457746,0.0557066804365723,0.0557066804365723,0.0675613773115032
744,745,0.0592749826995593,0.005894471651457746,0.0557066804365723,0.0557066804365723,0.0675613773115032
745,746,0.05907533805583991,0.005866225548712904,0.0557066804365723,0.0557066804365723,0.0675613773115032
746,747,0.05924081966663005,0.005865353424894817,0.0557066804365723,0.0557066804365723,0.0675613773115032
747,748,0.05924081966663005,0.005865353424894817,0.0557066804365723,0.0557066804365723,0.0675613773115032
748,749,0.05921711027288019,0.005855623415548932,0.0557066804365723,0.0557066804365723,0.0675613773115032
749,750,0.05918735759642458,0.0058339916196529906,0.0557066804365723,0.0557066804365723,0.0675613773115032
750,751,0.059160743668118056,0.005801297052157525,0.0557066804365723,0.0557066804365723,0.0675613773115032
751,752,0.059156385693755136,0.005793342477601583,0.0557066804365723,0.0557066804365723,0.0675613773115032
752,753,0.059156385693755136,0.005793342477601583,0.0557066804365723,0.0557066804365723,0.0675613773115032
753,754,0.059156385693755136,0.005793342477601583,0.0557066804365723,0.0557066804365723,0.0675613773115032
754,755,0.059144530996880204,0.0057882582104819644,0.0557066804365723,0.0557066804365723,0.0675613773115032
755,756,0.05912082160313034,0.005778003288770432,0.0557066804365723,0.0557066804365723,0.0675613773115032
756,757,0.05912082160313034,0.005778003288770432,0.0557066804365723,0.0557066804365723,0.0675613773115032
757,758,0.05874707413000988,0.0056631848043351566,0.0557066804365723,0.0557066804365723,0.0557066804365723
758,759,0.05910460893189248,0.005764799488469019,0.0557066804365723,0.0557066804365723,0.0675613773115032
759,760,0.05909275423501755,0.005759583456730841,0.0557066804365723,0.0557066804365723,0.0675613773115032
760,761,0.05873521943313494,0.0056571259175884035,0.0557066804365723,0.0557066804365723,0.0557066804365723
761,762,0.05904533544751782,0.005738427025715966,0.0557066804365723,0.0557066804365723,0.0675613773115032
762,763,0.058693559677693685,0.00562586805206666,0.0557066804365723,0.0557066804365723,0.0557066804365723
763,764,0.058693559677693685,0.00562586805206666,0.0557066804365723,0.0557066804365723,0.0557066804365723
764,765,0.058693559677693685,0.00562586805206666,0.0557066804365723,0.0557066804365723,0.0557066804365723
765,766,0.05894759333796171,0.005671372949718346,0.0557066804365723,0.0557066804365723,0.0675613773115032
766,767,0.05866642728514745,0.005604803129109318,0.0557066804365723,0.0557066804365723,0.0557066804365723
767,768,0.058654572588272516,0.005598510297183697,0.0557066804365723,0.0557066804365723,0.0557066804365723
768,769,0.05886339123362335,0.0056118634046973285,0.0557066804365723,0.0557066804365723,0.0557066804365723
769,770,0.05886339123362335,0.0056118634046973285,0.0557066804365723,0.0557066804365723,0.0557066804365723
770,771,0.05859065687888765,0.005538061742280612,0.0557066804365723,0.0557066804365723,0.0557066804365723
771,772,0.058839681839873495,0.005600095397412403,0.0557066804365723,0.0557066804365723,0.0557066804365723
772,773,0.05881161447176071,0.0055796743940549325,0.0557066804365723,0.0557066804365723,0.0557066804365723
773,774,0.058586298904524735,0.005529279210665638,0.0557066804365723,0.0557066804365723,0.0557066804365723
774,775,0.058570086233286876,0.005513908563364704,0.0557066804365723,0.0557066804365723,0.0557066804365723
775,776,0.058570086233286876,0.005513908563364704,0.0557066804365723,0.0557066804365723,0.0557066804365723
776,777,0.05854951558768611,0.005489572034873047,0.0557066804365723,0.0557066804365723,0.0557066804365723
777,778,0.05854515761332319,0.0054806790882939525,0.0557066804365723,0.0557066804365723,0.0557066804365723
778,779,0.058693030279106856,0.00548196718878723,0.0557066804365723,0.0557066804365723,0.0557066804365723
779,780,0.05852144821957332,0.005467248906313378,0.0557066804365723,0.0557066804365723,0.0557066804365723
780,781,0.05852144821957332,0.005467248906313378,0.0557066804365723,0.0557066804365723,0.0557066804365723
781,782,0.05852144821957332,0.005467248906313378,0.0557066804365723,0.0557066804365723,0.0557066804365723
782,783,0.05864561149160712,0.005456262323487737,0.0557066804365723,0.0557066804365723,0.0557066804365723
783,784,0.0585095935226984,0.005460482823838194,0.0557066804365723,0.0557066804365723,0.0557066804365723
784,785,0.05849773882582346,0.005453682578552134,0.0557066804365723,0.0557066804365723,0.0557066804365723
785,786,0.058493380851460545,0.005444689571206413,0.0557066804365723,0.0557066804365723,0.0557066804365723
786,787,0.058493380851460545,0.005444689571206413,0.0557066804365723,0.0557066804365723,0.0557066804365723
787,788,0.058493380851460545,0.005444689571206413,0.0557066804365723,0.0557066804365723,0.0557066804365723
788,789,0.05848152615458561,0.0054378342317846435,0.0557066804365723,0.0557066804365723,0.0557066804365723
789,790,0.058465313483347756,0.005421891081137409,0.0557066804365723,0.0557066804365723,0.0557066804365723
790,791,0.058465313483347756,0.005421891081137409,0.0557066804365723,0.0557066804365723,0.0557066804365723
791,792,0.058453458786472824,0.005414945432873749,0.0557066804365723,0.0557066804365723,0.0557066804365723
792,793,0.058423706110017216,0.005387330073724536,0.0557066804365723,0.0557066804365723,0.0557066804365723
793,794,0.058395638741904426,0.00536392323947107,0.0557066804365723,0.0557066804365723,0.0557066804365723
794,795,0.058395638741904426,0.00536392323947107,0.0557066804365723,0.0557066804365723,0.0557066804365723
795,796,0.058395638741904426,0.00536392323947107,0.0557066804365723,0.0557066804365723,0.0557066804365723
796,797,0.05851834857413195,0.005371467625508542,0.0557066804365723,0.0557066804365723,0.0557066804365723
797,798,0.058395638741904426,0.00536392323947107,0.0557066804365723,0.0557066804365723,0.0557066804365723
798,799,0.05838959545919868,0.005350171252683806,0.0557066804365723,0.0557066804365723,0.0557066804365723
799,800,0.05837774076232374,0.005342964378496135,0.0557066804365723,0.0557066804365723,0.0557066804365723
800,801,0.05791756600984081,0.004835320221741937,0.0557066804365723,0.0557066804365723,0.0557066804365723
801,802,0.058359842782743074,0.005321862785291746,0.0557066804365723,0.0557066804365723,0.0557066804365723
802,803,0.058347988085868135,0.005314551157377865,0.0557066804365723,0.0557066804365723,0.0557066804365723
803,804,0.058347988085868135,0.005314551157377865,0.0557066804365723,0.0557066804365723,0.0557066804365723
804,805,0.058347988085868135,0.005314551157377865,0.0557066804365723,0.0557066804365723,0.0557066804365723
805,806,0.058336133388993204,0.005307202976674586,0.0557066804365723,0.0557066804365723,0.0557066804365723
806,807,0.05787328597049017,0.004786222087402544,0.0557066804365723,0.0557066804365723,0.0557066804365723
807,808,0.058336133388993204,0.005307202976674586,0.0557066804365723,0.0557066804365723,0.0557066804365723
808,809,0.057825867182990445,0.004748580165835174,0.0557066804365723,0.0557066804365723,0.0557066804365723
809,810,0.05781232717777268,0.004733729719410421,0.0557066804365723,0.0557066804365723,0.0557066804365723
810,811,0.058254603950674944,0.0052386246570238605,0.0557066804365723,0.0557066804365723,0.0557066804365723
811,812,0.057756192441547116,0.004672759003340005,0.0557066804365723,0.0557066804365723,0.0557066804365723
812,813,0.05823502066275143,0.005211983652517126,0.0557066804365723,0.0557066804365723,0.0557066804365723
813,814,0.057708773654047384,0.004632997254303659,0.0557066804365723,0.0557066804365723,0.0557066804365723
814,815,0.05769691895717245,0.004622927384565736,0.0557066804365723,0.0557066804365723,0.0557066804365723
815,816,0.05814913325007024,0.0051306979586469535,0.0557066804365723,0.0557066804365723,0.0557066804365723
816,817,0.05768506426029752,0.004612805066320748,0.0557066804365723,0.0557066804365723,0.0557066804365723
817,818,0.058104853210719606,0.005086469244872798,0.0557066804365723,0.0557066804365723,0.0557066804365723
818,819,0.058104853210719606,0.005086469244872798,0.0557066804365723,0.0557066804365723,0.0557066804365723
819,820,0.057645142195309806,0.004570603981872051,0.0557066804365723,0.0557066804365723,0.0557066804365723
820,821,0.05804122175198203,0.005034712784230161,0.0557066804365723,0.0557066804365723,0.0557066804365723
821,822,0.05802500908074417,0.005016065944741072,0.0557066804365723,0.0557066804365723,0.0557066804365723
822,823,0.057633287498434875,0.0045602309305973875,0.0557066804365723,0.0557066804365723,0.0557066804365723
823,824,0.057633287498434875,0.0045602309305973875,0.0557066804365723,0.0557066804365723,0.0557066804365723
824,825,0.05762143280155995,0.004549803342340589,0.0557066804365723,0.0557066804365723,0.0557066804365723
825,826,0.05760957810468501,0.004539320841259634,0.0557066804365723,0.0557066804365723,0.0557066804365723
826,827,0.05795580042142984,0.004929838217706194,0.0557066804365723,0.0557066804365723,0.0557066804365723
827,828,0.05758586871093515,0.004518189569806369,0.0557066804365723,0.0557066804365723,0.0557066804365723
828,829,0.05757401401406022,0.004507540019966498,0.0557066804365723,0.0557066804365723,0.0557066804365723
829,830,0.05757401401406022,0.004507540019966498,0.0557066804365723,0.0557066804365723,0.0557066804365723
830,831,0.05757401401406022,0.004507540019966498,0.0557066804365723,0.0557066804365723,0.0557066804365723
831,832,0.057826852195611844,0.004812406693693317,0.0557066804365723,0.0557066804365723,0.0557066804365723
832,833,0.057557801342822366,0.00448501420320947,0.0557066804365723,0.0557066804365723,0.0557066804365723
833,834,0.057541588671584515,0.004462315774680727,0.0557066804365723,0.0557066804365723,0.0557066804365723
834,835,0.05751352130347173,0.004428441242572726,0.0557066804365723,0.0557066804365723,0.0557066804365723
835,836,0.05751352130347173,0.004428441242572726,0.0557066804365723,0.0557066804365723,0.0557066804365723
836,837,0.05747795721284694,0.004395081663070393,0.0557066804365723,0.0557066804365723,0.0557066804365723
837,838,0.057466102515972006,0.004383841278120344,0.0557066804365723,0.0557066804365723,0.0557066804365723
838,839,0.057466102515972006,0.004383841278120344,0.0557066804365723,0.0557066804365723,0.0557066804365723
839,840,0.05745424781909707,0.0043725398581110735,0.0557066804365723,0.0557066804365723,0.0557066804365723
840,841,0.05745424781909707,0.0043725398581110735,0.0557066804365723,0.0557066804365723,0.0557066804365723
841,842,0.057430538425347205,0.004349752007388286,0.0557066804365723,0.0557066804365723,0.0557066804365723
842,843,0.057414325754109354,0.004325867040498196,0.0557066804365723,0.0557066804365723,0.0557066804365723
843,844,0.0573981130828715,0.004301788357990369,0.0557066804365723,0.0557066804365723,0.0557066804365723
844,845,0.05738190041163364,0.004277512688513852,0.0557066804365723,0.0557066804365723,0.0557066804365723
845,846,0.05738190041163364,0.004277512688513852,0.0557066804365723,0.0557066804365723,0.0557066804365723
846,847,0.05757419350048607,0.00453149453245777,0.0557066804365723,0.0557066804365723,0.0557066804365723
847,848,0.05738190041163364,0.004277512688513852,0.0557066804365723,0.0557066804365723,0.0557066804365723
848,849,0.05735819101788378,0.004253812629755189,0.0557066804365723,0.0557066804365723,0.0557066804365723
849,850,0.057536944101518446,0.004493672682780524,0.0557066804365723,0.0557066804365723,0.0557066804365723
850,851,0.05735819101788378,0.004253812629755189,0.0557066804365723,0.0557066804365723,0.0557066804365723
851,852,0.057525089404643515,0.004482835514496567,0.0557066804365723,0.0557066804365723,0.0557066804365723
852,853,0.05735819101788378,0.004253812629755189,0.0557066804365723,0.0557066804365723,0.0557066804365723
853,854,0.057340293038303104,0.004222958830446308,0.0557066804365723,0.0557066804365723,0.0557066804365723
854,855,0.057340293038303104,0.004222958830446308,0.0557066804365723,0.0557066804365723,0.0557066804365723
855,856,0.0574851673396558,0.004437960272027493,0.0557066804365723,0.0557066804365723,0.0557066804365723
856,857,0.0574851673396558,0.004437960272027493,0.0557066804365723,0.0557066804365723,0.0557066804365723
857,858,0.05731658364455324,0.004198715922888546,0.0557066804365723,0.0557066804365723,0.0557066804365723
858,859,0.05746145794590595,0.004415676081561886,0.0557066804365723,0.0557066804365723,0.0557066804365723
859,860,0.05729287425080338,0.00417419755736204,0.0557066804365723,0.0557066804365723,0.0557066804365723
860,861,0.05729287425080338,0.00417419755736204,0.0557066804365723,0.0557066804365723,0.0557066804365723
861,862,0.05742153588091824,0.004369529927220823,0.0557066804365723,0.0557066804365723,0.0557066804365723
862,863,0.0574096811840433,0.0043580701687786095,0.0557066804365723,0.0557066804365723,0.0557066804365723
863,864,0.057381613815930516,0.004322522500801278,0.0557066804365723,0.0557066804365723,0.0557066804365723
864,865,0.05728101955392845,0.004161833558632293,0.0557066804365723,0.0557066804365723,0.0557066804365723
865,866,0.05731798235719293,0.004250684963058693,0.0557066804365723,0.0557066804365723,0.0557066804365723
866,867,0.05731798235719293,0.004250684963058693,0.0557066804365723,0.0557066804365723,0.0557066804365723
867,868,0.057306127660318,0.00423861431071815,0.0557066804365723,0.0557066804365723,0.0557066804365723
868,869,0.057199490115610194,0.004052850571467375,0.0557066804365723,0.0557066804365723,0.0557066804365723
869,870,0.05717578072186033,0.004026754917827294,0.0557066804365723,0.0557066804365723,0.0557066804365723
870,871,0.0571639260249854,0.004013590944968574,0.0557066804365723,0.0557066804365723,0.0557066804365723
871,872,0.05714771335374754,0.0039866088849339005,0.0557066804365723,0.0557066804365723,0.0557066804365723
872,873,0.05724685417594334,0.0041772333378854816,0.0557066804365723,0.0557066804365723,0.0557066804365723
873,874,0.05724685417594334,0.0041772333378854816,0.0557066804365723,0.0557066804365723,0.0557066804365723
874,875,0.05723499947906841,0.004164747360037262,0.0557066804365723,0.0557066804365723,0.0557066804365723
875,876,0.05723499947906841,0.004164747360037262,0.0557066804365723,0.0557066804365723,0.0557066804365723
876,877,0.05710779128875982,0.003932250788675516,0.0557066804365723,0.0557066804365723,0.0557066804365723
877,878,0.05721878680783056,0.004139029268068432,0.0557066804365723,0.0557066804365723,0.0557066804365723
878,879,0.0571950774140807,0.004113591584160708,0.0557066804365723,0.0557066804365723,0.0557066804365723
879,880,0.057183222717205766,0.004100762165675934,0.0557066804365723,0.0557066804365723,0.0557066804365723
880,881,0.05715347004075016,0.004054917480801974,0.0557066804365723,0.0557066804365723,0.0557066804365723
881,882,0.05702045043627238,0.0038201652498811244,0.0557066804365723,0.0557066804365723,0.0557066804365723
882,883,0.057113547975762444,0.004001544861348425,0.0557066804365723,0.0557066804365723,0.0557066804365723
883,884,0.05710169327888751,0.0039881126967514415,0.0557066804365723,0.0557066804365723,0.0557066804365723
884,885,0.05710169327888751,0.0039881126967514415,0.0557066804365723,0.0557066804365723,0.0557066804365723
885,886,0.05707798388513764,0.00396100528757211,0.0557066804365723,0.0557066804365723,0.0557066804365723
886,887,0.05707798388513764,0.00396100528757211,0.0557066804365723,0.0557066804365723,0.0557066804365723
887,888,0.05706177121389979,0.003933308316513817,0.0557066804365723,0.0557066804365723,0.0557066804365723
888,889,0.05702184914891208,0.00387731842914374,0.0557066804365723,0.0557066804365723,0.0557066804365723
889,890,0.05702184914891208,0.00387731842914374,0.0557066804365723,0.0557066804365723,0.0557066804365723
890,891,0.057005636477674225,0.003848782851436713,0.0557066804365723,0.0557066804365723,0.0557066804365723
891,892,0.05681596367273118,0.003523391555639049,0.0557066804365723,0.0557066804365723,0.0557066804365723
892,893,0.05697007238704942,0.003805608427007253,0.0557066804365723,0.0557066804365723,0.0557066804365723
893,894,0.05694200501893664,0.0037615692669127117,0.0557066804365723,0.0557066804365723,0.0557066804365723
894,895,0.05694031971059381,0.0037544743108408355,0.0557066804365723,0.0557066804365723,0.0557066804365723
895,896,0.05692846501371888,0.0037396058372804945,0.0557066804365723,0.0557066804365723,0.0557066804365723
896,897,0.056904755619969015,0.00370957646505791,0.0557066804365723,0.0557066804365723,0.0557066804365723
897,898,0.05673611954275574,0.0033907544455051065,0.0557066804365723,0.0557066804365723,0.0557066804365723
898,899,0.05688854294873116,0.003679224373270745,0.0557066804365723,0.0557066804365723,0.0557066804365723
899,900,0.056724264845880806,0.0033735661717221675,0.0557066804365723,0.0557066804365723,0.0557066804365723
900,901,0.05671241014900587,0.0033562480022471058,0.0557066804365723,0.0557066804365723,0.0557066804365723
901,902,0.05685762342817242,0.0035949145668990675,0.0557066804365723,0.0557066804365723,0.0557066804365723
902,903,0.05683240821250559,0.003586008765700659,0.0557066804365723,0.0557066804365723,0.0557066804365723
903,904,0.05683240821250559,0.003586008765700659,0.0557066804365723,0.0557066804365723,0.0557066804365723
904,905,0.056820553515630666,0.0035700805059469226,0.0557066804365723,0.0557066804365723,0.0557066804365723
905,906,0.056688700755256005,0.0033212138330373678,0.0557066804365723,0.0557066804365723,0.0557066804365723
906,907,0.056796844121880796,0.003537889698455112,0.0557066804365723,0.0557066804365723,0.0557066804365723
907,908,0.056676846058381074,0.003303493614240887,0.0557066804365723,0.0557066804365723,0.0557066804365723
908,909,0.056676846058381074,0.003303493614240887,0.0557066804365723,0.0557066804365723,0.0557066804365723
909,910,0.056776273476280024,0.0034894016004570457,0.0557066804365723,0.0557066804365723,0.0557066804365723
910,911,0.05666499136150614,0.0032856350567623733,0.0557066804365723,0.0557066804365723,0.0557066804365723
911,912,0.056752564082530155,0.0034561557434508528,0.0557066804365723,0.0557066804365723,0.0557066804365723
912,913,0.05666499136150614,0.0032856350567623733,0.0557066804365723,0.0557066804365723,0.0557066804365723
913,914,0.05670224076047377,0.003346894930370521,0.0557066804365723,0.0557066804365723,0.0557066804365723
914,915,0.05666499136150614,0.0032856350567623733,0.0557066804365723,0.0557066804365723,0.0557066804365723
915,916,0.05664128196775628,0.0032494937847284797,0.0557066804365723,0.0557066804365723,0.0557066804365723
916,917,0.05665482197297405,0.003275933196576278,0.0557066804365723,0.0557066804365723,0.0557066804365723
917,918,0.05662942727088134,0.003231206325949582,0.0557066804365723,0.0557066804365723,0.0557066804365723
918,919,0.0566386093017362,0.0032402729149083142,0.0557066804365723,0.0557066804365723,0.0557066804365723
919,920,0.056614899907986335,0.003203424681269333,0.0557066804365723,0.0557066804365723,0.0557066804365723
920,921,0.05659386318025655,0.0031754466310116715,0.0557066804365723,0.0557066804365723,0.0557066804365723
921,922,0.056582008483381616,0.0031565521537853585,0.0557066804365723,0.0557066804365723,0.0557066804365723
922,923,0.05657015378650668,0.0031374991035942297,0.0557066804365723,0.0557066804365723,0.0557066804365723
923,924,0.05657015378650668,0.0031374991035942297,0.0557066804365723,0.0557066804365723,0.0557066804365723
924,925,0.05653505577801089,0.003051679835958933,0.0557066804365723,0.0557066804365723,0.0557066804365723
925,926,0.05652320108113596,0.003031784248014145,0.0557066804365723,0.0557066804365723,0.0557066804365723
926,927,0.05645160681775734,0.0029375556433455215,0.0557066804365723,0.0557066804365723,0.0557066804365723
927,928,0.05643539414651949,0.0028965969846364405,0.0557066804365723,0.0557066804365723,0.0557066804365723
928,929,0.05643539414651949,0.0028965969846364405,0.0557066804365723,0.0557066804365723,0.0557066804365723
929,930,0.05642353944964456,0.0028752177447717757,0.0557066804365723,0.0557066804365723,0.0557066804365723
930,931,0.05642353944964456,0.0028752177447717757,0.0557066804365723,0.0557066804365723,0.0557066804365723
931,932,0.05648763699051116,0.0029710144793278627,0.0557066804365723,0.0557066804365723,0.0557066804365723
932,933,0.05641168475276962,0.002853629093035757,0.0557066804365723,0.0557066804365723,0.0557066804365723
933,934,0.05639983005589469,0.002831826240028449,0.0557066804365723,0.0557066804365723,0.0557066804365723
934,935,0.05638797535901976,0.002809804199429431,0.0557066804365723,0.0557066804365723,0.0557066804365723
935,936,0.05638797535901976,0.002809804199429431,0.0557066804365723,0.0557066804365723,0.0557066804365723
936,937,0.05638797535901976,0.002809804199429431,0.0557066804365723,0.0557066804365723,0.0557066804365723
937,938,0.05637612066214483,0.0027875577764187903,0.0557066804365723,0.0557066804365723,0.0557066804365723
938,939,0.056558299089631725,0.0031182845737466316,0.0557066804365723,0.0557066804365723,0.0557066804365723
939,940,0.056364265965269895,0.002765081555205647,0.0557066804365723,0.0557066804365723,0.0557066804365723
940,941,0.056364265965269895,0.002765081555205647,0.0557066804365723,0.0557066804365723,0.0557066804365723
941,942,0.056364265965269895,0.002765081555205647,0.0557066804365723,0.0557066804365723,0.0557066804365723
942,943,0.05635241126839496,0.002742369885578547,0.0557066804365723,0.0557066804365723,0.0557066804365723
943,944,0.05634055657152003,0.002719416868382214,0.0557066804365723,0.0557066804365723,0.0557066804365723
944,945,0.0563287018746451,0.0026962163398138793,0.0557066804365723,0.0557066804365723,0.0557066804365723
945,946,0.05652273499900693,0.0030596415558436117,0.0557066804365723,0.0557066804365723,0.0557066804365723
946,947,0.05652273499900693,0.0030596415558436117,0.0557066804365723,0.0557066804365723,0.0557066804365723
947,948,0.05651837702464401,0.0030407537350726193,0.0557066804365723,0.0557066804365723,0.0557066804365723
948,949,0.0562575736933955,0.0025514323060017276,0.0557066804365723,0.0557066804365723,0.0557066804365723
949,950,0.05624136102215765,0.0025029095379685683,0.0557066804365723,0.0557066804365723,0.0557066804365723
950,951,0.05624136102215765,0.0025029095379685683,0.0557066804365723,0.0557066804365723,0.0557066804365723
951,952,0.056478454959656296,0.0029606553884746856,0.0557066804365723,0.0557066804365723,0.0557066804365723
952,953,0.05621765162840778,0.002451179358793878,0.0557066804365723,0.0557066804365723,0.0557066804365723
953,954,0.05624449977030676,0.0024813484126122933,0.0557066804365723,0.0557066804365723,0.0557066804365723
954,955,0.056407326778406715,0.0028331974727295035,0.0557066804365723,0.0557066804365723,0.0557066804365723
955,956,0.056383617384656845,0.0027890145048263537,0.0557066804365723,0.0557066804365723,0.0557066804365723
956,957,0.05620579693153285,0.0024248135380529265,0.0557066804365723,0.0557066804365723,0.0557066804365723
957,958,0.05637176268778191,0.0027665822418542468,0.0557066804365723,0.0557066804365723,0.0557066804365723
958,959,0.05632434390028219,0.002674447269143527,0.0557066804365723,0.0557066804365723,0.0557066804365723
959,960,0.056154020169670214,0.0022900377530517355,0.0557066804365723,0.0557066804365723,0.0557066804365723
960,961,0.056300634506532325,0.002626847394999623,0.0557066804365723,0.0557066804365723,0.0557066804365723
961,962,0.05609474668529555,0.0021426901651498227,0.0557066804365723,0.0557066804365723,0.0557066804365723
962,963,0.05609474668529555,0.0021426901651498227,0.0557066804365723,0.0557066804365723,0.0557066804365723
963,964,0.056260712441544604,0.0025302645764119468,0.0557066804365723,0.0557066804365723,0.0557066804365723
964,965,0.05608289198842062,0.0021117877704654184,0.0557066804365723,0.0557066804365723,0.0557066804365723
965,966,0.05624885774466968,0.002504935172368051,0.0557066804365723,0.0557066804365723,0.0557066804365723
966,967,0.05623700304779474,0.0024792903301574004,0.0557066804365723,0.0557066804365723,0.0557066804365723
967,968,0.056023618504045955,0.0019488621784608177,0.0557066804365723,0.0557066804365723,0.0557066804365723
968,969,0.056189584260295015,0.002373350197133538,0.0557066804365723,0.0557066804365723,0.0557066804365723
969,970,0.056011763807171024,0.00191439385400095,0.0557066804365723,0.0557066804365723,0.0557066804365723
970,971,0.05616587486654515,0.002318201902485794,0.0557066804365723,0.0557066804365723,0.0557066804365723
971,972,0.05614216547279529,0.0022614607430684565,0.0557066804365723,0.0557066804365723,0.0557066804365723
972,973,0.05598805441342116,0.0018432961510326472,0.0557066804365723,0.0557066804365723,0.0557066804365723
973,974,0.05612595280155744,0.002205722531169095,0.0557066804365723,0.0557066804365723,0.0557066804365723
974,975,0.056090388710932644,0.002114750019918471,0.0557066804365723,0.0557066804365723,0.0557066804365723
975,976,0.056090388710932644,0.002114750019918471,0.0557066804365723,0.0557066804365723,0.0557066804365723
976,977,0.055940635625921435,0.0016911657614350453,0.0557066804365723,0.0557066804365723,0.0557066804365723
977,978,0.056066679317182774,0.0020515196359099245,0.0557066804365723,0.0557066804365723,0.0557066804365723
978,979,0.05605482462030784,0.002019057651455106,0.0557066804365723,0.0557066804365723,0.0557066804365723
979,980,0.05605482462030784,0.002019057651455106,0.0557066804365723,0.0557066804365723,0.0557066804365723
980,981,0.0558963555865708,0.001487469241838916,0.0557066804365723,0.0557066804365723,0.0557066804365723
981,982,0.05603111522655798,0.0019522993017522365,0.0557066804365723,0.0557066804365723,0.0557066804365723
982,983,0.055884500889695876,0.0014409675417573554,0.0557066804365723,0.0557066804365723,0.0557066804365723
983,984,0.055983696439058254,0.0018104853710969521,0.0557066804365723,0.0557066804365723,0.0557066804365723
984,985,0.05597184174218332,0.0017730625450331804,0.0557066804365723,0.0557066804365723,0.0557066804365723
985,986,0.05594813234843346,0.0016954924372755242,0.0557066804365723,0.0557066804365723,0.0557066804365723
986,987,0.05589635558657081,0.001487469241838916,0.0557066804365723,0.0557066804365723,0.0557066804365723
987,988,0.05589635558657081,0.001487469241838916,0.0557066804365723,0.0557066804365723,0.0557066804365723
988,989,0.05589635558657081,0.001487469241838916,0.0557066804365723,0.0557066804365723,0.0557066804365723
989,990,0.055801518011571356,0.0010560665406782834,0.0557066804365723,0.0557066804365723,0.0557066804365723
990,991,0.05587264619282094,0.0013928133757627535,0.0557066804365723,0.0557066804365723,0.0557066804365723
991,992,0.055848936799071075,0.0012908017598711522,0.0557066804365723,0.0557066804365723,0.0557066804365723
992,993,0.055837082102196144,0.001236473866915062,0.0557066804365723,0.0557066804365723,0.0557066804365723
993,994,0.055754099224071624,0.0007482558456691417,0.0557066804365723,0.0557066804365723,0.0557066804365723
994,995,0.05574224452719669,0.0006483337947751307,0.0557066804365723,0.0557066804365723,0.0557066804365723
995,996,0.05578966331469641,0.0009883575809966991,0.0557066804365723,0.0557066804365723,0.0557066804365723
996,997,0.05576595392094655,0.0008361553946681026,0.0557066804365723,0.0557066804365723,0.0557066804365723
997,998,0.055706680436571884,1.3877787807814457e-17,0.0557066804365723,0.0557066804365723,0.0557066804365723
998,999,0.055706680436571884,1.3877787807814457e-17,0.0557066804365723,0.0557066804365723,0.0557066804365723
