,min_xray_0,xray_0_min_0_r_free_0,xray_0_min_0_rmsd_avg_0,xray_0_min_0_ff,xray_0_min_0_pdb
0,5.7906398189764845,0.2847594779848664,0.4192131525979767,8714.653152552644,/wynton/group/sali/mhancock/xray/sample_bench/out/7mhf/116_2_condition_wxray/0/output_433/pdbs/393.pdb
1,5.397510483902344,0.1865311450952956,0.4013177898913573,12255.21523566194,/wynton/group/sali/mhancock/xray/sample_bench/out/7mhf/116_2_condition_wxray/1/output_259/pdbs/365.pdb
2,5.127891894129552,0.1535641322423345,0.4303935803671424,23844.764257721665,/wynton/group/sali/mhancock/xray/sample_bench/out/7mhf/116_2_condition_wxray/2/output_105/pdbs/301.pdb
3,4.922773377032591,0.1437518120865392,0.5424326945439025,138476.57936638832,/wynton/group/sali/mhancock/xray/sample_bench/out/7mhf/116_2_condition_wxray/3/output_331/pdbs/451.pdb
4,5.348398757867025,0.2164160396139411,0.7829349248589444,777123.3003865803,/wynton/group/sali/mhancock/xray/sample_bench/out/7mhf/116_2_condition_wxray/4/output_307/pdbs/458.pdb
5,5.65440967060942,0.2302955319405828,1.0302690900404543,2015748.195242697,/wynton/group/sali/mhancock/xray/sample_bench/out/7mhf/116_2_condition_wxray/5/output_382/pdbs/47.pdb
6,5.940193768375688,0.2652669411372045,1.046113391497159,2567041.6834280696,/wynton/group/sali/mhancock/xray/sample_bench/out/7mhf/116_2_condition_wxray/6/output_92/pdbs/17.pdb
7,6.027904287815937,0.2728408519403312,1.1184141822530624,19834441.59102875,/wynton/group/sali/mhancock/xray/sample_bench/out/7mhf/116_2_condition_wxray/7/output_406/pdbs/19.pdb
