,w_1_native_5_1,pdb,xray_native_5_0,xray_native_5_1,rmsd,xray_native_5_0+xray_native_5_1,r_free_native_5_1,ff,w_1_native_5_0,w_0_native_5_1,r_work_native_5_1,w_0_native_5_0,r_work_native_5_0,r_free_native_5_0,out_id
0,0.7611810819193475,/wynton/group/sali/vipul/xray/matthew/multixray/sample_bench/out/277_native_5_t3000/2/output_683/pdbs/414.pdb,4.995973187017856,4.975734285865736,0.1843226972063933,9.97170747288359,0.2070784165763322,36702.1304869292,0.3808054738467203,0.2388189180806524,0.1845603751648858,0.6191945261532796,0.1857870990133928,0.2089372781156664,683
1,0.3236401222736955,/wynton/group/sali/vipul/xray/matthew/multixray/sample_bench/out/277_native_5_t3000/2/output_846/pdbs/311.pdb,5.086030835118589,5.083141755273658,0.2005045947667998,10.169172590392247,0.2391972025072997,37810.08736685926,0.2881751473786699,0.6763598777263045,0.2102663949044238,0.7118248526213301,0.2136783149826168,0.2373874266994878,846
2,0.5571994458597969,/wynton/group/sali/vipul/xray/matthew/multixray/sample_bench/out/277_native_5_t3000/2/output_528/pdbs/287.pdb,5.047983965924378,5.009620658026694,0.2123537248990133,10.057604623951072,0.2118614334987022,38339.78994301511,0.6382811357964969,0.4428005541402032,0.1928301189047382,0.3617188642035031,0.1997345233866632,0.2208475849102232,528
3,0.5790235682096913,/wynton/group/sali/vipul/xray/matthew/multixray/sample_bench/out/277_native_5_t3000/2/output_671/pdbs/415.pdb,5.118009436670691,5.036986919502136,0.2048498732963595,10.154996356172827,0.2286922030774622,37588.616548837126,0.8768697903629249,0.4209764317903087,0.2022715080584134,0.123130209637075,0.2208389400855867,0.2431588879931602,671
4,0.1303447807398911,/wynton/group/sali/vipul/xray/matthew/multixray/sample_bench/out/277_native_5_t3000/2/output_785/pdbs/345.pdb,4.988072629314778,5.029416709698006,0.19875886446842,10.017489339012783,0.2101907931774356,37129.12542918286,0.5609221804866312,0.8696552192601089,0.1965975152199773,0.4390778195133688,0.1833786075000863,0.2094618749527084,785
5,0.6054259608715782,/wynton/group/sali/vipul/xray/matthew/multixray/sample_bench/out/277_native_5_t3000/2/output_940/pdbs/410.pdb,5.009652427275743,5.022169447527206,0.18720194135372,10.031821874802949,0.206387033335844,37087.848332573965,0.6869169331696384,0.3945740391284218,0.1961665915805805,0.3130830668303617,0.1935915364959088,0.2025642398543487,940
6,0.0113697952144726,/wynton/group/sali/vipul/xray/matthew/multixray/sample_bench/out/277_native_5_t3000/2/output_728/pdbs/373.pdb,4.971336147206194,5.150117889815949,0.187675918126526,10.121454037022144,0.252047506036624,36642.146274803,0.5505246968119795,0.9886302047855274,0.2214127903698577,0.4494753031880205,0.1850813872343534,0.2067172915414361,728
7,0.5495248295591401,/wynton/group/sali/vipul/xray/matthew/multixray/sample_bench/out/277_native_5_t3000/2/output_675/pdbs/362.pdb,4.993479609407508,4.962251165068489,0.1660727419727056,9.955730774475997,0.2037206441064767,37059.32310564798,0.4724082629784971,0.4504751704408599,0.1824231043243224,0.527591737021503,0.1882384242100289,0.2049156198285388,675
8,0.2507381521557959,/wynton/group/sali/vipul/xray/matthew/multixray/sample_bench/out/277_native_5_t3000/2/output_489/pdbs/229.pdb,5.115724835156463,5.132387921467838,0.2115063322808137,10.248112756624302,0.2498284542646679,37495.59075268781,0.2850696593551305,0.7492618478442041,0.2294923397920815,0.7149303406448694,0.2264437084529771,0.2387704957110436,489
9,0.8190380244548073,/wynton/group/sali/vipul/xray/matthew/multixray/sample_bench/out/277_native_5_t3000/2/output_230/pdbs/401.pdb,5.1905358783060045,5.181072856326479,0.3029759413490121,10.371608734632485,0.2783091485992803,38425.76181015267,0.7926785605053817,0.1809619755451926,0.2432982489934031,0.2073214394946183,0.2462152260287399,0.2774674884812833,230
10,0.5479417683381457,/wynton/group/sali/vipul/xray/matthew/multixray/sample_bench/out/277_native_5_t3000/2/output_188/pdbs/318.pdb,4.9784222054844856,4.972498302419663,0.161436925040486,9.950920507904149,0.200750512881261,37570.38102372983,0.3801318889370097,0.4520582316618544,0.1843429613835476,0.6198681110629903,0.1842322354787147,0.1992621789138461,188
11,0.5595324129413732,/wynton/group/sali/vipul/xray/matthew/multixray/sample_bench/out/277_native_5_t3000/2/output_450/pdbs/210.pdb,5.0432250813749695,5.008361724628681,0.1874979486459401,10.051586806003652,0.2074173621837977,37355.868851972446,0.5911109207801148,0.4404675870586267,0.1927476956848904,0.4088890792198852,0.1994869695739418,0.2077395028444281,450
12,0.5511200114115675,/wynton/group/sali/vipul/xray/matthew/multixray/sample_bench/out/277_native_5_t3000/2/output_191/pdbs/293.pdb,5.030522004116052,5.015082449749022,0.1735093192009654,10.045604453865074,0.2202681953531577,37070.40327542914,0.7863209348733862,0.4488799885884325,0.1932707110865589,0.2136790651266137,0.197605272957481,0.225833537153447,191
13,0.4665776107145652,/wynton/group/sali/vipul/xray/matthew/multixray/sample_bench/out/277_native_5_t3000/2/output_901/pdbs/435.pdb,5.04177072828269,5.009649643269952,0.1796254652167647,10.051420371552641,0.21593623690239,37001.58462575243,0.1031307901068081,0.5334223892854348,0.1922477137674949,0.8968692098931919,0.2004950055020986,0.2247677981393065,901
14,0.2239819514382551,/wynton/group/sali/vipul/xray/matthew/multixray/sample_bench/out/277_native_5_t3000/2/output_444/pdbs/386.pdb,4.992379663517816,5.014241178610317,0.1641090717505199,10.006620842128132,0.2178428338606277,37200.92208376069,0.5608702605850744,0.7760180485617448,0.1893081297726877,0.4391297394149256,0.1853352003526946,0.2107761177965129,444
15,0.3716193070985167,/wynton/group/sali/vipul/xray/matthew/multixray/sample_bench/out/277_native_5_t3000/2/output_371/pdbs/386.pdb,5.075021798304073,5.002942685435948,0.192701837905195,10.077964483740022,0.2080500043956766,38470.50379914081,0.4239102725689849,0.6283806929014832,0.1922462425944786,0.5760897274310152,0.2062354990428258,0.2194568255314447,371
16,0.2422334211463182,/wynton/group/sali/vipul/xray/matthew/multixray/sample_bench/out/277_native_5_t3000/2/output_984/pdbs/471.pdb,4.9482098218094,4.99853148608954,0.1872458142634417,9.94674130789894,0.2050354989410454,36795.191054821946,0.6096619034923643,0.7577665788536818,0.1869481011023829,0.3903380965076358,0.1755506104547637,0.193909189027448,984
17,0.3310050882415959,/wynton/group/sali/vipul/xray/matthew/multixray/sample_bench/out/277_native_5_t3000/2/output_44/pdbs/398.pdb,5.085046338765062,5.037154120014447,0.1935019412257045,10.12220045877951,0.2206360006987303,37533.49397221156,0.4118913194130997,0.6689949117584041,0.2018518681504964,0.5881086805869004,0.2102884344831049,0.2315400605260021,44
18,0.1201603509345331,/wynton/group/sali/vipul/xray/matthew/multixray/sample_bench/out/277_native_5_t3000/2/output_996/pdbs/400.pdb,4.959296392065511,5.0961747048187975,0.1806774394065251,10.055471096884308,0.2340435127052431,36565.03755227493,0.6713534371773215,0.8798396490654669,0.208626797860884,0.3286465628226784,0.1812117469135142,0.1908675172780855,996
19,0.3404938252275978,/wynton/group/sali/vipul/xray/matthew/multixray/sample_bench/out/277_native_5_t3000/2/output_413/pdbs/456.pdb,5.065128287346146,5.0263735237824685,0.1960846352017236,10.091501811128614,0.212409381843434,37798.16864708989,0.3562912602735679,0.6595061747724021,0.2005893878892021,0.643708739726432,0.2084215441688423,0.224705081109829,413
20,0.6034960340113139,/wynton/group/sali/vipul/xray/matthew/multixray/sample_bench/out/277_native_5_t3000/2/output_620/pdbs/194.pdb,5.033842061824616,5.011888007465767,0.1697305032481801,10.045730069290382,0.2226132845827076,37901.30423757125,0.541910290772053,0.3965039659886861,0.1924176932857027,0.458089709227947,0.1945518209971351,0.2166941953662371,620
21,0.2211771099871872,/wynton/group/sali/vipul/xray/matthew/multixray/sample_bench/out/277_native_5_t3000/2/output_858/pdbs/203.pdb,5.046654194105541,5.033923369830181,0.1822512587388456,10.080577563935723,0.2236747896579803,37158.47436082115,0.4240042486219613,0.7788228900128128,0.2004480581681675,0.5759957513780386,0.201171965366099,0.222262988444033,858
22,0.914866088488052,/wynton/group/sali/vipul/xray/matthew/multixray/sample_bench/out/277_native_5_t3000/2/output_913/pdbs/322.pdb,4.994658373205912,5.072158044899395,0.2394444885014984,10.066816418105308,0.2282887027050602,36804.25506768804,0.3069899548206407,0.085133911511948,0.2066076209824969,0.6930100451793593,0.187425210723967,0.2152746083692536,913
23,0.4982656456730349,/wynton/group/sali/vipul/xray/matthew/multixray/sample_bench/out/277_native_5_t3000/2/output_329/pdbs/472.pdb,4.997763932734839,4.96806781462601,0.177509837727227,9.965831747360848,0.2072910706283049,37325.640457072746,0.5098548177504759,0.5017343543269651,0.1837270484587505,0.490145182249524,0.1891419557844882,0.2046232242807611,329
24,0.2801391608770383,/wynton/group/sali/vipul/xray/matthew/multixray/sample_bench/out/277_native_5_t3000/2/output_596/pdbs/314.pdb,5.134088020928282,5.188466624390152,0.3224113636717246,10.322554645318434,0.2733003546083417,37683.5681289591,0.122492130376398,0.7198608391229617,0.2392173197220587,0.8775078696236019,0.2330574096796051,0.2553853520572617,596
25,0.1067741391319112,/wynton/group/sali/vipul/xray/matthew/multixray/sample_bench/out/277_native_5_t3000/2/output_251/pdbs/365.pdb,5.023656695915795,5.065803408171194,0.1866527870839324,10.089460104086989,0.2317043606277632,36130.52320450384,0.6687369602078803,0.8932258608680888,0.2029888336221035,0.3312630397921197,0.1931918489665143,0.217447960201535,251
26,0.2270586531170991,/wynton/group/sali/vipul/xray/matthew/multixray/sample_bench/out/277_native_5_t3000/2/output_918/pdbs/135.pdb,5.068245191396298,5.09531580876456,0.1707137680440894,10.163561000160858,0.2409805656813116,37267.3321165172,0.3828561360248915,0.7729413468829008,0.2149659963926469,0.6171438639751085,0.2075582019520793,0.2343749629704692,918
27,0.2521693679226221,/wynton/group/sali/vipul/xray/matthew/multixray/sample_bench/out/277_native_5_t3000/2/output_358/pdbs/96.pdb,5.147704224235749,5.144238024163956,0.2346990855302439,10.291942248399705,0.2542457658433871,38255.34408409973,0.2251371549959887,0.7478306320773779,0.229239900751607,0.7748628450040113,0.2283130657015667,0.2517146067343914,358
28,0.447591097708103,/wynton/group/sali/vipul/xray/matthew/multixray/sample_bench/out/277_native_5_t3000/2/output_599/pdbs/386.pdb,5.041456610807988,5.031713158698916,0.2093881765603011,10.073169769506904,0.2141858630495383,37898.20963284334,0.1821506618376701,0.552408902291897,0.1957485291007456,0.81784933816233,0.1991194888507943,0.2151335282167325,599
29,0.8591489186700961,/wynton/group/sali/vipul/xray/matthew/multixray/sample_bench/out/277_native_5_t3000/2/output_563/pdbs/123.pdb,5.184478672982829,5.136474616361008,0.2459768241952124,10.320953289343837,0.2630860688989815,37778.82908038045,0.7152525963797159,0.1408510813299038,0.2307389620210081,0.2847474036202841,0.2368312422573277,0.2685093379904179,563
30,0.5165250035446161,/wynton/group/sali/vipul/xray/matthew/multixray/sample_bench/out/277_native_5_t3000/2/output_54/pdbs/490.pdb,5.017677879031736,5.00814649323596,0.1726632740038229,10.025824372267696,0.2153750682804809,37017.81776351972,0.6234050804501085,0.483474996455384,0.1932992446718961,0.3765949195498915,0.194457626181677,0.2138220146193537,54
31,0.9653368985191692,/wynton/group/sali/vipul/xray/matthew/multixray/sample_bench/out/277_native_5_t3000/2/output_315/pdbs/326.pdb,5.1198641450894256,5.147166650149516,0.2196216389957861,10.267030795238941,0.2488545497124354,37897.49661432729,0.6671101454075471,0.0346631014808308,0.2349026458621958,0.3328898545924529,0.2205037556632402,0.2384392315716841,315
32,0.636405046784103,/wynton/group/sali/vipul/xray/matthew/multixray/sample_bench/out/277_native_5_t3000/2/output_734/pdbs/371.pdb,5.045249546710195,4.984325413304518,0.214114845396518,10.029574960014713,0.208967695874996,38192.64163334405,0.5317986822044737,0.363594953215897,0.1890612387934243,0.4682013177955264,0.1998956399004194,0.2233510232454452,734
33,0.7780761689049537,/wynton/group/sali/vipul/xray/matthew/multixray/sample_bench/out/277_native_5_t3000/2/output_820/pdbs/479.pdb,5.048796914311866,5.037619313481355,0.2008722361265132,10.08641622779322,0.2306623644042963,37042.60400428588,0.5116162052290572,0.2219238310950463,0.2000719349014715,0.4883837947709428,0.1992969002057187,0.2252711681663513,820
34,0.531743491770544,/wynton/group/sali/vipul/xray/matthew/multixray/sample_bench/out/277_native_5_t3000/2/output_309/pdbs/394.pdb,5.047604083982437,5.01696033911948,0.2072935760616858,10.064564423101917,0.2192175679303848,38003.39436083469,0.6730589187838839,0.468256508229456,0.1968881595423945,0.3269410812161162,0.2016775837711153,0.2273284167015332,309
35,0.2962988635695368,/wynton/group/sali/vipul/xray/matthew/multixray/sample_bench/out/277_native_5_t3000/2/output_287/pdbs/488.pdb,5.01422399289085,5.014088001448648,0.2049244940406533,10.028311994339498,0.2157763519003075,37555.454121290015,0.5664931602481029,0.7037011364304632,0.1916160220251725,0.4335068397518971,0.1877705185298774,0.2180850455106627,287
36,0.4546400035003431,/wynton/group/sali/vipul/xray/matthew/multixray/sample_bench/out/277_native_5_t3000/2/output_710/pdbs/467.pdb,5.007624331978505,4.970138666282592,0.1920695177162878,9.977762998261097,0.2083398944519879,37232.62099936332,0.7459012017431185,0.5453599964996568,0.1840433688803069,0.2540987982568816,0.192290825820242,0.2107681598912003,710
37,0.2822735609672937,/wynton/group/sali/vipul/xray/matthew/multixray/sample_bench/out/277_native_5_t3000/2/output_616/pdbs/201.pdb,5.107576618616753,5.111356102464599,0.2520472497556359,10.218932721081352,0.2561495186722399,38286.69128377304,0.2772030158569669,0.7177264390327063,0.22158016124683,0.7227969841430332,0.2190940253530802,0.2484136271013632,616
38,0.6216098217338624,/wynton/group/sali/vipul/xray/matthew/multixray/sample_bench/out/277_native_5_t3000/2/output_646/pdbs/280.pdb,5.041382912314826,5.029951205949708,0.2151978256648322,10.071334118264534,0.2206661854744797,37398.06565848394,0.7196343895890985,0.3783901782661377,0.1996907052084504,0.2803656104109014,0.2003001211596951,0.2230110298063284,646
39,0.7409973610982766,/wynton/group/sali/vipul/xray/matthew/multixray/sample_bench/out/277_native_5_t3000/2/output_171/pdbs/207.pdb,5.059767238098333,5.051290085667186,0.2193526776490333,10.111057323765518,0.2314084459832128,37838.33588274597,0.5617325700889858,0.2590026389017233,0.203562259314621,0.4382674299110142,0.2012453315313016,0.2248631067113586,171
40,0.7543114139015523,/wynton/group/sali/vipul/xray/matthew/multixray/sample_bench/out/277_native_5_t3000/2/output_202/pdbs/324.pdb,4.995915284765812,4.9993982719389605,0.1839210831939408,9.995313556704772,0.2158539813995766,37158.17539570978,0.3847920619072528,0.2456885860984476,0.1922175705377913,0.6152079380927472,0.189232039972734,0.2031118270176748,202
41,0.9932643674400012,/wynton/group/sali/vipul/xray/matthew/multixray/sample_bench/out/277_native_5_t3000/2/output_185/pdbs/397.pdb,4.993413401541352,5.131183944675445,0.2137683067499158,10.124597346216795,0.2370189944638137,36815.20017865261,0.5161717925000142,0.0067356325599987,0.222211224216071,0.4838282074999858,0.1894446935965103,0.2105019539732071,185
42,0.6529408442265603,/wynton/group/sali/vipul/xray/matthew/multixray/sample_bench/out/277_native_5_t3000/2/output_471/pdbs/494.pdb,5.002940218000653,4.964102727254691,0.1846494255989667,9.967042945255344,0.2030601117690907,36476.25460074357,0.2481349246082986,0.3470591557734396,0.1801942448584318,0.7518650753917013,0.1880821459712544,0.2127235396259232,471
43,0.6628523799452791,/wynton/group/sali/vipul/xray/matthew/multixray/sample_bench/out/277_native_5_t3000/2/output_275/pdbs/319.pdb,5.04510984018785,5.019942805008494,0.1912863603577146,10.065052645196344,0.2225517629951773,37773.946125745744,0.4848551514294639,0.3371476200547209,0.1953393580863925,0.5151448485705362,0.2001008668293894,0.2249104161239449,275
44,0.8705608985804727,/wynton/group/sali/vipul/xray/matthew/multixray/sample_bench/out/277_native_5_t3000/2/output_669/pdbs/289.pdb,5.027399004002317,5.07645276636089,0.1828446945632237,10.103851770363207,0.2294806627895159,36479.24948530456,0.3942253462533368,0.1294391014195273,0.2074641171260406,0.6057746537466633,0.1948552634591933,0.2217652762942099,669
45,0.5544335167063071,/wynton/group/sali/vipul/xray/matthew/multixray/sample_bench/out/277_native_5_t3000/2/output_580/pdbs/398.pdb,5.01701535852303,4.967075258577249,0.1936919159597734,9.984090617100279,0.2033001774831458,37316.16572303687,0.3927632646856773,0.4455664832936928,0.184484316275694,0.6072367353143227,0.1941223835817565,0.2156663791150161,580
46,0.3714513473075,/wynton/group/sali/vipul/xray/matthew/multixray/sample_bench/out/277_native_5_t3000/2/output_249/pdbs/480.pdb,5.028672674864507,4.941895750699402,0.2435731588119955,9.970568425563908,0.2012786505951015,37566.796692617245,0.6047936099601089,0.6285486526924999,0.1760100527333928,0.3952063900398911,0.1924254387651012,0.2200747540156559,249
47,0.7927583969386228,/wynton/group/sali/vipul/xray/matthew/multixray/sample_bench/out/277_native_5_t3000/2/output_703/pdbs/469.pdb,4.983581086299582,5.043712546011813,0.1837155117479138,10.027293632311395,0.2204406887357787,36873.897422932416,0.3578588418943831,0.2072416030613771,0.2000757540228288,0.6421411581056169,0.1846280920405522,0.2087327046493374,703
48,0.233762530887693,/wynton/group/sali/vipul/xray/matthew/multixray/sample_bench/out/277_native_5_t3000/2/output_370/pdbs/388.pdb,5.1911142630717455,5.221140994737373,0.2852017877255165,10.412255257809118,0.2895026155243051,38126.256894144215,0.021066909430617,0.766237469112307,0.253479934134786,0.9789330905693828,0.2498073992409009,0.2743697999637827,370
49,0.5798441595740426,/wynton/group/sali/vipul/xray/matthew/multixray/sample_bench/out/277_native_5_t3000/2/output_533/pdbs/391.pdb,5.07926135854946,5.0663144505596085,0.1782914996548284,10.145575809109069,0.2343081479800662,37132.60142377987,0.8370238137730703,0.4201558404259575,0.2034089115475439,0.1629761862269296,0.2117532700515716,0.2286256898074794,533
50,0.5193242220201908,/wynton/group/sali/vipul/xray/matthew/multixray/sample_bench/out/277_native_5_t3000/2/output_812/pdbs/308.pdb,4.999288578099249,5.006825367441951,0.188868844883229,10.0061139455412,0.2141707173689392,37059.17906028158,0.7492744172016276,0.4806757779798092,0.1890864530416478,0.2507255827983725,0.1893631156671616,0.2121182086873788,812
51,0.4944724407963974,/wynton/group/sali/vipul/xray/matthew/multixray/sample_bench/out/277_native_5_t3000/2/output_748/pdbs/315.pdb,5.0334410405405645,5.002257450795262,0.1759914932987333,10.035698491335825,0.2171498921986875,37407.10836284267,0.6961874661226203,0.5055275592036026,0.1921156773433956,0.3038125338773796,0.1980237329217434,0.2182794193743218,748
52,0.0795023609593545,/wynton/group/sali/vipul/xray/matthew/multixray/sample_bench/out/277_native_5_t3000/2/output_231/pdbs/296.pdb,5.251166514160331,5.186087073932429,0.4246511464768024,10.437253588092759,0.282253922806358,38897.62411457676,0.1935509703857071,0.9204976390406454,0.2531210310696157,0.8064490296142929,0.2636473160313756,0.3046163676548467,231
53,0.4237333427505277,/wynton/group/sali/vipul/xray/matthew/multixray/sample_bench/out/277_native_5_t3000/2/output_415/pdbs/267.pdb,5.053580995392236,4.946603022275273,0.1706716044976457,10.00018401766751,0.2037124923651863,37347.448613973866,0.7325135049230812,0.5762666572494722,0.181725580446595,0.2674864950769189,0.1991486652228167,0.2211932782437077,415
54,0.0419303862211508,/wynton/group/sali/vipul/xray/matthew/multixray/sample_bench/out/277_native_5_t3000/2/output_446/pdbs/483.pdb,5.024584969049792,5.161593101879474,0.1950389801982615,10.186178070929266,0.25878206307516,36838.4722105476,0.4505976506986537,0.9580696137788492,0.2264233478103516,0.5494023493013463,0.1956217437990467,0.2181686970735694,446
55,0.5360980970282931,/wynton/group/sali/vipul/xray/matthew/multixray/sample_bench/out/277_native_5_t3000/2/output_27/pdbs/419.pdb,5.018123386688265,4.9717131098720815,0.1647925841087689,9.989836496560347,0.2057738956187913,37031.48527157875,0.1967944340955612,0.4639019029717068,0.184592653447231,0.8032055659044388,0.1943891083666881,0.2127915532463794,27
56,0.2963785223391755,/wynton/group/sali/vipul/xray/matthew/multixray/sample_bench/out/277_native_5_t3000/2/output_938/pdbs/254.pdb,5.00228458554292,5.001802895850519,0.1999647412088532,10.004087481393439,0.2129441136399029,37224.35787442866,0.6168764114281398,0.7036214776608245,0.1912856748810363,0.3831235885718602,0.1893366550587595,0.2142717370933942,938
57,0.6842574800941055,/wynton/group/sali/vipul/xray/matthew/multixray/sample_bench/out/277_native_5_t3000/2/output_364/pdbs/411.pdb,4.993935968565581,4.962296547727592,0.178959021021261,9.956232516293174,0.2077407180271037,38015.83257916879,0.4138571197188721,0.3157425199058944,0.1822284425101984,0.5861428802811278,0.1892822778631326,0.2094214761131556,364
58,0.1154174076707885,/wynton/group/sali/vipul/xray/matthew/multixray/sample_bench/out/277_native_5_t3000/2/output_781/pdbs/419.pdb,5.020592702904895,5.021899801310548,0.1961802722000762,10.042492504215442,0.2145885776027847,36599.04565585201,0.7212199139312074,0.8845825923292114,0.1922550674162983,0.2787800860687925,0.1917177960284959,0.2122915786456407,781
59,0.4380275194399128,/wynton/group/sali/vipul/xray/matthew/multixray/sample_bench/out/277_native_5_t3000/2/output_602/pdbs/237.pdb,5.030904648011928,4.955861837230276,0.1771213484247152,9.986766485242203,0.2023115139926686,37752.06518238977,0.7886562324126448,0.5619724805600872,0.1809537123655454,0.2113437675873551,0.1943132000612006,0.2182609613902143,602
60,0.9398689451984404,/wynton/group/sali/vipul/xray/matthew/multixray/sample_bench/out/277_native_5_t3000/2/output_840/pdbs/266.pdb,5.152729908422539,5.120897317850777,0.2322006053163146,10.273627226273316,0.2335063770118781,35864.08090071282,0.014819013262932,0.0601310548015596,0.2188878374860774,0.985180986737068,0.2201365707764228,0.2437065917463998,840
61,0.1965489407765998,/wynton/group/sali/vipul/xray/matthew/multixray/sample_bench/out/277_native_5_t3000/2/output_252/pdbs/224.pdb,5.175545781312537,5.206723015641583,0.3333576475205942,10.38226879695412,0.2841457264208799,38564.18044450602,0.1496132515694124,0.8034510592234001,0.2515381819646255,0.8503867484305876,0.2465916522497154,0.2708824115695056,252
62,0.2594505928447485,/wynton/group/sali/vipul/xray/matthew/multixray/sample_bench/out/277_native_5_t3000/2/output_356/pdbs/341.pdb,5.144422025367479,5.19754230362778,0.2722086043969851,10.34196432899526,0.2823257118103497,37761.67855717956,0.1360762824334355,0.7405494071552515,0.2474524716879679,0.8639237175665644,0.2375051217836335,0.2697700422619012,356
63,0.3926850327459295,/wynton/group/sali/vipul/xray/matthew/multixray/sample_bench/out/277_native_5_t3000/2/output_453/pdbs/498.pdb,5.045040961728802,5.034496985664581,0.204359114976474,10.079537947393383,0.227415872719365,37984.977628898334,0.4421511885946632,0.6073149672540705,0.1973907508152547,0.5578488114053368,0.1987431666763725,0.2210360571803721,453
64,0.9325457774563102,/wynton/group/sali/vipul/xray/matthew/multixray/sample_bench/out/277_native_5_t3000/2/output_384/pdbs/452.pdb,4.989130813628316,5.122961837756535,0.213923286785066,10.112092651384852,0.2378622313176644,36936.29159285576,0.2600716837681273,0.0674542225436898,0.2131676187898704,0.7399283162318727,0.1863753732880989,0.2060559653247366,384
65,0.7014858714441079,/wynton/group/sali/vipul/xray/matthew/multixray/sample_bench/out/277_native_5_t3000/2/output_293/pdbs/300.pdb,5.013214301387747,4.923286543633606,0.1797541100543339,9.936500845021353,0.1904800530916269,36717.1363111008,0.2214840051645273,0.2985141285558921,0.173403569949906,0.7785159948354727,0.1878514852254108,0.2153964574279151,293
66,0.7158715380120122,/wynton/group/sali/vipul/xray/matthew/multixray/sample_bench/out/277_native_5_t3000/2/output_542/pdbs/265.pdb,5.009190567488493,4.991914875215709,0.1755286464510784,10.001105442704201,0.2155125009137487,36722.479225734925,0.4251496168698848,0.2841284619879878,0.1906044995587697,0.5748503831301153,0.1916592422711613,0.2124505493276064,542
67,0.3731595843917403,/wynton/group/sali/vipul/xray/matthew/multixray/sample_bench/out/277_native_5_t3000/2/output_960/pdbs/436.pdb,5.047521304603664,5.041440425592534,0.1977748904137062,10.088961730196198,0.2215997435900161,37811.23402059372,0.4759469242772935,0.6268404156082596,0.2015423046284922,0.5240530757227065,0.2024488161866276,0.2197894321292786,960
68,0.6221288199468309,/wynton/group/sali/vipul/xray/matthew/multixray/sample_bench/out/277_native_5_t3000/2/output_510/pdbs/446.pdb,5.047273592665429,5.023649546796583,0.2126519657809624,10.070923139462012,0.2189033408877054,36024.55169692689,0.5093290838461572,0.3778711800531691,0.1965200886018641,0.4906709161538429,0.1992865363972741,0.2227293217365579,510
69,0.709043759685205,/wynton/group/sali/vipul/xray/matthew/multixray/sample_bench/out/277_native_5_t3000/2/output_258/pdbs/405.pdb,5.009836341713031,4.953223468852468,0.1767995446249045,9.9630598105655,0.2018394756103471,37055.82750182061,0.3018066307126332,0.290956240314795,0.1808710290669661,0.6981933692873667,0.1910310627760001,0.210237740860227,258
70,0.4305097429193025,/wynton/group/sali/vipul/xray/matthew/multixray/sample_bench/out/277_native_5_t3000/2/output_292/pdbs/397.pdb,5.085183389849324,4.935701758182352,0.2314553673129201,10.020885148031677,0.1981961763502895,36686.0740138148,0.982780084659902,0.5694902570806976,0.1763984319277488,0.017219915340098,0.2052099771722653,0.2310125784082813,292
71,0.501397136394963,/wynton/group/sali/vipul/xray/matthew/multixray/sample_bench/out/277_native_5_t3000/2/output_994/pdbs/255.pdb,5.0527849837237735,5.034706541748228,0.188818255132499,10.087491525472002,0.2178370193437961,37194.255166394265,0.4830904088630866,0.4986028636050369,0.2003189874410311,0.5169095911369134,0.2026036197263518,0.2238166419441718,994
72,0.5181977755958814,/wynton/group/sali/vipul/xray/matthew/multixray/sample_bench/out/277_native_5_t3000/2/output_939/pdbs/441.pdb,5.017236369862193,5.035944415468732,0.1802228877494702,10.053180785330925,0.2214566101068569,37747.79751793093,0.6873744575667324,0.4818022244041187,0.199316947153045,0.3126255424332676,0.1941730695315376,0.215251524661931,939
73,0.2516842484577424,/wynton/group/sali/vipul/xray/matthew/multixray/sample_bench/out/277_native_5_t3000/2/output_968/pdbs/266.pdb,5.156916840838924,5.180668361714412,0.2365328123179393,10.337585202553335,0.2777369938224222,38078.211985625465,0.1998442849657891,0.7483157515422575,0.2406450617571183,0.8001557150342108,0.2356298515389304,0.2673673137863541,968
74,0.7140174539067375,/wynton/group/sali/vipul/xray/matthew/multixray/sample_bench/out/277_native_5_t3000/2/output_603/pdbs/340.pdb,5.051039315548106,5.053620711642624,0.1683360214392991,10.10466002719073,0.2299055646686798,37421.616434623975,0.5915579163090221,0.2859825460932624,0.2024315769458212,0.4084420836909779,0.2011982829474137,0.2229538353733789,603
75,0.2591448067172017,/wynton/group/sali/vipul/xray/matthew/multixray/sample_bench/out/277_native_5_t3000/2/output_15/pdbs/310.pdb,5.134661837225703,5.137694935759063,0.2830152435395546,10.272356772984766,0.2678485489891113,37908.948087560726,0.2267028268929162,0.7408551932827983,0.2275947829573176,0.7732971731070838,0.2277496410792172,0.2590081812969361,15
76,0.4629666106166416,/wynton/group/sali/vipul/xray/matthew/multixray/sample_bench/out/277_native_5_t3000/2/output_348/pdbs/275.pdb,5.023096501955923,5.012664149747586,0.1887715328589759,10.035760651703509,0.2161709830713765,37418.57414221732,0.2172990408475686,0.5370333893833583,0.1949393518666914,0.7827009591524313,0.2008967666431418,0.2091440206936335,348
77,0.3019393877103317,/wynton/group/sali/vipul/xray/matthew/multixray/sample_bench/out/277_native_5_t3000/2/output_272/pdbs/257.pdb,5.107468506984951,5.119362983454896,0.2356559438330103,10.226831490439846,0.2534973554216876,38284.3274206025,0.2759496127065591,0.6980606122896683,0.2225918277684591,0.724050387293441,0.2200366176079202,0.2465314450849866,272
78,0.3628273819493389,/wynton/group/sali/vipul/xray/matthew/multixray/sample_bench/out/277_native_5_t3000/2/output_998/pdbs/345.pdb,5.022725261239514,5.006712558862193,0.1671099796307414,10.029437820101707,0.2240519162626242,36853.12934055409,0.5118131517090428,0.637172618050661,0.1922180810392244,0.4881868482909572,0.1947323930978604,0.2197446134618978,998
79,0.6317690736540311,/wynton/group/sali/vipul/xray/matthew/multixray/sample_bench/out/277_native_5_t3000/2/output_525/pdbs/344.pdb,4.9832077093093865,4.928600110908944,0.1780733862743179,9.91180782021833,0.1894234131855534,37386.93794017568,0.3812797270245858,0.3682309263459689,0.1749475860980793,0.6187202729754141,0.1852004498474979,0.2020536032599203,525
80,0.5975912422762298,/wynton/group/sali/vipul/xray/matthew/multixray/sample_bench/out/277_native_5_t3000/2/output_744/pdbs/301.pdb,5.022648260406651,5.020176361178139,0.2220856245877644,10.04282462158479,0.2197514746056004,37369.21922463678,0.4941753397560408,0.4024087577237702,0.1956301741958221,0.5058246602439591,0.1948624395989356,0.2156940762971342,744
81,0.7734675164270086,/wynton/group/sali/vipul/xray/matthew/multixray/sample_bench/out/277_native_5_t3000/2/output_651/pdbs/368.pdb,4.982399262335821,5.027503083791531,0.1977930166373194,10.009902346127351,0.220181001809605,36909.67495892984,0.2078048591959619,0.2265324835729913,0.1938828954783917,0.7921951408040381,0.1818389543009586,0.2020483302171406,651
82,0.6370756523734558,/wynton/group/sali/vipul/xray/matthew/multixray/sample_bench/out/277_native_5_t3000/2/output_28/pdbs/385.pdb,5.058362151980726,5.011285743382023,0.2188851660683144,10.069647895362749,0.2221419874897595,37652.07283775983,0.5037752312880078,0.3629243476265443,0.1954324827035051,0.4962247687119922,0.2035682155816194,0.2289621204474241,28
83,0.2411045154447381,/wynton/group/sali/vipul/xray/matthew/multixray/sample_bench/out/277_native_5_t3000/2/output_610/pdbs/371.pdb,5.112149943849338,5.070453621957523,0.2143871749767605,10.182603565806861,0.2321803849549857,37632.48676149725,0.3782800820771263,0.7588954845552619,0.2122908458864647,0.6217199179228736,0.2184316781002693,0.2352502423745516,610
84,0.5726554619921946,/wynton/group/sali/vipul/xray/matthew/multixray/sample_bench/out/277_native_5_t3000/2/output_640/pdbs/431.pdb,5.05322336872496,4.898845800854327,0.1960404589682398,9.952069169579287,0.1813262424859077,36168.05614268968,0.0661443158316232,0.4273445380078053,0.1696487783655178,0.9338556841683768,0.1979554387904485,0.2143345230435276,640
85,0.5909272229608533,/wynton/group/sali/vipul/xray/matthew/multixray/sample_bench/out/277_native_5_t3000/2/output_464/pdbs/384.pdb,5.027618733904352,4.940601893250263,0.1721270505599529,9.968220627154615,0.2034775757143536,36676.81569328206,0.2888954302897182,0.4090727770391467,0.1797002051999629,0.7111045697102818,0.1947931732106864,0.2179482669832225,464
86,0.3867797744157258,/wynton/group/sali/vipul/xray/matthew/multixray/sample_bench/out/277_native_5_t3000/2/output_730/pdbs/345.pdb,4.984427218406508,4.979997273733776,0.2086763509904439,9.964424492140285,0.2113306411993832,37037.42104877373,0.6293203223451495,0.6132202255842741,0.1835735741107905,0.3706796776548505,0.1858381148493947,0.2082486754351164,730
87,0.1698448276302669,/wynton/group/sali/vipul/xray/matthew/multixray/sample_bench/out/277_native_5_t3000/2/output_635/pdbs/474.pdb,4.980082017989058,4.974407929479213,0.213157334751522,9.954489947468272,0.2080098481220802,36811.75353048851,0.5932235797163209,0.8301551723697331,0.182779272110686,0.4067764202836791,0.1828629654541887,0.206803685910745,635
88,0.7092103431525474,/wynton/group/sali/vipul/xray/matthew/multixray/sample_bench/out/277_native_5_t3000/2/output_478/pdbs/458.pdb,5.148456438982199,5.182355282122221,0.2288133103929471,10.330811721104421,0.273969755438925,38501.10674296479,0.9555168690731848,0.2907896568474526,0.2381413254100129,0.044483130926815,0.2352105662046403,0.2584968130870437,478
89,0.0150577164034414,/wynton/group/sali/vipul/xray/matthew/multixray/sample_bench/out/277_native_5_t3000/2/output_325/pdbs/368.pdb,5.116991704621206,5.168222234543576,0.2865290922021879,10.285213939164782,0.2669077125998272,36708.44484039068,0.3572480759594229,0.9849422835965586,0.2371256766238687,0.6427519240405771,0.220122952463494,0.2374973105976392,325
90,0.2217794108219724,/wynton/group/sali/vipul/xray/matthew/multixray/sample_bench/out/277_native_5_t3000/2/output_593/pdbs/388.pdb,4.989319242673942,5.008337171482984,0.1752883093792306,9.997656414156927,0.2114862963484051,37441.26722613989,0.5687623156652483,0.7782205891780275,0.1927298590453554,0.4312376843347518,0.1853664968025881,0.2110006992160276,593
91,0.7098627632259457,/wynton/group/sali/vipul/xray/matthew/multixray/sample_bench/out/277_native_5_t3000/2/output_581/pdbs/467.pdb,5.083344695226882,5.152197211621782,0.2656218408630907,10.235541906848663,0.2547854215316683,38165.72357250231,0.7695339163744489,0.2901372367740544,0.2315057285736848,0.2304660836255511,0.2169767182903743,0.2306182860267597,581
92,0.8249341328093751,/wynton/group/sali/vipul/xray/matthew/multixray/sample_bench/out/277_native_5_t3000/2/output_95/pdbs/433.pdb,4.978721310987115,5.031245713681588,0.1832856487679022,10.009967024668704,0.2171261881584399,36546.53069730202,0.4314383789316861,0.1750658671906249,0.1963661914489714,0.568561621068314,0.1842486754475494,0.2010184600370889,95
93,0.4285426082274692,/wynton/group/sali/vipul/xray/matthew/multixray/sample_bench/out/277_native_5_t3000/2/output_895/pdbs/478.pdb,5.033047949270633,5.057388603409958,0.1904053768157883,10.09043655268059,0.2335387334569067,37355.10159978153,0.4520851606799203,0.5714573917725309,0.2037835691380951,0.5479148393200797,0.2001970490915544,0.2198717487749766,895
94,0.0548684943247786,/wynton/group/sali/vipul/xray/matthew/multixray/sample_bench/out/277_native_5_t3000/2/output_436/pdbs/367.pdb,4.968708491209526,5.097736720399821,0.1884804375623099,10.066445211609347,0.2379757679851509,36949.56637130935,0.5813160055284079,0.9451315056752214,0.208606046791998,0.4186839944715921,0.182381647120161,0.2035761625374754,436
95,0.3332509100837311,/wynton/group/sali/vipul/xray/matthew/multixray/sample_bench/out/277_native_5_t3000/2/output_747/pdbs/154.pdb,5.127570942471397,5.13567974628255,0.1933511745237509,10.263250688753947,0.2583354362248071,37181.03365565568,0.1458350951903186,0.6667490899162688,0.2281107809110604,0.8541649048096813,0.226945004066952,0.2505926004147678,747
96,0.4059781095336937,/wynton/group/sali/vipul/xray/matthew/multixray/sample_bench/out/277_native_5_t3000/2/output_166/pdbs/339.pdb,5.011711769201273,5.068941490243327,0.1919230302400419,10.0806532594446,0.2387224901969567,37575.758097013706,0.3276714510733983,0.5940218904663063,0.2061164568989181,0.6723285489266017,0.19761863755509,0.2209850828095539,166
97,0.4945667853214053,/wynton/group/sali/vipul/xray/matthew/multixray/sample_bench/out/277_native_5_t3000/2/output_299/pdbs/374.pdb,5.018386635604635,4.9934691024256495,0.1670556627285166,10.011855738030285,0.2056128667811723,37040.44084034058,0.8349590606195799,0.5054332146785946,0.1895906217317632,0.16504093938042,0.1947511937380224,0.2143384786435236,299
98,0.5616494264805912,/wynton/group/sali/vipul/xray/matthew/multixray/sample_bench/out/277_native_5_t3000/2/output_307/pdbs/431.pdb,5.052170256249292,5.023724138688122,0.2007432381261756,10.075894394937414,0.2221101817024383,37459.29484505026,0.518995915620288,0.4383505735194088,0.1962643670310783,0.4810040843797121,0.2014038228289998,0.2284863241077869,307
99,0.0097783924966756,/wynton/group/sali/vipul/xray/matthew/multixray/sample_bench/out/277_native_5_t3000/2/output_137/pdbs/465.pdb,4.98934086140573,5.156896171306613,0.1945444257268805,10.146237032712342,0.2501442671943276,36803.515688380285,0.5772632906279903,0.9902216075033244,0.223981919744177,0.4227367093720097,0.1873683738156794,0.2045019544679716,137
100,0.6862272524955086,/wynton/group/sali/vipul/xray/matthew/multixray/sample_bench/out/277_native_5_t3000/2/output_82/pdbs/462.pdb,5.047046711954458,4.923506279707269,0.1947482605960788,9.970552991661727,0.2002057967696988,37760.58788187073,0.4450343733519236,0.3137727475044913,0.1782437880807973,0.5549656266480765,0.1985466814611265,0.2164622801874799,82
101,0.9160376310515972,/wynton/group/sali/vipul/xray/matthew/multixray/sample_bench/out/277_native_5_t3000/2/output_414/pdbs/382.pdb,4.942660188961493,5.09993580005113,0.1925447716368911,10.042595989012622,0.2291604127933544,36806.21229870958,0.3571835034506845,0.0839623689484028,0.2097559341516957,0.6428164965493155,0.1763615516168865,0.1915448901256204,414
102,0.6454972206609519,/wynton/group/sali/vipul/xray/matthew/multixray/sample_bench/out/277_native_5_t3000/2/output_45/pdbs/279.pdb,5.031527711565607,5.012004420270824,0.1857765177241138,10.04353213183643,0.2137345527232354,36788.24347219738,0.218962955809372,0.354502779339048,0.1930201337691932,0.781037044190628,0.1987836441939919,0.2165525575252355,45
103,0.3937119157697313,/wynton/group/sali/vipul/xray/matthew/multixray/sample_bench/out/277_native_5_t3000/2/output_808/pdbs/303.pdb,4.966730921330177,4.954231710983774,0.1798833846596128,9.920962632313952,0.2036352577883911,36608.02052261767,0.785323580708184,0.6062880842302687,0.1769917587924525,0.214676419291816,0.1813945920972451,0.1982312133373539,808
104,0.972398989508464,/wynton/group/sali/vipul/xray/matthew/multixray/sample_bench/out/277_native_5_t3000/2/output_701/pdbs/387.pdb,5.039045834557573,5.153226054255684,0.2095551302105242,10.192271888813256,0.2601296053267672,36916.90873196756,0.5344911715681405,0.0276010104915359,0.2294018260126064,0.4655088284318595,0.2012919937015651,0.222585253420162,701
105,0.452186192153697,/wynton/group/sali/vipul/xray/matthew/multixray/sample_bench/out/277_native_5_t3000/2/output_148/pdbs/392.pdb,5.030129469104562,5.012019184410946,0.1701372015522275,10.042148653515508,0.2207273121520381,38082.83929312387,0.4591526827423582,0.5478138078463031,0.1939935691015818,0.5408473172576418,0.1966977223327084,0.2202398403263404,148
106,0.594161026212478,/wynton/group/sali/vipul/xray/matthew/multixray/sample_bench/out/277_native_5_t3000/2/output_601/pdbs/365.pdb,5.007388337197512,4.956518856917452,0.1725275246188504,9.963907194114963,0.1988733457696606,36748.18035953007,0.2844608394287738,0.405838973787522,0.1820447093854764,0.7155391605712261,0.1927815307926926,0.2131472072635676,601
107,0.1834785986046532,/wynton/group/sali/vipul/xray/matthew/multixray/sample_bench/out/277_native_5_t3000/2/output_254/pdbs/425.pdb,5.0319117809198985,5.05514345304095,0.1701282311842654,10.087055233960848,0.2259950856264614,37221.94426124896,0.5429573266874009,0.8165214013953468,0.2056700327927032,0.4570426733125991,0.1956403070848877,0.2187733126301389,254
108,0.4392224369108345,/wynton/group/sali/vipul/xray/matthew/multixray/sample_bench/out/277_native_5_t3000/2/output_967/pdbs/244.pdb,5.016009151513329,4.932881239057775,0.1703500407509002,9.948890390571105,0.2019013895519632,37211.89661430578,0.8579206201024718,0.5607775630891655,0.1747651752790851,0.1420793798975281,0.18998955567921,0.2155300779535415,967
109,0.5956050840157314,/wynton/group/sali/vipul/xray/matthew/multixray/sample_bench/out/277_native_5_t3000/2/output_992/pdbs/207.pdb,5.073019940243293,5.04775372114425,0.2211053743814685,10.120773661387544,0.2326007451608397,36920.36940646497,0.6287893215745555,0.4043949159842686,0.2019480960838336,0.3712106784254446,0.207081306526166,0.2335321428485376,992
110,0.6613685660391212,/wynton/group/sali/vipul/xray/matthew/multixray/sample_bench/out/277_native_5_t3000/2/output_698/pdbs/316.pdb,5.069769262070732,5.052850398677008,0.1703727424455818,10.122619660747741,0.2245889548921646,37853.88184432842,0.5989489183660003,0.3386314339608788,0.2050078586108139,0.4010510816339997,0.2073380155424753,0.229080815102808,698
111,0.5136247454976264,/wynton/group/sali/vipul/xray/matthew/multixray/sample_bench/out/277_native_5_t3000/2/output_321/pdbs/476.pdb,4.995794565943535,4.986937321759897,0.212799151497482,9.982731887703432,0.2128658314585738,37013.7825143251,0.7460065520037548,0.4863752545023737,0.1878581476510736,0.2539934479962452,0.1912822549301174,0.2105152269148523,321
112,0.506142462280129,/wynton/group/sali/vipul/xray/matthew/multixray/sample_bench/out/277_native_5_t3000/2/output_255/pdbs/221.pdb,5.119191860476128,5.027846964862412,0.1959000893184057,10.14703882533854,0.2152037918240101,37242.4884523415,0.9517037338561544,0.493857537719871,0.19715606370649,0.0482962661438456,0.2200601381765862,0.2388939745942568,255
113,0.5174670066205335,/wynton/group/sali/vipul/xray/matthew/multixray/sample_bench/out/277_native_5_t3000/2/output_13/pdbs/403.pdb,5.08125502727141,5.00459586087215,0.2026126744633489,10.08585088814356,0.2142931031684394,36778.37124321123,0.967472978957758,0.4825329933794665,0.1894538364155846,0.032527021042242,0.2088155757895247,0.2301327276415973,13
114,0.3246885098654974,/wynton/group/sali/vipul/xray/matthew/multixray/sample_bench/out/277_native_5_t3000/2/output_595/pdbs/318.pdb,5.081582667079361,5.005570454519288,0.2360379993619105,10.087153121598648,0.2151109330537864,37479.65295459766,0.4754908450931626,0.6753114901345025,0.1989605695421549,0.5245091549068374,0.2093452282902198,0.228515647240188,595
115,0.3118910088728825,/wynton/group/sali/vipul/xray/matthew/multixray/sample_bench/out/277_native_5_t3000/2/output_122/pdbs/421.pdb,5.005942762171126,4.973243263950696,0.2223382058784869,9.979186026121823,0.1971665348654627,37089.73682547938,0.5469921225117731,0.6881089911271174,0.1854569037227211,0.4530078774882269,0.1900488855128564,0.2094492153317153,122
116,0.9871674334352576,/wynton/group/sali/vipul/xray/matthew/multixray/sample_bench/out/277_native_5_t3000/2/output_522/pdbs/358.pdb,5.014383280029889,5.133731833154732,0.2292453156817057,10.14811511318462,0.2423108726167289,36425.47585462985,0.2277995071612598,0.0128325665647424,0.2180181986667898,0.7722004928387403,0.1913839441040123,0.2147316536538052,522
117,0.9557183289226072,/wynton/group/sali/vipul/xray/matthew/multixray/sample_bench/out/277_native_5_t3000/2/output_876/pdbs/124.pdb,5.176089731858784,5.183713683543742,0.2023241406239117,10.359803415402526,0.27675166114935,37868.83104083877,0.6913255163164493,0.0442816710773926,0.2413043749332738,0.3086744836835506,0.2366767000821188,0.2607877890176961,876
118,0.4438832781589414,/wynton/group/sali/vipul/xray/matthew/multixray/sample_bench/out/277_native_5_t3000/2/output_530/pdbs/409.pdb,5.043311162945765,4.976102993998246,0.1728335789545223,10.019414156944013,0.2121075236384807,37281.90602207284,0.5106137147774076,0.5561167218410586,0.1848242641405991,0.4893862852225923,0.1970429239403231,0.2228623667324932,530
119,0.2125634852197371,/wynton/group/sali/vipul/xray/matthew/multixray/sample_bench/out/277_native_5_t3000/2/output_917/pdbs/256.pdb,5.147468882976427,5.127481529920817,0.2410452165984116,10.274950412897244,0.2498834374467747,38153.70475492113,0.2953028115173186,0.7874365147802628,0.2242090952085958,0.7046971884826814,0.2257640494320924,0.249300116245919,917
120,0.6432845897022105,/wynton/group/sali/vipul/xray/matthew/multixray/sample_bench/out/277_native_5_t3000/2/output_637/pdbs/187.pdb,5.096757517587071,5.050267253387998,0.2164712621948989,10.147024770975069,0.2289630303206553,37922.04921391941,0.5844151166078452,0.3567154102977894,0.2049817421663861,0.4155848833921548,0.2153184800906024,0.239008429501546,637
121,0.2366084932806485,/wynton/group/sali/vipul/xray/matthew/multixray/sample_bench/out/277_native_5_t3000/2/output_393/pdbs/116.pdb,5.15259950974056,5.188370263356434,0.223787512859472,10.340969773096994,0.2638848698060672,38223.56551529624,0.1397382640783344,0.7633915067193515,0.2419615007292041,0.8602617359216655,0.2351057036853034,0.2557191727532218,393
122,0.364242450982136,/wynton/group/sali/vipul/xray/matthew/multixray/sample_bench/out/277_native_5_t3000/2/output_150/pdbs/410.pdb,5.030256060609841,4.984510735018942,0.1990106836161724,10.014766795628784,0.2160789618034025,37104.93612877125,0.5993898093943013,0.6357575490178641,0.187241045369848,0.4006101906056987,0.1951992125861936,0.2170287685933742,150
123,0.3060320110344841,/wynton/group/sali/vipul/xray/matthew/multixray/sample_bench/out/277_native_5_t3000/2/output_396/pdbs/420.pdb,5.059366719517677,4.937356219726215,0.1796994144730855,9.996722939243892,0.1931154372053351,36526.72772103544,0.8859679141057143,0.6939679889655159,0.1776798083639978,0.1140320858942856,0.1995486661257001,0.2167495474864963,396
124,0.5511273571233904,/wynton/group/sali/vipul/xray/matthew/multixray/sample_bench/out/277_native_5_t3000/2/output_636/pdbs/398.pdb,5.024129029863788,4.96782182337951,0.1700571413811492,9.9919508532433,0.209618650482375,37554.54912681149,0.2861448208185281,0.4488726428766096,0.1819478658689229,0.7138551791814719,0.1932811829126648,0.2212868682458169,636
125,0.6527293135459068,/wynton/group/sali/vipul/xray/matthew/multixray/sample_bench/out/277_native_5_t3000/2/output_659/pdbs/292.pdb,5.0397825878587845,5.033866469960054,0.2084003416302135,10.073649057818837,0.22616253835154,38168.99866768334,0.6270671519390942,0.3472706864540932,0.1999239510699045,0.3729328480609057,0.1981315588126392,0.223800297331513,659
126,0.23301670635428,/wynton/group/sali/vipul/xray/matthew/multixray/sample_bench/out/277_native_5_t3000/2/output_981/pdbs/428.pdb,5.053170038059426,5.037788109454367,0.1730378228663419,10.090958147513794,0.2302049587403632,37386.15415363639,0.4993273652877156,0.7669832936457199,0.2011334861826311,0.5006726347122844,0.2041981748588398,0.2321618129998867,981
127,0.3118020205878892,/wynton/group/sali/vipul/xray/matthew/multixray/sample_bench/out/277_native_5_t3000/2/output_93/pdbs/265.pdb,5.012869503593387,4.999688259832095,0.1984244409621871,10.012557763425482,0.2146482341601544,36555.84906320298,0.7644437094446683,0.6881979794121108,0.1896024242187392,0.2355562905553316,0.1920148528660046,0.2172166049660997,93
128,0.334672698861889,/wynton/group/sali/vipul/xray/matthew/multixray/sample_bench/out/277_native_5_t3000/2/output_51/pdbs/429.pdb,4.997994374367269,4.910027036288146,0.1678242667704407,9.908021410655415,0.1919837260051264,36368.01951169584,0.7952951573292785,0.665327301138111,0.1721169432660521,0.2047048426707215,0.1876596365858241,0.1988737176530143,51
129,0.6283701054077752,/wynton/group/sali/vipul/xray/matthew/multixray/sample_bench/out/277_native_5_t3000/2/output_474/pdbs/364.pdb,5.074709220585404,5.0082394650879465,0.2222963388793188,10.082948685673351,0.215784393207865,37686.67804194144,0.5441535229791157,0.3716298945922248,0.1925747030816391,0.4558464770208844,0.2052767837159823,0.2258442556893107,474
130,0.1149563147517706,/wynton/group/sali/vipul/xray/matthew/multixray/sample_bench/out/277_native_5_t3000/2/output_875/pdbs/440.pdb,5.0561133193656,5.059615443455832,0.1920092752514448,10.115728762821432,0.2205754596345816,37455.8872932681,0.4982410825189293,0.8850436852482293,0.2083632890094081,0.5017589174810706,0.2013989601429481,0.218472379554616,875
131,0.4469969275189562,/wynton/group/sali/vipul/xray/matthew/multixray/sample_bench/out/277_native_5_t3000/2/output_165/pdbs/221.pdb,5.022479798137519,4.971825687762871,0.1848795512256728,9.99430548590039,0.2073152153217589,37826.59526638261,0.5613560689959005,0.5530030724810439,0.1839209379996378,0.4386439310040995,0.1933699768322404,0.2158465979117212,165
132,0.625114692743005,/wynton/group/sali/vipul/xray/matthew/multixray/sample_bench/out/277_native_5_t3000/2/output_184/pdbs/464.pdb,5.02969715576717,5.036358376789223,0.2239590975198055,10.066055532556394,0.228267996130801,37438.26174527857,0.6947278386387787,0.374885307256995,0.1976462535768697,0.3052721613612212,0.1992794860434123,0.2192733574450422,184
133,0.8251004697654248,/wynton/group/sali/vipul/xray/matthew/multixray/sample_bench/out/277_native_5_t3000/2/output_534/pdbs/302.pdb,5.092633007796508,5.066777116729448,0.2143691566176938,10.159410124525955,0.2336421072160582,37821.36413986926,0.5788522947255268,0.1748995302345751,0.2081719346128338,0.4211477052744731,0.2109925240336596,0.2361824455219331,534
134,0.5679965256854966,/wynton/group/sali/vipul/xray/matthew/multixray/sample_bench/out/277_native_5_t3000/2/output_336/pdbs/160.pdb,5.063799495628179,5.03409075324593,0.1858252018686206,10.097890248874108,0.2256072294600476,38346.59821964614,0.5752275152726486,0.4320034743145033,0.1977313358904723,0.4247724847273514,0.2046459271852916,0.2242639094943783,336
135,0.9900802030209152,/wynton/group/sali/vipul/xray/matthew/multixray/sample_bench/out/277_native_5_t3000/2/output_22/pdbs/409.pdb,4.96351155169272,5.131671898484891,0.2270321948120701,10.095183450177611,0.2410576500313399,36883.13072265829,0.4962507752529679,0.0099197969790847,0.2168473924247724,0.5037492247470321,0.1810622447169484,0.1969263934849309,22
136,0.2626144074334652,/wynton/group/sali/vipul/xray/matthew/multixray/sample_bench/out/277_native_5_t3000/2/output_324/pdbs/325.pdb,5.145252751199939,5.211376118812457,0.2531756594748197,10.356628870012397,0.2791047596865778,37596.62615597079,0.1464344651509288,0.7373855925665348,0.2459271914370198,0.8535655348490712,0.2326354425741901,0.2558787230548442,324
137,0.1580221132104462,/wynton/group/sali/vipul/xray/matthew/multixray/sample_bench/out/277_native_5_t3000/2/output_556/pdbs/281.pdb,5.09646698546387,4.985215755412969,0.2039458539189849,10.08168274087684,0.2094390150531166,36622.3967503724,0.9351919593730862,0.8419778867895538,0.1854547278250896,0.0648080406269137,0.2046584545807672,0.2308779073285405,556
138,0.7922446576558226,/wynton/group/sali/vipul/xray/matthew/multixray/sample_bench/out/277_native_5_t3000/2/output_109/pdbs/393.pdb,4.999264660869825,4.984123882498994,0.1729458576077455,9.983388543368818,0.2061990875717304,36736.75455263205,0.2197693141880914,0.2077553423441774,0.1857820252748762,0.7802306858119086,0.1875458543127882,0.2089899105135165,109
139,0.5169618977447514,/wynton/group/sali/vipul/xray/matthew/multixray/sample_bench/out/277_native_5_t3000/2/output_565/pdbs/395.pdb,5.087290867603283,4.997040922693805,0.2023790697159558,10.084331790297089,0.2071921043365565,36946.73657344831,0.8899525725784997,0.4830381022552485,0.1918455439228983,0.1100474274215003,0.212068708499523,0.2327847371618777,565
140,0.469933609650797,/wynton/group/sali/vipul/xray/matthew/multixray/sample_bench/out/277_native_5_t3000/2/output_546/pdbs/342.pdb,5.018066378652519,4.995283007617989,0.2070574138579173,10.013349386270509,0.2111052470773003,36883.89510340859,0.6520476886637784,0.530066390349203,0.189370299636934,0.3479523113362216,0.1932903455452705,0.2135108736672337,546
141,0.2808050570193559,/wynton/group/sali/vipul/xray/matthew/multixray/sample_bench/out/277_native_5_t3000/2/output_10/pdbs/214.pdb,5.1260104668398,4.930013120200888,0.2077293632747208,10.056023587040688,0.1997309889445198,36782.80842933775,0.9686973981852371,0.7191949429806441,0.1752846671047999,0.0313026018147628,0.2111967412533927,0.2403036843192891,10
142,0.1423030270658733,/wynton/group/sali/vipul/xray/matthew/multixray/sample_bench/out/277_native_5_t3000/2/output_40/pdbs/357.pdb,5.0391660530731945,5.0261088660275215,0.2212910008742744,10.065274919100716,0.2251706179368045,37009.79648519525,0.5252599630695165,0.8576969729341267,0.1970854567587473,0.4747400369304835,0.1964215983628924,0.2252726891611959,40
143,0.3001877826435556,/wynton/group/sali/vipul/xray/matthew/multixray/sample_bench/out/277_native_5_t3000/2/output_995/pdbs/342.pdb,5.05289600087969,4.976662755576547,0.1805963723064557,10.029558756456236,0.2062590952336924,36232.52370133481,0.9338307464732716,0.6998122173564444,0.1818212348758092,0.0661692535267284,0.1981851393862657,0.2169974828615446,995
144,0.3594040886793049,/wynton/group/sali/vipul/xray/matthew/multixray/sample_bench/out/277_native_5_t3000/2/output_360/pdbs/365.pdb,5.134576287563023,5.1129865196056,0.2026388544461598,10.247562807168624,0.2508880760864233,37614.40909206792,0.0657878423661535,0.640595911320695,0.2191968571005833,0.9342121576338464,0.2277115484768633,0.2532513603912184,360
145,0.3359489064328451,/wynton/group/sali/vipul/xray/matthew/multixray/sample_bench/out/277_native_5_t3000/2/output_690/pdbs/152.pdb,5.063191351198094,5.095762497108403,0.228387978726672,10.158953848306497,0.2447458759197781,37213.23329865801,0.3607915082326949,0.6640510935671549,0.2139759112981421,0.6392084917673051,0.2078391834579367,0.2294379527511611,690
146,0.7085408217742472,/wynton/group/sali/vipul/xray/matthew/multixray/sample_bench/out/277_native_5_t3000/2/output_235/pdbs/292.pdb,4.964508149884085,4.947841048227089,0.215597786061494,9.912349198111174,0.2060953502971869,36696.17370613568,0.3004299192912727,0.2914591782257528,0.1765435337392847,0.6995700807087273,0.1797173119170664,0.1994215488026474,235
147,0.5382227441754952,/wynton/group/sali/vipul/xray/matthew/multixray/sample_bench/out/277_native_5_t3000/2/output_167/pdbs/445.pdb,4.980665289738572,4.997910444803195,0.1832709029997596,9.978575734541767,0.206052532773381,37003.86474967681,0.8045808705919159,0.4617772558245049,0.1928202283553477,0.1954191294080841,0.1895681372977203,0.2050995844977964,167
148,0.0531176664859864,/wynton/group/sali/vipul/xray/matthew/multixray/sample_bench/out/277_native_5_t3000/2/output_569/pdbs/460.pdb,5.031582619574851,5.128666845778363,0.1809427693020069,10.160249465353214,0.2517420360498755,36642.64801664576,0.4437739079361645,0.9468823335140134,0.2213530198745186,0.5562260920638354,0.1969429275396149,0.2197968297297721,569
149,0.8837746533435062,/wynton/group/sali/vipul/xray/matthew/multixray/sample_bench/out/277_native_5_t3000/2/output_18/pdbs/389.pdb,5.223454891465689,5.204163769557899,0.3873153583145191,10.427618661023587,0.2925571944279073,39159.47676036677,0.8394929865091891,0.1162253466564937,0.2540759776842142,0.1605070134908108,0.2551072269534174,0.2864750690493504,18
150,0.3188457589337775,/wynton/group/sali/vipul/xray/matthew/multixray/sample_bench/out/277_native_5_t3000/2/output_583/pdbs/488.pdb,5.081866734145703,5.150622941099619,0.1810995289016201,10.232489675245322,0.2506114930667542,37519.1725639435,0.152642200409298,0.6811542410662226,0.2274123168226604,0.8473577995907021,0.2147704474885544,0.2309072172296613,583
151,0.0387608450524573,/wynton/group/sali/vipul/xray/matthew/multixray/sample_bench/out/277_native_5_t3000/2/output_757/pdbs/385.pdb,5.077178771578855,5.129617017162329,0.2130618630490678,10.206795788741184,0.2411339276798917,36434.16835221161,0.9356600941338548,0.9612391549475426,0.2161280915118474,0.0643399058661451,0.2020491053445691,0.2299971491690515,757
152,0.4405176039826649,/wynton/group/sali/vipul/xray/matthew/multixray/sample_bench/out/277_native_5_t3000/2/output_506/pdbs/264.pdb,5.062636589045767,5.0396385592582025,0.2124075050409253,10.10227514830397,0.2140914802529552,37044.6537085036,0.1182352180311264,0.5594823960173352,0.2022562430437334,0.8817647819688735,0.2095452379956706,0.2234751501447318,506
153,0.5892883232682957,/wynton/group/sali/vipul/xray/matthew/multixray/sample_bench/out/277_native_5_t3000/2/output_144/pdbs/304.pdb,5.002689483724377,4.978655390222877,0.2298476016978635,9.981344873947254,0.2095205662304243,37344.77717313404,0.386787086249403,0.4107116767317043,0.1869682226379919,0.613212913750597,0.192231942535042,0.212476924412904,144
154,0.5787665204676442,/wynton/group/sali/vipul/xray/matthew/multixray/sample_bench/out/277_native_5_t3000/2/output_141/pdbs/498.pdb,5.117784011105531,5.024040563893631,0.1947597094266981,10.141824574999163,0.2236953081209769,37265.35268026405,0.8907483092478983,0.4212334795323558,0.1974343606070632,0.1092516907521017,0.2186502085049182,0.2464344056781502,141
155,0.5483790785015489,/wynton/group/sali/vipul/xray/matthew/multixray/sample_bench/out/277_native_5_t3000/2/output_204/pdbs/309.pdb,5.030262121624725,4.984835432811396,0.2019174237501211,10.015097554436121,0.2054607241093181,37394.25539761226,0.4901449724906563,0.4516209214984512,0.1890625866841753,0.5098550275093436,0.1963792618491315,0.2164399516458658,204
156,0.2328675928111075,/wynton/group/sali/vipul/xray/matthew/multixray/sample_bench/out/277_native_5_t3000/2/output_507/pdbs/310.pdb,5.010312282219823,4.959690626219183,0.2484453246849374,9.970002908439007,0.2008265954346565,36120.78003948375,0.6652145451621179,0.7671324071888924,0.1812918191840163,0.3347854548378821,0.1879046195360914,0.2159256809468236,507
157,0.3059248137058482,/wynton/group/sali/vipul/xray/matthew/multixray/sample_bench/out/277_native_5_t3000/2/output_106/pdbs/248.pdb,4.989804335490157,4.980109435904351,0.2109807057646393,9.96991377139451,0.2136981242131364,36877.10283008795,0.6540880445840194,0.6940751862941518,0.1879966496844114,0.3459119554159807,0.1879655385710877,0.2068696037090243,106
158,0.5866057447770461,/wynton/group/sali/vipul/xray/matthew/multixray/sample_bench/out/277_native_5_t3000/2/output_811/pdbs/171.pdb,5.017448622282005,4.972619364376067,0.1640382802439196,9.990067986658072,0.2072203943830983,36335.2990316794,0.3333952919394418,0.4133942552229539,0.1850630133401272,0.6666047080605582,0.1917274273968062,0.2166212775010439,811
159,0.3922925216955678,/wynton/group/sali/vipul/xray/matthew/multixray/sample_bench/out/277_native_5_t3000/2/output_136/pdbs/298.pdb,5.014003399637993,4.959987656986292,0.1648168669760103,9.973991056624286,0.2043808610441732,37871.782458767055,0.5537553997787377,0.6077074783044323,0.18162919245071,0.4462446002212624,0.1940480030996454,0.2127865665779657,136
160,0.3613880938867279,/wynton/group/sali/vipul/xray/matthew/multixray/sample_bench/out/277_native_5_t3000/2/output_780/pdbs/351.pdb,4.980361606157769,4.997504397921974,0.2099994713353657,9.977866004079743,0.2038880282171415,37242.01604610282,0.6076478593136849,0.6386119061132721,0.1884474329754567,0.392352140686315,0.1855415273206513,0.2025112819042825,780
161,0.4712705301102835,/wynton/group/sali/vipul/xray/matthew/multixray/sample_bench/out/277_native_5_t3000/2/output_457/pdbs/251.pdb,5.020688794059377,5.005083206397021,0.2110698613933299,10.0257720004564,0.2147758310096134,37350.39388931116,0.4059212460579782,0.5287294698897166,0.1917473818886574,0.5940787539420217,0.1932711788327565,0.2189080027920389,457
162,0.4886671336947685,/wynton/group/sali/vipul/xray/matthew/multixray/sample_bench/out/277_native_5_t3000/2/output_142/pdbs/448.pdb,5.047807609107198,4.985022611037781,0.1853733503131155,10.03283022014498,0.2089200229660801,37356.37663059876,0.1366929231510471,0.5113328663052314,0.1864039544139133,0.8633070768489528,0.2012307542332684,0.2208065783229127,142
163,0.4941409383346477,/wynton/group/sali/vipul/xray/matthew/multixray/sample_bench/out/277_native_5_t3000/2/output_187/pdbs/483.pdb,5.037078758854071,4.984521155244309,0.1771812750732088,10.021599914098381,0.2072707207397133,37195.73518912482,0.3927071548937704,0.5058590616653523,0.1866654133129373,0.6072928451062297,0.1972778868295181,0.2181737799515229,187
164,0.2663277732545505,/wynton/group/sali/vipul/xray/matthew/multixray/sample_bench/out/277_native_5_t3000/2/output_928/pdbs/350.pdb,5.028866892273697,5.026288329820262,0.1956779360239675,10.055155222093958,0.2211502307353969,37477.95330180663,0.4294760087337913,0.7336722267454494,0.197829920627786,0.5705239912662087,0.1975970920671503,0.2155832574371528,928
165,0.5703398969585524,/wynton/group/sali/vipul/xray/matthew/multixray/sample_bench/out/277_native_5_t3000/2/output_990/pdbs/383.pdb,5.024967882924937,4.996892668515427,0.2079333508019423,10.021860551440364,0.2170180080647614,37946.21300189019,0.5784300975578353,0.4296601030414477,0.1908834917662849,0.4215699024421648,0.1956164859174408,0.2186184947051416,990
166,0.3327338317597,/wynton/group/sali/vipul/xray/matthew/multixray/sample_bench/out/277_native_5_t3000/2/output_210/pdbs/430.pdb,5.066320226441998,5.055604178966408,0.2028161862175967,10.121924405408405,0.2296016844392233,37589.60223657419,0.3682068533312472,0.6672661682402999,0.206242743639515,0.6317931466687527,0.2055114258803768,0.2265221897484924,210
167,0.652222518233362,/wynton/group/sali/vipul/xray/matthew/multixray/sample_bench/out/277_native_5_t3000/2/output_751/pdbs/263.pdb,5.128299049197953,5.102749464150008,0.1956083780100701,10.231048513347961,0.2432457885000484,38264.583903828,0.8956719654787021,0.3477774817666381,0.2180153521962306,0.1043280345212979,0.2247304007062795,0.2508256443594261,751
168,0.475230732429192,/wynton/group/sali/vipul/xray/matthew/multixray/sample_bench/out/277_native_5_t3000/2/output_531/pdbs/382.pdb,5.1561408168155305,4.946672589769825,0.1816679226163934,10.102813406585355,0.1988958816050918,37001.402432565854,0.996410931301252,0.524769267570808,0.17976419369098,0.0035890686987478,0.2220794481184828,0.2507862176983867,531
169,0.6619520937466173,/wynton/group/sali/vipul/xray/matthew/multixray/sample_bench/out/277_native_5_t3000/2/output_725/pdbs/392.pdb,5.03394325379095,4.942173090315888,0.1687624195523848,9.976116344106838,0.2021637400344449,37532.91880824047,0.4798726057636189,0.3380479062533826,0.1800978422574429,0.5201273942363811,0.1922621410688178,0.2136968227775391,725
170,0.4704378404308931,/wynton/group/sali/vipul/xray/matthew/multixray/sample_bench/out/277_native_5_t3000/2/output_645/pdbs/370.pdb,4.971713175114432,4.944412905909892,0.1733168480785523,9.916126081024323,0.2052041534427851,36507.26422467034,0.6654884900916083,0.5295621595691068,0.1768983672479147,0.3345115099083917,0.1820830932795899,0.2029199470055114,645
171,0.2644995732351339,/wynton/group/sali/vipul/xray/matthew/multixray/sample_bench/out/277_native_5_t3000/2/output_699/pdbs/356.pdb,5.083162622815129,5.020564543518232,0.2384412289543455,10.10372716633336,0.2226819277115884,38154.61256253296,0.4211334654657201,0.735500426764866,0.1982550086116569,0.5788665345342799,0.2079745774918462,0.2370448871038253,699
172,0.4710781521555908,/wynton/group/sali/vipul/xray/matthew/multixray/sample_bench/out/277_native_5_t3000/2/output_302/pdbs/375.pdb,5.126786153667072,5.024449720904861,0.2129971968461611,10.151235874571933,0.2146992605280856,36980.33510498615,0.0877303012295192,0.5289218478444091,0.1992525049924604,0.9122696987704808,0.2216620907198707,0.2429265360369775,302
173,0.6743208607784129,/wynton/group/sali/vipul/xray/matthew/multixray/sample_bench/out/277_native_5_t3000/2/output_822/pdbs/310.pdb,5.039092477636198,4.9479408433733845,0.2432481343997865,9.987033321009584,0.1934083369620483,36732.72476597695,0.4486693206991253,0.325679139221587,0.1813431176924355,0.5513306793008748,0.1947790668815043,0.2196802342548185,822
174,0.3500691423582394,/wynton/group/sali/vipul/xray/matthew/multixray/sample_bench/out/277_native_5_t3000/2/output_138/pdbs/410.pdb,5.047590743472264,4.9488763718673,0.1918609415314115,9.996467115339563,0.2013849238908892,36826.25464124345,0.9001946308041203,0.6499308576417606,0.1755840475212361,0.0998053691958796,0.1953647645695617,0.2208507820321963,138
175,0.3277389103218217,/wynton/group/sali/vipul/xray/matthew/multixray/sample_bench/out/277_native_5_t3000/2/output_821/pdbs/446.pdb,4.952830717990806,4.995752751487276,0.1731950243540089,9.948583469478082,0.2138952445335586,36821.23010535315,0.6614419547055651,0.6722610896781783,0.1856409275722255,0.3385580452944349,0.178514958660106,0.2005675738263995,821
176,0.452012867143987,/wynton/group/sali/vipul/xray/matthew/multixray/sample_bench/out/277_native_5_t3000/2/output_119/pdbs/485.pdb,5.025631638481939,5.019620053815505,0.1702663934381545,10.045251692297445,0.215803094910007,37476.35313559797,0.4147621782685521,0.547987132856013,0.1940178775462005,0.5852378217314479,0.1929487579024719,0.221363180947532,119
177,0.6209463269111801,/wynton/group/sali/vipul/xray/matthew/multixray/sample_bench/out/277_native_5_t3000/2/output_673/pdbs/364.pdb,5.026829877368131,4.979540468758942,0.1827078818010748,10.006370346127074,0.2161043814674603,36839.55282007541,0.2810255651168059,0.3790536730888199,0.1873717116700519,0.718974434883194,0.1964924743763143,0.2177631894482399,673
178,0.7204423277663852,/wynton/group/sali/vipul/xray/matthew/multixray/sample_bench/out/277_native_5_t3000/2/output_964/pdbs/249.pdb,5.027923565914926,5.015562828038559,0.1945494286485626,10.043486393953485,0.2126648325320659,37776.61986685383,0.5371747925123213,0.2795576722336148,0.1935692795247154,0.4628252074876787,0.197054815717298,0.2143164628260109,964
179,0.2834199049106469,/wynton/group/sali/vipul/xray/matthew/multixray/sample_bench/out/277_native_5_t3000/2/output_654/pdbs/392.pdb,5.145813873466496,5.209569333078517,0.2641094443394025,10.355383206545014,0.2862446751183682,38125.75905980178,0.0582834531809291,0.7165800950893532,0.2466476964081863,0.9417165468190708,0.2372528702939267,0.256648295415053,654
180,0.2568151701589266,/wynton/group/sali/vipul/xray/matthew/multixray/sample_bench/out/277_native_5_t3000/2/output_737/pdbs/217.pdb,5.115112986533926,5.118541302006912,0.1998920917868774,10.233654288540839,0.2470013296858563,37851.66710624934,0.2747848122277047,0.7431848298410734,0.220584229792616,0.7252151877722953,0.2183479099205116,0.2423073040230295,737
181,0.4149656368684924,/wynton/group/sali/vipul/xray/matthew/multixray/sample_bench/out/277_native_5_t3000/2/output_805/pdbs/410.pdb,4.971715572526685,4.932398331157042,0.2180516426741192,9.904113903683728,0.198430935138574,37473.0434722676,0.6408819849604197,0.5850343631315077,0.1757964955742471,0.3591180150395803,0.1808580812881687,0.2051240563531552,805
182,0.2795696139045417,/wynton/group/sali/vipul/xray/matthew/multixray/sample_bench/out/277_native_5_t3000/2/output_477/pdbs/289.pdb,5.044448056463398,4.995953385957579,0.2304922156625869,10.040401442420976,0.2137079111157258,37292.46606264901,0.5428026685782332,0.7204303860954583,0.1930476089796549,0.4571973314217668,0.1989006934942207,0.2218674012773988,477
183,0.2050941753503257,/wynton/group/sali/vipul/xray/matthew/multixray/sample_bench/out/277_native_5_t3000/2/output_116/pdbs/485.pdb,5.039740523561417,4.964592492684509,0.1794600542816093,10.004333016245926,0.2054494518815799,36757.695613774034,0.5997056380702801,0.7949058246496742,0.1844230758025986,0.4002943619297199,0.1957796495092251,0.215443757856775,116
184,0.4549321864957775,/wynton/group/sali/vipul/xray/matthew/multixray/sample_bench/out/277_native_5_t3000/2/output_26/pdbs/276.pdb,5.092513394840327,5.002305908404034,0.1775737381296396,10.09481930324436,0.2076570127627916,36838.60664694457,0.9509068564070304,0.5450678135042225,0.1867084136768191,0.0490931435929694,0.2085761583745472,0.2242203759870205,26
185,0.3857643067676184,/wynton/group/sali/vipul/xray/matthew/multixray/sample_bench/out/277_native_5_t3000/2/output_975/pdbs/318.pdb,5.056065311609688,5.04550861986245,0.204908676354761,10.101573931472139,0.2259287921055265,37949.80445617132,0.1885290233190421,0.6142356932323816,0.200321355341473,0.8114709766809579,0.2082800681533307,0.2295632213728941,975
186,0.2294506516764725,/wynton/group/sali/vipul/xray/matthew/multixray/sample_bench/out/277_native_5_t3000/2/output_665/pdbs/339.pdb,5.06111605647528,5.019034530133281,0.1972403406986069,10.08015058660856,0.2213861000913096,38043.08561189944,0.437851450506881,0.7705493483235274,0.1960920436609407,0.562148549493119,0.2001932016705356,0.2312967678700787,665
187,0.5489823041728874,/wynton/group/sali/vipul/xray/matthew/multixray/sample_bench/out/277_native_5_t3000/2/output_485/pdbs/348.pdb,5.020739383358341,4.995027553624737,0.1902347908735262,10.015766936983077,0.2109962623436009,37513.63652177393,0.4014983255400863,0.4510176958271126,0.1934444295833364,0.5985016744599138,0.1956720867672758,0.2059671118606892,485
188,0.8552047303657085,/wynton/group/sali/vipul/xray/matthew/multixray/sample_bench/out/277_native_5_t3000/2/output_175/pdbs/163.pdb,5.180008928505096,5.144746966123943,0.2402136049613148,10.324755894629039,0.2603154807512069,37839.27038608421,0.7068145769528559,0.1447952696342914,0.234858358642407,0.2931854230471442,0.2364762464889074,0.2623274506215343,175
189,0.1677704685137819,/wynton/group/sali/vipul/xray/matthew/multixray/sample_bench/out/277_native_5_t3000/2/output_305/pdbs/427.pdb,5.198239172770527,5.2017440756289,0.3420751113570562,10.399983248399426,0.2861017002100059,38791.859323298806,0.1480769301440012,0.832229531486218,0.2520841717525354,0.8519230698559987,0.250170292775588,0.2833412271798009,305
190,0.3515524401702541,/wynton/group/sali/vipul/xray/matthew/multixray/sample_bench/out/277_native_5_t3000/2/output_784/pdbs/357.pdb,5.033917696129111,4.995894857571393,0.2075034802636063,10.029812553700506,0.2119954993050805,37122.33602678313,0.5127013538662224,0.6484475598297459,0.1931201778260475,0.4872986461337776,0.1964997711101694,0.2224042454450344,784
191,0.6868417631752719,/wynton/group/sali/vipul/xray/matthew/multixray/sample_bench/out/277_native_5_t3000/2/output_179/pdbs/324.pdb,5.135250828940632,5.160685366281272,0.2173919265573456,10.295936195221904,0.2527592320893352,38241.654098086845,0.9142753878604798,0.313158236824728,0.2336029010961204,0.0857246121395202,0.2327518005605202,0.2473967956577855,179
192,0.0186839349637972,/wynton/group/sali/vipul/xray/matthew/multixray/sample_bench/out/277_native_5_t3000/2/output_465/pdbs/497.pdb,4.956346297334348,5.183508231497333,0.207069090407083,10.13985452883168,0.2580626593840919,36316.4518488259,0.6447445210048693,0.9813160650362028,0.2311546839107094,0.3552554789951307,0.1816504713219821,0.1946270554122041,465
193,0.6356313224721469,/wynton/group/sali/vipul/xray/matthew/multixray/sample_bench/out/277_native_5_t3000/2/output_427/pdbs/484.pdb,5.088471484161773,5.051057144972764,0.2231110535280531,10.139528629134537,0.2269005224768545,37459.30664074235,0.6920431002531797,0.3643686775278531,0.2057551021491925,0.3079568997468202,0.2140582109034831,0.2293674699288212,427
194,0.5486960502399493,/wynton/group/sali/vipul/xray/matthew/multixray/sample_bench/out/277_native_5_t3000/2/output_36/pdbs/320.pdb,5.141624219574808,5.022981018128168,0.1760038541056957,10.164605237702975,0.221836446220688,37471.669022716735,0.9570611727362504,0.4513039497600506,0.1971008405691918,0.0429388272637496,0.2257626310023061,0.250055225134517,36
195,0.2534659057844291,/wynton/group/sali/vipul/xray/matthew/multixray/sample_bench/out/277_native_5_t3000/2/output_909/pdbs/349.pdb,5.133501576212463,5.112598590277963,0.2399987147264755,10.246100166490425,0.2543653304980525,37070.13355287695,0.2991062410679551,0.7465340942155708,0.2201665220734524,0.700893758932045,0.2238112782839546,0.2531324746457003,909
196,0.7751723986487835,/wynton/group/sali/vipul/xray/matthew/multixray/sample_bench/out/277_native_5_t3000/2/output_280/pdbs/466.pdb,5.121606783783268,5.103249784089332,0.2147832382976154,10.2248565678726,0.2480426600235065,37673.54162579768,0.6720774872856853,0.2248276013512164,0.2172840024470273,0.3279225127143146,0.2215306491835991,0.2426182376533627,280
197,0.7206228623643061,/wynton/group/sali/vipul/xray/matthew/multixray/sample_bench/out/277_native_5_t3000/2/output_582/pdbs/433.pdb,5.082304423892169,5.048846418581108,0.1928254084172521,10.131150842473277,0.2283230635158031,37055.30118133371,0.5522127300099072,0.279377137635694,0.2054406542074557,0.4477872699900929,0.2085011787206744,0.231903061348225,582
198,0.159329751092001,/wynton/group/sali/vipul/xray/matthew/multixray/sample_bench/out/277_native_5_t3000/2/output_950/pdbs/344.pdb,4.985573398953265,5.041076283755845,0.2380600897297838,10.02664968270911,0.223701036134345,37039.21040523174,0.637526828150947,0.840670248907999,0.1953858712737987,0.3624731718490531,0.185439417612983,0.2087152101675857,950
199,0.3780669717253512,/wynton/group/sali/vipul/xray/matthew/multixray/sample_bench/out/277_native_5_t3000/2/output_630/pdbs/186.pdb,5.071130867946311,5.054113268237309,0.2275631353417042,10.125244136183621,0.2286037281414388,37082.76660184881,0.2974167034776517,0.6219330282746487,0.2026629835914244,0.7025832965223483,0.2123127253444997,0.2267313196171002,630
200,0.4315631135839318,/wynton/group/sali/vipul/xray/matthew/multixray/sample_bench/out/277_native_5_t3000/2/output_615/pdbs/351.pdb,5.043330239388092,5.017465435549599,0.1955057854323708,10.06079567493769,0.2159227762061149,37340.83999798636,0.3364943245754034,0.5684368864160682,0.1948548481077242,0.6635056754245966,0.1997078019844639,0.2212589665489779,615
201,0.2635560953040959,/wynton/group/sali/vipul/xray/matthew/multixray/sample_bench/out/277_native_5_t3000/2/output_834/pdbs/334.pdb,5.074486384701218,5.009083032795927,0.1984419611086891,10.083569417497145,0.2279364503206053,37960.40175971369,0.4284860191445779,0.7364439046959042,0.1969945804843182,0.5715139808554222,0.2053080502406645,0.2351779789863177,834
202,0.4063496140467161,/wynton/group/sali/vipul/xray/matthew/multixray/sample_bench/out/277_native_5_t3000/2/output_524/pdbs/280.pdb,5.0487286423303015,4.988015557254212,0.2193979174790827,10.036744199584515,0.2139840825160975,37919.57624239927,0.4999375001248434,0.5936503859532838,0.1896237655644692,0.5000624998751566,0.2019795400161147,0.2194307258853621,524
203,0.6330002914496321,/wynton/group/sali/vipul/xray/matthew/multixray/sample_bench/out/277_native_5_t3000/2/output_956/pdbs/268.pdb,5.07217164380676,5.047763826394427,0.1942424504518736,10.119935470201188,0.2287225959362456,37125.93055913471,0.5878795708129538,0.366999708550368,0.2033977027317133,0.4121204291870462,0.2079478665887529,0.2289930479758098,956
204,0.7435410286333219,/wynton/group/sali/vipul/xray/matthew/multixray/sample_bench/out/277_native_5_t3000/2/output_689/pdbs/315.pdb,5.166233099954056,5.239106533612054,0.2839060031170934,10.40533963356611,0.2902232262227635,37871.45225280694,0.9490734529829776,0.2564589713666781,0.253168834211347,0.0509265470170222,0.2427541334313084,0.2598374039490776,689
205,0.1337845969556237,/wynton/group/sali/vipul/xray/matthew/multixray/sample_bench/out/277_native_5_t3000/2/output_462/pdbs/363.pdb,5.063290087975523,5.067765671378603,0.1832349301693002,10.131055759354126,0.2375480178633268,37725.7771763581,0.436835726518219,0.8662154030443764,0.2059226821185892,0.563164273481781,0.2026650735975544,0.232156647468624,462
206,0.494364476175777,/wynton/group/sali/vipul/xray/matthew/multixray/sample_bench/out/277_native_5_t3000/2/output_316/pdbs/182.pdb,5.034434030517576,5.019256129158909,0.1943251139449226,10.053690159676485,0.2146595708832216,36818.05228506233,0.8101805280748893,0.505635523824223,0.1984009769722929,0.1898194719251107,0.2018178320975588,0.2202842833350659,316
207,0.5783405736616785,/wynton/group/sali/vipul/xray/matthew/multixray/sample_bench/out/277_native_5_t3000/2/output_418/pdbs/293.pdb,5.044793981307223,5.031996689724273,0.1722238160089314,10.076790671031496,0.2259737909894683,36650.41258219391,0.573106965057112,0.4216594263383215,0.1963327531336963,0.4268930349428879,0.2020293221270402,0.2195560558436065,418
208,0.8135784386843545,/wynton/group/sali/vipul/xray/matthew/multixray/sample_bench/out/277_native_5_t3000/2/output_764/pdbs/307.pdb,5.011513125321666,5.018735770646192,0.17483331090619,10.030248895967858,0.2185849256262879,37124.1114811562,0.483127112498851,0.1864215613156455,0.1957402911412401,0.5168728875011489,0.1901145897386255,0.2137229300956341,764
209,0.4704594435755652,/wynton/group/sali/vipul/xray/matthew/multixray/sample_bench/out/277_native_5_t3000/2/output_180/pdbs/250.pdb,5.038925086044626,5.01137299320861,0.1994905199152488,10.050298079253237,0.2167599875287805,38078.229368796296,0.5369048910016824,0.5295405564244348,0.1955689416082792,0.4630951089983176,0.1997766216527691,0.2180583024714228,180
210,0.4110572031926462,/wynton/group/sali/vipul/xray/matthew/multixray/sample_bench/out/277_native_5_t3000/2/output_411/pdbs/320.pdb,4.980163741317055,4.999427052173836,0.1971857128821362,9.97959079349089,0.2138517321067631,38006.75375174943,0.509207770958649,0.5889427968073537,0.1913581057793079,0.490792229041351,0.1838394272460003,0.2044938588236493,411
211,0.2148204769450161,/wynton/group/sali/vipul/xray/matthew/multixray/sample_bench/out/277_native_5_t3000/2/output_584/pdbs/386.pdb,5.019910216800789,5.015717369272559,0.1819468221738423,10.035627586073348,0.2168301736519483,37403.54612864578,0.5595403009082581,0.7851795230549838,0.1948673229228754,0.4404596990917419,0.1931045490204949,0.2122919515047087,584
212,0.5210680979315208,/wynton/group/sali/vipul/xray/matthew/multixray/sample_bench/out/277_native_5_t3000/2/output_220/pdbs/339.pdb,5.028080347196455,4.9927799948289335,0.1640941985470016,10.020860342025388,0.1990989369273304,37217.113563030354,0.2121469091013776,0.4789319020684793,0.1860947356618549,0.7878530908986223,0.1929620213273672,0.2096197762330347,220
213,0.5271685835571073,/wynton/group/sali/vipul/xray/matthew/multixray/sample_bench/out/277_native_5_t3000/2/output_79/pdbs/401.pdb,4.997760172948824,4.973807080734034,0.2019603625420626,9.971567253682858,0.2006436666879281,36720.04417710254,0.314222538790202,0.4728314164428928,0.1840778049656477,0.685777461209798,0.1891546402645184,0.210253779990054,79
214,0.4096390896708341,/wynton/group/sali/vipul/xray/matthew/multixray/sample_bench/out/277_native_5_t3000/2/output_470/pdbs/366.pdb,5.021260261348106,4.964827240765468,0.1750347254916315,9.986087502113573,0.2046437325495536,37846.19562865385,0.5230356841730102,0.5903609103291659,0.1844553805034831,0.4769643158269899,0.1962092779153219,0.2060058633810333,470
215,0.703921035795212,/wynton/group/sali/vipul/xray/matthew/multixray/sample_bench/out/277_native_5_t3000/2/output_236/pdbs/498.pdb,5.052283846251596,5.025588683709574,0.2061076980634524,10.07787252996117,0.2209334829786813,37120.17669100702,0.5286676798300532,0.2960789642047879,0.1964281576597658,0.4713323201699467,0.1992444328065323,0.218820127436787,236
216,0.4419178085587076,/wynton/group/sali/vipul/xray/matthew/multixray/sample_bench/out/277_native_5_t3000/2/output_700/pdbs/379.pdb,5.0626845444255455,4.969317450868762,0.2024332413215527,10.032001995294308,0.2044599913233919,36943.46528010558,0.9532947269765704,0.5580821914412923,0.1839075648589749,0.0467052730234297,0.2033873518208573,0.2233384976363371,700
217,0.373982124513914,/wynton/group/sali/vipul/xray/matthew/multixray/sample_bench/out/277_native_5_t3000/2/output_203/pdbs/267.pdb,5.0036256882219226,4.989104587602163,0.1717419019418917,9.992730275824085,0.210114512018487,37333.29841086197,0.5324486700551974,0.6260178754860859,0.1883447139443903,0.4675513299448026,0.1888623604122488,0.206908554608846,203
218,0.3247451740124648,/wynton/group/sali/vipul/xray/matthew/multixray/sample_bench/out/277_native_5_t3000/2/output_499/pdbs/435.pdb,5.023038391251375,4.952262232612212,0.1768998824717841,9.975300623863587,0.1969998903245993,36741.25473547446,0.8585133331469269,0.6752548259875353,0.1815744122731255,0.1414866668530731,0.1941598722134439,0.2167093552531687,499
219,0.7246158063645239,/wynton/group/sali/vipul/xray/matthew/multixray/sample_bench/out/277_native_5_t3000/2/output_213/pdbs/481.pdb,5.04965586210166,5.00228956554036,0.2175029582483878,10.05194542764202,0.217253421190891,36828.85721242163,0.0723975959934867,0.275384193635476,0.1883382029789379,0.9276024040065132,0.1975661818366206,0.2156307491912823,213
220,0.0425893225257382,/wynton/group/sali/vipul/xray/matthew/multixray/sample_bench/out/277_native_5_t3000/2/output_342/pdbs/315.pdb,5.197848239050201,5.198447604058556,0.2581547164023918,10.396295843108756,0.2790618523057757,38367.52128706549,0.2632929235110828,0.9574106774742616,0.248306490179999,0.7367070764889172,0.2441514633142581,0.2782949688537726,342
221,0.6233801659470313,/wynton/group/sali/vipul/xray/matthew/multixray/sample_bench/out/277_native_5_t3000/2/output_110/pdbs/475.pdb,4.970703038590971,4.945647398807112,0.1670498938405557,9.916350437398084,0.2054035034578787,36864.730169278686,0.373771193536226,0.3766198340529686,0.1800088733000256,0.626228806463774,0.1847204541319087,0.1992308165077954,110
222,0.4757014772378525,/wynton/group/sali/vipul/xray/matthew/multixray/sample_bench/out/277_native_5_t3000/2/output_70/pdbs/495.pdb,5.0103632443844255,4.989591530549864,0.1729192339270148,9.99995477493429,0.2097950798107748,37074.68857829,0.4983838086063904,0.5242985227621475,0.1893627311066159,0.5016161913936097,0.191251222622649,0.2101403484117118,70
223,0.7445235420696571,/wynton/group/sali/vipul/xray/matthew/multixray/sample_bench/out/277_native_5_t3000/2/output_787/pdbs/306.pdb,5.140298618543316,5.141727580262767,0.2149074479979078,10.282026198806083,0.2616744387468456,38557.691186764896,0.7213927248796846,0.2554764579303429,0.2296499659357128,0.2786072751203153,0.2292308155342341,0.2574391133105426,787
224,0.6093983884804175,/wynton/group/sali/vipul/xray/matthew/multixray/sample_bench/out/277_native_5_t3000/2/output_801/pdbs/378.pdb,4.985766746474016,4.943555018113438,0.1762306340257345,9.929321764587453,0.2042795999231521,37585.27961098457,0.406208872555095,0.3906016115195826,0.1778899663251026,0.5937911274449049,0.1845932470373713,0.2072886464073582,801
225,0.8929866541958131,/wynton/group/sali/vipul/xray/matthew/multixray/sample_bench/out/277_native_5_t3000/2/output_588/pdbs/180.pdb,5.017381833971261,5.052330705931518,0.195267324531936,10.06971253990278,0.2275753220422624,37024.515764962445,0.3744250289055872,0.1070133458041869,0.2011985343198489,0.6255749710944127,0.1908369347154345,0.2159512151209444,588
226,0.5145261686641948,/wynton/group/sali/vipul/xray/matthew/multixray/sample_bench/out/277_native_5_t3000/2/output_127/pdbs/342.pdb,5.013587504909281,4.980522146604648,0.1760524860923962,9.994109651513929,0.2101640652848341,37251.19463055087,0.4076721808049592,0.4854738313358053,0.1876655929639168,0.5923278191950407,0.1949100361722196,0.2069995422596676,127
227,0.8734685980091053,/wynton/group/sali/vipul/xray/matthew/multixray/sample_bench/out/277_native_5_t3000/2/output_403/pdbs/135.pdb,5.131240407301853,5.107427915839268,0.2040515358362117,10.23866832314112,0.2430521964128553,37836.3720075193,0.6500780245370289,0.1265314019908947,0.2196051847168529,0.349921975462971,0.2217408110199801,0.2471201617032851,403
228,0.6427764838748393,/wynton/group/sali/vipul/xray/matthew/multixray/sample_bench/out/277_native_5_t3000/2/output_378/pdbs/327.pdb,5.0589540993821664,5.097117675181662,0.1960169236065595,10.156071774563827,0.2346434954111878,37687.84618003558,0.7683769684256364,0.3572235161251607,0.2141111372276319,0.2316230315743636,0.2076792179793954,0.2251542759072247,378
229,0.511363017989231,/wynton/group/sali/vipul/xray/matthew/multixray/sample_bench/out/277_native_5_t3000/2/output_486/pdbs/486.pdb,4.996719862077575,5.021894389842851,0.1631051150703686,10.018614251920425,0.2141646225163018,37662.60988175925,0.3876184851745948,0.4886369820107691,0.1985949368713646,0.6123815148254053,0.192627180304106,0.2106471335945959,486
230,0.7323215348535431,/wynton/group/sali/vipul/xray/matthew/multixray/sample_bench/out/277_native_5_t3000/2/output_626/pdbs/297.pdb,5.079449435666288,5.077790005798762,0.2034968958546728,10.15723944146505,0.2407210019100712,37416.716653629104,0.6314149715516562,0.2676784651464569,0.2117541693044758,0.3685850284483438,0.2121745010820601,0.2326942275929046,626
231,0.553453691425639,/wynton/group/sali/vipul/xray/matthew/multixray/sample_bench/out/277_native_5_t3000/2/output_788/pdbs/347.pdb,4.988850530930201,4.999912310435509,0.1518965599769086,9.98876284136571,0.2200579821640244,36783.26167548989,0.2825737989684951,0.446546308574361,0.1896113724786033,0.7174262010315049,0.1886416337636546,0.2113855008152777,788
232,0.5277731956172145,/wynton/group/sali/vipul/xray/matthew/multixray/sample_bench/out/277_native_5_t3000/2/output_349/pdbs/348.pdb,4.993788697669906,4.974108553043104,0.1761945022390786,9.96789725071301,0.2170447093841229,37256.84080133496,0.3560862880110689,0.4722268043827855,0.1827213646631501,0.6439137119889312,0.1881812623902874,0.2110471724996713,349
233,0.7247726830374414,/wynton/group/sali/vipul/xray/matthew/multixray/sample_bench/out/277_native_5_t3000/2/output_958/pdbs/272.pdb,5.057006534016168,5.035521855069151,0.2010249954833334,10.092528389085318,0.2261368103954379,37575.73607660151,0.509193289669798,0.2752273169625587,0.1992118071631018,0.4908067103302019,0.2000089633256901,0.2267814608902409,958
234,0.4873667326230925,/wynton/group/sali/vipul/xray/matthew/multixray/sample_bench/out/277_native_5_t3000/2/output_154/pdbs/370.pdb,5.041322367599947,5.011654892537731,0.1885080636857673,10.052977260137677,0.2136451445195447,36809.46428095545,0.7840821433613746,0.5126332673769076,0.1939156738319208,0.2159178566386252,0.2013174345347748,0.2228197986153184,154
235,0.4362785209333873,/wynton/group/sali/vipul/xray/matthew/multixray/sample_bench/out/277_native_5_t3000/2/output_829/pdbs/240.pdb,5.001922686671814,4.982384320327622,0.1717262662549203,9.984307006999437,0.2171625597766959,36814.8818718656,0.5374426854882306,0.5637214790666127,0.1862267483121626,0.4625573145117694,0.1894903660993999,0.2187066225338781,829
236,0.1372593925825877,/wynton/group/sali/vipul/xray/matthew/multixray/sample_bench/out/277_native_5_t3000/2/output_77/pdbs/317.pdb,5.201798306333899,5.213356855524856,0.2990143261971856,10.415155161858756,0.2893497353156573,38372.02630773165,0.1987260148362143,0.8627406074174122,0.2549778751129891,0.8012739851637857,0.2516525580111649,0.2833637400149451,77
237,0.2522014562456567,/wynton/group/sali/vipul/xray/matthew/multixray/sample_bench/out/277_native_5_t3000/2/output_295/pdbs/306.pdb,5.08113866979981,5.041102356107669,0.189432508366532,10.12224102590748,0.2205678919080702,36593.74674936903,0.8627255751065018,0.7477985437543433,0.1997093073986049,0.1372744248934981,0.2090357457028231,0.2265122830906095,295
238,0.2853306920220521,/wynton/group/sali/vipul/xray/matthew/multixray/sample_bench/out/277_native_5_t3000/2/output_456/pdbs/279.pdb,5.039807401145232,4.966872208961511,0.1904595010533197,10.006679610106744,0.1988017068517161,36578.87058832549,0.8254540317917186,0.7146693079779479,0.1865328479026294,0.1745459682082814,0.1979648888176883,0.2181147351844922,456
239,0.7595280392333627,/wynton/group/sali/vipul/xray/matthew/multixray/sample_bench/out/277_native_5_t3000/2/output_437/pdbs/389.pdb,5.035726869011365,4.984311388401966,0.2009219271962736,10.02003825741333,0.2079396977119518,37327.122793737086,0.2872355685993492,0.2404719607666374,0.189028428375383,0.7127644314006509,0.1948661626945259,0.2199052118449135,437
240,0.8741885361346925,/wynton/group/sali/vipul/xray/matthew/multixray/sample_bench/out/277_native_5_t3000/2/output_201/pdbs/350.pdb,5.07546168368103,5.085815549141863,0.2250605194987943,10.161277232822894,0.240434179072944,37393.17877252223,0.4917488506164631,0.1258114638653074,0.2109401795144617,0.5082511493835369,0.2057962135507553,0.2343268485136831,201
241,0.5243077791129271,/wynton/group/sali/vipul/xray/matthew/multixray/sample_bench/out/277_native_5_t3000/2/output_935/pdbs/246.pdb,4.9615741472526125,4.94965730174826,0.1520447380285127,9.911231449000873,0.2046821659991862,37037.934568720826,0.2917400940198362,0.4756922208870729,0.176628898000588,0.7082599059801639,0.1793594000802834,0.2033401068207801,935
242,0.3762451954968369,/wynton/group/sali/vipul/xray/matthew/multixray/sample_bench/out/277_native_5_t3000/2/output_745/pdbs/286.pdb,5.06923617578349,5.073862364407814,0.2285449786358431,10.143098540191303,0.2316078032877775,37221.37477631198,0.2973800799925998,0.6237548045031631,0.2085833601535966,0.7026199200074003,0.2072571992985965,0.2342369475825919,745
243,0.915610379309762,/wynton/group/sali/vipul/xray/matthew/multixray/sample_bench/out/277_native_5_t3000/2/output_521/pdbs/279.pdb,4.960468625438778,5.12229555929681,0.1957604557750639,10.082764184735588,0.2403584255270049,37268.13953426021,0.3884444132142229,0.0843896206902381,0.2177549520807418,0.611555586785777,0.1812970813960403,0.195179190632011,521
244,0.6713494818139096,/wynton/group/sali/vipul/xray/matthew/multixray/sample_bench/out/277_native_5_t3000/2/output_763/pdbs/308.pdb,5.065560793287289,5.0475251707982,0.1760734460845187,10.113085964085489,0.228409112730888,37631.04212177756,0.5647784103789737,0.3286505181860903,0.2031549014222583,0.4352215896210262,0.2044867065327225,0.2257654551395223,763
245,0.4332335674176565,/wynton/group/sali/vipul/xray/matthew/multixray/sample_bench/out/277_native_5_t3000/2/output_818/pdbs/385.pdb,5.0124046982995765,4.972303787869052,0.184578760818189,9.984708486168628,0.1976884717743451,36780.95205780821,0.8557836301726925,0.5667664325823435,0.1851590343127308,0.1442163698273074,0.1913692046925819,0.2111101385026778,818
246,0.3498612758480913,/wynton/group/sali/vipul/xray/matthew/multixray/sample_bench/out/277_native_5_t3000/2/output_927/pdbs/375.pdb,4.983451396983036,4.976888640711242,0.2064186656686777,9.960340037694278,0.2084832392088237,36736.62228950814,0.7192758885598631,0.6501387241519088,0.1870343394393772,0.2807241114401368,0.1869695841334477,0.2100159925626868,927
247,0.4122783320978547,/wynton/group/sali/vipul/xray/matthew/multixray/sample_bench/out/277_native_5_t3000/2/output_48/pdbs/276.pdb,4.9901690526206925,4.966615987475612,0.198315388274074,9.956785040096305,0.2057694160157906,37930.24735763868,0.6326019668519389,0.5877216679021453,0.1845120628862732,0.3673980331480611,0.1884453737743332,0.2095706575930193,48
248,0.7546560178120343,/wynton/group/sali/vipul/xray/matthew/multixray/sample_bench/out/277_native_5_t3000/2/output_562/pdbs/312.pdb,4.98088809996236,4.996252396787715,0.1837391015101618,9.977140496750074,0.2170951169471617,36993.469408738834,0.3266262503787198,0.2453439821879657,0.1887054424559612,0.6733737496212802,0.1844832155629913,0.205486215954762,562
249,0.5708114796343632,/wynton/group/sali/vipul/xray/matthew/multixray/sample_bench/out/277_native_5_t3000/2/output_168/pdbs/458.pdb,5.040243992174895,5.026988180389338,0.2214116036558531,10.067232172564234,0.2145589712374864,36935.61861835578,0.5719120702188052,0.4291885203656368,0.199401931734262,0.4280879297811947,0.2003121850636993,0.2150999639537689,168
250,0.0460125083638117,/wynton/group/sali/vipul/xray/matthew/multixray/sample_bench/out/277_native_5_t3000/2/output_652/pdbs/228.pdb,5.132295434314612,5.140338011404396,0.2255898535658025,10.27263344571901,0.250188115944234,37063.19765974706,0.3515263272596348,0.9539874916361882,0.2307625464143684,0.6484736727403652,0.2245887283528288,0.2473675430345007,652
251,0.5207642981118698,/wynton/group/sali/vipul/xray/matthew/multixray/sample_bench/out/277_native_5_t3000/2/output_931/pdbs/215.pdb,5.06011195985351,4.991914344708614,0.1794345332704798,10.052026304562123,0.2133045462465844,37444.44503483839,0.7988850064135564,0.4792357018881302,0.1889919424091187,0.2011149935864436,0.2032408438298387,0.2292327944690095,931
252,0.849586560356472,/wynton/group/sali/vipul/xray/matthew/multixray/sample_bench/out/277_native_5_t3000/2/output_217/pdbs/482.pdb,4.933386047067828,5.068585927115987,0.2046281770428751,10.001971974183816,0.2257204405051315,36747.53210591066,0.2861297131071633,0.150413439643528,0.1994161631577641,0.7138702868928367,0.1746965746576864,0.1926141296883594,217
253,0.4577479094301003,/wynton/group/sali/vipul/xray/matthew/multixray/sample_bench/out/277_native_5_t3000/2/output_78/pdbs/461.pdb,5.085605557670593,5.016316761380056,0.1862759375878726,10.101922319050649,0.2218144811901154,37440.38740272279,0.1475338701353464,0.5422520905698998,0.1949845717563263,0.8524661298646535,0.2112629266596316,0.2359010440048916,78
254,0.5153090946173485,/wynton/group/sali/vipul/xray/matthew/multixray/sample_bench/out/277_native_5_t3000/2/output_38/pdbs/366.pdb,5.007671179138449,5.017324865507677,0.217925971350513,10.024996044646127,0.2167131185929784,36701.03888709696,0.46634018121362,0.4846909053826514,0.1941853837513777,0.53365981878638,0.1919230594200253,0.2086760221469825,38
255,0.1267548441113439,/wynton/group/sali/vipul/xray/matthew/multixray/sample_bench/out/277_native_5_t3000/2/output_14/pdbs/497.pdb,5.021936791328567,5.056610597234903,0.2111801372898836,10.078547388563472,0.2267881057810728,36692.79076830431,0.506165958835812,0.873245155888656,0.2047753732880758,0.4938340411641881,0.1951452764630177,0.2105651312744136,14
256,0.2866055839567967,/wynton/group/sali/vipul/xray/matthew/multixray/sample_bench/out/277_native_5_t3000/2/output_218/pdbs/306.pdb,5.008364854276497,4.980130328063284,0.1686952860524827,9.988495182339781,0.2103497910860635,36597.69026101027,0.6095491472970245,0.7133944160432033,0.1882703435299973,0.3904508527029755,0.1929867863642186,0.2115796100511984,218
257,0.0101497843358857,/wynton/group/sali/vipul/xray/matthew/multixray/sample_bench/out/277_native_5_t3000/2/output_487/pdbs/429.pdb,5.021393311670548,5.117089541479044,0.1988349745800902,10.138482853149592,0.2434249148660313,37066.839319137296,0.522302460977496,0.9898502156641142,0.2164109186357486,0.477697539022504,0.1922127588009283,0.2149081449396467,487
258,0.7160100025215743,/wynton/group/sali/vipul/xray/matthew/multixray/sample_bench/out/277_native_5_t3000/2/output_755/pdbs/387.pdb,5.118913465174606,5.08988461968634,0.2158916876619656,10.208798084860947,0.2318985305488883,38061.160655137246,0.6976453276891106,0.2839899974784257,0.2118524949712056,0.3023546723108894,0.22150355749895,0.2415128602214175,755
259,0.471398341435801,/wynton/group/sali/vipul/xray/matthew/multixray/sample_bench/out/277_native_5_t3000/2/output_134/pdbs/373.pdb,5.05290020290736,5.047160428935522,0.2150986824528704,10.100060631842883,0.2296944219347385,37352.78257936771,0.2551291150650854,0.5286016585641989,0.2011364588433996,0.7448708849349146,0.2049821818730158,0.2252225916534339,134
260,0.6420025080711579,/wynton/group/sali/vipul/xray/matthew/multixray/sample_bench/out/277_native_5_t3000/2/output_155/pdbs/410.pdb,5.0391251756211695,4.9501542448973455,0.1869965724901991,9.989279420518514,0.1953868639975689,37379.15569902649,0.4966213489853083,0.3579974919288422,0.1816039663316569,0.5033786510146916,0.2003964221800315,0.2142467984192525,155
261,0.0497739471438367,/wynton/group/sali/vipul/xray/matthew/multixray/sample_bench/out/277_native_5_t3000/2/output_586/pdbs/333.pdb,5.128716912067296,5.139495450673969,0.1897284404015405,10.268212362741266,0.2527373626988459,37528.429758720325,0.3530781878231341,0.9502260528561632,0.231142341636549,0.6469218121768658,0.2237203305742045,0.2400148492324427,586
262,0.8963814420548454,/wynton/group/sali/vipul/xray/matthew/multixray/sample_bench/out/277_native_5_t3000/2/output_35/pdbs/479.pdb,5.006240899254464,5.108551961228505,0.2054308582960606,10.114792860482968,0.2401108557507207,36473.57614920383,0.2623504658925059,0.1036185579451545,0.2116205147470721,0.7376495341074941,0.1893028753313496,0.2089804791431011,35
263,0.6844426028355846,/wynton/group/sali/vipul/xray/matthew/multixray/sample_bench/out/277_native_5_t3000/2/output_937/pdbs/409.pdb,5.090409694297464,5.113463713886088,0.1904395811238999,10.203873408183552,0.2495325798960801,37958.68524351924,0.7264194126076644,0.3155573971644154,0.2210276076192609,0.2735805873923355,0.2154168731192743,0.2421275757424,937
264,0.5495237910374354,/wynton/group/sali/vipul/xray/matthew/multixray/sample_bench/out/277_native_5_t3000/2/output_817/pdbs/344.pdb,5.070460944012206,5.031502406645133,0.1824661985879112,10.10196335065734,0.2186758926798545,37404.596451996666,0.8127434348728985,0.4504762089625646,0.1984576072744155,0.1872565651271015,0.2080271457563348,0.2303052073291233,817
265,0.1511069691236791,/wynton/group/sali/vipul/xray/matthew/multixray/sample_bench/out/277_native_5_t3000/2/output_312/pdbs/433.pdb,5.120632487017099,5.109461700703528,0.1992891320179135,10.230094187720628,0.2557453523947237,38531.246248073534,0.3417410760377704,0.848893030876321,0.2208769764232329,0.6582589239622296,0.220133953530242,0.2548623658534253,312
266,0.3584416467919293,/wynton/group/sali/vipul/xray/matthew/multixray/sample_bench/out/277_native_5_t3000/2/output_181/pdbs/434.pdb,5.088280509561994,5.10982140863649,0.1882228456928401,10.198101918198484,0.2483669443855506,37579.79168379096,0.1162934739656907,0.6415583532080708,0.2157766027564786,0.8837065260343093,0.2161975456010805,0.2452934257439987,181
267,0.5879876515802285,/wynton/group/sali/vipul/xray/matthew/multixray/sample_bench/out/277_native_5_t3000/2/output_128/pdbs/199.pdb,5.027466747307079,5.055855677837592,0.2401429827277875,10.08332242514467,0.225663558861815,37890.91604375216,0.7129067703695049,0.4120123484197715,0.2035240512064569,0.2870932296304951,0.1987225999592388,0.2163432850584914,128
268,0.627349977474805,/wynton/group/sali/vipul/xray/matthew/multixray/sample_bench/out/277_native_5_t3000/2/output_373/pdbs/119.pdb,5.061854590500986,5.037712902870352,0.1779125988178955,10.099567493371339,0.2282077449010228,37705.71903575844,0.5469549684011706,0.3726500225251951,0.1992230362923703,0.4530450315988294,0.2040130910947779,0.2256702982490176,373
269,0.4225450456603183,/wynton/group/sali/vipul/xray/matthew/multixray/sample_bench/out/277_native_5_t3000/2/output_30/pdbs/435.pdb,5.040494458836995,4.989592158510792,0.2123850641350099,10.030086617347788,0.2189263712315287,37582.648441319376,0.4416935386570143,0.5774549543396817,0.1901329035279899,0.5583064613429857,0.1974217395519167,0.2239335466975209,30
270,0.4570256244719474,/wynton/group/sali/vipul/xray/matthew/multixray/sample_bench/out/277_native_5_t3000/2/output_320/pdbs/494.pdb,5.051409780438345,5.000178368017771,0.1749084869964682,10.051588148456116,0.2087701578990787,37515.92554801821,0.389447321179341,0.5429743755280527,0.1944673417191288,0.610552678820659,0.2019039935109976,0.2204507000600245,320
271,0.7335514747314544,/wynton/group/sali/vipul/xray/matthew/multixray/sample_bench/out/277_native_5_t3000/2/output_366/pdbs/231.pdb,5.101752881207071,5.1124045275611145,0.1826820840958561,10.214157408768186,0.2500843777388702,38067.4660543498,0.7157922086374721,0.2664485252685455,0.2208849106897473,0.284207791362528,0.2155325257653341,0.2421815313480853,366
272,0.4480705736687463,/wynton/group/sali/vipul/xray/matthew/multixray/sample_bench/out/277_native_5_t3000/2/output_859/pdbs/449.pdb,5.038591582607134,5.071599712686405,0.2071729084437506,10.11019129529354,0.2314776079624721,37657.70091088415,0.216895341048408,0.5519294263312536,0.207456435971276,0.783104658951592,0.2041242167174229,0.2215227748453283,859
273,0.6716697990228961,/wynton/group/sali/vipul/xray/matthew/multixray/sample_bench/out/277_native_5_t3000/2/output_227/pdbs/433.pdb,5.024406379161168,4.975382034071368,0.2214141625318946,9.999788413232537,0.2133378108176851,36664.18259237223,0.2568689641745681,0.3283302009771039,0.1843602818868177,0.7431310358254318,0.1954409802970345,0.2165106116402412,227
274,0.7107902552101772,/wynton/group/sali/vipul/xray/matthew/multixray/sample_bench/out/277_native_5_t3000/2/output_861/pdbs/428.pdb,5.026036695444983,4.990561187271899,0.1886793658461489,10.016597882716882,0.2062274173803482,37268.14385713964,0.4994180244369948,0.2892097447898228,0.1873243280209649,0.5005819755630052,0.1942643791621149,0.2155726075433938,861
275,0.7500406535101154,/wynton/group/sali/vipul/xray/matthew/multixray/sample_bench/out/277_native_5_t3000/2/output_740/pdbs/469.pdb,5.051649574421489,5.047861275146785,0.2224482306140688,10.099510849568274,0.2293270320016353,37684.872051128,0.5381892981895351,0.2499593464898847,0.2020180919325133,0.4618107018104648,0.1992238137799771,0.2215524837684463,740
276,0.2381340449134498,/wynton/group/sali/vipul/xray/matthew/multixray/sample_bench/out/277_native_5_t3000/2/output_919/pdbs/407.pdb,5.170139022723482,5.226367616520115,0.2891267326088139,10.396506639243597,0.2942924472985289,37858.58969241455,0.0585372628713456,0.7618659550865502,0.2538260465110128,0.9414627371286544,0.2479754963076657,0.2739892530937504,919
277,0.3217722842401765,/wynton/group/sali/vipul/xray/matthew/multixray/sample_bench/out/277_native_5_t3000/2/output_711/pdbs/411.pdb,4.99913344364783,4.9900370890547485,0.1870364168112806,9.989170532702579,0.2173411141621538,36590.2439389532,0.606588167913319,0.6782277157598235,0.1872462162983598,0.3934118320866809,0.1894437712320665,0.212038895942695,711
278,0.3458537281756742,/wynton/group/sali/vipul/xray/matthew/multixray/sample_bench/out/277_native_5_t3000/2/output_727/pdbs/355.pdb,5.004650217883751,4.95007906241838,0.1722249978142467,9.954729280302132,0.2062717133343332,36734.22920984165,0.7659790561406117,0.6541462718243257,0.1764999088276646,0.2340209438593883,0.1869854691036061,0.2071588549652116,727
279,0.0562490411230944,/wynton/group/sali/vipul/xray/matthew/multixray/sample_bench/out/277_native_5_t3000/2/output_971/pdbs/331.pdb,4.977048433710401,5.137048238447679,0.2235062321036316,10.11409667215808,0.241163296697848,36200.33318372403,0.8119231111003903,0.9437509588769056,0.2185138799888421,0.1880768888996096,0.183848612372918,0.2028152261528763,971
280,0.4469898956751343,/wynton/group/sali/vipul/xray/matthew/multixray/sample_bench/out/277_native_5_t3000/2/output_267/pdbs/402.pdb,5.039996011757477,5.007807565333141,0.1827091933098712,10.047803577090619,0.219033018135378,37644.01505986674,0.4176900070502768,0.5530101043248656,0.1924342343079022,0.5823099929497231,0.1997604969436587,0.2179539754362243,267
281,0.6626242337372785,/wynton/group/sali/vipul/xray/matthew/multixray/sample_bench/out/277_native_5_t3000/2/output_61/pdbs/463.pdb,5.007871171337675,4.981795043481641,0.1632478386571719,9.989666214819316,0.2057814093147976,38190.223631956265,0.5134104601948968,0.3373757662627214,0.1878900235724267,0.4865895398051033,0.1905888171229347,0.2116424990399394,61
282,0.497760930001712,/wynton/group/sali/vipul/xray/matthew/multixray/sample_bench/out/277_native_5_t3000/2/output_147/pdbs/420.pdb,5.017175727372465,4.964559043041227,0.2233790599195824,9.981734770413691,0.2051472486902682,37927.177571509295,0.7156449161568951,0.5022390699982879,0.1842777497739619,0.2843550838431048,0.1964846274815947,0.2151360232352414,147
283,0.8622340614318909,/wynton/group/sali/vipul/xray/matthew/multixray/sample_bench/out/277_native_5_t3000/2/output_987/pdbs/433.pdb,4.953561263445799,5.073667553505709,0.1850522184174695,10.027228816951508,0.233571736358269,36332.4158948457,0.348792469932303,0.1377659385681092,0.2050669399278927,0.651207530067697,0.1784382598873028,0.2043272765022888,987
284,0.4526245030087658,/wynton/group/sali/vipul/xray/matthew/multixray/sample_bench/out/277_native_5_t3000/2/output_600/pdbs/452.pdb,5.028023590753648,4.98483734407348,0.1780691784127635,10.012860934827128,0.2157361111020941,37406.21117977178,0.5767218524394511,0.5473754969912341,0.1887043366775636,0.423278147560549,0.1955607413452233,0.2187633316412007,600
285,0.6927582331165159,/wynton/group/sali/vipul/xray/matthew/multixray/sample_bench/out/277_native_5_t3000/2/output_99/pdbs/216.pdb,5.156291395269824,5.152335934620121,0.2349984199339007,10.308627329889944,0.2645147539010633,37541.71980741568,0.954047309947646,0.3072417668834841,0.2310378479835662,0.0459526900523541,0.2379698198568339,0.261526480131144,99
286,0.8226111055410731,/wynton/group/sali/vipul/xray/matthew/multixray/sample_bench/out/277_native_5_t3000/2/output_163/pdbs/325.pdb,5.029278929726578,5.04471488499785,0.1963018369089336,10.073993814724428,0.2235733541063527,36633.67023770333,0.5061633696980162,0.1773888944589269,0.199014067746155,0.4938366303019837,0.193547835289195,0.2143740769404229,163
287,0.0730306382174124,/wynton/group/sali/vipul/xray/matthew/multixray/sample_bench/out/277_native_5_t3000/2/output_160/pdbs/321.pdb,5.004732385577483,5.116450632921716,0.2337830158552945,10.121183018499199,0.2431945869001237,37123.25309185741,0.5654163588509722,0.9269693617825876,0.2167210193303193,0.4345836411490278,0.191829424869306,0.2157198544872299,160
288,0.6629682936975074,/wynton/group/sali/vipul/xray/matthew/multixray/sample_bench/out/277_native_5_t3000/2/output_425/pdbs/470.pdb,5.059938738313002,4.938072732768584,0.182932270943836,9.998011471081586,0.193594550454361,36808.47212731377,0.1108887872334966,0.3370317063024926,0.1784509189640464,0.8891112127665034,0.2023724177577395,0.2236704627224607,425
289,0.5599657136951789,/wynton/group/sali/vipul/xray/matthew/multixray/sample_bench/out/277_native_5_t3000/2/output_132/pdbs/459.pdb,5.103399868941666,5.049493827211323,0.1880323008268875,10.152893696152988,0.2242990387177153,37468.922489848665,0.8675333108076233,0.440034286304821,0.202518313287997,0.1324666891923767,0.2154142301390849,0.2358551739432597,132
290,0.4192582018803736,/wynton/group/sali/vipul/xray/matthew/multixray/sample_bench/out/277_native_5_t3000/2/output_552/pdbs/217.pdb,5.027948504538526,5.016552344738419,0.2077125568700726,10.044500849276945,0.2167954454078567,37523.56996465954,0.5223226774284498,0.5807417981196265,0.1964682270955784,0.4776773225715501,0.1984273009669275,0.2160847193328469,552
291,0.7313267544054598,/wynton/group/sali/vipul/xray/matthew/multixray/sample_bench/out/277_native_5_t3000/2/output_240/pdbs/383.pdb,5.156696597887496,4.953566722764571,0.193886550949516,10.110263320652066,0.1976531419152115,36260.750379477824,0.0333532592209374,0.2686732455945402,0.1819757124090591,0.9666467407790624,0.221401023133459,0.2447241172153204,240
292,0.1632375765150765,/wynton/group/sali/vipul/xray/matthew/multixray/sample_bench/out/277_native_5_t3000/2/output_173/pdbs/346.pdb,5.141983910493824,5.103166458986486,0.1805855859665519,10.24515036948031,0.2475724574518439,37607.91334984012,0.3303840313854234,0.8367624234849235,0.223008097404742,0.6696159686145765,0.2277608583476773,0.2493522390230482,173
293,0.4018914564628327,/wynton/group/sali/vipul/xray/matthew/multixray/sample_bench/out/277_native_5_t3000/2/output_702/pdbs/363.pdb,5.114515491048584,5.109649682539163,0.1916299673881448,10.224165173587746,0.2386080849339625,37908.244501809626,0.1317653211552434,0.5981085435371674,0.2190173261053672,0.8682346788447566,0.2252114980504323,0.2344709159765694,702
294,0.8850619632445945,/wynton/group/sali/vipul/xray/matthew/multixray/sample_bench/out/277_native_5_t3000/2/output_29/pdbs/91.pdb,5.230277154410792,5.222561798011429,0.3443745817907842,10.452838952422221,0.2872945360490898,38794.46748648328,0.8569884104124542,0.1149380367554054,0.2577848323823221,0.1430115895875457,0.2582200274943416,0.2895308710572959,29
295,0.0232117681267565,/wynton/group/sali/vipul/xray/matthew/multixray/sample_bench/out/277_native_5_t3000/2/output_186/pdbs/109.pdb,5.225664617734678,5.248232725760613,0.2790402994820218,10.473897343495292,0.2992610393772973,37164.756376722646,0.0368595603102493,0.9767882318732436,0.2718329231704424,0.9631404396897508,0.2634465946087577,0.2888296850076428,186
296,0.9423841518445476,/wynton/group/sali/vipul/xray/matthew/multixray/sample_bench/out/277_native_5_t3000/2/output_87/pdbs/321.pdb,5.018189601760261,5.098252163425287,0.2152087240876734,10.116441765185549,0.2283292846951515,36462.15975059775,0.150533550222236,0.0576158481554524,0.2088935212692103,0.849466449777764,0.1901129183618275,0.2129948380983645,87
297,0.3930859037269298,/wynton/group/sali/vipul/xray/matthew/multixray/sample_bench/out/277_native_5_t3000/2/output_482/pdbs/428.pdb,5.154836481569332,5.064220264637572,0.200682239186144,10.219056746206904,0.2343255596063076,38239.90161052423,0.0235787607784498,0.6069140962730701,0.2051774752969043,0.97642123922155,0.2278861007618967,0.2507243547986441,482
298,0.4119200446260519,/wynton/group/sali/vipul/xray/matthew/multixray/sample_bench/out/277_native_5_t3000/2/output_416/pdbs/408.pdb,5.040015350964861,5.0374624768435545,0.1913656387000616,10.077477827808416,0.2206780894477844,37645.86108976817,0.4226821740266247,0.5880799553739482,0.1996581238395913,0.5773178259733752,0.1995384905424041,0.219119352093527,416
299,0.3022130823268972,/wynton/group/sali/vipul/xray/matthew/multixray/sample_bench/out/277_native_5_t3000/2/output_560/pdbs/376.pdb,5.044526712968871,4.992015812292666,0.1811480558225863,10.036542525261538,0.2031180191137112,36264.26365212372,0.8755015575761448,0.6977869176731029,0.187640789412881,0.1244984424238552,0.1986096769873688,0.2114354084789522,560
300,0.0844479720447181,/wynton/group/sali/vipul/xray/matthew/multixray/sample_bench/out/277_native_5_t3000/2/output_361/pdbs/445.pdb,5.001277095047098,5.0603410815390015,0.2254003737608132,10.0616181765861,0.2285279187862923,37132.61668128135,0.5381023563103772,0.915552027955282,0.2028020201162134,0.4618976436896229,0.1880558923212996,0.212208028388999,361
301,0.7989259762817836,/wynton/group/sali/vipul/xray/matthew/multixray/sample_bench/out/277_native_5_t3000/2/output_953/pdbs/301.pdb,5.0077073438397415,4.999932202712821,0.1931486992031537,10.007639546552562,0.2092186932342108,36751.38035200787,0.3595529339099618,0.2010740237182163,0.1889083697189402,0.6404470660900383,0.1901398395810868,0.2055696564213507,953
302,0.172023982037423,/wynton/group/sali/vipul/xray/matthew/multixray/sample_bench/out/277_native_5_t3000/2/output_71/pdbs/442.pdb,4.96052117482945,5.0013463488763845,0.1882563021561181,9.961867523705834,0.2052948069221873,35845.89931075063,0.7998802867756148,0.8279760179625769,0.1846621519185969,0.2001197132243851,0.1763252681708899,0.2038424654731808,71
303,0.8333378807836621,/wynton/group/sali/vipul/xray/matthew/multixray/sample_bench/out/277_native_5_t3000/2/output_854/pdbs/361.pdb,5.110146044458722,5.089468384640827,0.2186533435862954,10.19961442909955,0.2407360824840443,37157.78170359605,0.5811952845793406,0.166662119216338,0.216559263360839,0.4188047154206595,0.2207396969305246,0.2426433458132405,854
304,0.6349894858524604,/wynton/group/sali/vipul/xray/matthew/multixray/sample_bench/out/277_native_5_t3000/2/output_897/pdbs/322.pdb,5.06437940581439,4.994226721029872,0.2282391210987713,10.05860612684426,0.2182229695929484,37597.49932756737,0.4565562954243088,0.3650105141475396,0.1906285055184816,0.5434437045756912,0.2029150583227737,0.2311180662379199,897
305,0.5111116834111096,/wynton/group/sali/vipul/xray/matthew/multixray/sample_bench/out/277_native_5_t3000/2/output_117/pdbs/404.pdb,5.1550115990384455,4.996389832943213,0.1894369715818746,10.151401431981657,0.2130302647860314,36918.60814576149,0.9740993841199,0.4888883165888904,0.1924110958407401,0.0259006158801,0.2264910237832618,0.2505480715977061,117
306,0.5117406399104887,/wynton/group/sali/vipul/xray/matthew/multixray/sample_bench/out/277_native_5_t3000/2/output_792/pdbs/356.pdb,5.01525238822322,4.986635525840355,0.1811408010050751,10.001887914063575,0.2106671587594393,36888.94007566675,0.1635907605368158,0.4882593600895114,0.1869955646677958,0.8364092394631842,0.1934191999743767,0.2189954137328994,792
307,0.5016700354089942,/wynton/group/sali/vipul/xray/matthew/multixray/sample_bench/out/277_native_5_t3000/2/output_644/pdbs/394.pdb,5.000621780232392,4.983175767370764,0.2182140690416066,9.983797547603157,0.2054943427240259,37443.43982475923,0.38552915936825,0.4983299645910058,0.1869979963610857,0.61447084063175,0.1895907827890896,0.209898964387709,644
308,0.0032416597205675,/wynton/group/sali/vipul/xray/matthew/multixray/sample_bench/out/277_native_5_t3000/2/output_906/pdbs/372.pdb,5.155029839818107,5.197344054026547,0.2130096256265961,10.352373893844653,0.2725481072960414,37864.53221258993,0.3255953666738562,0.9967583402794324,0.245031329974591,0.6744046333261438,0.2288292779191647,0.2536563483812817,906
309,0.6217463105943208,/wynton/group/sali/vipul/xray/matthew/multixray/sample_bench/out/277_native_5_t3000/2/output_564/pdbs/467.pdb,5.034537335775884,4.923990089950864,0.1845887654371703,9.958527425726748,0.1919088767963663,36886.22482499857,0.1924605533484031,0.3782536894056791,0.1747568107999223,0.8075394466515968,0.1938856215739011,0.2166503138740349,564
310,0.5645180635834385,/wynton/group/sali/vipul/xray/matthew/multixray/sample_bench/out/277_native_5_t3000/2/output_851/pdbs/359.pdb,5.013908522087024,5.037851521924707,0.1753241698462707,10.051760044011731,0.221204465493445,37057.74593700278,0.7951446450681858,0.4354819364165615,0.2021645680735594,0.2048553549318142,0.1991630284381753,0.2118827836707821,851
311,0.2495512487888704,/wynton/group/sali/vipul/xray/matthew/multixray/sample_bench/out/277_native_5_t3000/2/output_567/pdbs/381.pdb,5.083852217908803,5.049576160916136,0.1953072960090041,10.133428378824938,0.236226867607429,37589.1566823828,0.3720438087584422,0.7504487512111295,0.2073280667555801,0.6279561912415579,0.2125569971419663,0.2397314670817419,567
312,0.3537649113348804,/wynton/group/sali/vipul/xray/matthew/multixray/sample_bench/out/277_native_5_t3000/2/output_705/pdbs/487.pdb,5.04812428186884,4.947725188150958,0.1890104357154588,9.995849470019799,0.1939762755686459,36983.57905928808,0.9237553239448736,0.6462350886651196,0.1785554100355378,0.0762446760551263,0.2001654118839072,0.2198101294554506,705
313,0.3281127881608102,/wynton/group/sali/vipul/xray/matthew/multixray/sample_bench/out/277_native_5_t3000/2/output_723/pdbs/427.pdb,5.0003182267970985,4.97177301196209,0.1827301786420515,9.972091238759187,0.2084041731199762,36786.90072030123,0.7837644109348176,0.6718872118391898,0.1802268390729933,0.2162355890651824,0.1840843642729411,0.212776933725962,723
314,0.2654042945423998,/wynton/group/sali/vipul/xray/matthew/multixray/sample_bench/out/277_native_5_t3000/2/output_557/pdbs/395.pdb,5.020160656503006,5.030360977734126,0.1921058739462346,10.050521634237132,0.2243311373739913,37235.75642773631,0.5066691353145605,0.7345957054576001,0.1993971953983802,0.4933308646854396,0.1959536240236765,0.2151413598010274,557
315,0.5657589308386721,/wynton/group/sali/vipul/xray/matthew/multixray/sample_bench/out/277_native_5_t3000/2/output_73/pdbs/348.pdb,5.043560351472949,5.046688945987928,0.1838371448726087,10.090249297460876,0.2272748411478541,37756.037436432736,0.612746382151602,0.434241069161328,0.2002745894458218,0.3872536178483979,0.1993552387475593,0.2247840068255806,73
316,0.0870527292186877,/wynton/group/sali/vipul/xray/matthew/multixray/sample_bench/out/277_native_5_t3000/2/output_985/pdbs/336.pdb,5.05838174394045,5.128519166205148,0.2001230479686325,10.1869009101456,0.2470133974548988,36544.57973796402,0.838260024452568,0.9129472707813124,0.2176757124568182,0.161739975547432,0.2007219442530919,0.2248404579261934,985
317,0.8199393000717383,/wynton/group/sali/vipul/xray/matthew/multixray/sample_bench/out/277_native_5_t3000/2/output_555/pdbs/382.pdb,5.025063707642759,5.013470759586753,0.2182273953094256,10.038534467229512,0.2191611171206991,37662.102543835215,0.5103869053109295,0.1800606999282617,0.1934855763090895,0.4896130946890706,0.194426055989947,0.2154455667023669,555
318,0.807258907688593,/wynton/group/sali/vipul/xray/matthew/multixray/sample_bench/out/277_native_5_t3000/2/output_568/pdbs/241.pdb,5.036574737188842,5.020197337362378,0.195037692684708,10.056772074551219,0.2123299931617402,37186.51840246758,0.475067551718317,0.192741092311407,0.1975221101049769,0.5249324482816831,0.2000090961110988,0.2179986991918407,568
319,0.6539770007522154,/wynton/group/sali/vipul/xray/matthew/multixray/sample_bench/out/277_native_5_t3000/2/output_200/pdbs/285.pdb,5.093623810059598,5.058523040856813,0.2023159357972922,10.152146850916411,0.2326094107728407,36901.308798145175,0.6292331460289452,0.3460229992477845,0.207328763912953,0.3707668539710549,0.2085751460755606,0.2383149846449603,200
320,0.314837420078205,/wynton/group/sali/vipul/xray/matthew/multixray/sample_bench/out/277_native_5_t3000/2/output_484/pdbs/389.pdb,5.0809188375320105,5.047382948315137,0.2134117970083133,10.128301785847148,0.2252924930096478,37543.25572418738,0.4276890744439982,0.685162579921795,0.2025871603833859,0.5723109255560019,0.2110270931460276,0.230403202932146,484
321,0.1676635416649249,/wynton/group/sali/vipul/xray/matthew/multixray/sample_bench/out/277_native_5_t3000/2/output_743/pdbs/315.pdb,5.193561495510153,5.254350707525149,0.3938104281849098,10.447912203035301,0.2974850673395757,38692.74424755633,0.0766225776561006,0.8323364583350751,0.2653891370520971,0.9233774223438992,0.2526616791481589,0.273887328633208,743
322,0.0496172957903594,/wynton/group/sali/vipul/xray/matthew/multixray/sample_bench/out/277_native_5_t3000/2/output_4/pdbs/428.pdb,4.984560391336791,5.130138830994251,0.2052377109072045,10.11469922233104,0.2475574852160224,36636.6165191292,0.6214521899234774,0.9503827042096404,0.2149861387183988,0.3785478100765226,0.1851461892996034,0.2040272832176524,4
323,0.4933412007893327,/wynton/group/sali/vipul/xray/matthew/multixray/sample_bench/out/277_native_5_t3000/2/output_426/pdbs/468.pdb,5.04557564958921,5.010320980299795,0.1849947512113458,10.055896629889006,0.2160481869813171,37208.017948713525,0.1478886700612782,0.5066587992106673,0.1925897717680377,0.8521113299387219,0.2040536803002744,0.2264556772732585,426
324,0.5354025571295462,/wynton/group/sali/vipul/xray/matthew/multixray/sample_bench/out/277_native_5_t3000/2/output_585/pdbs/358.pdb,5.035504905959682,5.008650737410928,0.1769318045533228,10.04415564337061,0.2098200356823484,36666.714869101146,0.1850172978321356,0.4645974428704539,0.1920388555702274,0.8149827021678644,0.1988718948897769,0.2178130133593165,585
325,0.6022406245645727,/wynton/group/sali/vipul/xray/matthew/multixray/sample_bench/out/277_native_5_t3000/2/output_466/pdbs/376.pdb,5.008501148275094,5.016117167245917,0.1978054672952462,10.02461831552101,0.2136498543097704,37108.772869164255,0.5527996258467597,0.3977593754354273,0.1936393079781261,0.4472003741532403,0.190903874886982,0.2114690716676985,466
326,0.8457235116323758,/wynton/group/sali/vipul/xray/matthew/multixray/sample_bench/out/277_native_5_t3000/2/output_76/pdbs/426.pdb,5.036775893032647,5.098715459874553,0.2119333824565806,10.1354913529072,0.2438007899093466,37554.411410705885,0.4945092892777728,0.1542764883676242,0.2160766990048062,0.5054907107222273,0.2012596003112952,0.2105538770761942,76
327,0.4999079124616301,/wynton/group/sali/vipul/xray/matthew/multixray/sample_bench/out/277_native_5_t3000/2/output_746/pdbs/409.pdb,5.014140489184701,5.006963770540956,0.189678639583837,10.021104259725657,0.2212219552294946,37343.28834551719,0.6180230777299136,0.5000920875383699,0.1900282153887701,0.3819769222700864,0.1924683947918818,0.2191081740064006,746
328,0.3518036545292014,/wynton/group/sali/vipul/xray/matthew/multixray/sample_bench/out/277_native_5_t3000/2/output_359/pdbs/346.pdb,5.03874482139585,4.994297615186474,0.2066233536707121,10.033042436582324,0.2142970867063693,36975.77038871946,0.5108472250681678,0.6481963454707986,0.1893434305174146,0.4891527749318322,0.1994459134722462,0.2162624066078572,359
329,0.1386305928137491,/wynton/group/sali/vipul/xray/matthew/multixray/sample_bench/out/277_native_5_t3000/2/output_543/pdbs/383.pdb,4.992494385304002,5.003503968236659,0.2176767439835959,9.99599835354066,0.2149357780198474,36266.81206370394,0.6210816642690806,0.861369407186251,0.1911076867875449,0.3789183357309194,0.1870937879846731,0.2080035194689284,543
330,0.4532348651327226,/wynton/group/sali/vipul/xray/matthew/multixray/sample_bench/out/277_native_5_t3000/2/output_206/pdbs/382.pdb,5.054632614225008,4.987194569111803,0.1979999164333557,10.04182718333681,0.2098161559453176,37689.52151365538,0.4969010862411758,0.5467651348672774,0.1891740290157209,0.5030989137588242,0.2020960278298488,0.2214626785550851,206
331,0.6634524022496666,/wynton/group/sali/vipul/xray/matthew/multixray/sample_bench/out/277_native_5_t3000/2/output_387/pdbs/423.pdb,5.011235986604978,4.969706756042658,0.2008043826785375,9.980942742647636,0.2080383372627149,36763.99335194704,0.1136125242193161,0.3365475977503334,0.1795295525963217,0.8863874757806839,0.1903267833872374,0.2096509987710548,387
332,0.4248901056708445,/wynton/group/sali/vipul/xray/matthew/multixray/sample_bench/out/277_native_5_t3000/2/output_982/pdbs/249.pdb,5.012667274422367,4.984032297728885,0.1806252649182669,9.996699572151252,0.2058405559566613,37429.24792651653,0.5738116872741438,0.5751098943291554,0.1876610020427868,0.4261883127258561,0.1904551789432226,0.2154012355918104,982
333,0.5779609910761988,/wynton/group/sali/vipul/xray/matthew/multixray/sample_bench/out/277_native_5_t3000/2/output_65/pdbs/375.pdb,5.021323518396846,5.012689281533222,0.2025607507413929,10.034012799930068,0.2247550644901033,37140.83941587317,0.4270693971716002,0.4220390089238011,0.1946892101305776,0.5729306028283998,0.1944840559191413,0.2231681742498159,65
334,0.8038373394282795,/wynton/group/sali/vipul/xray/matthew/multixray/sample_bench/out/277_native_5_t3000/2/output_592/pdbs/367.pdb,5.052070912655217,4.96874596644234,0.2155150480639449,10.020816879097556,0.2029364263023926,36997.867905984414,0.4856574922376838,0.1961626605717204,0.1875473075738852,0.5143425077623163,0.1999257474890257,0.2219453277916998,592
335,0.640616887508293,/wynton/group/sali/vipul/xray/matthew/multixray/sample_bench/out/277_native_5_t3000/2/output_936/pdbs/298.pdb,5.027484366020561,4.97110241089902,0.2268475562078248,9.99858677691958,0.203440927676261,36822.858992639936,0.2316762956390206,0.359383112491707,0.1858089272151016,0.7683237043609794,0.1942622237754162,0.2184423084823269,936
336,0.3916067177976288,/wynton/group/sali/vipul/xray/matthew/multixray/sample_bench/out/277_native_5_t3000/2/output_709/pdbs/430.pdb,5.0531726041211575,4.99223549299085,0.179729068279914,10.045408097112007,0.2045430318394586,38041.135312344,0.485230664527315,0.6083932822023712,0.1918806421955179,0.514769335472685,0.2019882815471473,0.2191169987451883,709
337,0.1408164915888671,/wynton/group/sali/vipul/xray/matthew/multixray/sample_bench/out/277_native_5_t3000/2/output_412/pdbs/161.pdb,5.20018535393818,5.261134893307766,0.356147228697147,10.461320247245947,0.3000910681301567,38200.896233406434,0.0229848666652112,0.8591835084111329,0.2697622156620979,0.9770151333347888,0.257103518776017,0.2760812959435142,412
338,0.6622955835702165,/wynton/group/sali/vipul/xray/matthew/multixray/sample_bench/out/277_native_5_t3000/2/output_890/pdbs/437.pdb,5.093839596885353,5.14377622537238,0.1838695057162182,10.237615822257734,0.2526529229502499,38503.30714049435,0.7961117131777422,0.3377044164297835,0.2267962711769101,0.2038882868222578,0.2190967092299199,0.235129011420631,890
339,0.4213477413007516,/wynton/group/sali/vipul/xray/matthew/multixray/sample_bench/out/277_native_5_t3000/2/output_458/pdbs/261.pdb,5.078492156872987,5.030829038162792,0.2271828432990709,10.109321195035779,0.2216497577815689,37836.878933704495,0.2828040566575426,0.5786522586992484,0.1997350864447989,0.7171959433424574,0.2080122499381358,0.2295165039140092,458
340,0.0537960783765719,/wynton/group/sali/vipul/xray/matthew/multixray/sample_bench/out/277_native_5_t3000/2/output_475/pdbs/315.pdb,4.986641440964143,5.127679997586262,0.1963375649139669,10.114321438550405,0.2445244673449188,37173.33251620331,0.5025237068249448,0.946203921623428,0.2189148620890508,0.4974762931750552,0.1879794523456137,0.2065765243905158,475
341,0.4034253883768339,/wynton/group/sali/vipul/xray/matthew/multixray/sample_bench/out/277_native_5_t3000/2/output_951/pdbs/293.pdb,5.017406620721086,4.980298402688131,0.1707558619340964,9.997705023409218,0.2189976529851274,38015.57105157099,0.5445355409681626,0.596574611623166,0.1832989991945344,0.4554644590318374,0.1945971106965378,0.2186635618557293,951
342,0.409266902213591,/wynton/group/sali/vipul/xray/matthew/multixray/sample_bench/out/277_native_5_t3000/2/output_570/pdbs/164.pdb,5.054586909739877,5.058490368244979,0.236832879535983,10.113077277984857,0.2256500532403728,37733.9187348892,0.3813117313189801,0.590733097786409,0.2058005891613024,0.6186882686810199,0.2047676055825445,0.2256027160805812,570
343,0.9113146617828748,/wynton/group/sali/vipul/xray/matthew/multixray/sample_bench/out/277_native_5_t3000/2/output_212/pdbs/422.pdb,5.055743812243606,5.103823955711424,0.1899849544098289,10.15956776795503,0.2362871710663183,36703.97484790477,0.5660944070054321,0.088685338217125,0.2169948176710962,0.4339055929945679,0.2051742421530251,0.225281520094674,212
344,0.5211390232597132,/wynton/group/sali/vipul/xray/matthew/multixray/sample_bench/out/277_native_5_t3000/2/output_46/pdbs/256.pdb,5.010312067276027,4.965658573611103,0.1615008468808054,9.97597064088713,0.1990935233223162,37519.89903757936,0.3539133080555874,0.4788609767402868,0.1838350217408449,0.6460866919444126,0.192165007868922,0.2119692634523014,46
345,0.5821408014240885,/wynton/group/sali/vipul/xray/matthew/multixray/sample_bench/out/277_native_5_t3000/2/output_130/pdbs/216.pdb,5.0204125099401,4.927421684596088,0.2188080022792162,9.947834194536188,0.2021826840415738,36831.94406913478,0.2603662506515548,0.4178591985759114,0.1745047221703231,0.7396337493484453,0.1892195225723369,0.2235558945830165,130
346,0.1884445863799597,/wynton/group/sali/vipul/xray/matthew/multixray/sample_bench/out/277_native_5_t3000/2/output_758/pdbs/324.pdb,4.9811531992748685,5.030242125629165,0.1895254753981843,10.011395324904033,0.2192655767105019,37145.577840384896,0.7634641096445008,0.8115554136200402,0.194583486013994,0.2365358903554991,0.1816716304000954,0.2080729382862482,758
347,0.1542070220751909,/wynton/group/sali/vipul/xray/matthew/multixray/sample_bench/out/277_native_5_t3000/2/output_277/pdbs/407.pdb,5.083281793365567,5.07096959183728,0.2264173770288361,10.154251385202848,0.2410099474360208,37644.66792973228,0.3774961279400143,0.845792977924809,0.2102455500481608,0.6225038720599856,0.210156586819191,0.2408886029116974,277
348,0.5483064026438758,/wynton/group/sali/vipul/xray/matthew/multixray/sample_bench/out/277_native_5_t3000/2/output_684/pdbs/352.pdb,5.122843122469324,4.980984655197225,0.2135182711297306,10.103827777666549,0.2052780339002714,36787.37466863907,0.0168812469115211,0.4516935973561243,0.1864912733355589,0.9831187530884788,0.2162323323221863,0.244312668088377,684
349,0.7186970432585161,/wynton/group/sali/vipul/xray/matthew/multixray/sample_bench/out/277_native_5_t3000/2/output_114/pdbs/490.pdb,5.031048292119249,4.941658014550379,0.2283628245613522,9.972706306669629,0.198426448990464,36910.255003634265,0.3279473394220791,0.2813029567414838,0.1807759917952082,0.6720526605779208,0.1956213047233817,0.2112548833812728,114
350,0.4491243095581335,/wynton/group/sali/vipul/xray/matthew/multixray/sample_bench/out/277_native_5_t3000/2/output_724/pdbs/427.pdb,4.986060862536157,5.011544713289013,0.1687733748454029,9.99760557582517,0.2111205068941462,38214.942147107526,0.3992450762095125,0.5508756904418665,0.1941445119791502,0.6007549237904874,0.1868662222693951,0.2029048115053392,724
351,0.8469766949425327,/wynton/group/sali/vipul/xray/matthew/multixray/sample_bench/out/277_native_5_t3000/2/output_933/pdbs/335.pdb,5.087346595527623,5.068114443799483,0.178204870784205,10.155461039327106,0.2389089838402834,38174.0582931518,0.5821460267614779,0.1530233050574672,0.2097538372256059,0.4178539732385221,0.2106746961171249,0.2406631073337654,933
352,0.7973598274818752,/wynton/group/sali/vipul/xray/matthew/multixray/sample_bench/out/277_native_5_t3000/2/output_53/pdbs/285.pdb,5.033808003707592,4.969221989828081,0.1911787827487001,10.003029993535673,0.2029604297439271,36392.10506815477,0.1374420650145184,0.2026401725181248,0.1822893040940583,0.8625579349854816,0.1931883037092664,0.2161695280097713,53
353,0.9347010483654264,/wynton/group/sali/vipul/xray/matthew/multixray/sample_bench/out/277_native_5_t3000/2/output_294/pdbs/385.pdb,5.011431783821389,5.124052350367551,0.1799653493322648,10.135484134188939,0.2536905224535626,36796.55081632957,0.5047507241447856,0.0652989516345736,0.2176031933681349,0.4952492758552144,0.1940330308998453,0.2162513887633654,294
354,0.5080098471672908,/wynton/group/sali/vipul/xray/matthew/multixray/sample_bench/out/277_native_5_t3000/2/output_207/pdbs/398.pdb,5.097258300234831,4.981395021617812,0.1831124879574311,10.078653321852642,0.2044217023205313,37272.09402465564,0.124997357189363,0.4919901528327092,0.1881513920817468,0.875002642810637,0.211930117364625,0.234054949571954,207
355,0.9368978016908178,/wynton/group/sali/vipul/xray/matthew/multixray/sample_bench/out/277_native_5_t3000/2/output_942/pdbs/431.pdb,4.966774280208739,5.081803157242582,0.1906678941141786,10.048577437451321,0.2338519804191327,36349.15746938259,0.3363020907175139,0.0631021983091821,0.2044787546416315,0.6636979092824861,0.1786968472179952,0.2022643530422456,942
356,0.2301235030375136,/wynton/group/sali/vipul/xray/matthew/multixray/sample_bench/out/277_native_5_t3000/2/output_39/pdbs/272.pdb,5.099387018320856,5.089357935651713,0.2207149067321392,10.18874495397257,0.2384060406273882,37961.7813530315,0.3517406987128826,0.7698764969624863,0.214483122524775,0.6482593012871174,0.2151099785137761,0.2379420651338741,39
357,0.5941548299342958,/wynton/group/sali/vipul/xray/matthew/multixray/sample_bench/out/277_native_5_t3000/2/output_419/pdbs/198.pdb,5.054426133139045,4.981318560998751,0.1892628223484264,10.035744694137797,0.2055365303899569,36794.86350373061,0.0678667952237975,0.4058451700657042,0.1858465373362145,0.9321332047762024,0.2002195192810885,0.2173836309273997,419
358,0.4195368343763017,/wynton/group/sali/vipul/xray/matthew/multixray/sample_bench/out/277_native_5_t3000/2/output_712/pdbs/431.pdb,4.97681838835931,4.912097735396273,0.1667388733252758,9.888916123755582,0.1880724803080685,36762.6729339253,0.7550104790996313,0.5804631656236984,0.1713774108264741,0.2449895209003687,0.1789723702176268,0.2044692231151957,712
359,0.7637771739628378,/wynton/group/sali/vipul/xray/matthew/multixray/sample_bench/out/277_native_5_t3000/2/output_627/pdbs/431.pdb,5.017458628907829,4.994378887474569,0.1831573182981208,10.011837516382398,0.2204464208448223,36058.19261959151,0.4013389344737116,0.2362228260371621,0.1895450878952659,0.5986610655262884,0.1927807017714742,0.2125413373160537,627
360,0.1866820614427059,/wynton/group/sali/vipul/xray/matthew/multixray/sample_bench/out/277_native_5_t3000/2/output_400/pdbs/279.pdb,5.183674656742872,5.163381104760908,0.2589027780728034,10.34705576150378,0.2670712686832149,38175.03754600895,0.2250486710878115,0.8133179385572941,0.2411901615122742,0.7749513289121884,0.2442239949800162,0.2637790484403157,400
361,0.1723543161893549,/wynton/group/sali/vipul/xray/matthew/multixray/sample_bench/out/277_native_5_t3000/2/output_868/pdbs/235.pdb,5.006642473139552,5.023823924759616,0.1799425016958394,10.030466397899168,0.2121338280462866,36351.78791657283,0.5882974666184767,0.8276456838106451,0.1954667497975971,0.4117025333815232,0.1894461267683001,0.2185592856518829,868
362,0.0657397866378581,/wynton/group/sali/vipul/xray/matthew/multixray/sample_bench/out/277_native_5_t3000/2/output_856/pdbs/390.pdb,4.953031101318054,5.083455679986908,0.2165958556759175,10.036486781304962,0.2262879165235416,37057.54242685762,0.6460302858762345,0.9342602133621418,0.2069514817392266,0.3539697141237655,0.1758070834577592,0.1940802075556141,856
363,0.1426921119561827,/wynton/group/sali/vipul/xray/matthew/multixray/sample_bench/out/277_native_5_t3000/2/output_862/pdbs/280.pdb,5.151431452232195,5.131849022088935,0.2131160706704845,10.283280474321131,0.2609995919160126,37727.77742751239,0.3037295686056928,0.8573078880438173,0.2285318008450321,0.6962704313943072,0.2315858679280796,0.2593757509414101,862
364,0.7907898854637039,/wynton/group/sali/vipul/xray/matthew/multixray/sample_bench/out/277_native_5_t3000/2/output_766/pdbs/239.pdb,5.007203054886562,5.003704298398208,0.1901806303172659,10.01090735328477,0.2135653831668101,37363.84432922212,0.4781937845248619,0.2092101145362961,0.1918822079269546,0.5218062154751381,0.1888597776339243,0.2110789946734496,766
365,0.686826210924847,/wynton/group/sali/vipul/xray/matthew/multixray/sample_bench/out/277_native_5_t3000/2/output_624/pdbs/158.pdb,5.093674771286097,5.117709154136866,0.1898395498715234,10.211383925422963,0.2449320728002261,38078.6166698443,0.8300013608088995,0.313173789075153,0.2192586147484628,0.1699986391911004,0.2165184444671779,0.2355439115239591,624
366,0.7278907443706282,/wynton/group/sali/vipul/xray/matthew/multixray/sample_bench/out/277_native_5_t3000/2/output_999/pdbs/412.pdb,5.138564373733691,5.175772470589998,0.2836439352882408,10.31433684432369,0.2664486011017911,37958.90680794232,0.8586916638326934,0.2721092556293719,0.238701934003689,0.1413083361673066,0.2337367699799254,0.2516379793630074,999
367,0.9951777077959754,/wynton/group/sali/vipul/xray/matthew/multixray/sample_bench/out/277_native_5_t3000/2/output_980/pdbs/264.pdb,5.048613337024515,5.174795095886326,0.1981349840186729,10.22340843291084,0.2617444146149345,37348.81831460279,0.5940309018128322,0.0048222922040246,0.23106633848716,0.4059690981871677,0.2015203642109448,0.2257117341857433,980
368,0.4726996477073995,/wynton/group/sali/vipul/xray/matthew/multixray/sample_bench/out/277_native_5_t3000/2/output_64/pdbs/405.pdb,5.037410043376997,5.015618533465728,0.1997313935518822,10.053028576842724,0.2160021561973486,37495.9663021906,0.3867530140078212,0.5273003522926005,0.196704323489976,0.6132469859921789,0.197535812998293,0.2217389080075165,64
369,0.7584101425319713,/wynton/group/sali/vipul/xray/matthew/multixray/sample_bench/out/277_native_5_t3000/2/output_421/pdbs/247.pdb,5.134280126655132,5.100823951839386,0.3245671691022181,10.235104078494519,0.2590751589744983,38611.99805915068,0.6878381201050755,0.2415898574680287,0.2178133666088246,0.3121618798949245,0.2233802107615568,0.2601440155369011,421
370,0.5676250744887983,/wynton/group/sali/vipul/xray/matthew/multixray/sample_bench/out/277_native_5_t3000/2/output_561/pdbs/432.pdb,4.99049805447278,4.992441377382405,0.1850144741593187,9.982939431855185,0.209507877525996,37025.19157491528,0.397006945058812,0.4323749255112017,0.1898008795218319,0.6029930549411879,0.1879110577543076,0.2102270458681846,561
371,0.5732826453170357,/wynton/group/sali/vipul/xray/matthew/multixray/sample_bench/out/277_native_5_t3000/2/output_691/pdbs/305.pdb,5.064724515956932,5.074378059077547,0.212381570400255,10.139102575034478,0.2342174816004149,37724.46561693882,0.7388136581719378,0.4267173546829644,0.2088923749074211,0.2611863418280621,0.2078190054686031,0.2248603305474824,691
372,0.3108632046075954,/wynton/group/sali/vipul/xray/matthew/multixray/sample_bench/out/277_native_5_t3000/2/output_196/pdbs/388.pdb,4.997222400478115,4.936023188946274,0.1774780773009071,9.93324558942439,0.1916700824343257,36350.82222839186,0.7624443414024946,0.6891367953924047,0.1756655106806772,0.2375556585975053,0.1861760562455122,0.2007595145545298,196
373,0.6369320873199096,/wynton/group/sali/vipul/xray/matthew/multixray/sample_bench/out/277_native_5_t3000/2/output_481/pdbs/181.pdb,5.124722887081087,5.105659286566878,0.1939017756549504,10.230382173647964,0.2446510628805168,37878.24366350033,0.8452499775134459,0.3630679126800905,0.2199327865292229,0.1547500224865541,0.2259556409821878,0.2470285460512571,481
374,0.4112845386174761,/wynton/group/sali/vipul/xray/matthew/multixray/sample_bench/out/277_native_5_t3000/2/output_337/pdbs/391.pdb,5.079528467226551,5.031525569705969,0.1992088118243606,10.111054036932519,0.2224156367379727,37394.983409582805,0.2248858399484855,0.5887154613825238,0.1976618034417059,0.7751141600515145,0.2099121857377401,0.2342926732618014,337
375,0.4457666103157478,/wynton/group/sali/vipul/xray/matthew/multixray/sample_bench/out/277_native_5_t3000/2/output_214/pdbs/312.pdb,5.065755936213911,5.036617952498534,0.1990687451492659,10.102373888712446,0.2201399300280871,37824.26612305403,0.4628617269840082,0.5542333896842522,0.2001779567169313,0.5371382730159918,0.207084121333622,0.2254216314968081,214
376,0.0952350094556597,/wynton/group/sali/vipul/xray/matthew/multixray/sample_bench/out/277_native_5_t3000/2/output_623/pdbs/470.pdb,4.97209182561996,5.081520313496752,0.2046695852934333,10.053612139116712,0.2281656571387218,36883.727659658405,0.7732392647841313,0.9047649905443405,0.2058264050853003,0.2267607352158687,0.1816388985318587,0.2008298424125228,623
377,0.2096188334475975,/wynton/group/sali/vipul/xray/matthew/multixray/sample_bench/out/277_native_5_t3000/2/output_189/pdbs/391.pdb,5.018827117552073,5.017123060755978,0.1861201041280166,10.03595017830805,0.2217593290519516,36537.16308610106,0.7854024416857758,0.7903811665524024,0.1935485785410913,0.2145975583142242,0.1909307711409432,0.2121197717035239,189
378,0.4912831904505606,/wynton/group/sali/vipul/xray/matthew/multixray/sample_bench/out/277_native_5_t3000/2/output_891/pdbs/383.pdb,5.047309857913855,5.001464232478194,0.2266313005188102,10.04877409039205,0.2132155446497064,37552.80788611798,0.5014440776729585,0.5087168095494394,0.1918410653167989,0.4985559223270414,0.1997663395917109,0.2237838289014664,891
379,0.978774141241928,/wynton/group/sali/vipul/xray/matthew/multixray/sample_bench/out/277_native_5_t3000/2/output_771/pdbs/397.pdb,5.073709204466497,5.165845416511904,0.2359767218365419,10.239554620978401,0.2739329609977506,37030.26598515539,0.5665370543692485,0.021225858758072,0.2305249192734195,0.4334629456307515,0.2067630780669806,0.237433512928023,771
380,0.3788417524653363,/wynton/group/sali/vipul/xray/matthew/multixray/sample_bench/out/277_native_5_t3000/2/output_923/pdbs/303.pdb,5.021427589284382,4.92642020015844,0.2010387218935906,9.947847789442822,0.1980391832953704,36913.78465618885,0.6500970241469565,0.6211582475346636,0.1769014777109496,0.3499029758530436,0.1928814766648,0.2118705097429911,923
381,0.6695227835144855,/wynton/group/sali/vipul/xray/matthew/multixray/sample_bench/out/277_native_5_t3000/2/output_291/pdbs/363.pdb,5.110941918750843,4.951572789672121,0.2019405220998871,10.062514708422963,0.2032860358882136,36341.00418177396,0.0574188461207719,0.3304772164855145,0.1791203225069406,0.942581153879228,0.21219594611773,0.2412270487765921,291
382,0.3875964594228703,/wynton/group/sali/vipul/xray/matthew/multixray/sample_bench/out/277_native_5_t3000/2/output_643/pdbs/266.pdb,5.106992547823381,4.941060148550675,0.2036877660320992,10.048052696374057,0.2008957431280857,36622.20930487872,0.9313089145779312,0.6124035405771296,0.1759699828932655,0.0686910854220688,0.2102067409518464,0.230902484016969,643
383,0.6190307771447839,/wynton/group/sali/vipul/xray/matthew/multixray/sample_bench/out/277_native_5_t3000/2/output_92/pdbs/446.pdb,5.067683503434314,4.937428778075525,0.1967090663484499,10.005112281509838,0.1978865250860147,36782.8093636911,0.0481091912328091,0.380969222855216,0.1746422972821511,0.9518908087671908,0.2004153652529504,0.2242412725378588,92
384,0.9412018566092928,/wynton/group/sali/vipul/xray/matthew/multixray/sample_bench/out/277_native_5_t3000/2/output_835/pdbs/289.pdb,5.032139855406859,5.140989531849386,0.222023850476924,10.173129387256246,0.2533672421308692,36614.90771604091,0.4701865044301951,0.0587981433907072,0.2232520868229139,0.5298134955698048,0.1968484278635101,0.2188568678684019,835
385,0.1399322525351881,/wynton/group/sali/vipul/xray/matthew/multixray/sample_bench/out/277_native_5_t3000/2/output_571/pdbs/355.pdb,5.049003501850703,5.001722201257343,0.1959779458135505,10.050725703108046,0.2096349230296519,36458.7034809939,0.8700468217793259,0.8600677474648118,0.1890946770255199,0.1299531782206741,0.1955102858711294,0.2209217558988852,571
386,0.7995501617952244,/wynton/group/sali/vipul/xray/matthew/multixray/sample_bench/out/277_native_5_t3000/2/output_389/pdbs/494.pdb,5.01802434710914,5.039972817230656,0.206886416458177,10.057997164339795,0.2209973966439032,37481.17000668303,0.4602763979082032,0.2004498382047755,0.2007789140406338,0.5397236020917968,0.1942492656012737,0.2121026183810212,389
387,0.4098806570975255,/wynton/group/sali/vipul/xray/matthew/multixray/sample_bench/out/277_native_5_t3000/2/output_493/pdbs/370.pdb,5.023902690910052,5.021749975701781,0.1687226957481244,10.045652666611833,0.2242401179583453,37357.73415067274,0.4738645522310271,0.5901193429024745,0.1958898822781579,0.5261354477689728,0.1961300423055979,0.2170449536280104,493
388,0.7861437946278059,/wynton/group/sali/vipul/xray/matthew/multixray/sample_bench/out/277_native_5_t3000/2/output_907/pdbs/351.pdb,5.0241642418216985,4.991486254826681,0.1896814346268092,10.01565049664838,0.2100338137624809,36546.5218290586,0.1380494472797395,0.213856205372194,0.1862380156603869,0.8619505527202604,0.1924677843693707,0.2145635781142136,907
389,0.3711783069708363,/wynton/group/sali/vipul/xray/matthew/multixray/sample_bench/out/277_native_5_t3000/2/output_2/pdbs/400.pdb,5.035058568405035,5.014209475009797,0.192909114221643,10.049268043414832,0.2159907418268621,37395.05900536717,0.5453249346869723,0.6288216930291637,0.1934114467513506,0.4546750653130278,0.1954703988066797,0.2169677584887503,2
390,0.1193925452559492,/wynton/group/sali/vipul/xray/matthew/multixray/sample_bench/out/277_native_5_t3000/2/output_452/pdbs/378.pdb,4.9820451040049925,5.04222079191823,0.2029592622278456,10.024265895923222,0.2198934100257704,36013.93615474158,0.7418877790279946,0.8806074547440508,0.1955708059333836,0.2581122209720053,0.183583002809071,0.1986530317380466,452
391,0.767778775027904,/wynton/group/sali/vipul/xray/matthew/multixray/sample_bench/out/277_native_5_t3000/2/output_49/pdbs/340.pdb,5.084843307273864,5.006126457913148,0.1930461767058855,10.090969765187012,0.2062303193036199,36431.99561081747,0.0484955099252366,0.2322212249720959,0.1910997838405008,0.9515044900747632,0.205802490230124,0.2245880658571707,49
392,0.0218563700866076,/wynton/group/sali/vipul/xray/matthew/multixray/sample_bench/out/277_native_5_t3000/2/output_509/pdbs/2.pdb,5.224425148473018,5.233161603262386,0.2403258352099906,10.457586751735404,0.2785771832005091,26095.72974067385,0.1681946128976257,0.9781436299133924,0.2418197387411002,0.8318053871023743,0.2403697321777554,0.2740171965627044,509
393,0.4207013593422717,/wynton/group/sali/vipul/xray/matthew/multixray/sample_bench/out/277_native_5_t3000/2/output_339/pdbs/153.pdb,5.051411328478067,5.032745125929738,0.1766205972054233,10.084156454407804,0.2221318154876818,37058.44152072324,0.4147178392790756,0.5792986406577284,0.199283475381726,0.5852821607209244,0.2013931318954334,0.2222848704051406,339
394,0.6300355953063524,/wynton/group/sali/vipul/xray/matthew/multixray/sample_bench/out/277_native_5_t3000/2/output_124/pdbs/333.pdb,5.00828840808448,4.937754589198755,0.181326324071916,9.946042997283236,0.1923317298174863,36982.46710725135,0.4180446772664032,0.3699644046936476,0.1789484407897323,0.5819553227335968,0.1906739835769475,0.2097414387322187,124
395,0.5932623172476522,/wynton/group/sali/vipul/xray/matthew/multixray/sample_bench/out/277_native_5_t3000/2/output_72/pdbs/420.pdb,5.014521352354601,5.023179794116529,0.2055100102339561,10.037701146471129,0.2158308557466072,37880.73775938522,0.6908751285470284,0.4067376827523479,0.1995915388615298,0.3091248714529716,0.1942856515019891,0.2118323390512524,72
396,0.458154630500426,/wynton/group/sali/vipul/xray/matthew/multixray/sample_bench/out/277_native_5_t3000/2/output_978/pdbs/189.pdb,5.034257342188546,5.009432578291976,0.1756956482456446,10.043689920480523,0.2140564983000119,37442.21827450851,0.4488199764480096,0.541845369499574,0.1900882239704578,0.5511800235519905,0.194572179302314,0.2156912173963278,978
397,0.4878287692790234,/wynton/group/sali/vipul/xray/matthew/multixray/sample_bench/out/277_native_5_t3000/2/output_655/pdbs/351.pdb,5.01447049708903,4.98322673974942,0.201834367371151,9.99769723683845,0.2091644564399888,37389.10213285156,0.5902052252102766,0.5121712307209766,0.1871994780650344,0.4097947747897233,0.1927797817812306,0.2083963293615704,655
398,0.578513840862712,/wynton/group/sali/vipul/xray/matthew/multixray/sample_bench/out/277_native_5_t3000/2/output_178/pdbs/469.pdb,5.11409960220419,5.0407068590234525,0.1902574960604073,10.154806461227643,0.2171603856607029,37540.94358533351,0.9583923317821686,0.421486159137288,0.2022046044525387,0.0416076682178314,0.2200620999205813,0.238882464529242,178
399,0.0315473149452955,/wynton/group/sali/vipul/xray/matthew/multixray/sample_bench/out/277_native_5_t3000/2/output_112/pdbs/468.pdb,5.0204150576048985,5.091680790869165,0.1943349276976534,10.112095848474063,0.223992118510333,36050.54082333241,0.7207770536038819,0.9684526850547044,0.2063342383613896,0.279222946396118,0.1889616550098256,0.2172979135774252,112
400,0.6915571204012346,/wynton/group/sali/vipul/xray/matthew/multixray/sample_bench/out/277_native_5_t3000/2/output_265/pdbs/458.pdb,4.987679365429836,4.95625919528063,0.2082681651148321,9.943938560710466,0.2000181290602823,36974.91451859332,0.2658552658776373,0.3084428795987653,0.1825053902733125,0.7341447341223627,0.1855911022181209,0.2008048974774002,265
401,0.5003207759631361,/wynton/group/sali/vipul/xray/matthew/multixray/sample_bench/out/277_native_5_t3000/2/output_12/pdbs/249.pdb,5.017397233887665,4.997418619827791,0.1976633468536718,10.014815853715454,0.2137068375490774,37407.41461399719,0.2576926562217643,0.4996792240368639,0.1898689969440118,0.7423073437782356,0.1979763589500471,0.2165856757465947,12
402,0.5410733534466341,/wynton/group/sali/vipul/xray/matthew/multixray/sample_bench/out/277_native_5_t3000/2/output_237/pdbs/450.pdb,5.003249019305947,5.010451921191738,0.204294978295002,10.013700940497685,0.2223140660559335,37416.514479640646,0.6121798867542392,0.458926646553366,0.1921550368233557,0.3878201132457609,0.1934979090541763,0.2121757759735795,237
403,0.4740619846242619,/wynton/group/sali/vipul/xray/matthew/multixray/sample_bench/out/277_native_5_t3000/2/output_379/pdbs/396.pdb,5.041040434756812,4.987895029382522,0.1669847773058916,10.028935464139334,0.2091532950318407,36744.55499694948,0.626892486310824,0.5259380153757381,0.1882730503617133,0.3731075136891761,0.1956961532627937,0.2280937858819322,379
404,0.7913915093878033,/wynton/group/sali/vipul/xray/matthew/multixray/sample_bench/out/277_native_5_t3000/2/output_799/pdbs/212.pdb,5.098339955837536,5.09529027551547,0.2069174332396732,10.193630231353007,0.246668259282539,37537.68258649063,0.5617750499794574,0.2086084906121965,0.2143383195676633,0.4382249500205427,0.2158661001134307,0.2421611366926688,799
405,0.6089569512721529,/wynton/group/sali/vipul/xray/matthew/multixray/sample_bench/out/277_native_5_t3000/2/output_920/pdbs/374.pdb,5.103343854205104,4.969584826774248,0.1882965016519307,10.072928680979352,0.2066751031641819,36751.74302220338,0.1290473350037242,0.3910430487278472,0.186392906050577,0.8709526649962758,0.2104191342607745,0.2326656804186602,920
406,0.2734995243301148,/wynton/group/sali/vipul/xray/matthew/multixray/sample_bench/out/277_native_5_t3000/2/output_873/pdbs/389.pdb,5.1130527986443655,5.177922918109122,0.2665479255260781,10.290975716753486,0.2603004410771212,38066.77661648586,0.1207110358661444,0.7265004756698852,0.2390005262072433,0.8792889641338556,0.2241313194565465,0.2491179826955513,873
407,0.8428848170076564,/wynton/group/sali/vipul/xray/matthew/multixray/sample_bench/out/277_native_5_t3000/2/output_674/pdbs/358.pdb,4.952941357685933,5.03358312817977,0.2097822038557998,9.986524485865704,0.2190027932963132,36439.633467570624,0.3282853215042333,0.1571151829923435,0.1930302363297472,0.6717146784957668,0.1767485824486301,0.2020036337414769,674
408,0.9626328572252658,/wynton/group/sali/vipul/xray/matthew/multixray/sample_bench/out/277_native_5_t3000/2/output_472/pdbs/453.pdb,5.044587660194931,5.115648032758629,0.2127598453964371,10.16023569295356,0.2511628773206532,36952.96496668093,0.5173587088206895,0.0373671427747342,0.2192591302770833,0.4826412911793105,0.1982018914719859,0.2283289649975773,472
409,0.8416540454206636,/wynton/group/sali/vipul/xray/matthew/multixray/sample_bench/out/277_native_5_t3000/2/output_52/pdbs/327.pdb,4.996502201432035,5.031629665662829,0.1781617062428515,10.028131867094864,0.2276548719365217,37364.541417951325,0.4841539298025535,0.1583459545793364,0.1947603331228598,0.5158460701974464,0.1878892397244952,0.2109482630372354,52
410,0.6154821834044779,/wynton/group/sali/vipul/xray/matthew/multixray/sample_bench/out/277_native_5_t3000/2/output_772/pdbs/169.pdb,5.045935521287652,4.985970798504848,0.1998594760160902,10.031906319792501,0.203307122540878,36924.22734317696,0.1193259048783655,0.3845178165955221,0.1884895815249538,0.8806740951216344,0.1993870747095042,0.2190585309092917,772
411,0.5137600640040403,/wynton/group/sali/vipul/xray/matthew/multixray/sample_bench/out/277_native_5_t3000/2/output_519/pdbs/425.pdb,5.029179680744092,5.013293084657716,0.197527901961505,10.042472765401808,0.2186706321098565,37553.618033005565,0.3198271607665235,0.4862399359959596,0.1941166065419679,0.6801728392334765,0.1956542234101793,0.2189178637681976,519
412,0.2130459225241735,/wynton/group/sali/vipul/xray/matthew/multixray/sample_bench/out/277_native_5_t3000/2/output_380/pdbs/229.pdb,5.17045270384837,5.162006698181552,0.2178592348452929,10.332459402029922,0.2548925053689737,38495.21123248281,0.1844178481988057,0.7869540774758265,0.2374811052094265,0.8155821518011943,0.2399955370531958,0.258255899666345,380
413,0.1580306148589194,/wynton/group/sali/vipul/xray/matthew/multixray/sample_bench/out/277_native_5_t3000/2/output_749/pdbs/448.pdb,5.086958200689915,4.9272047394481,0.2130927368873378,10.014162940138014,0.1903570971055573,36492.99605913772,0.9663806892782684,0.8419693851410806,0.1703758057594639,0.0336193107217316,0.2009567775716368,0.2206211685381656,749
414,0.5242449808891528,/wynton/group/sali/vipul/xray/matthew/multixray/sample_bench/out/277_native_5_t3000/2/output_614/pdbs/449.pdb,5.045428799362706,5.019659055357444,0.1660337613402776,10.06508785472015,0.2201760380904014,37441.75980615791,0.6563141939894327,0.4757550191108471,0.1950095679695839,0.3436858060105673,0.1990085282794045,0.2307215915710342,614
415,0.2145785379047496,/wynton/group/sali/vipul/xray/matthew/multixray/sample_bench/out/277_native_5_t3000/2/output_131/pdbs/294.pdb,5.104513245594274,4.962214440392176,0.1914712882977158,10.06672768598645,0.2097514751253176,36285.20180785443,0.8473373320558005,0.7854214620952503,0.1826545580291783,0.1526626679441994,0.206650160008413,0.2327232983314315,131
416,0.5797506777216557,/wynton/group/sali/vipul/xray/matthew/multixray/sample_bench/out/277_native_5_t3000/2/output_161/pdbs/463.pdb,5.025561061744161,4.940714554926516,0.1806855746681246,9.966275616670677,0.19519961752217,37438.59011403203,0.1307270003162773,0.4202493222783444,0.1779379544002347,0.8692729996837226,0.1925198162186754,0.2084559035441961,161
417,0.587070123620954,/wynton/group/sali/vipul/xray/matthew/multixray/sample_bench/out/277_native_5_t3000/2/output_554/pdbs/324.pdb,5.02499004957493,4.999554248461991,0.1705466338310279,10.024544298036922,0.217085788161166,37685.7491706744,0.3872377422744225,0.412929876379046,0.191844264720057,0.6127622577255775,0.1966896944510504,0.2126137747600326,554
418,0.0597186958196028,/wynton/group/sali/vipul/xray/matthew/multixray/sample_bench/out/277_native_5_t3000/2/output_949/pdbs/399.pdb,4.984708921094165,5.112054954577871,0.2048688747706053,10.096763875672035,0.2347779873485519,36452.91394987967,0.8039706895373322,0.9402813041803972,0.2113517507885352,0.1960293104626677,0.186574182166741,0.2010065966744769,949
419,0.7901823734304475,/wynton/group/sali/vipul/xray/matthew/multixray/sample_bench/out/277_native_5_t3000/2/output_687/pdbs/416.pdb,5.0190605533391786,4.945297733785498,0.1867367288348781,9.964358287124677,0.1975796221531669,36778.65359789449,0.1113575571578351,0.2098176265695525,0.1756890906008513,0.8886424428421649,0.188131519706668,0.2117449382279954,687
420,0.7861346617694498,/wynton/group/sali/vipul/xray/matthew/multixray/sample_bench/out/277_native_5_t3000/2/output_223/pdbs/334.pdb,5.164667383010427,5.159334569198551,0.3221627111234177,10.324001952208977,0.2682534507674088,38439.40188926183,0.8001868919989245,0.2138653382305502,0.2369026527266196,0.1998131080010755,0.2399009842837416,0.2605888512348984,223
421,0.6137243738810642,/wynton/group/sali/vipul/xray/matthew/multixray/sample_bench/out/277_native_5_t3000/2/output_707/pdbs/350.pdb,5.092494445556046,5.08829294648084,0.1861311337737752,10.180787392036887,0.2386431261695156,37783.96501520386,0.8455233542266667,0.3862756261189358,0.2144876222285243,0.1544766457733333,0.2168614627228213,0.2445905568332149,707
422,0.4588826389660491,/wynton/group/sali/vipul/xray/matthew/multixray/sample_bench/out/277_native_5_t3000/2/output_929/pdbs/415.pdb,5.004913640565565,5.013955849112113,0.2172874788536091,10.018869489677678,0.2219362523669582,37063.31473619551,0.5238996396395567,0.541117361033951,0.1918579958899639,0.4761003603604433,0.1903646976763074,0.2131531197483973,929
423,0.5437174929396574,/wynton/group/sali/vipul/xray/matthew/multixray/sample_bench/out/277_native_5_t3000/2/output_322/pdbs/355.pdb,5.03953303411493,5.009550516113325,0.1851911406905571,10.049083550228255,0.2137938802239808,37199.80700065603,0.682316250584841,0.4562825070603426,0.1931055641234227,0.317683749415159,0.1988651075633408,0.2195031809658272,322
424,0.6571033448065077,/wynton/group/sali/vipul/xray/matthew/multixray/sample_bench/out/277_native_5_t3000/2/output_962/pdbs/422.pdb,5.051414464059048,5.047702746110223,0.1895071608356846,10.099117210169272,0.2306541464179744,36977.7658581667,0.5607566765887624,0.3428966551934923,0.202683815939245,0.4392433234112377,0.2017283259615622,0.2235886062186612,962
425,0.3535090385228379,/wynton/group/sali/vipul/xray/matthew/multixray/sample_bench/out/277_native_5_t3000/2/output_587/pdbs/350.pdb,4.994407700521225,4.97892419895054,0.2222729464196846,9.973331899471765,0.2032003678523646,36779.74893101019,0.6656789438880413,0.646490961477162,0.1837058838103104,0.3343210561119587,0.1864356795028453,0.209282339693799,587
426,0.1786704461953959,/wynton/group/sali/vipul/xray/matthew/multixray/sample_bench/out/277_native_5_t3000/2/output_578/pdbs/305.pdb,4.988906414562177,4.986309009538328,0.1946402981615426,9.975215424100504,0.207441902146374,36806.00826345555,0.598535477606582,0.8213295538046042,0.1873165467593116,0.401464522393418,0.1852987372071024,0.2075381414371123,578
427,0.3667418530344996,/wynton/group/sali/vipul/xray/matthew/multixray/sample_bench/out/277_native_5_t3000/2/output_833/pdbs/375.pdb,5.036643644650016,4.989105158085095,0.2027846975667516,10.02574880273511,0.2074614568677271,37577.56145482247,0.4356623446261756,0.6332581469655004,0.190951803720202,0.5643376553738244,0.1960707739399844,0.2182190351092496,833
428,0.6823455116908553,/wynton/group/sali/vipul/xray/matthew/multixray/sample_bench/out/277_native_5_t3000/2/output_629/pdbs/437.pdb,5.098808640777354,4.9512931514591525,0.1944955343534986,10.050101792236507,0.2057022589959798,36145.707295585205,0.0466293632099443,0.3176544883091447,0.1772902742771049,0.9533706367900556,0.2066190151094906,0.2314686958841965,629
429,0.2937575959222551,/wynton/group/sali/vipul/xray/matthew/multixray/sample_bench/out/277_native_5_t3000/2/output_399/pdbs/378.pdb,4.992720803061839,5.02236738083747,0.1949236333970498,10.015088183899309,0.2217069158004338,37025.4389000455,0.529435428171261,0.706242404077745,0.1957628369661238,0.4705645718287389,0.1895470372502364,0.2103327010706384,399
430,0.5660206106307876,/wynton/group/sali/vipul/xray/matthew/multixray/sample_bench/out/277_native_5_t3000/2/output_394/pdbs/462.pdb,5.04804903458593,5.002804579006087,0.1927092419736116,10.050853613592018,0.2256490067724516,37863.5803124385,0.5128587774114176,0.4339793893692124,0.1909359127807631,0.4871412225885824,0.2004927178242052,0.2218764564350268,394
431,0.7493866519703674,/wynton/group/sali/vipul/xray/matthew/multixray/sample_bench/out/277_native_5_t3000/2/output_241/pdbs/361.pdb,4.992521558111697,4.975523158327758,0.172913213771658,9.968044716439454,0.2046024269640399,36365.57075246612,0.3064275331185873,0.2506133480296326,0.1843569768102545,0.6935724668814127,0.1873934590261339,0.19986014141766,241
432,0.5775581075253033,/wynton/group/sali/vipul/xray/matthew/multixray/sample_bench/out/277_native_5_t3000/2/output_244/pdbs/472.pdb,5.130013980148847,5.016806404396306,0.1751575770803426,10.146820384545153,0.2104959601883723,36770.9606625771,0.9439453885661848,0.4224418924746966,0.1983034685067982,0.0560546114338153,0.222832588592395,0.2484396909003953,244
433,0.306857683839605,/wynton/group/sali/vipul/xray/matthew/multixray/sample_bench/out/277_native_5_t3000/2/output_170/pdbs/230.pdb,5.172069695339407,5.145116794128224,0.232917744958363,10.31718648946763,0.2564316990887329,37836.35681194776,0.0309021532294889,0.693142316160395,0.2253270924918778,0.969097846770511,0.2380811288200035,0.2553961964396535,170
434,0.8891987296146123,/wynton/group/sali/vipul/xray/matthew/multixray/sample_bench/out/277_native_5_t3000/2/output_24/pdbs/458.pdb,5.011450237703947,5.100869365752163,0.2157675865572468,10.112319603456111,0.245487137075775,36969.03328716271,0.5087381235207817,0.1108012703853876,0.2133157295144883,0.4912618764792182,0.1932763997056023,0.2129095424230608,24
435,0.7293948039133079,/wynton/group/sali/vipul/xray/matthew/multixray/sample_bench/out/277_native_5_t3000/2/output_303/pdbs/224.pdb,5.045081836889606,5.018221183918353,0.1746984891328665,10.06330302080796,0.2157420239563895,37292.09531100254,0.5071786122368716,0.270605196086692,0.1955537750671591,0.4928213877631284,0.2008989132777162,0.2128978794814396,303
436,0.425723801123281,/wynton/group/sali/vipul/xray/matthew/multixray/sample_bench/out/277_native_5_t3000/2/output_762/pdbs/264.pdb,5.037358927572656,4.944341380821346,0.167945058527622,9.981700308394002,0.1966385505238526,37247.1063217202,0.7701643007361412,0.574276198876719,0.1788989379614099,0.2298356992638588,0.1951246645345334,0.210144063422022,762
437,0.5627426548894116,/wynton/group/sali/vipul/xray/matthew/multixray/sample_bench/out/277_native_5_t3000/2/output_350/pdbs/434.pdb,5.01248703268535,4.9718572197360285,0.1627266600358893,9.984344252421378,0.2010826587853015,37064.09158113774,0.2471916723989038,0.4372573451105885,0.1838615466002822,0.7528083276010963,0.1941907255296447,0.2107158675878283,350
438,0.9347253219971914,/wynton/group/sali/vipul/xray/matthew/multixray/sample_bench/out/277_native_5_t3000/2/output_121/pdbs/484.pdb,4.948738181192589,5.113463580252453,0.1988352385089914,10.062201761445042,0.2382374155519442,36598.6890301852,0.3220534945273959,0.0652746780028086,0.20915218908496,0.6779465054726042,0.1764561847112849,0.1949082127738423,121
439,0.3151800144090422,/wynton/group/sali/vipul/xray/matthew/multixray/sample_bench/out/277_native_5_t3000/2/output_837/pdbs/237.pdb,5.102388616793709,5.100778838570148,0.2283849677918411,10.203167455363857,0.2354119470748449,37570.46298705113,0.288678606551174,0.6848199855909578,0.219983665330316,0.711321393448826,0.2215704910833992,0.2289819219058428,837
440,0.2937894724268247,/wynton/group/sali/vipul/xray/matthew/multixray/sample_bench/out/277_native_5_t3000/2/output_225/pdbs/463.pdb,5.031500890132156,4.988131331597793,0.2169160409596157,10.01963222172995,0.2215530938938975,37773.29670672361,0.4809787203085113,0.7062105275731753,0.1885109911821441,0.5190212796914887,0.197453072415222,0.2178512635509183,225
441,0.3722772594506433,/wynton/group/sali/vipul/xray/matthew/multixray/sample_bench/out/277_native_5_t3000/2/output_429/pdbs/416.pdb,5.033068739432896,5.032645995543906,0.2078509202052829,10.065714734976801,0.2265530345783463,37521.84721071274,0.2905424161303186,0.6277227405493566,0.1965250014977907,0.7094575838696813,0.2009272416833698,0.2284452381328516,429
442,0.3560676179777415,/wynton/group/sali/vipul/xray/matthew/multixray/sample_bench/out/277_native_5_t3000/2/output_229/pdbs/415.pdb,5.073744556487105,5.055946281337649,0.203384899045257,10.129690837824754,0.2216142753291118,38159.39749518958,0.2774532909503802,0.6439323820222584,0.2060474015512524,0.7225467090496199,0.2119089981354256,0.2238260501640653,229
443,0.3143662545581706,/wynton/group/sali/vipul/xray/matthew/multixray/sample_bench/out/277_native_5_t3000/2/output_118/pdbs/418.pdb,5.032089513733163,4.991446288163785,0.2179694816529717,10.023535801896948,0.2073574332875811,37252.19292611554,0.4924662890647007,0.6856337454418294,0.1928762700038719,0.5075337109352993,0.1972127671151507,0.2157175291245497,118
444,0.6463328999869061,/wynton/group/sali/vipul/xray/matthew/multixray/sample_bench/out/277_native_5_t3000/2/output_948/pdbs/381.pdb,4.972029080649284,4.942384661126497,0.1749200415091406,9.914413741775782,0.1980818323746414,36965.42877647485,0.3737534421671063,0.3536671000130938,0.1778484287835857,0.6262465578328937,0.1817750657115807,0.2084229205081062,948
445,0.210715997865881,/wynton/group/sali/vipul/xray/matthew/multixray/sample_bench/out/277_native_5_t3000/2/output_334/pdbs/362.pdb,5.07320858774492,4.97546107273384,0.1996425825773514,10.04866966047876,0.2050835446861734,36146.15712026968,0.8920458215037245,0.7892840021341189,0.1834067189976081,0.1079541784962755,0.1997417502634655,0.2239586524993136,334
446,0.3686847692704011,/wynton/group/sali/vipul/xray/matthew/multixray/sample_bench/out/277_native_5_t3000/2/output_37/pdbs/452.pdb,5.027380098211213,4.954046414171325,0.2444083419329615,9.981426512382537,0.2021610118985154,37594.55497992146,0.5396457606932996,0.6313152307295988,0.182192316625564,0.4603542393067004,0.193810128768856,0.2220466825335547,37
447,0.7080393065779674,/wynton/group/sali/vipul/xray/matthew/multixray/sample_bench/out/277_native_5_t3000/2/output_566/pdbs/348.pdb,4.9969879668297335,5.004259306527192,0.1856353900833509,10.001247273356926,0.2183102018888913,36910.54859346382,0.2161818519923682,0.2919606934220325,0.1891937690078992,0.7838181480076317,0.1883130073743954,0.2065322837359498,566
448,0.7083381178967785,/wynton/group/sali/vipul/xray/matthew/multixray/sample_bench/out/277_native_5_t3000/2/output_661/pdbs/423.pdb,5.096519874028989,4.962622933587886,0.2016847938839697,10.059142807616876,0.1915440762327677,35778.86854905809,0.0545034990916599,0.2916618821032215,0.182289265348559,0.94549650090834,0.209585382668628,0.2272165283000317,661
449,0.96244836487034,/wynton/group/sali/vipul/xray/matthew/multixray/sample_bench/out/277_native_5_t3000/2/output_512/pdbs/334.pdb,5.083626707807069,5.108307713015067,0.215166389066167,10.191934420822136,0.2384153265453774,36909.78942649986,0.5672493173878022,0.0375516351296599,0.2197921922140703,0.4327506826121978,0.2104979026997876,0.2333557178133014,512
450,0.5255988701866626,/wynton/group/sali/vipul/xray/matthew/multixray/sample_bench/out/277_native_5_t3000/2/output_19/pdbs/258.pdb,4.99541401877516,5.018287178436092,0.1860270526732223,10.013701197211251,0.2158593255131708,36981.70380715127,0.6795243565916125,0.4744011298133373,0.1982237658239526,0.3204756434083876,0.1923195951534308,0.2083125188631971,19
451,0.7822170542405845,/wynton/group/sali/vipul/xray/matthew/multixray/sample_bench/out/277_native_5_t3000/2/output_685/pdbs/355.pdb,5.085176348361029,5.0335439866907175,0.2135987781878407,10.118720335051746,0.2221371152400141,37613.70615544477,0.1924214415680683,0.2177829457594154,0.19854589480503,0.8075785584319316,0.2087938223144015,0.2309821117387011,685
452,0.9037749499836534,/wynton/group/sali/vipul/xray/matthew/multixray/sample_bench/out/277_native_5_t3000/2/output_268/pdbs/353.pdb,4.991272609828478,5.054487019179095,0.2401461603519901,10.045759629007573,0.2240216653603072,37499.34203360324,0.4100852735597693,0.0962250500163467,0.2025661095269849,0.5899147264402308,0.1884163049042831,0.2065820301012572,268
453,0.4198081830982793,/wynton/group/sali/vipul/xray/matthew/multixray/sample_bench/out/277_native_5_t3000/2/output_125/pdbs/464.pdb,5.049508787952923,4.990179936340108,0.2425672072689333,10.03968872429303,0.2170267031175602,38060.69593523955,0.4829876173375178,0.5801918169017207,0.1888000957901778,0.5170123826624822,0.2003996621868144,0.2258309932234576,125
454,0.4565592589477898,/wynton/group/sali/vipul/xray/matthew/multixray/sample_bench/out/277_native_5_t3000/2/output_102/pdbs/463.pdb,4.993139439543883,5.019859648422358,0.1698397558409902,10.012999087966241,0.2214791569662077,37441.88514229234,0.6471615189819804,0.5434407410522102,0.1936981468911854,0.3528384810180196,0.1906301144832768,0.2082249606579114,102
455,0.8621569316965785,/wynton/group/sali/vipul/xray/matthew/multixray/sample_bench/out/277_native_5_t3000/2/output_516/pdbs/381.pdb,5.070275289077844,5.093005791074765,0.2712024675481589,10.163281080152608,0.243910500669154,37545.70448379586,0.5576682717579028,0.1378430683034215,0.2168631724981209,0.4423317282420972,0.2068181182203155,0.2336326671200727,516
456,0.2825525965926178,/wynton/group/sali/vipul/xray/matthew/multixray/sample_bench/out/277_native_5_t3000/2/output_779/pdbs/342.pdb,5.014156717659633,4.92034946708485,0.1998289181458734,9.934506184744482,0.1944993281386875,36555.19224746004,0.7891590150439656,0.7174474034073822,0.172598466045806,0.2108409849560344,0.1892335933604375,0.2098884445743632,779
457,0.1480184992003655,/wynton/group/sali/vipul/xray/matthew/multixray/sample_bench/out/277_native_5_t3000/2/output_463/pdbs/397.pdb,4.992659997849757,5.045659874782319,0.2114355486664745,10.038319872632076,0.2263002048569867,36248.475841722575,0.7718293977507371,0.8519815007996345,0.1996207083300948,0.2281706022492628,0.1840917929147694,0.2027616447584773,463
458,0.085201887410158,/wynton/group/sali/vipul/xray/matthew/multixray/sample_bench/out/277_native_5_t3000/2/output_120/pdbs/411.pdb,5.005344132287712,5.101532601713759,0.1977619329880617,10.106876734001471,0.2356441713141667,37240.792856783046,0.586481148213788,0.914798112589842,0.2122197373200894,0.4135188517862119,0.1907796897427224,0.2077253087759645,120
459,0.6823429341910631,/wynton/group/sali/vipul/xray/matthew/multixray/sample_bench/out/277_native_5_t3000/2/output_100/pdbs/196.pdb,5.005165311213422,4.979340466227114,0.1865459342891635,9.984505777440535,0.2115572006167525,37266.97028528885,0.3319605067852281,0.3176570658089369,0.1860825469993603,0.668039493214772,0.1896144800716784,0.2133918188309803,100
460,0.7912878183351023,/wynton/group/sali/vipul/xray/matthew/multixray/sample_bench/out/277_native_5_t3000/2/output_696/pdbs/457.pdb,5.035929581628152,5.058676254259074,0.1696812696527459,10.094605835887226,0.2318487216183409,37176.34950617272,0.4359109691177942,0.2087121816648977,0.2021857317341154,0.5640890308822057,0.198679237398896,0.2191449457635463,696
461,0.1941102093902108,/wynton/group/sali/vipul/xray/matthew/multixray/sample_bench/out/277_native_5_t3000/2/output_69/pdbs/477.pdb,5.031270680448594,5.04068544934852,0.1899844326094165,10.071956129797114,0.2246425249665084,36864.30856836568,0.4725805198898245,0.8058897906097892,0.2001490732699772,0.5274194801101755,0.1975903639508686,0.212430964929592,69
462,0.0763612342497827,/wynton/group/sali/vipul/xray/matthew/multixray/sample_bench/out/277_native_5_t3000/2/output_628/pdbs/2.pdb,5.245788758893084,5.219556983257746,0.233312508073013,10.46534574215083,0.2729387095950301,25473.570705549213,0.1434337189164971,0.9236387657502172,0.2370450818592552,0.856566281083503,0.2430795482738042,0.2789610231820162,628
463,0.2218401298008356,/wynton/group/sali/vipul/xray/matthew/multixray/sample_bench/out/277_native_5_t3000/2/output_708/pdbs/253.pdb,5.141012249765589,5.22313655435499,0.264562863771127,10.364148804120578,0.2825419851329522,38823.147832150265,0.1045779332934951,0.7781598701991642,0.2551599380514217,0.8954220667065048,0.2368346396218601,0.2640098813116683,708
464,0.658353752943645,/wynton/group/sali/vipul/xray/matthew/multixray/sample_bench/out/277_native_5_t3000/2/output_274/pdbs/251.pdb,5.058865031814549,5.074133712781174,0.2009654852601206,10.132998744595724,0.2273164223200997,37230.422299017766,0.6469808716627327,0.341646247056355,0.2092541885378278,0.3530191283372674,0.2049123898026635,0.2227579642596374,274
465,0.5306107767135799,/wynton/group/sali/vipul/xray/matthew/multixray/sample_bench/out/277_native_5_t3000/2/output_331/pdbs/152.pdb,5.072652186125717,5.027692979762255,0.1955762017526171,10.100345165887973,0.2220085565869318,37299.21820095592,0.3863175768101845,0.46938922328642,0.1972018415031521,0.6136824231898155,0.2071111351103168,0.2305192038352098,331
466,0.4545847570445175,/wynton/group/sali/vipul/xray/matthew/multixray/sample_bench/out/277_native_5_t3000/2/output_17/pdbs/439.pdb,5.047232364915415,5.086550598315651,0.1986069727045913,10.133782963231067,0.2420840630499468,37526.532397472925,0.1912795111763965,0.5454152429554825,0.2098006634221041,0.8087204888236035,0.2042813894227959,0.2345279055654524,17
467,0.512400085627201,/wynton/group/sali/vipul/xray/matthew/multixray/sample_bench/out/277_native_5_t3000/2/output_55/pdbs/387.pdb,5.0241763530122086,5.014231528688202,0.1668291391459965,10.038407881700412,0.211360964470889,37330.44568864122,0.2674366638925933,0.4875999143727991,0.1971348910577115,0.7325633361074068,0.1979532143828024,0.2112686637752275,55
468,0.564373569503713,/wynton/group/sali/vipul/xray/matthew/multixray/sample_bench/out/277_native_5_t3000/2/output_945/pdbs/328.pdb,5.030449710814352,5.027944631128906,0.2142827076189655,10.05839434194326,0.2227985820950025,37815.49977251015,0.4675927146466219,0.435626430496287,0.1963721344783588,0.5324072853533781,0.1943074931452382,0.2197988639142487,945
469,0.3295045229009676,/wynton/group/sali/vipul/xray/matthew/multixray/sample_bench/out/277_native_5_t3000/2/output_503/pdbs/424.pdb,4.9793819842668725,4.993532558845083,0.2050249764775249,9.972914543111955,0.2020103822897576,37022.16673094696,0.7140760590998276,0.6704954770990323,0.1894515553706588,0.2859239409001725,0.1850100115575128,0.2037900961950008,503
470,0.5475774713121144,/wynton/group/sali/vipul/xray/matthew/multixray/sample_bench/out/277_native_5_t3000/2/output_870/pdbs/457.pdb,5.026478993132357,5.030625214621474,0.1968438329804375,10.05710420775383,0.217574692056726,37833.44875608564,0.5601151754498048,0.4524225286878856,0.1985716037724322,0.4398848245501951,0.1968306669594408,0.2170904780275097,870
471,0.5268225113406901,/wynton/group/sali/vipul/xray/matthew/multixray/sample_bench/out/277_native_5_t3000/2/output_423/pdbs/283.pdb,5.048531656412773,5.025157652596912,0.1639535123293669,10.073689309009684,0.2178881409578346,37437.90591221386,0.6502083985739302,0.4731774886593098,0.1971124513760398,0.3497916014260698,0.2012263920696014,0.226565338581317,423
472,0.7588937188828209,/wynton/group/sali/vipul/xray/matthew/multixray/sample_bench/out/277_native_5_t3000/2/output_877/pdbs/490.pdb,5.196790836437224,5.252502433257295,0.3220593706836856,10.449293269694518,0.302276576244277,38093.68507254251,0.9791384115567028,0.2411062811171792,0.2652876176451592,0.020861588443297,0.2545544958515988,0.2782906145992956,877
473,0.5867842737009686,/wynton/group/sali/vipul/xray/matthew/multixray/sample_bench/out/277_native_5_t3000/2/output_973/pdbs/327.pdb,5.001620774645311,4.995521792945026,0.2125163764519696,9.997142567590338,0.2095876056939351,37382.24299239157,0.4978745708177104,0.4132157262990313,0.1890822752479561,0.5021254291822895,0.1906094602819499,0.2067470430642788,973
474,0.5233540808217264,/wynton/group/sali/vipul/xray/matthew/multixray/sample_bench/out/277_native_5_t3000/2/output_576/pdbs/276.pdb,5.129230648566622,5.005301199795241,0.1900818328029326,10.134531848361863,0.2156051584225251,37196.62110322613,0.9057200405804472,0.4766459191782737,0.1964132767848388,0.0942799594195529,0.222013762477169,0.242993197906718,576
475,0.4544493942098618,/wynton/group/sali/vipul/xray/matthew/multixray/sample_bench/out/277_native_5_t3000/2/output_407/pdbs/207.pdb,5.046442182859888,5.016578114518702,0.2105387248621627,10.06302029737859,0.2242756517192167,38083.3454085871,0.4492168890050732,0.5455506057901381,0.1938186431041043,0.5507831109949267,0.2013132986718744,0.2201042708675845,407
476,0.242615173139238,/wynton/group/sali/vipul/xray/matthew/multixray/sample_bench/out/277_native_5_t3000/2/output_460/pdbs/446.pdb,5.000376517377111,4.9771837742994895,0.1946109416232215,9.9775602916766,0.210626291120994,36880.05310048602,0.6469235304726283,0.7573848268607619,0.1852902468320968,0.3530764695273717,0.1877347868816346,0.2213663196058153,460
477,0.5713503373976437,/wynton/group/sali/vipul/xray/matthew/multixray/sample_bench/out/277_native_5_t3000/2/output_604/pdbs/387.pdb,5.081368341073013,5.021898303043878,0.194605519273712,10.103266644116891,0.2189608366333922,37586.866017338616,0.8708891033853147,0.4286496626023562,0.1963240447402901,0.1291108966146853,0.2101913937112441,0.2286746292651229,604
478,0.9719680211242864,/wynton/group/sali/vipul/xray/matthew/multixray/sample_bench/out/277_native_5_t3000/2/output_352/pdbs/289.pdb,5.250913002773205,5.201369155349735,0.3367984244129549,10.45228215812294,0.2877431186718723,38354.526987004,0.7841137560850727,0.0280319788757134,0.2530211237750059,0.2158862439149273,0.2620366886889472,0.2972430990760734,352
479,0.2647973591084896,/wynton/group/sali/vipul/xray/matthew/multixray/sample_bench/out/277_native_5_t3000/2/output_495/pdbs/435.pdb,5.147120092819172,5.210416870583771,0.244989342793629,10.357536963402943,0.2773067120681923,38087.67214345425,0.122720642222307,0.7352026408915103,0.2491527855608759,0.877279357777693,0.2382281264806657,0.2578266192324553,495
480,0.8041028661796126,/wynton/group/sali/vipul/xray/matthew/multixray/sample_bench/out/277_native_5_t3000/2/output_398/pdbs/389.pdb,4.964553281174297,4.979185882273942,0.1877307838438529,9.943739163448239,0.2049651884010325,36769.87901578949,0.3663976471078625,0.1958971338203874,0.1851335620916556,0.6336023528921375,0.179674832707498,0.2092714953038388,398
481,0.0436624417453936,/wynton/group/sali/vipul/xray/matthew/multixray/sample_bench/out/277_native_5_t3000/2/output_288/pdbs/241.pdb,4.974498906156307,5.155693131712011,0.2072805293050223,10.13019203786832,0.2522388742653519,36612.09556602367,0.5835934558285152,0.9563375582546064,0.2257300332513599,0.4164065441714848,0.1849605857310506,0.2041837618001448,288
482,0.2608700437106098,/wynton/group/sali/vipul/xray/matthew/multixray/sample_bench/out/277_native_5_t3000/2/output_541/pdbs/286.pdb,5.0596756728422125,5.004755795854471,0.2069739389542768,10.064431468696682,0.2104429055614822,36757.73259724424,0.8519280827018074,0.7391299562893903,0.1905744266162189,0.1480719172981925,0.2000535995802978,0.2233869496131794,541
483,0.4388703212198658,/wynton/group/sali/vipul/xray/matthew/multixray/sample_bench/out/277_native_5_t3000/2/output_872/pdbs/369.pdb,5.051983079232719,5.0231914240001245,0.2057512221586138,10.075174503232844,0.2216007252752185,37362.22059133244,0.4558662863545887,0.5611296787801342,0.1959706258923436,0.5441337136454113,0.2030125253484203,0.2241356730994189,872
484,0.2656439333289443,/wynton/group/sali/vipul/xray/matthew/multixray/sample_bench/out/277_native_5_t3000/2/output_941/pdbs/345.pdb,5.101268331483469,5.139030392805582,0.2071084363791902,10.240298724289051,0.2460105185652229,38796.94679650325,0.2623273032493379,0.7343560666710556,0.2302079866814854,0.737672696750662,0.2198529676783166,0.2259499089164461,941
485,0.6210286391087727,/wynton/group/sali/vipul/xray/matthew/multixray/sample_bench/out/277_native_5_t3000/2/output_979/pdbs/453.pdb,5.003328679906407,4.950022167405393,0.151811618629823,9.9533508473118,0.2063671037718014,36965.732826354426,0.408039040579391,0.3789713608912273,0.1797964429259482,0.591960959420609,0.1874049860139178,0.2155825651432932,979
486,0.6323828345725528,/wynton/group/sali/vipul/xray/matthew/multixray/sample_bench/out/277_native_5_t3000/2/output_881/pdbs/294.pdb,5.082143179841449,5.064435554428449,0.1776502701283389,10.146578734269898,0.231484211567655,38111.84261963868,0.6790900052557955,0.3676171654274471,0.2083599907701094,0.3209099947442044,0.2125755451365118,0.231410767638598,881
487,0.4267507435394189,/wynton/group/sali/vipul/xray/matthew/multixray/sample_bench/out/277_native_5_t3000/2/output_242/pdbs/490.pdb,5.013176120394819,5.034256634307597,0.1703261740764466,10.047432754702417,0.2284328648729634,37583.98948174768,0.1793580216265434,0.5732492564605811,0.1989068985370947,0.8206419783734565,0.1968499775664146,0.21283565929723,242
488,0.1561707235576513,/wynton/group/sali/vipul/xray/matthew/multixray/sample_bench/out/277_native_5_t3000/2/output_285/pdbs/495.pdb,5.007104588755231,5.025001321337504,0.1928209500291401,10.032105910092735,0.2242395546381922,36849.51532813978,0.6658319505792998,0.8438292764423486,0.1953900094143251,0.3341680494207003,0.1890767213738551,0.2124891053948421,285
489,0.7860034374538668,/wynton/group/sali/vipul/xray/matthew/multixray/sample_bench/out/277_native_5_t3000/2/output_221/pdbs/337.pdb,5.090919290768066,4.952418730427653,0.1905494630152454,10.04333802119572,0.2011870506507317,36528.00549555512,0.1433675224744254,0.2139965625461331,0.1817130677169331,0.8566324775255745,0.2047719890874839,0.2234450522542329,221
490,0.8551618860230272,/wynton/group/sali/vipul/xray/matthew/multixray/sample_bench/out/277_native_5_t3000/2/output_545/pdbs/402.pdb,5.150796307691476,5.112641969626905,0.235046065078286,10.26343827731838,0.2315950018673283,37726.84668563446,0.680893909096284,0.1448381139769728,0.224812122487741,0.3191060909037159,0.2287856555002066,0.2428540880635159,545
491,0.2063289616203346,/wynton/group/sali/vipul/xray/matthew/multixray/sample_bench/out/277_native_5_t3000/2/output_395/pdbs/407.pdb,5.025350980535982,4.963993614704882,0.2134724924890496,9.989344595240864,0.203131656968414,37179.5924931441,0.5712430891651993,0.7936710383796655,0.1846019079154535,0.4287569108348006,0.193638402355401,0.2125360508951435,395
492,0.7012086604936459,/wynton/group/sali/vipul/xray/matthew/multixray/sample_bench/out/277_native_5_t3000/2/output_667/pdbs/410.pdb,4.965320034564386,4.955555006190927,0.1931067593525955,9.920875040755313,0.1985887597036087,36726.13999493876,0.3711009278510074,0.298791339506354,0.1783502801747316,0.6288990721489925,0.1807805382530433,0.1938537225277758,667
493,0.728702497120956,/wynton/group/sali/vipul/xray/matthew/multixray/sample_bench/out/277_native_5_t3000/2/output_269/pdbs/315.pdb,4.9857877603044765,4.990124675362418,0.248998682103242,9.975912435666896,0.2080956582919094,37349.4840657486,0.3675487544377447,0.271297502879044,0.1888473103376283,0.6324512455622553,0.1888844608880386,0.2044119043273175,269
494,0.7084812332638873,/wynton/group/sali/vipul/xray/matthew/multixray/sample_bench/out/277_native_5_t3000/2/output_281/pdbs/382.pdb,5.025470850270706,4.900078633794999,0.2070291258569534,9.925549484065705,0.1925615655090967,36996.78884825858,0.4202644248335158,0.2915187667361126,0.173000178082272,0.5797355751664841,0.1950093644101155,0.2133799674255344,281
495,0.8041964555029806,/wynton/group/sali/vipul/xray/matthew/multixray/sample_bench/out/277_native_5_t3000/2/output_739/pdbs/315.pdb,5.199181875156373,5.267249324836903,0.3835452320825298,10.466431199993277,0.3076710682144055,38422.25121701504,0.9696990875305802,0.1958035444970192,0.2695994747314367,0.0303009124694198,0.2566882871047933,0.282857643970564,739
496,0.5810384909511843,/wynton/group/sali/vipul/xray/matthew/multixray/sample_bench/out/277_native_5_t3000/2/output_62/pdbs/324.pdb,5.054738501660561,4.959416690667823,0.2213243208390612,10.014155192328385,0.2011948483911167,36886.189330246125,0.1369849641078216,0.4189615090488156,0.1827360198373723,0.8630150358921783,0.2013908140090454,0.2194578474906306,62
497,0.5389599128925329,/wynton/group/sali/vipul/xray/matthew/multixray/sample_bench/out/277_native_5_t3000/2/output_129/pdbs/410.pdb,5.030435838411446,5.022596325557704,0.1862246561597925,10.05303216396915,0.207447466760076,37421.00970146465,0.5552047861676438,0.4610400871074671,0.1952092647630366,0.4447952138323561,0.1953251563409074,0.2112594516892583,129
498,0.7392183419898563,/wynton/group/sali/vipul/xray/matthew/multixray/sample_bench/out/277_native_5_t3000/2/output_904/pdbs/263.pdb,5.10182295365865,5.118924874451758,0.2220727963430747,10.220747828110408,0.2504535308110939,37795.17105729081,0.7088731531902924,0.2607816580101437,0.2208785028096047,0.2911268468097076,0.2166633505248698,0.240577957457818,904
499,0.7564051898151578,/wynton/group/sali/vipul/xray/matthew/multixray/sample_bench/out/277_native_5_t3000/2/output_520/pdbs/474.pdb,4.99822985535086,5.005972570201235,0.186898159332237,10.004202425552094,0.2072627505769781,37104.42207225357,0.4176550587288856,0.2435948101848421,0.1948443718257332,0.5823449412711144,0.1911175839121646,0.2057023565678337,520
500,0.3738590012419956,/wynton/group/sali/vipul/xray/matthew/multixray/sample_bench/out/277_native_5_t3000/2/output_74/pdbs/239.pdb,5.101010411500625,5.081134950942105,0.1979680334822787,10.18214536244273,0.2387669110765328,37561.10931200947,0.2862887942387228,0.6261409987580043,0.2108994036297904,0.7137112057612771,0.2152754312044706,0.2434680252658122,74
501,0.5944714162298981,/wynton/group/sali/vipul/xray/matthew/multixray/sample_bench/out/277_native_5_t3000/2/output_853/pdbs/432.pdb,5.167280673118017,4.941075799104778,0.1932344740247157,10.108356472222795,0.2025735674520238,36921.17332246794,0.0272226414028695,0.4055285837701019,0.1792023240914335,0.9727773585971304,0.2234011273711799,0.2574193530412361,853
502,0.2992408194969016,/wynton/group/sali/vipul/xray/matthew/multixray/sample_bench/out/277_native_5_t3000/2/output_550/pdbs/432.pdb,4.996642576180108,4.992056935959574,0.2151921634073532,9.988699512139682,0.2134453783307739,37711.58841966573,0.6529959789939361,0.7007591805030984,0.1906628721558696,0.347004021006064,0.1910013085343569,0.2145634944197037,550
503,0.9544537226728268,/wynton/group/sali/vipul/xray/matthew/multixray/sample_bench/out/277_native_5_t3000/2/output_284/pdbs/270.pdb,5.191618185088129,5.183681246966815,0.2249812198627378,10.375299432054945,0.2725307308645192,37414.82019608467,0.7198501750703884,0.0455462773271731,0.2449064714457121,0.2801498249296116,0.2417646605652608,0.266404227526079,284
504,0.252387000946017,/wynton/group/sali/vipul/xray/matthew/multixray/sample_bench/out/277_native_5_t3000/2/output_932/pdbs/146.pdb,5.154991389262615,5.18586507371555,0.2247146779461413,10.340856462978165,0.2660651981590684,38036.66434402076,0.1310482498630443,0.7476129990539829,0.2401876335493046,0.8689517501369557,0.2389552574993562,0.2560015298756573,932
505,0.2928416491485447,/wynton/group/sali/vipul/xray/matthew/multixray/sample_bench/out/277_native_5_t3000/2/output_972/pdbs/284.pdb,5.079444929338315,5.003708646455994,0.215293727373603,10.08315357579431,0.2110301779778484,36677.65137799696,0.8541783991385903,0.7071583508514552,0.1897902715725479,0.1458216008614096,0.2045395059052462,0.2250900768058837,972
506,0.6242748046329937,/wynton/group/sali/vipul/xray/matthew/multixray/sample_bench/out/277_native_5_t3000/2/output_492/pdbs/282.pdb,4.98578715856201,4.952688001118198,0.1762928685382877,9.938475159680209,0.1962449032101139,37198.483749343526,0.3073990388727284,0.3757251953670064,0.1809886757433468,0.6926009611272715,0.1852601127916044,0.2015591514648559,492
507,0.3713694261174028,/wynton/group/sali/vipul/xray/matthew/multixray/sample_bench/out/277_native_5_t3000/2/output_505/pdbs/380.pdb,5.029333875736724,4.944799004943208,0.1904704701746098,9.974132880679932,0.2043268256793559,37027.16718658627,0.6016932728149459,0.6286305738825971,0.1791778404508517,0.3983067271850541,0.1927088539419835,0.2138928195544104,505
508,0.5551281842511236,/wynton/group/sali/vipul/xray/matthew/multixray/sample_bench/out/277_native_5_t3000/2/output_234/pdbs/350.pdb,5.050291428851894,5.047730685931207,0.2048936419644229,10.098022114783102,0.2358160601559415,37226.96231110911,0.7420908985101875,0.4448718157488763,0.2030983648209058,0.2579091014898125,0.2056283506875353,0.2276663443809133,234
509,0.2315624564067853,/wynton/group/sali/vipul/xray/matthew/multixray/sample_bench/out/277_native_5_t3000/2/output_228/pdbs/397.pdb,4.932272596434943,4.987999311196269,0.1674762446488382,9.920271907631212,0.2117842139039913,36591.80031574901,0.670989382630623,0.7684375435932147,0.1852159832415714,0.329010617369377,0.1769916803824225,0.188600543422266,228
510,0.5524917417112726,/wynton/group/sali/vipul/xray/matthew/multixray/sample_bench/out/277_native_5_t3000/2/output_977/pdbs/414.pdb,5.057070685494353,4.967099709307405,0.1971531788432167,10.024170394801757,0.1997542481573596,37035.418699792805,0.1472984710991818,0.4475082582887274,0.1847452102595937,0.8527015289008182,0.2008723214785117,0.221379983889476,977
511,0.4370736369335736,/wynton/group/sali/vipul/xray/matthew/multixray/sample_bench/out/277_native_5_t3000/2/output_75/pdbs/400.pdb,4.993299803301252,4.963064687024115,0.1919307501440876,9.956364490325367,0.2014833228587719,37355.86342574725,0.7123133014594006,0.5629263630664264,0.183805987871339,0.2876866985405993,0.1899296369688301,0.2050896205229579,75
512,0.7709857972371367,/wynton/group/sali/vipul/xray/matthew/multixray/sample_bench/out/277_native_5_t3000/2/output_609/pdbs/297.pdb,5.0160785097850695,4.948234858364086,0.1743524337106123,9.964313368149156,0.2028069411649938,36908.34539679536,0.386217934988152,0.2290142027628633,0.1782710737594002,0.613782065011848,0.191086077738757,0.219840761574471,609
513,0.6256543019159418,/wynton/group/sali/vipul/xray/matthew/multixray/sample_bench/out/277_native_5_t3000/2/output_224/pdbs/395.pdb,5.021026596709529,4.976385602441277,0.2131501646398701,9.997412199150805,0.2104814531048628,37522.68895135243,0.458565255492487,0.3743456980840581,0.1851103730198744,0.5414347445075129,0.1929355241350632,0.2116131296908587,224
514,0.3003263504798829,/wynton/group/sali/vipul/xray/matthew/multixray/sample_bench/out/277_native_5_t3000/2/output_190/pdbs/226.pdb,5.073767071964529,5.047700795208537,0.2075948543937746,10.121467867173067,0.2209207952004148,37632.705423894,0.3629075918801304,0.6996736495201171,0.2048244268478854,0.6370924081198696,0.2076035928374374,0.2317750039698188,190
515,0.7108817438555777,/wynton/group/sali/vipul/xray/matthew/multixray/sample_bench/out/277_native_5_t3000/2/output_157/pdbs/390.pdb,5.0479756456278,4.981091326811553,0.2333349818708486,10.029066972439352,0.2110582126614534,37490.46407966412,0.5275252419678528,0.2891182561444222,0.1884314783931786,0.4724747580321473,0.199084523200812,0.2227452757656479,157
516,0.576752341604056,/wynton/group/sali/vipul/xray/matthew/multixray/sample_bench/out/277_native_5_t3000/2/output_232/pdbs/439.pdb,5.086587515303363,4.900546693605469,0.1860615563691142,9.987134208908833,0.1841080127204375,36499.26803795496,0.0268478953832817,0.4232476583959439,0.1704202896962301,0.9731521046167182,0.2038535117406018,0.2368821035127218,232
517,0.3764968726310041,/wynton/group/sali/vipul/xray/matthew/multixray/sample_bench/out/277_native_5_t3000/2/output_607/pdbs/403.pdb,5.141120882247246,5.073106021570714,0.1898285078300615,10.21422690381796,0.2328599088508072,37730.89156995672,0.0324931923582635,0.6235031273689959,0.2115543161996582,0.9675068076417364,0.227373456415538,0.2524787626604619,607
518,0.159758137716937,/wynton/group/sali/vipul/xray/matthew/multixray/sample_bench/out/277_native_5_t3000/2/output_742/pdbs/495.pdb,5.037005802074391,5.029831975977409,0.1709547013519485,10.066837778051799,0.2266663090153454,36240.72366912754,0.4761771655610627,0.840241862283063,0.1993028275180712,0.5238228344389373,0.1970299895953751,0.2247933033293506,742
519,0.4323485445086687,/wynton/group/sali/vipul/xray/matthew/multixray/sample_bench/out/277_native_5_t3000/2/output_374/pdbs/319.pdb,4.985041368316396,4.964546614111317,0.1677723604328346,9.949587982427712,0.2063888690413398,37233.4611501993,0.5796041281208449,0.5676514554913313,0.1834409519198124,0.4203958718791551,0.1866777835637522,0.2070360246668252,374
520,0.3944559618960863,/wynton/group/sali/vipul/xray/matthew/multixray/sample_bench/out/277_native_5_t3000/2/output_959/pdbs/399.pdb,5.026540677840469,5.0372276097213415,0.1817237938842762,10.06376828756181,0.2239975947222005,37635.24653426938,0.1603882405629314,0.6055440381039138,0.1986045245002903,0.8396117594370686,0.1989755292853799,0.2183652023157033,959
521,0.4494302158534661,/wynton/group/sali/vipul/xray/matthew/multixray/sample_bench/out/277_native_5_t3000/2/output_797/pdbs/388.pdb,5.0098271412145055,4.988612706430296,0.1724334602410248,9.998439847644802,0.2149398723329176,37223.45291327945,0.4365553954457233,0.5505697841465339,0.1874764539037401,0.5634446045542767,0.190693498998613,0.2141478428962064,797
522,0.4439258989886611,/wynton/group/sali/vipul/xray/matthew/multixray/sample_bench/out/277_native_5_t3000/2/output_540/pdbs/300.pdb,5.117330421311641,4.989665821253807,0.1786999570601638,10.106996242565447,0.208950645515992,37125.40846654471,0.93658560383351,0.556074101011339,0.1884240068703951,0.06341439616649,0.2168484240440603,0.2385584753982426,540
523,0.0997426779312885,/wynton/group/sali/vipul/xray/matthew/multixray/sample_bench/out/277_native_5_t3000/2/output_209/pdbs/411.pdb,5.093337256671854,5.086189673685076,0.2024502622935945,10.17952693035693,0.2408182252884565,36740.85685097758,0.4225879223837646,0.9002573220687115,0.2127128186722122,0.5774120776162354,0.2110807539750543,0.2318643438532787,209
524,0.2489338836971022,/wynton/group/sali/vipul/xray/matthew/multixray/sample_bench/out/277_native_5_t3000/2/output_301/pdbs/466.pdb,5.000523997875072,5.014208358774495,0.170514382664904,10.014732356649567,0.2199626304984508,37141.75838534237,0.5265787859370605,0.7510661163028978,0.1912225860663649,0.4734212140629394,0.1910879962972504,0.2096891031833619,301
525,0.728484580045797,/wynton/group/sali/vipul/xray/matthew/multixray/sample_bench/out/277_native_5_t3000/2/output_650/pdbs/140.pdb,5.110564967405283,5.072357655101098,0.1998387709944123,10.182922622506382,0.2306131060544859,37506.4864014231,0.6487921927103937,0.271515419954203,0.2138150360994576,0.3512078072896062,0.2193603180766048,0.2321080532091318,650
526,0.6499827717377147,/wynton/group/sali/vipul/xray/matthew/multixray/sample_bench/out/277_native_5_t3000/2/output_754/pdbs/432.pdb,5.056991747243754,5.032815960747618,0.2065504210326316,10.089807707991373,0.2247068752584093,37399.73082753893,0.5656502492174977,0.3500172282622854,0.1998578309896297,0.4343497507825022,0.2036061885382937,0.2255222474757793,754
527,0.0803419535184856,/wynton/group/sali/vipul/xray/matthew/multixray/sample_bench/out/277_native_5_t3000/2/output_776/pdbs/318.pdb,5.02659583240089,5.111110926108503,0.1797167950619886,10.137706758509392,0.2437630191228433,36767.22772872024,0.4525105976918599,0.9196580464815144,0.2161281835228836,0.5474894023081401,0.1942916789151048,0.2111133297240974,776
528,0.2723142548840126,/wynton/group/sali/vipul/xray/matthew/multixray/sample_bench/out/277_native_5_t3000/2/output_649/pdbs/476.pdb,4.996363002644563,4.921363172199087,0.1781739459924833,9.91772617484365,0.1955350480110386,36302.579649247615,0.7890570478870615,0.7276857451159874,0.1724545413282129,0.2109429521129384,0.184591799504785,0.2024634275980937,649
529,0.282631445079086,/wynton/group/sali/vipul/xray/matthew/multixray/sample_bench/out/277_native_5_t3000/2/output_449/pdbs/441.pdb,5.094907682267222,5.02737677619959,0.1821419415409453,10.122284458466812,0.2308557191170592,37792.058009209526,0.4520105942600869,0.717368554920914,0.1986760076886708,0.5479894057399132,0.2112254911271419,0.2417160074600388,449
530,0.5251108918783328,/wynton/group/sali/vipul/xray/matthew/multixray/sample_bench/out/277_native_5_t3000/2/output_375/pdbs/297.pdb,5.040349094916485,5.013398078964676,0.2113459065213114,10.053747173881161,0.2218855507003719,36960.330011916994,0.5771273593613142,0.4748891081216672,0.1958355246552669,0.4228726406386858,0.2005438485546007,0.2169332232461619,375
531,0.6997708383701222,/wynton/group/sali/vipul/xray/matthew/multixray/sample_bench/out/277_native_5_t3000/2/output_753/pdbs/496.pdb,5.095149840971896,5.071175848802397,0.2462158453753168,10.166325689774293,0.2315970869277602,37953.870638754495,0.6149475773794632,0.3002291616298778,0.2130378108679052,0.3850524226205368,0.2134863835256873,0.2249522139400816,753
532,0.6429839716440192,/wynton/group/sali/vipul/xray/matthew/multixray/sample_bench/out/277_native_5_t3000/2/output_368/pdbs/381.pdb,5.072815656844832,5.093137524129576,0.1881989243916566,10.165953180974409,0.2328366139288849,37572.79230333871,0.7650951894110738,0.3570160283559808,0.216632928204521,0.2349048105889263,0.2126210679441179,0.2279462211500951,368
533,0.8255660168662178,/wynton/group/sali/vipul/xray/matthew/multixray/sample_bench/out/277_native_5_t3000/2/output_662/pdbs/251.pdb,5.049498729896479,5.068759582075893,0.1791076284801791,10.118258311972372,0.2313467131179969,36964.77003093984,0.5381583564579405,0.1744339831337822,0.2093869232741511,0.4618416435420595,0.2009367353116777,0.220826292778577,662
534,0.7625678755033503,/wynton/group/sali/vipul/xray/matthew/multixray/sample_bench/out/277_native_5_t3000/2/output_253/pdbs/245.pdb,5.121824463108626,5.076466866295269,0.2095658227680196,10.198291329403895,0.2358872451378537,37801.18353943166,0.6312561144359861,0.2374321244966497,0.2119034726002752,0.3687438855640139,0.2207062188403504,0.243428267937046,253
535,0.1878432247774157,/wynton/group/sali/vipul/xray/matthew/multixray/sample_bench/out/277_native_5_t3000/2/output_47/pdbs/293.pdb,5.002822996170231,5.065323352046337,0.1932076920579559,10.068146348216569,0.2339300429265222,37130.577519654806,0.6016763296553417,0.8121567752225843,0.2018977867002781,0.3983236703446584,0.1899861394421924,0.21440484422002,47
536,0.6836982600030553,/wynton/group/sali/vipul/xray/matthew/multixray/sample_bench/out/277_native_5_t3000/2/output_756/pdbs/225.pdb,5.0734417674542005,5.061588004281806,0.1944915447185551,10.135029771736008,0.2288310589271584,37115.894944903936,0.6278993534474141,0.3163017399969446,0.2067463053848464,0.3721006465525859,0.2076998858416336,0.2348311496914578,756
537,0.4471656728864449,/wynton/group/sali/vipul/xray/matthew/multixray/sample_bench/out/277_native_5_t3000/2/output_270/pdbs/492.pdb,5.021371473470084,5.016509576691676,0.1938663170237646,10.03788105016176,0.2068039796978891,37974.592658536894,0.2153420021394977,0.5528343271135551,0.1967027751709494,0.7846579978605023,0.1974526977646119,0.2154758413979703,270
538,0.659003800138416,/wynton/group/sali/vipul/xray/matthew/multixray/sample_bench/out/277_native_5_t3000/2/output_544/pdbs/313.pdb,5.062543641948789,5.071021346383524,0.2035895764818611,10.133564988332314,0.2312171897053275,37339.50574022712,0.8494283594164266,0.3409961998615839,0.2099351891686616,0.1505716405835734,0.2082829549428478,0.2267613215558693,544
539,0.6092280238138201,/wynton/group/sali/vipul/xray/matthew/multixray/sample_bench/out/277_native_5_t3000/2/output_111/pdbs/355.pdb,5.011393237905801,4.978824272046052,0.1635369885333616,9.990217509951853,0.2077705004311308,37032.00206316434,0.2728713553947561,0.3907719761861798,0.1852380205296286,0.727128644605244,0.1913546515138806,0.2103017331453126,111
540,0.7770998839628194,/wynton/group/sali/vipul/xray/matthew/multixray/sample_bench/out/277_native_5_t3000/2/output_759/pdbs/390.pdb,5.016522109375075,4.957554609372163,0.2238781357803375,9.974076718747238,0.2074484791916653,37574.70460880207,0.4139329955429727,0.2229001160371806,0.1809494980379132,0.5860670044570273,0.1908180317504388,0.2101932466552593,759
541,0.3266040478090251,/wynton/group/sali/vipul/xray/matthew/multixray/sample_bench/out/277_native_5_t3000/2/output_317/pdbs/277.pdb,5.078674289876913,5.050674221797304,0.2083062826329008,10.129348511674216,0.2295211744574934,38280.13825390545,0.4074499252306319,0.6733959521909749,0.2035238500544869,0.592550074769368,0.2071460989549375,0.2352418212689315,317
542,0.6205188384082162,/wynton/group/sali/vipul/xray/matthew/multixray/sample_bench/out/277_native_5_t3000/2/output_479/pdbs/305.pdb,5.094514892303964,5.019855920151346,0.2192519500088079,10.11437081245531,0.2284483569295392,36969.38740359651,0.5223433866487264,0.3794811615917838,0.199854713097316,0.4776566133512737,0.2135459014244496,0.2394240261287022,479
543,0.1379835749509831,/wynton/group/sali/vipul/xray/matthew/multixray/sample_bench/out/277_native_5_t3000/2/output_549/pdbs/382.pdb,5.1188815274295285,5.097438045050706,0.2271593544958886,10.216319572480234,0.2364131930350916,36700.81907400213,0.9751463713882392,0.8620164250490169,0.2073146167186067,0.0248536286117606,0.2123337958373548,0.2368924183653062,549
544,0.2722664381909671,/wynton/group/sali/vipul/xray/matthew/multixray/sample_bench/out/277_native_5_t3000/2/output_89/pdbs/251.pdb,5.129879275985535,5.157971861597318,0.2122207146939871,10.287851137582852,0.2598915770563997,37565.04143085328,0.1424790649001484,0.7277335618090329,0.2346928384589115,0.8575209350998515,0.232432450756486,0.2386803537371133,89
545,0.0779036056732719,/wynton/group/sali/vipul/xray/matthew/multixray/sample_bench/out/277_native_5_t3000/2/output_914/pdbs/205.pdb,5.237376222795994,5.175629255993241,0.2460878401777383,10.413005478789234,0.2774827983483853,38294.965826993895,0.2404511282176991,0.922096394326728,0.246389922427049,0.7595488717823008,0.2562003677357699,0.2964327619913773,914
546,0.2660231285278135,/wynton/group/sali/vipul/xray/matthew/multixray/sample_bench/out/277_native_5_t3000/2/output_676/pdbs/403.pdb,5.0890587333435455,5.115914194364827,0.2120970784330385,10.204972927708372,0.2448277188905152,37863.973605881336,0.2662171544721197,0.7339768714721865,0.2195313781049899,0.7337828455278803,0.2147081108566435,0.2335782442462962,676
547,0.7402816249027906,/wynton/group/sali/vipul/xray/matthew/multixray/sample_bench/out/277_native_5_t3000/2/output_912/pdbs/371.pdb,5.024126182552479,4.988639831436915,0.2309727361451206,10.012766013989394,0.2081794595647189,36645.69387050197,0.1908853253594133,0.2597183750972094,0.1884190393162365,0.8091146746405867,0.1934196750260997,0.221104824060464,912
548,0.7047186374849094,/wynton/group/sali/vipul/xray/matthew/multixray/sample_bench/out/277_native_5_t3000/2/output_969/pdbs/252.pdb,5.013482975922538,4.954801317134799,0.1829410529956489,9.968284293057337,0.2032320994791859,36200.24107173824,0.3705970176220221,0.2952813625150906,0.1817961995598314,0.629402982377978,0.1893877793310294,0.2134370085326178,969
549,0.0367265684169197,/wynton/group/sali/vipul/xray/matthew/multixray/sample_bench/out/277_native_5_t3000/2/output_107/pdbs/410.pdb,5.021017182104179,5.108678412185321,0.2278397700447045,10.129695594289501,0.2394011772618678,36714.9241716508,0.4945846219934679,0.9632734315830802,0.2128442038971304,0.5054153780065321,0.1913624142517898,0.2174991955798282,107
550,0.8752300311132205,/wynton/group/sali/vipul/xray/matthew/multixray/sample_bench/out/277_native_5_t3000/2/output_656/pdbs/475.pdb,5.017000839153391,5.039355149422675,0.1924305539238359,10.056355988576065,0.2259476463554688,36982.45001086808,0.4230276809792493,0.1247699688867794,0.1993980132174646,0.5769723190207507,0.1911785313470707,0.2216293506448519,656
551,0.2409978818956085,/wynton/group/sali/vipul/xray/matthew/multixray/sample_bench/out/277_native_5_t3000/2/output_447/pdbs/414.pdb,4.995578719679685,4.931190866579919,0.1942535071878564,9.926769586259603,0.1936260488149111,36343.33130938612,0.5931174211435833,0.7590021181043914,0.1769484644134939,0.4068825788564167,0.1864266323736463,0.2102573754674978,447
552,0.4426833771297266,/wynton/group/sali/vipul/xray/matthew/multixray/sample_bench/out/277_native_5_t3000/2/output_721/pdbs/321.pdb,5.050515801446981,5.003503870654731,0.2225386086380373,10.054019672101711,0.2186072102863751,37819.58241858124,0.4318012314761308,0.5573166228702734,0.1903482141857169,0.5681987685238691,0.1999985558778663,0.2281114249206276,721
553,0.5638975541198713,/wynton/group/sali/vipul/xray/matthew/multixray/sample_bench/out/277_native_5_t3000/2/output_385/pdbs/455.pdb,5.014207702458328,4.96929984718613,0.1845038767277184,9.983507549644457,0.2098326158190778,37467.53682513623,0.4109176079166569,0.4361024458801287,0.1827925955754869,0.589082392083343,0.1912174391009601,0.2150748343334501,385
554,0.423243335287717,/wynton/group/sali/vipul/xray/matthew/multixray/sample_bench/out/277_native_5_t3000/2/output_682/pdbs/212.pdb,5.034765660691754,5.000541267984661,0.2514387544421743,10.035306928676416,0.211905141885572,37365.977871809,0.4409245655425536,0.576756664712283,0.1947682862649963,0.5590754344574463,0.1992377262644694,0.220386434978546,682
555,0.5165251471109528,/wynton/group/sali/vipul/xray/matthew/multixray/sample_bench/out/277_native_5_t3000/2/output_16/pdbs/397.pdb,5.0258253561884025,5.02057785991534,0.1709069103128755,10.046403216103743,0.2176798487081237,37919.03459268344,0.4879646820437405,0.4834748528890473,0.1934779163106555,0.5120353179562595,0.1950062020371053,0.2166935312737954,16
556,0.2008432733004041,/wynton/group/sali/vipul/xray/matthew/multixray/sample_bench/out/277_native_5_t3000/2/output_594/pdbs/368.pdb,5.0992365119000125,5.099848772053051,0.1726070145062976,10.199085283953064,0.2499575242136389,37536.20627637236,0.4354362492831777,0.7991567266995959,0.2155684511349462,0.5645637507168223,0.2106294032723545,0.2395995562379146,594
557,0.92239463304124,/wynton/group/sali/vipul/xray/matthew/multixray/sample_bench/out/277_native_5_t3000/2/output_991/pdbs/336.pdb,4.935818341456394,5.091977876349898,0.2007608236406483,10.027796217806292,0.2374358449265684,37789.94659751468,0.3951084068175626,0.0776053669587599,0.2078582911004869,0.6048915931824375,0.1780349028311535,0.1940395536568781,991
558,0.4673715646804215,/wynton/group/sali/vipul/xray/matthew/multixray/sample_bench/out/277_native_5_t3000/2/output_1/pdbs/422.pdb,5.084481653685626,5.021060403149911,0.2206415077031563,10.105542056835537,0.2222830793492715,37255.32733773488,0.1966773636190587,0.5326284353195784,0.1945245604352292,0.8033226363809413,0.2097182624212726,0.2371507050021783,1
559,0.5157267883513316,/wynton/group/sali/vipul/xray/matthew/multixray/sample_bench/out/277_native_5_t3000/2/output_261/pdbs/460.pdb,4.993101315151315,5.014327214304949,0.1825031389681419,10.007428529456263,0.2141641254599358,37922.18377225738,0.4617681807235643,0.4842732116486684,0.1929109972665719,0.5382318192764357,0.1891953017849973,0.2039945398734156,261
560,0.2877050692513417,/wynton/group/sali/vipul/xray/matthew/multixray/sample_bench/out/277_native_5_t3000/2/output_197/pdbs/387.pdb,5.081915376796618,4.996653283898831,0.1882550145517959,10.07856866069545,0.2134406445276978,36736.32048399834,0.860804801791103,0.7122949307486582,0.1902226153323363,0.139195198208897,0.206913832595438,0.2329045835374071,197
561,0.6690090258724425,/wynton/group/sali/vipul/xray/matthew/multixray/sample_bench/out/277_native_5_t3000/2/output_335/pdbs/354.pdb,5.09350628097631,5.103213277374114,0.2065836917519727,10.196719558350424,0.2415247906460609,38162.97609745096,0.7248433883470261,0.3309909741275574,0.2159746482125387,0.2751566116529738,0.2150999177272437,0.2432659156698345,335
562,0.5365349975230759,/wynton/group/sali/vipul/xray/matthew/multixray/sample_bench/out/277_native_5_t3000/2/output_693/pdbs/463.pdb,5.039335793756214,5.008074181347349,0.1994216473569227,10.047409975103562,0.2119160334603653,37090.15934441099,0.5836844721191488,0.463465002476924,0.1937347649445263,0.4163155278808512,0.1969638019683816,0.2215520311772657,693
563,0.5505414818037756,/wynton/group/sali/vipul/xray/matthew/multixray/sample_bench/out/277_native_5_t3000/2/output_718/pdbs/232.pdb,4.99999237804502,4.996115078959624,0.180110376584022,9.996107457004644,0.2110159082658294,37375.061882878246,0.4146300867897681,0.4494585181962244,0.1898639014061315,0.5853699132102319,0.1901226912769722,0.2139872952995934,718
564,0.1500160476619441,/wynton/group/sali/vipul/xray/matthew/multixray/sample_bench/out/277_native_5_t3000/2/output_657/pdbs/377.pdb,5.00105177828189,5.062396789673119,0.1937853957775809,10.063448567955009,0.2256890409544349,36722.11006509951,0.527659940005185,0.8499839523380559,0.2074210744228384,0.472340059994815,0.190143520021899,0.2084226816859883,657
565,0.7785801904087885,/wynton/group/sali/vipul/xray/matthew/multixray/sample_bench/out/277_native_5_t3000/2/output_605/pdbs/317.pdb,5.165311049617424,5.20457639701008,0.2889887153550122,10.369887446627505,0.2885720194245085,38024.62832419816,0.8523027486948863,0.2214198095912116,0.2487418038072118,0.1476972513051136,0.2441096681684306,0.2752455187946838,605
566,0.5283516347822911,/wynton/group/sali/vipul/xray/matthew/multixray/sample_bench/out/277_native_5_t3000/2/output_409/pdbs/354.pdb,4.982404939475245,4.993810952299067,0.2003909092407444,9.976215891774313,0.2117181944390929,37813.579804285786,0.722740123907144,0.4716483652177089,0.1883275262148366,0.2772598760928561,0.18786958861675,0.2063963228890193,409
567,0.3779966869535262,/wynton/group/sali/vipul/xray/matthew/multixray/sample_bench/out/277_native_5_t3000/2/output_993/pdbs/467.pdb,5.011414100903756,4.996384202976213,0.2010710075045947,10.00779830387997,0.2145603002612774,37226.00367421614,0.5447169171068548,0.6220033130464737,0.1893913985565773,0.4552830828931453,0.1913912887587923,0.2150591188631777,993
568,0.09844760109823,/wynton/group/sali/vipul/xray/matthew/multixray/sample_bench/out/277_native_5_t3000/2/output_496/pdbs/399.pdb,5.053495682768077,5.054582403057321,0.2181365053808587,10.108078085825397,0.2266827703902461,36921.7398833191,0.4962866800639273,0.90155239890177,0.2050680308689199,0.5037133199360727,0.2006581472119059,0.2214025182236492,496
569,0.5200973707312013,/wynton/group/sali/vipul/xray/matthew/multixray/sample_bench/out/277_native_5_t3000/2/output_397/pdbs/264.pdb,5.021754528806693,4.990276414723303,0.1988693406277624,10.012030943529997,0.2116382843527159,37147.45904438271,0.2811991918682336,0.4799026292687987,0.1903629638944935,0.7188008081317664,0.1966295977399942,0.214995568774342,397
570,0.2619985426248047,/wynton/group/sali/vipul/xray/matthew/multixray/sample_bench/out/277_native_5_t3000/2/output_621/pdbs/413.pdb,5.120687808932444,5.13829963123983,0.2273570864363965,10.258987440172273,0.2534081132472124,37763.86993401688,0.2040113636957309,0.7380014573751953,0.2301548722878275,0.7959886363042691,0.2275916954373828,0.2437717432576002,621
571,0.9245856640129448,/wynton/group/sali/vipul/xray/matthew/multixray/sample_bench/out/277_native_5_t3000/2/output_344/pdbs/10.pdb,5.23188032967646,5.240634376789341,0.2583454454541517,10.472514706465802,0.2808042659263759,35433.835362012906,0.8837605614028788,0.0754143359870551,0.2503778396473891,0.1162394385971211,0.2477340680650192,0.2765750909330987,344
572,0.5786153010249557,/wynton/group/sali/vipul/xray/matthew/multixray/sample_bench/out/277_native_5_t3000/2/output_382/pdbs/365.pdb,5.019909490356512,4.994286697833667,0.1721474929041073,10.01419618819018,0.2113134592760725,37672.97846360674,0.5009382622710898,0.4213846989750442,0.1884269866589874,0.4990617377289102,0.1921703722563023,0.2142614392916482,382
573,0.346722971791254,/wynton/group/sali/vipul/xray/matthew/multixray/sample_bench/out/277_native_5_t3000/2/output_819/pdbs/164.pdb,5.126453773717782,5.146468871000835,0.2407857543613433,10.272922644718616,0.262886297318106,37378.25207428655,0.1691594427684447,0.653277028208746,0.2262344164127079,0.8308405572315553,0.2265520489030417,0.253708494845549,819
574,0.4197976213355193,/wynton/group/sali/vipul/xray/matthew/multixray/sample_bench/out/277_native_5_t3000/2/output_893/pdbs/382.pdb,5.018145938570689,4.970029207150258,0.2240566771801656,9.988175145720948,0.2066379372312427,37496.48561342445,0.526037103640671,0.5802023786644807,0.1833484297276033,0.473962896359329,0.1926979585423919,0.2209811832887065,893
575,0.4187242716814035,/wynton/group/sali/vipul/xray/matthew/multixray/sample_bench/out/277_native_5_t3000/2/output_367/pdbs/487.pdb,4.9642676051635375,4.932697064702675,0.2177819398031032,9.896964669866213,0.1933794212316235,36788.203215550064,0.7745980221723822,0.5812757283185965,0.176200910562634,0.2254019778276177,0.180159048194703,0.1945757767584708,367
576,0.319081980391275,/wynton/group/sali/vipul/xray/matthew/multixray/sample_bench/out/277_native_5_t3000/2/output_783/pdbs/384.pdb,5.03193956043945,5.007274984884327,0.1861959606843493,10.039214545323777,0.214651971288993,37093.730078875546,0.6023086120576421,0.680918019608725,0.1924393021026457,0.397691387942358,0.1965421432978891,0.2230024041342266,783
577,0.525960251378483,/wynton/group/sali/vipul/xray/matthew/multixray/sample_bench/out/277_native_5_t3000/2/output_631/pdbs/324.pdb,5.030808083552896,5.0127706015624,0.2085717163834385,10.043578685115296,0.2207720815319752,37483.4409981338,0.5162903160727972,0.474039748621517,0.1962465082631116,0.4837096839272028,0.1971771371582396,0.2189491542683421,631
578,0.3813016503491102,/wynton/group/sali/vipul/xray/matthew/multixray/sample_bench/out/277_native_5_t3000/2/output_11/pdbs/424.pdb,4.98648541191743,4.924512193572922,0.2086145526970599,9.910997605490351,0.1980399172958694,36475.16065854396,0.6945420577595744,0.6186983496508899,0.175375070735829,0.3054579422404255,0.1891116589472158,0.2073530463690049,11
579,0.5106634312711,/wynton/group/sali/vipul/xray/matthew/multixray/sample_bench/out/277_native_5_t3000/2/output_25/pdbs/255.pdb,5.0333215670224,4.972260149038584,0.2381179165287447,10.005581716060984,0.1999030159471237,36849.35797016918,0.3254747774745712,0.4893365687289,0.1868877217512957,0.6745252225254288,0.1980862456405889,0.2093410005156578,25
580,0.4846830308407456,/wynton/group/sali/vipul/xray/matthew/multixray/sample_bench/out/277_native_5_t3000/2/output_680/pdbs/335.pdb,5.010942322427044,5.02440502859899,0.1724957533853642,10.035347351026033,0.2236316782314562,37104.27208710483,0.4841259906545998,0.5153169691592543,0.1945646661713951,0.5158740093454002,0.1907878622796114,0.2101197302155304,680
581,0.0733614180793514,/wynton/group/sali/vipul/xray/matthew/multixray/sample_bench/out/277_native_5_t3000/2/output_381/pdbs/486.pdb,5.003488805495656,5.129266324648498,0.1877264402417849,10.132755130144155,0.2528449022478521,37035.29348980269,0.4919559555802956,0.9266385819206486,0.2179632821612813,0.5080440444197044,0.1902884560430434,0.2116982751583311,381
582,0.5863301670390045,/wynton/group/sali/vipul/xray/matthew/multixray/sample_bench/out/277_native_5_t3000/2/output_247/pdbs/468.pdb,5.052292778589178,5.042874225018652,0.1893792446234332,10.09516700360783,0.2299627352214894,37493.36090133238,0.6282766822446858,0.4136698329609954,0.1981046274546709,0.3717233177553142,0.2007175724787929,0.2210901770514646,247
583,0.8621995416086254,/wynton/group/sali/vipul/xray/matthew/multixray/sample_bench/out/277_native_5_t3000/2/output_731/pdbs/212.pdb,5.001585901852747,5.064023062678852,0.1893541271256342,10.065608964531599,0.22291713628016,36337.8214839039,0.379626640928732,0.1378004583913745,0.2048445998911259,0.620373359071268,0.1873921774078379,0.2080493577946592,731
584,0.4600578187683152,/wynton/group/sali/vipul/xray/matthew/multixray/sample_bench/out/277_native_5_t3000/2/output_257/pdbs/412.pdb,4.9978896784520925,4.9814087609535225,0.1664065836406232,9.979298439405614,0.2107673740842079,37842.84958012655,0.6839310786390554,0.5399421812316847,0.1853478605598268,0.3160689213609445,0.1895312896096545,0.199484965386844,257
585,0.4871869314979201,/wynton/group/sali/vipul/xray/matthew/multixray/sample_bench/out/277_native_5_t3000/2/output_997/pdbs/439.pdb,5.025119791212033,4.994539867608248,0.1823812251259051,10.01965965882028,0.2098606674582363,37593.36513470585,0.8656761994185359,0.51281306850208,0.1877211710226412,0.1343238005814641,0.1957996454788991,0.2174581618774006,997
586,0.4488227498368023,/wynton/group/sali/vipul/xray/matthew/multixray/sample_bench/out/277_native_5_t3000/2/output_688/pdbs/177.pdb,5.032384779296773,4.992206153423163,0.2220643148634328,10.024590932719937,0.2119851113587294,38142.68938127652,0.4973889072243263,0.5511772501631977,0.189299267660577,0.5026110927756737,0.1953631607885635,0.220357846544119,688
587,0.5570336604384725,/wynton/group/sali/vipul/xray/matthew/multixray/sample_bench/out/277_native_5_t3000/2/output_467/pdbs/300.pdb,5.011771533651265,5.03221721598801,0.1831732356538661,10.043988749639276,0.2192578622932994,37928.65282179042,0.6750265765296249,0.4429663395615275,0.1967394167962557,0.3249734234703751,0.1935974397560949,0.2118682275360311,467
588,0.2022608839026342,/wynton/group/sali/vipul/xray/matthew/multixray/sample_bench/out/277_native_5_t3000/2/output_803/pdbs/286.pdb,5.125605004920879,5.084572275774167,0.182037115661959,10.210177280695046,0.2400985902826041,37663.92431873102,0.3292229538665857,0.7977391160973657,0.216735148924823,0.6707770461334143,0.2197686391115555,0.2441006477531933,803
589,0.8768403271368136,/wynton/group/sali/vipul/xray/matthew/multixray/sample_bench/out/277_native_5_t3000/2/output_439/pdbs/395.pdb,4.943635179280384,5.06933048602491,0.1929605794678505,10.012965665305295,0.2266933240488069,36854.61541100971,0.3712354279073753,0.1231596728631864,0.2003805649173381,0.6287645720926247,0.1769712137547372,0.1986346164226345,439
590,0.2820634487028534,/wynton/group/sali/vipul/xray/matthew/multixray/sample_bench/out/277_native_5_t3000/2/output_574/pdbs/169.pdb,5.087281236826044,5.03776240042309,0.2187853497563325,10.125043637249135,0.2222329616756634,37683.97509101878,0.3865445586849649,0.7179365512971466,0.2021874693726437,0.613455441315035,0.2122044905112409,0.2378511167673604,574
591,0.6855490318264964,/wynton/group/sali/vipul/xray/matthew/multixray/sample_bench/out/277_native_5_t3000/2/output_88/pdbs/165.pdb,5.093618781421752,5.088742701431254,0.2175727808050502,10.182361482853008,0.2480026601424614,37373.69797101007,0.6417091523860535,0.3144509681735036,0.2110627832305804,0.3582908476139465,0.210220420563288,0.2339571397380477,88
592,0.1498337661413642,/wynton/group/sali/vipul/xray/matthew/multixray/sample_bench/out/277_native_5_t3000/2/output_910/pdbs/380.pdb,5.053200208865814,5.083453729852831,0.1677239989544146,10.136653938718645,0.2367059390054453,38070.786278017855,0.4537140734311654,0.8501662338586358,0.2101956796411428,0.5462859265688347,0.1978194189328711,0.2286738119624769,910
593,0.5000422200094337,/wynton/group/sali/vipul/xray/matthew/multixray/sample_bench/out/277_native_5_t3000/2/output_663/pdbs/481.pdb,5.037166657259672,4.991574629152852,0.1673411858104835,10.028741286412524,0.2139381857530858,38358.60312044111,0.4337451384284077,0.4999577799905663,0.1896378281266215,0.5662548615715923,0.1959811602929027,0.2205848472017886,663
594,0.6126070883990385,/wynton/group/sali/vipul/xray/matthew/multixray/sample_bench/out/277_native_5_t3000/2/output_686/pdbs/328.pdb,5.031484951405853,5.014142978184209,0.1790216915487785,10.045627929590061,0.2191824982139365,37932.96288457387,0.7382845101635289,0.3873929116009614,0.1925569625412606,0.2617154898364711,0.1982319026383717,0.221770317604187,686
595,0.0937524089416271,/wynton/group/sali/vipul/xray/matthew/multixray/sample_bench/out/277_native_5_t3000/2/output_791/pdbs/335.pdb,5.131197052807624,5.131567821797421,0.1889980778280501,10.262764874605045,0.2547533580324517,37830.368632163045,0.4026355684014432,0.9062475910583728,0.2237767914741658,0.5973644315985568,0.2193219168853631,0.2463182212980046,791
596,0.3877115297982233,/wynton/group/sali/vipul/xray/matthew/multixray/sample_bench/out/277_native_5_t3000/2/output_925/pdbs/432.pdb,4.973448370864047,4.955950317490341,0.1631721928483004,9.92939868835439,0.1987240406719581,36667.88733519133,0.6868607755530441,0.6122884702017767,0.180013807988232,0.3131392244469558,0.1802994059125752,0.2071709582518385,925
597,0.6673720230021054,/wynton/group/sali/vipul/xray/matthew/multixray/sample_bench/out/277_native_5_t3000/2/output_955/pdbs/304.pdb,5.073643150091213,5.009754674190101,0.1864960053670744,10.083397824281313,0.2210327864269313,38344.82187272936,0.5349634331429007,0.3326279769978946,0.1954921532980397,0.4650365668570993,0.2060547115558721,0.2304008468668308,955
598,0.4791292739229993,/wynton/group/sali/vipul/xray/matthew/multixray/sample_bench/out/277_native_5_t3000/2/output_641/pdbs/319.pdb,4.9981501050644495,4.992423265347232,0.1964306745590006,9.990573370411681,0.2081300070904862,37765.61035299279,0.6186606360088474,0.5208707260770007,0.1895307591040565,0.3813393639911526,0.1893748476029801,0.2051611154834804,641
599,0.8573520735202987,/wynton/group/sali/vipul/xray/matthew/multixray/sample_bench/out/277_native_5_t3000/2/output_151/pdbs/461.pdb,4.995496709210701,5.05470963588288,0.2139470705329369,10.050206345093581,0.2311455445953507,37067.84759512259,0.3731977491363464,0.1426479264797012,0.2002218750502123,0.6268022508636536,0.1880962857178163,0.2144878414241321,151
600,0.1551973604916827,/wynton/group/sali/vipul/xray/matthew/multixray/sample_bench/out/277_native_5_t3000/2/output_286/pdbs/355.pdb,5.0743619787791765,5.063833073848933,0.2257381876854071,10.13819505262811,0.2298986445897345,36789.6234079666,0.4648042886751382,0.8448026395083172,0.2078685766320647,0.5351957113248618,0.2084205384440613,0.229654613663592,286
601,0.9146970960673618,/wynton/group/sali/vipul/xray/matthew/multixray/sample_bench/out/277_native_5_t3000/2/output_80/pdbs/2.pdb,5.239074415834045,5.218141048871957,0.2339814981990831,10.457215464706003,0.2748313783767977,25710.36305678336,0.8409689908173437,0.0853029039326381,0.2370128496307691,0.1590310091826563,0.2409301924631349,0.2788672079675299,80
602,0.1762085527483442,/wynton/group/sali/vipul/xray/matthew/multixray/sample_bench/out/277_native_5_t3000/2/output_259/pdbs/339.pdb,5.007076597742016,5.032319738382951,0.1702283137882619,10.039396336124968,0.223517600499016,36452.88501142677,0.6832236828252671,0.8237914472516558,0.195889097167446,0.3167763171747328,0.1903433763116329,0.2105237445620112,259
603,0.3627436959291769,/wynton/group/sali/vipul/xray/matthew/multixray/sample_bench/out/277_native_5_t3000/2/output_501/pdbs/417.pdb,4.990260939012266,4.955088191396642,0.2209587787539084,9.945349130408907,0.2050061231017303,37878.65990535077,0.6457511527503449,0.6372563040708231,0.1823961239183041,0.354248847249655,0.1872540054004537,0.2123161713450234,501
604,0.2544288660261466,/wynton/group/sali/vipul/xray/matthew/multixray/sample_bench/out/277_native_5_t3000/2/output_298/pdbs/364.pdb,5.013836859342335,4.971646206505961,0.2097312811866059,9.985483065848296,0.205151014176366,36897.78232393613,0.7643177763259604,0.7455711339738533,0.1860341467768983,0.2356822236740396,0.1902057680237808,0.2165422131509037,298
605,0.487974497968826,/wynton/group/sali/vipul/xray/matthew/multixray/sample_bench/out/277_native_5_t3000/2/output_238/pdbs/452.pdb,5.008024143099059,5.014436413297092,0.1741915588541497,10.022460556396151,0.2140230830737543,36964.442009387145,0.7072093745497992,0.512025502031174,0.1949203698491431,0.2927906254502008,0.192889630260814,0.2163811196633666,238
606,0.8788551360337896,/wynton/group/sali/vipul/xray/matthew/multixray/sample_bench/out/277_native_5_t3000/2/output_406/pdbs/241.pdb,4.946256870007298,5.069949311781785,0.2017464988096531,10.016206181789084,0.2325006946801288,36377.54023442972,0.3679397457844116,0.1211448639662103,0.2027412480211755,0.6320602542155883,0.1806495569820524,0.1937671834030692,406
607,0.4457024732798314,/wynton/group/sali/vipul/xray/matthew/multixray/sample_bench/out/277_native_5_t3000/2/output_750/pdbs/370.pdb,5.022738671391628,5.030023990020266,0.1834079168953966,10.052762661411894,0.2158472637617515,37150.41500839192,0.2730146387377449,0.5542975267201686,0.1988167044096996,0.726985361262255,0.197776209629226,0.2121991175990928,750
608,0.5405354614533299,/wynton/group/sali/vipul/xray/matthew/multixray/sample_bench/out/277_native_5_t3000/2/output_796/pdbs/217.pdb,5.059186516869003,5.0277809626708185,0.189952592557549,10.086967479539823,0.2274223864744933,37019.8892716616,0.8359108367188368,0.4594645385466701,0.1959029593616095,0.1640891632811631,0.2057670732221814,0.2285662641788888,796
609,0.4753063433575027,/wynton/group/sali/vipul/xray/matthew/multixray/sample_bench/out/277_native_5_t3000/2/output_105/pdbs/434.pdb,5.037637642206628,5.016788232382967,0.2332922359312944,10.054425874589594,0.2168357065866622,38354.38567760057,0.4600442983417169,0.5246936566424972,0.1940333230848845,0.5399557016582831,0.1994230122986316,0.2182530788538738,105
610,0.4632331093364989,/wynton/group/sali/vipul/xray/matthew/multixray/sample_bench/out/277_native_5_t3000/2/output_553/pdbs/455.pdb,5.078518624501422,4.964005555094114,0.1821551646374146,10.042524179595535,0.1982738731789858,37385.44611869243,0.8815502282570232,0.5367668906635011,0.1832680997490825,0.1184497717429767,0.2055799793307779,0.2296959679425012,553
611,0.4971601174647052,/wynton/group/sali/vipul/xray/matthew/multixray/sample_bench/out/277_native_5_t3000/2/output_198/pdbs/468.pdb,5.038733163680658,5.0168118507190265,0.176561808480972,10.055545014399684,0.2178185693270565,37458.96381801572,0.29744430120001,0.5028398825352949,0.1955325308466231,0.70255569879999,0.1982627221942019,0.228182793559655,198
612,0.7285412442538709,/wynton/group/sali/vipul/xray/matthew/multixray/sample_bench/out/277_native_5_t3000/2/output_297/pdbs/483.pdb,5.096058590230853,5.029917891971837,0.2307239034687087,10.12597648220269,0.2188549341834007,37663.65506894575,0.5723158336018345,0.2714587557461291,0.2038603738921488,0.4276841663981655,0.2110014302137029,0.2385783598000221,297
613,0.9189445349273058,/wynton/group/sali/vipul/xray/matthew/multixray/sample_bench/out/277_native_5_t3000/2/output_529/pdbs/366.pdb,5.002953118016581,5.109114042022769,0.2591570529697261,10.11206716003935,0.2369747460126346,36638.56484135352,0.2168176436298374,0.0810554650726942,0.2117797174202657,0.7831823563701625,0.1889669786097817,0.2103672667141712,529
614,0.7174073832843354,/wynton/group/sali/vipul/xray/matthew/multixray/sample_bench/out/277_native_5_t3000/2/output_866/pdbs/461.pdb,5.005087106963511,4.964709124390978,0.1700132953090686,9.969796231354488,0.1983865788286579,36372.34803431233,0.3685127771847388,0.2825926167156646,0.1832821791591388,0.6314872228152612,0.1892869166074639,0.2101109589002609,866
615,0.3950025516813815,/wynton/group/sali/vipul/xray/matthew/multixray/sample_bench/out/277_native_5_t3000/2/output_318/pdbs/167.pdb,5.08674204380633,5.072558684109161,0.1869562441819034,10.159300727915491,0.2284328875041145,37632.73826743879,0.2787582483320273,0.6049974483186186,0.2102998524407913,0.7212417516679728,0.2120110837668616,0.232406116595961,318
616,0.3490943801559796,/wynton/group/sali/vipul/xray/matthew/multixray/sample_bench/out/277_native_5_t3000/2/output_405/pdbs/382.pdb,5.055217904154583,5.079888864751828,0.1862862403098065,10.135106768906411,0.2387241203373306,37274.48803000332,0.2643185548986429,0.6509056198440204,0.2120731527190487,0.7356814451013571,0.2067752151314272,0.2310250270595145,405
617,0.9730262141236524,/wynton/group/sali/vipul/xray/matthew/multixray/sample_bench/out/277_native_5_t3000/2/output_720/pdbs/255.pdb,5.011440899153733,5.127159261073631,0.1992952637096403,10.138600160227364,0.2386285265671325,36630.01088906353,0.2820196156902768,0.0269737858763474,0.2157219085624181,0.7179803843097232,0.1893848991501019,0.211952665599229,720
618,0.3127885771070839,/wynton/group/sali/vipul/xray/matthew/multixray/sample_bench/out/277_native_5_t3000/2/output_483/pdbs/411.pdb,5.0751353642692925,5.086397843456828,0.2593180863368571,10.16153320772612,0.2399894602618076,37094.02657896875,0.4776359603205937,0.687211422892916,0.2121593744707745,0.5223640396794063,0.2080427841244508,0.2328256214359795,483
619,0.3026694299853937,/wynton/group/sali/vipul/xray/matthew/multixray/sample_bench/out/277_native_5_t3000/2/output_642/pdbs/168.pdb,5.005611593874232,4.959788518192004,0.2049839121218166,9.965400112066234,0.2004595816074308,37100.49432822016,0.5973711428061175,0.6973305700146062,0.1842740138550334,0.4026288571938825,0.1915045624346406,0.2100818619926996,642
620,0.4031969426281456,/wynton/group/sali/vipul/xray/matthew/multixray/sample_bench/out/277_native_5_t3000/2/output_538/pdbs/331.pdb,5.054221807972476,4.982095030913815,0.2268561175298206,10.03631683888629,0.213788936399942,37272.1162197857,0.5499141303579091,0.5968030573718545,0.189063738808468,0.4500858696420908,0.2040836990546715,0.2273788909542221,538
621,0.5695058367617237,/wynton/group/sali/vipul/xray/matthew/multixray/sample_bench/out/277_native_5_t3000/2/output_435/pdbs/408.pdb,5.054665892983588,4.994866649050631,0.1966069888885814,10.04953254203422,0.2159533212577508,37424.28234568574,0.3241240687513537,0.4304941632382763,0.1897388365108596,0.6758759312486463,0.200314167158164,0.2293763975151385,435
622,0.4865152891408091,/wynton/group/sali/vipul/xray/matthew/multixray/sample_bench/out/277_native_5_t3000/2/output_807/pdbs/395.pdb,5.014598298166215,4.981003471128737,0.1808080239135361,9.995601769294952,0.2149316364349457,37461.01233444746,0.6091361117580282,0.5134847108591909,0.1865350063417782,0.3908638882419719,0.1932598621243369,0.2159600857255376,807
623,0.6262490246781615,/wynton/group/sali/vipul/xray/matthew/multixray/sample_bench/out/277_native_5_t3000/2/output_440/pdbs/438.pdb,5.00111659615761,4.953360863983001,0.1656774337421144,9.95447746014061,0.2015743567604529,37961.35414679763,0.3965686464739423,0.3737509753218385,0.1823027273873492,0.6034313535260577,0.1904845817549456,0.2067188237376842,440
624,0.928135376585784,/wynton/group/sali/vipul/xray/matthew/multixray/sample_bench/out/277_native_5_t3000/2/output_892/pdbs/387.pdb,5.00727580808968,5.121436366375825,0.1984211754549754,10.128712174465505,0.2520926274158108,37074.59912611884,0.5457033268215682,0.0718646234142159,0.2137658684919006,0.4542966731784317,0.1903998409824755,0.2158412346479255,892
625,0.8627526642701284,/wynton/group/sali/vipul/xray/matthew/multixray/sample_bench/out/277_native_5_t3000/2/output_392/pdbs/259.pdb,5.004123462528281,5.055327842352117,0.2061980376883129,10.059451304880398,0.2198098025563895,36141.78609111397,0.3811171230164395,0.1372473357298715,0.2037265936159827,0.6188828769835606,0.1885827160747519,0.209969658622757,392
626,0.2576124576078209,/wynton/group/sali/vipul/xray/matthew/multixray/sample_bench/out/277_native_5_t3000/2/output_648/pdbs/327.pdb,5.148409771137544,5.213653916376207,0.2416339168428553,10.36206368751375,0.2796228086998769,38298.36954356288,0.0308660379970872,0.7423875423921791,0.249960230254593,0.9691339620029128,0.2399130659274111,0.2543787985799516,648
627,0.0231018011929186,/wynton/group/sali/vipul/xray/matthew/multixray/sample_bench/out/277_native_5_t3000/2/output_296/pdbs/390.pdb,5.002381997657671,5.113318039364966,0.2081959147229863,10.115700037022638,0.2404444161656015,37067.638614194446,0.5010977630773218,0.9768981988070814,0.2163412091156704,0.4989022369226782,0.1879159970608685,0.2174265768711137,296
628,0.6669822392416073,/wynton/group/sali/vipul/xray/matthew/multixray/sample_bench/out/277_native_5_t3000/2/output_666/pdbs/433.pdb,4.996251825570763,4.966865423099046,0.1604147792843754,9.963117248669809,0.2048263153567505,37904.10813151584,0.3710327021278543,0.3330177607583927,0.1848579425542431,0.6289672978721457,0.1880152647955991,0.2069081272125386,666
629,0.5092658286989062,/wynton/group/sali/vipul/xray/matthew/multixray/sample_bench/out/277_native_5_t3000/2/output_841/pdbs/318.pdb,5.001432985925594,5.00417114844263,0.1816824983762025,10.005604134368223,0.2053483380340031,37427.81711982382,0.6354816694142953,0.4907341713010937,0.1928625322560688,0.3645183305857046,0.1910292414018996,0.2100630758859054,841
630,0.1724123314144371,/wynton/group/sali/vipul/xray/matthew/multixray/sample_bench/out/277_native_5_t3000/2/output_451/pdbs/496.pdb,5.019851603189747,5.05551719411687,0.2436819575729298,10.075368797306616,0.227049241603124,37751.01521469841,0.5002949009951925,0.8275876685855629,0.2055380930977534,0.4997050990048075,0.1959728784440259,0.2152127658857679,451
631,0.019868589807952,/wynton/group/sali/vipul/xray/matthew/multixray/sample_bench/out/277_native_5_t3000/2/output_736/pdbs/456.pdb,4.958986776382758,5.158574107101799,0.2295147341946718,10.117560883484558,0.2501987269196091,36678.00358423038,0.7177021160223146,0.980131410192048,0.2231750321702299,0.2822978839776853,0.1803164389228796,0.2010995465153368,736
632,0.4774307024029872,/wynton/group/sali/vipul/xray/matthew/multixray/sample_bench/out/277_native_5_t3000/2/output_947/pdbs/328.pdb,4.9979760700470015,5.002697912962412,0.1686171125272421,10.000673983009413,0.2094828372561622,37455.80771425304,0.3521757892440533,0.5225692975970129,0.1905922966781474,0.6478242107559467,0.1910589767211895,0.2018806605944063,947
633,0.4907378452408308,/wynton/group/sali/vipul/xray/matthew/multixray/sample_bench/out/277_native_5_t3000/2/output_589/pdbs/440.pdb,5.050491407298995,4.955708460921081,0.1940995672582323,10.006199868220076,0.2024866311038242,36553.11742964188,0.0893137713806282,0.5092621547591691,0.1816398027891453,0.9106862286193718,0.200016080444131,0.2220507773632436,589
634,0.4161801758814234,/wynton/group/sali/vipul/xray/matthew/multixray/sample_bench/out/277_native_5_t3000/2/output_103/pdbs/462.pdb,5.011986347767098,4.96775171097045,0.1904680413405545,9.97973805873755,0.2086609165258728,37174.77206416146,0.8134438994867434,0.5838198241185766,0.1835169864006675,0.1865561005132565,0.1933062284800964,0.2143673797743692,103
635,0.471838790723815,/wynton/group/sali/vipul/xray/matthew/multixray/sample_bench/out/277_native_5_t3000/2/output_469/pdbs/307.pdb,5.025792234010736,5.025220792674362,0.2080501611864992,10.051013026685098,0.2191776869906149,37322.156666714,0.4282473467005598,0.528161209276185,0.1963992017951477,0.5717526532994401,0.1958263863301791,0.212938818408989,469
636,0.9593082832415664,/wynton/group/sali/vipul/xray/matthew/multixray/sample_bench/out/277_native_5_t3000/2/output_386/pdbs/259.pdb,4.951350970963501,5.136662197066856,0.2059682302749338,10.088013168030358,0.2543850700220749,36818.42875341857,0.4020342577767475,0.0406917167584335,0.2181247612265299,0.5979657422232524,0.1787649147329914,0.199354042919481,386
637,0.4946345735214839,/wynton/group/sali/vipul/xray/matthew/multixray/sample_bench/out/277_native_5_t3000/2/output_823/pdbs/359.pdb,4.997111111661324,4.977239476224155,0.1679775099117326,9.974350587885478,0.2118772384099994,37691.58822273289,0.3283073541146563,0.5053654264785162,0.185668020407868,0.6716926458853437,0.1915474317395507,0.2154903986585479,823
638,0.7660485386836897,/wynton/group/sali/vipul/xray/matthew/multixray/sample_bench/out/277_native_5_t3000/2/output_347/pdbs/299.pdb,5.173012399527046,5.21006135262834,0.2609994753989101,10.383073752155386,0.2774853667832161,38625.05404169118,0.88748752850592,0.2339514613163102,0.2527460953754818,0.1125124714940799,0.2422722682663241,0.269582081678844,347
639,0.6993923547518583,/wynton/group/sali/vipul/xray/matthew/multixray/sample_bench/out/277_native_5_t3000/2/output_85/pdbs/379.pdb,5.142936640907281,5.169129753958029,0.2387683223295595,10.31206639486531,0.2658792159960245,38424.28655846397,0.8953606542631368,0.3006076452481416,0.2374519915669703,0.1046393457368632,0.2322610077564082,0.2540538087347092,85
640,0.3863012296557516,/wynton/group/sali/vipul/xray/matthew/multixray/sample_bench/out/277_native_5_t3000/2/output_880/pdbs/356.pdb,5.042706763014134,5.029801930752918,0.2262408188443837,10.072508693767052,0.2353180012998899,37881.70613488461,0.5122781159379493,0.6136987703442484,0.1956248643856205,0.4877218840620507,0.1997395132063178,0.2242280152540796,880
641,0.2612782762389549,/wynton/group/sali/vipul/xray/matthew/multixray/sample_bench/out/277_native_5_t3000/2/output_741/pdbs/352.pdb,4.978777425096252,4.9917900416119565,0.1753385401010563,9.970567466708209,0.2089936351225934,36941.9070496573,0.7174497697459126,0.7387217237610451,0.1872618275541434,0.2825502302540874,0.1843144680743228,0.2046255026328196,741
642,0.6695206553275025,/wynton/group/sali/vipul/xray/matthew/multixray/sample_bench/out/277_native_5_t3000/2/output_598/pdbs/307.pdb,5.008015691481607,4.939958061373204,0.2314289957694039,9.94797375285481,0.194801980019197,36954.57659252424,0.1959077900833453,0.3304793446724975,0.1777280968145805,0.8040922099166546,0.1898652588509131,0.2060484230020545,598
643,0.8522698395381264,/wynton/group/sali/vipul/xray/matthew/multixray/sample_bench/out/277_native_5_t3000/2/output_514/pdbs/437.pdb,5.034159985518546,5.05908691295825,0.1812161301556676,10.093246898476796,0.2366295507796049,37339.35742868586,0.5144432050870479,0.1477301604618736,0.2029315144821859,0.4855567949129521,0.1947354828108395,0.2228514047141589,514
644,0.4936787491092499,/wynton/group/sali/vipul/xray/matthew/multixray/sample_bench/out/277_native_5_t3000/2/output_664/pdbs/207.pdb,5.05113258956595,4.97736852682561,0.1835458467099494,10.02850111639156,0.2062152036203258,38242.33304172719,0.2117325187472581,0.5063212508907501,0.1840377664161886,0.7882674812527419,0.1993130977306415,0.2216457006944626,664
645,0.542391738935483,/wynton/group/sali/vipul/xray/matthew/multixray/sample_bench/out/277_native_5_t3000/2/output_922/pdbs/404.pdb,5.0331817608429485,5.007093753235454,0.2326988880188252,10.040275514078402,0.2192114259363113,37840.14913654469,0.4934702534117787,0.4576082610645169,0.1891082880427828,0.5065297465882213,0.1951835895269691,0.2203101212960251,922
646,0.2044593968410139,/wynton/group/sali/vipul/xray/matthew/multixray/sample_bench/out/277_native_5_t3000/2/output_353/pdbs/477.pdb,5.072949262915289,5.108372913768736,0.207768961158614,10.181322176684025,0.2435883398197312,37688.08731558962,0.3734171879261485,0.7955406031589861,0.2208921868906953,0.6265828120738515,0.2109621576126052,0.2299743245542333,353
647,0.5740183647236994,/wynton/group/sali/vipul/xray/matthew/multixray/sample_bench/out/277_native_5_t3000/2/output_726/pdbs/399.pdb,5.045863007450135,5.051027717488977,0.2025198035904186,10.096890724939112,0.2348334882448547,37725.32406224758,0.6188772375032048,0.4259816352763007,0.2016946406933073,0.3811227624967951,0.2026397768554443,0.2244022738897756,726
648,0.91171354259017,/wynton/group/sali/vipul/xray/matthew/multixray/sample_bench/out/277_native_5_t3000/2/output_900/pdbs/431.pdb,5.090944485109413,5.073587865274239,0.208878904451349,10.164532350383652,0.2304443119870913,35946.18883447428,0.0338533261496288,0.0882864574098301,0.201126824961578,0.9661466738503712,0.2071404575788263,0.225058025385424,900
649,0.9668165212575808,/wynton/group/sali/vipul/xray/matthew/multixray/sample_bench/out/277_native_5_t3000/2/output_273/pdbs/487.pdb,5.056914893495251,5.136823969077442,0.2153093002152071,10.193738862572694,0.2436492437780891,36280.10790391007,0.1587299927476206,0.0331834787424192,0.2198640811614812,0.8412700072523794,0.1998066373139717,0.2200139184950111,273
650,0.0873445550960059,/wynton/group/sali/vipul/xray/matthew/multixray/sample_bench/out/277_native_5_t3000/2/output_133/pdbs/291.pdb,4.98514825872577,5.071901888352661,0.1995343933070115,10.057050147078431,0.2207903312288403,36112.35501256146,0.5986238032267714,0.912655444903994,0.2062921456642119,0.4013761967732285,0.1855135903278381,0.2089077494904803,133
651,0.5425076556246814,/wynton/group/sali/vipul/xray/matthew/multixray/sample_bench/out/277_native_5_t3000/2/output_41/pdbs/334.pdb,5.036669309282098,5.007013642081249,0.1797226070275219,10.043682951363348,0.2064631297980456,37853.40549813894,0.4867187753901911,0.4574923443753185,0.1939096807835066,0.5132812246098089,0.1993335146778401,0.2136768992358578,41
652,0.2607755569435185,/wynton/group/sali/vipul/xray/matthew/multixray/sample_bench/out/277_native_5_t3000/2/output_887/pdbs/354.pdb,5.003040795751968,4.946264189076902,0.1691680185986381,9.94930498482887,0.2000544557228396,36782.568282499065,0.7261811145053273,0.7392244430564814,0.1789233655530981,0.2738188854946727,0.1868927729854623,0.2079172490375214,887
653,0.3500081101197188,/wynton/group/sali/vipul/xray/matthew/multixray/sample_bench/out/277_native_5_t3000/2/output_431/pdbs/331.pdb,5.099960926194886,5.087045391196027,0.1995451888552625,10.187006317390914,0.246486099486014,38348.25108445464,0.2165783373346723,0.6499918898802811,0.2127488287076793,0.7834216626653276,0.2190717385781433,0.2408530434280345,431
654,0.0665699151357981,/wynton/group/sali/vipul/xray/matthew/multixray/sample_bench/out/277_native_5_t3000/2/output_983/pdbs/355.pdb,4.973353703764298,5.075847908073095,0.185698837164967,10.049201611837393,0.2353188270871023,36210.80464974873,0.6023294756369441,0.933430084864202,0.2027057990580681,0.397670524363056,0.1806731284748713,0.2071352222949104,983
655,0.0983131905797565,/wynton/group/sali/vipul/xray/matthew/multixray/sample_bench/out/277_native_5_t3000/2/output_445/pdbs/320.pdb,5.15710148070401,5.150940999970158,0.2391520926285181,10.308042480674168,0.2568726459937738,38116.46811667452,0.3398037489316135,0.9016868094202436,0.2351266139729532,0.6601962510683865,0.2299390707207504,0.2553451467320459,445
656,0.3771071648879767,/wynton/group/sali/vipul/xray/matthew/multixray/sample_bench/out/277_native_5_t3000/2/output_804/pdbs/357.pdb,5.027764100818743,5.000038087599106,0.2150888179624416,10.027802188417848,0.2138488381459568,37367.672588735535,0.5316715539101174,0.6228928351120233,0.1893498932963391,0.4683284460898825,0.1945401880919065,0.2108669641405839,804
657,0.5021260676504322,/wynton/group/sali/vipul/xray/matthew/multixray/sample_bench/out/277_native_5_t3000/2/output_123/pdbs/344.pdb,5.117179592868857,4.9755141433133225,0.1797378542738675,10.09269373618218,0.2017652631541861,36787.05339023171,0.9341493529898957,0.4978739323495678,0.1856373332308592,0.0658506470101045,0.2155732149884338,0.2406400845327638,123
658,0.2655482366199659,/wynton/group/sali/vipul/xray/matthew/multixray/sample_bench/out/277_native_5_t3000/2/output_408/pdbs/388.pdb,5.081922682324068,5.043945509064828,0.1835676231651047,10.125868191388896,0.2289525954785558,37312.03339835408,0.4020809618270259,0.734451763380034,0.2039253736819409,0.5979190381729741,0.2087444806597143,0.237134614032823,408
659,0.195452881616763,/wynton/group/sali/vipul/xray/matthew/multixray/sample_bench/out/277_native_5_t3000/2/output_276/pdbs/411.pdb,5.074251965556938,5.052294744519322,0.193196684144307,10.126546710076259,0.2349679956234531,37644.34329299518,0.4986938804173589,0.804547118383237,0.2034973629499595,0.501306119582641,0.2058116775764519,0.2330043523324005,276
660,0.5429379307262072,/wynton/group/sali/vipul/xray/matthew/multixray/sample_bench/out/277_native_5_t3000/2/output_176/pdbs/438.pdb,4.97394059287003,4.939476260315146,0.1756705269936634,9.913416853185176,0.196936079405753,37612.90880818654,0.2853460324847173,0.4570620692737928,0.1789971640421771,0.7146539675152828,0.1835824383136852,0.198830006902295,176
661,0.3430595868605456,/wynton/group/sali/vipul/xray/matthew/multixray/sample_bench/out/277_native_5_t3000/2/output_91/pdbs/476.pdb,4.981890154296636,4.963867508446407,0.1686783137106554,9.945757662743043,0.2015104031066694,37131.437736380736,0.7452570312761821,0.6569404131394544,0.1846720220419519,0.2547429687238178,0.1874090104676531,0.1991331226413639,91
662,0.8748655897300247,/wynton/group/sali/vipul/xray/matthew/multixray/sample_bench/out/277_native_5_t3000/2/output_729/pdbs/353.pdb,5.024002765650949,5.071838761277795,0.1755596530906341,10.095841526928744,0.2231094162703011,37632.14469893069,0.5262745478383644,0.1251344102699752,0.2085022533227933,0.4737254521616356,0.1948923966192619,0.212664684092784,729
663,0.3005800262855777,/wynton/group/sali/vipul/xray/matthew/multixray/sample_bench/out/277_native_5_t3000/2/output_156/pdbs/388.pdb,4.998492498294588,4.99186013547587,0.1855581796654734,9.990352633770458,0.2080952518001287,37449.56242136745,0.6265497693297458,0.6994199737144223,0.1907411621158668,0.3734502306702542,0.1902587751955804,0.2095319048292832,156
664,0.7211067949015592,/wynton/group/sali/vipul/xray/matthew/multixray/sample_bench/out/277_native_5_t3000/2/output_66/pdbs/392.pdb,5.103423339330592,5.111867547755393,0.2177431978956154,10.215290887085985,0.2455522170301598,37827.268965955416,0.7215091100811032,0.2788932050984408,0.2215638864434664,0.2784908899188968,0.2180855338108698,0.2444257461774729,66
665,0.0013731366830034,/wynton/group/sali/vipul/xray/matthew/multixray/sample_bench/out/277_native_5_t3000/2/output_390/pdbs/424.pdb,5.004387603380447,5.130073863301623,0.2106629383455374,10.13446146668207,0.2459527206689579,37209.776939538206,0.5905075575012092,0.9986268633169966,0.2171165382318954,0.4094924424987908,0.1904966034823496,0.2146914823664905,390
666,0.3974309867366921,/wynton/group/sali/vipul/xray/matthew/multixray/sample_bench/out/277_native_5_t3000/2/output_172/pdbs/238.pdb,5.050129616919707,5.067216882118155,0.2608371962559954,10.117346499037861,0.2316403023256506,37212.20010790125,0.3312895473066401,0.6025690132633079,0.205571791945876,0.6687104526933599,0.2052863373637568,0.2214124408587769,172
667,0.0535409027945934,/wynton/group/sali/vipul/xray/matthew/multixray/sample_bench/out/277_native_5_t3000/2/output_404/pdbs/224.pdb,5.064913343791209,5.139596218203236,0.1926215447435399,10.204509561994445,0.2531699502181099,37106.70712212541,0.4478368767777489,0.9464590972054066,0.2254692245623418,0.552163123222251,0.2045013624212507,0.2296134540712417,404
668,0.399870436498503,/wynton/group/sali/vipul/xray/matthew/multixray/sample_bench/out/277_native_5_t3000/2/output_455/pdbs/305.pdb,4.980315682786371,4.960406428573193,0.1983380578687171,9.940722111359563,0.193639142366886,36523.43173221812,0.7764259874299424,0.6001295635014969,0.1798856703835431,0.2235740125700576,0.1845380061156348,0.2023290672120303,455
669,0.6026389001754943,/wynton/group/sali/vipul/xray/matthew/multixray/sample_bench/out/277_native_5_t3000/2/output_722/pdbs/267.pdb,4.991375908668678,4.96118269841178,0.1922448924235842,9.952558607080459,0.2057672817261658,36385.07541982569,0.3022742477541312,0.3973610998245058,0.181068720841003,0.6977257522458687,0.1888906852874739,0.2079914585438997,722
670,0.929009936620468,/wynton/group/sali/vipul/xray/matthew/multixray/sample_bench/out/277_native_5_t3000/2/output_362/pdbs/378.pdb,5.063866128025305,5.065640789600653,0.2104298222281714,10.129506917625957,0.2250528312875582,36282.38259144634,0.0692070091279158,0.070990063379532,0.1995266202068225,0.930792990872084,0.1994167325545131,0.2212465071395394,362
671,0.7927000254741436,/wynton/group/sali/vipul/xray/matthew/multixray/sample_bench/out/277_native_5_t3000/2/output_639/pdbs/355.pdb,5.06081405996062,5.062921106542003,0.199950896046175,10.123735166502623,0.230617114664211,37231.11630671443,0.4879664262188968,0.2072999745258563,0.2058024073441977,0.5120335737811033,0.2043730185402572,0.2204643052715277,639
672,0.301675215998601,/wynton/group/sali/vipul/xray/matthew/multixray/sample_bench/out/277_native_5_t3000/2/output_961/pdbs/471.pdb,5.066896405053665,4.938825412780169,0.1816484068638464,10.005721817833834,0.1967729415352549,36720.44497603309,0.8733219019930442,0.6983247840013991,0.1749794059518178,0.1266780980069558,0.2001660094586173,0.2235856122801472,961
673,0.8801733018382278,/wynton/group/sali/vipul/xray/matthew/multixray/sample_bench/out/277_native_5_t3000/2/output_424/pdbs/430.pdb,4.983075797605623,5.077054104326138,0.2125159598837969,10.060129901931761,0.2317908794468534,37013.05476996308,0.171443187849656,0.1198266981617721,0.200961451563816,0.8285568121503439,0.1825904746247994,0.207453589367441,424
674,0.0914033007632645,/wynton/group/sali/vipul/xray/matthew/multixray/sample_bench/out/277_native_5_t3000/2/output_809/pdbs/314.pdb,5.137879503526001,5.1106923001574565,0.1829257793706425,10.248571803683458,0.2507850259240199,38171.08094919886,0.3430390461953135,0.9085966992367356,0.2239830170708113,0.6569609538046864,0.2252985801624942,0.2473763131390193,809
675,0.8083813409587278,/wynton/group/sali/vipul/xray/matthew/multixray/sample_bench/out/277_native_5_t3000/2/output_824/pdbs/346.pdb,5.083341572989257,5.110623994457028,0.1979284325962909,10.193965567446284,0.2479393863769054,36034.07196037553,0.0845216699729529,0.1916186590412722,0.2127564656193687,0.915478330027047,0.2089046778612502,0.2310523409185044,824
676,0.7525327610737546,/wynton/group/sali/vipul/xray/matthew/multixray/sample_bench/out/277_native_5_t3000/2/output_222/pdbs/354.pdb,5.0081853128890055,4.978430940619573,0.2093186592852399,9.98661625350858,0.2119868194090535,36897.16401937681,0.4246202414118618,0.2474672389262454,0.1862179396661448,0.5753797585881382,0.1889661678587135,0.215563770870312,222
677,0.0508307933637833,/wynton/group/sali/vipul/xray/matthew/multixray/sample_bench/out/277_native_5_t3000/2/output_608/pdbs/387.pdb,5.077442994051628,5.124616656929711,0.1992835105861224,10.20205965098134,0.247571513982916,37531.75542410531,0.3781506659885323,0.9491692066362166,0.2241137155076279,0.6218493340114676,0.2101183332631745,0.2369853177844519,608
678,0.6843751927844433,/wynton/group/sali/vipul/xray/matthew/multixray/sample_bench/out/277_native_5_t3000/2/output_0/pdbs/447.pdb,5.068835586153318,5.021721316315987,0.1965653568582497,10.090556902469306,0.2237071807944029,37124.20199843325,0.5094427441920488,0.3156248072155567,0.1995675297886791,0.4905572558079512,0.2076960177738298,0.2288712418286306,0
679,0.4189156873964231,/wynton/group/sali/vipul/xray/matthew/multixray/sample_bench/out/277_native_5_t3000/2/output_894/pdbs/377.pdb,5.000018785999925,5.000563217119614,0.2289147956821154,10.00058200311954,0.211171903465834,36971.03447355099,0.5296806506379278,0.581084312603577,0.1911850176857129,0.4703193493620722,0.1906051757146613,0.2116242024614927,894
680,0.402741110401328,/wynton/group/sali/vipul/xray/matthew/multixray/sample_bench/out/277_native_5_t3000/2/output_558/pdbs/458.pdb,5.032378269336255,5.040537771144504,0.1747414198167771,10.07291604048076,0.2297974211455973,37438.66843509072,0.4648741544589617,0.597258889598672,0.1998970124779224,0.5351258455410383,0.1985869122905842,0.2175845595411144,558
681,0.5321082591040743,/wynton/group/sali/vipul/xray/matthew/multixray/sample_bench/out/277_native_5_t3000/2/output_911/pdbs/296.pdb,5.127883386249483,5.005673187129065,0.2002719526117602,10.133556573378549,0.2140180084723607,36574.5411220586,0.8961014662780091,0.4678917408959256,0.1933681374803634,0.1038985337219908,0.2208535554715072,0.2464479201315606,911
682,0.5295776542870912,/wynton/group/sali/vipul/xray/matthew/multixray/sample_bench/out/277_native_5_t3000/2/output_215/pdbs/288.pdb,5.013993527154514,5.001210226282389,0.1728279573398211,10.015203753436904,0.2113809832042663,37558.407713302426,0.3324465240310905,0.4704223457129088,0.1898488652086827,0.6675534759689096,0.1922247001957806,0.2048452485394486,215
683,0.2031797431267246,/wynton/group/sali/vipul/xray/matthew/multixray/sample_bench/out/277_native_5_t3000/2/output_670/pdbs/282.pdb,5.019089051898251,5.05430899296848,0.2066181172494089,10.073398044866732,0.2260835852447671,38191.37112928121,0.4913025598658639,0.7968202568732754,0.2017316519599521,0.5086974401341361,0.1937559157007229,0.2148478353340922,670
684,0.7068951849766208,/wynton/group/sali/vipul/xray/matthew/multixray/sample_bench/out/277_native_5_t3000/2/output_903/pdbs/263.pdb,5.069321735805167,5.088262232116913,0.1781896097329524,10.15758396792208,0.2304650893387759,38004.48831242111,0.692372583997422,0.2931048150233791,0.2169385287195924,0.307627416002578,0.2097579726492442,0.2239959955032602,903
685,0.2579411059537038,/wynton/group/sali/vipul/xray/matthew/multixray/sample_bench/out/277_native_5_t3000/2/output_694/pdbs/444.pdb,5.138353264852816,5.080623810010309,0.2061124419312849,10.218977074863124,0.2451336265964872,38206.97546708901,0.3641873899835494,0.7420588940462963,0.2140170631115903,0.6358126100164506,0.2242284158375379,0.2516435529746901,694
686,0.5279774684261513,/wynton/group/sali/vipul/xray/matthew/multixray/sample_bench/out/277_native_5_t3000/2/output_883/pdbs/417.pdb,5.030896136135031,4.995526322741655,0.1955939983150733,10.026422458876684,0.214113348163515,36649.30931211212,0.6498117778538068,0.4720225315738487,0.1900939060594449,0.3501882221461931,0.1952515211543605,0.2188240528691544,883
687,0.4463428412188919,/wynton/group/sali/vipul/xray/matthew/multixray/sample_bench/out/277_native_5_t3000/2/output_434/pdbs/454.pdb,5.0689560598811525,5.037960078252263,0.2047986072260626,10.106916138133416,0.2251854386326596,37502.840547454405,0.263916431874963,0.5536571587811081,0.2006529020345747,0.736083568125037,0.2089020975896098,0.2331583977639489,434
688,0.6321867537888156,/wynton/group/sali/vipul/xray/matthew/multixray/sample_bench/out/277_native_5_t3000/2/output_432/pdbs/244.pdb,5.039183024182084,4.982642512666309,0.1689556535617009,10.021825536848393,0.2110991138952935,37178.67554526874,0.319782911148986,0.3678132462111844,0.1897444942602847,0.680217088851014,0.2010501319964632,0.2085379131442321,432
689,0.9038458993323352,/wynton/group/sali/vipul/xray/matthew/multixray/sample_bench/out/277_native_5_t3000/2/output_963/pdbs/383.pdb,4.925086513387666,5.062250058610823,0.1893199295485377,9.987336571998489,0.2210274486972374,36519.1893251482,0.317415343038731,0.0961541006676648,0.1993485386230231,0.682584656961269,0.172389568997534,0.1924248788599696,963
690,0.9089537122651608,/wynton/group/sali/vipul/xray/matthew/multixray/sample_bench/out/277_native_5_t3000/2/output_863/pdbs/456.pdb,5.154198933343475,5.151355757775133,0.2882957128333029,10.305554691118608,0.2663390131695177,37950.98266097177,0.686481703439891,0.0910462877348391,0.2316479111606167,0.313518296560109,0.2289091033889434,0.2543566263277322,863
691,0.2524085749795685,/wynton/group/sali/vipul/xray/matthew/multixray/sample_bench/out/277_native_5_t3000/2/output_199/pdbs/317.pdb,4.99405474138557,4.957713874233823,0.170122622290715,9.951768615619393,0.2083683916501957,36324.26914385308,0.728776454656249,0.7475914250204314,0.182148710663455,0.271223545343751,0.185970354714085,0.2128312283731747,199
692,0.377163264516401,/wynton/group/sali/vipul/xray/matthew/multixray/sample_bench/out/277_native_5_t3000/2/output_490/pdbs/232.pdb,4.946301440146967,4.961474421618027,0.2005742951632051,9.907775861764993,0.197456422076705,37124.31352932784,0.6254045990097781,0.622836735483599,0.1831871556756137,0.3745954009902219,0.1784377903601803,0.197978925968687,490
693,0.7920782596645332,/wynton/group/sali/vipul/xray/matthew/multixray/sample_bench/out/277_native_5_t3000/2/output_989/pdbs/378.pdb,5.068612835665531,5.036161018925654,0.2084224190105602,10.104773854591185,0.2220634765621524,36253.7795035473,0.0895463458343371,0.2079217403354669,0.1969391931168364,0.9104536541656628,0.2050189384348934,0.2181542768761622,989
694,0.6513734191643433,/wynton/group/sali/vipul/xray/matthew/multixray/sample_bench/out/277_native_5_t3000/2/output_283/pdbs/175.pdb,5.1417773897675065,5.077086279593693,0.1984682301845365,10.218863669361198,0.2358518603034988,37585.29822594689,0.967988584855828,0.3486265808356567,0.2105036454787056,0.032011415144172,0.2267875113635475,0.2496574012305303,283
695,0.8248054829856023,/wynton/group/sali/vipul/xray/matthew/multixray/sample_bench/out/277_native_5_t3000/2/output_697/pdbs/195.pdb,5.134769292651804,5.151597890624006,0.2068964770780105,10.28636718327581,0.2609085329911424,37871.382469969525,0.7080890199709673,0.1751945170143976,0.233201918568504,0.2919109800290326,0.231137173635104,0.2495710353493933,697
696,0.738387396440933,/wynton/group/sali/vipul/xray/matthew/multixray/sample_bench/out/277_native_5_t3000/2/output_459/pdbs/392.pdb,5.096435521663038,5.0544330161001945,0.1969355739625913,10.150868537763232,0.2273190353501753,37664.49689705437,0.5911608752741596,0.261612603559067,0.2036999016614969,0.4088391247258405,0.2140993102972846,0.2377335494569441,459
697,0.5338671234215226,/wynton/group/sali/vipul/xray/matthew/multixray/sample_bench/out/277_native_5_t3000/2/output_860/pdbs/379.pdb,5.070685436983618,5.072162685093028,0.2369219582701213,10.142848122076646,0.2395340493628471,37965.7567523153,0.5692053145327777,0.4661328765784773,0.2108731417302194,0.4307946854672224,0.2093895926312879,0.2318989265388438,860
698,0.9192508081376086,/wynton/group/sali/vipul/xray/matthew/multixray/sample_bench/out/277_native_5_t3000/2/output_500/pdbs/259.pdb,4.977785132436113,5.0915140509445145,0.1947356307542048,10.069299183380627,0.2364561747488522,36337.34476877761,0.3621752508487643,0.0807491918623913,0.2075652874431127,0.6378247491512357,0.1821932744094943,0.205043583980997,500
699,0.6299233856073173,/wynton/group/sali/vipul/xray/matthew/multixray/sample_bench/out/277_native_5_t3000/2/output_732/pdbs/473.pdb,5.076820139355272,4.971107723984083,0.2084261651016946,10.047927863339355,0.2151930996367013,37301.80427174514,0.2266746074084407,0.3700766143926827,0.1868367272500804,0.7733253925915593,0.2083067544971604,0.2322365500778508,732
700,0.5293029175604644,/wynton/group/sali/vipul/xray/matthew/multixray/sample_bench/out/277_native_5_t3000/2/output_677/pdbs/394.pdb,5.010183789148969,5.012693552994696,0.2062165024368478,10.022877342143666,0.2214916681791457,36429.56063638416,0.3243466174738427,0.4706970824395355,0.1929137128578187,0.6756533825261574,0.1920306563680836,0.2227901829393495,677
701,0.3581369840257854,/wynton/group/sali/vipul/xray/matthew/multixray/sample_bench/out/277_native_5_t3000/2/output_767/pdbs/256.pdb,5.018186795392425,4.963621044740922,0.2092541741885882,9.981807840133346,0.2118606986433959,36909.82895742333,0.6064331421136353,0.6418630159742147,0.1835313995859393,0.3935668578863646,0.1920638208150244,0.2141581831929156,767
702,0.5611707926456176,/wynton/group/sali/vipul/xray/matthew/multixray/sample_bench/out/277_native_5_t3000/2/output_3/pdbs/488.pdb,5.0545499705839605,5.012334262062288,0.1870278019227049,10.066884232646249,0.2201959059217165,36987.3229122242,0.5190007002476701,0.4388292073543823,0.1944986909618648,0.4809992997523298,0.2019175261774458,0.2157563161082422,3
703,0.3620464495617889,/wynton/group/sali/vipul/xray/matthew/multixray/sample_bench/out/277_native_5_t3000/2/output_162/pdbs/371.pdb,5.000414053610479,4.968437305632927,0.171287531347756,9.968851359243406,0.207602650934014,37237.06015579485,0.6651207488894845,0.637953550438211,0.1815861608268215,0.3348792511105155,0.1886147252148761,0.2104315929168968,162
704,0.6661851120614969,/wynton/group/sali/vipul/xray/matthew/multixray/sample_bench/out/277_native_5_t3000/2/output_921/pdbs/406.pdb,5.111453328044651,4.957842276358223,0.1948021126151971,10.069295604402875,0.2009701755179604,37308.96051177771,0.0511110770179883,0.3338148879385031,0.1811901936156298,0.9488889229820116,0.2119343521509592,0.2374055549709592,921
705,0.4911795710056668,/wynton/group/sali/vipul/xray/matthew/multixray/sample_bench/out/277_native_5_t3000/2/output_256/pdbs/455.pdb,5.152600664579395,4.978898008612324,0.1952299646571563,10.131498673191718,0.2084802649515816,36653.67623820868,0.0121330142802765,0.5088204289943332,0.1880037401467854,0.9878669857197236,0.2271646662313461,0.2480009678819636,256
706,0.5084727608682296,/wynton/group/sali/vipul/xray/matthew/multixray/sample_bench/out/277_native_5_t3000/2/output_290/pdbs/317.pdb,5.091430501759133,5.021062876478503,0.1691291409661061,10.112493378237636,0.2285510227925196,36937.06772336423,0.9190218477094748,0.4915272391317705,0.195767921417797,0.0809781522905251,0.2095384608797393,0.2413421768383823,290
707,0.6960886927941465,/wynton/group/sali/vipul/xray/matthew/multixray/sample_bench/out/277_native_5_t3000/2/output_311/pdbs/230.pdb,5.053036208006291,5.066715526044526,0.2019784607520862,10.119751734050816,0.2369701979868584,37837.81857647157,0.6347630256980177,0.3039113072058535,0.2093018533962939,0.3652369743019824,0.2040275026303979,0.2295390885766743,311
708,0.4645389462841008,/wynton/group/sali/vipul/xray/matthew/multixray/sample_bench/out/277_native_5_t3000/2/output_211/pdbs/454.pdb,5.12920129201347,5.018877356027932,0.2073434330565358,10.148078648041402,0.2182549545465493,37086.51971057596,0.0531697696144886,0.5354610537158991,0.1968028675489266,0.9468302303855114,0.2191123243245396,0.2443157619934753,211
709,0.5914249379813978,/wynton/group/sali/vipul/xray/matthew/multixray/sample_bench/out/277_native_5_t3000/2/output_433/pdbs/365.pdb,5.112596178299493,5.054791774169154,0.2191800380788507,10.167387952468648,0.2283742551044327,37709.67174915675,0.8565389280532621,0.4085750620186021,0.2023403646610855,0.1434610719467379,0.2204090110290213,0.2448650511290336,433
710,0.2802473026196657,/wynton/group/sali/vipul/xray/matthew/multixray/sample_bench/out/277_native_5_t3000/2/output_5/pdbs/460.pdb,5.105413885046593,5.1595595726437935,0.1828471552270299,10.264973457690386,0.2689917416528676,38145.3358281727,0.2252009014292938,0.7197526973803343,0.2328701579303521,0.7747990985707062,0.2237545993891996,0.2395928414241666,5
711,0.4755994133825872,/wynton/group/sali/vipul/xray/matthew/multixray/sample_bench/out/277_native_5_t3000/2/output_21/pdbs/369.pdb,5.061268297090788,5.02283454418831,0.1945827048098338,10.084102841279098,0.2162350815995455,37796.927920562055,0.2763168153204463,0.5244005866174128,0.1974901590858731,0.7236831846795537,0.2073423741636386,0.2256906470114716,21
712,0.5026431550320032,/wynton/group/sali/vipul/xray/matthew/multixray/sample_bench/out/277_native_5_t3000/2/output_250/pdbs/298.pdb,5.095576453881225,5.002085594337395,0.193457646829796,10.09766204821862,0.2149005749204612,37326.33124514809,0.8896267221786035,0.4973568449679968,0.1919300329322638,0.1103732778213965,0.2111735892726328,0.23545898646785,250
713,0.4116676766305217,/wynton/group/sali/vipul/xray/matthew/multixray/sample_bench/out/277_native_5_t3000/2/output_888/pdbs/462.pdb,5.025760118168262,5.045016436267202,0.1719447230254022,10.070776554435465,0.2317017944295564,37203.81842623888,0.2789406976611845,0.5883323233694783,0.2001494253339663,0.7210593023388154,0.1956252594601344,0.2222246629254451,888
714,0.5740976409927517,/wynton/group/sali/vipul/xray/matthew/multixray/sample_bench/out/277_native_5_t3000/2/output_219/pdbs/411.pdb,5.007505647416957,4.939293429964216,0.1681789599902471,9.946799077381172,0.195562015450832,37002.42233279961,0.2753663469366683,0.4259023590072483,0.1786716288526449,0.7246336530633317,0.1899444613109783,0.2046503559500793,219
715,0.1336759754337931,/wynton/group/sali/vipul/xray/matthew/multixray/sample_bench/out/277_native_5_t3000/2/output_658/pdbs/340.pdb,5.01465603715025,5.086551097018228,0.1989987084011128,10.10120713416848,0.2375428643099406,36936.79304599058,0.5179952396020376,0.8663240245662069,0.2100776591990728,0.4820047603979623,0.1915542638183541,0.2216235589776457,658
716,0.5208530090234695,/wynton/group/sali/vipul/xray/matthew/multixray/sample_bench/out/277_native_5_t3000/2/output_774/pdbs/337.pdb,5.021593107823928,4.981819664773346,0.2035088949662122,10.003412772597274,0.2176395862448034,37444.35705373613,0.4369985146224144,0.4791469909765304,0.1840605494462132,0.5630014853775855,0.1936776053236653,0.2168105426082015,774
717,0.8571863314657925,/wynton/group/sali/vipul/xray/matthew/multixray/sample_bench/out/277_native_5_t3000/2/output_625/pdbs/330.pdb,5.020286282457456,5.006143387010511,0.2105738846820712,10.026429669467968,0.2094764425193268,37047.70527206591,0.4833596300135992,0.1428136685342075,0.1933755286459988,0.5166403699864007,0.1937410880678057,0.2098458135904257,625
718,0.4509131535009101,/wynton/group/sali/vipul/xray/matthew/multixray/sample_bench/out/277_native_5_t3000/2/output_340/pdbs/398.pdb,5.027065494967172,5.012991478895293,0.1819771193762885,10.040056973862464,0.218937003919999,37707.101555419584,0.3807578087422626,0.5490868464990899,0.1953917536985282,0.6192421912577374,0.1953234955698425,0.2168576330931571,340
719,0.4462141270544217,/wynton/group/sali/vipul/xray/matthew/multixray/sample_bench/out/277_native_5_t3000/2/output_262/pdbs/279.pdb,5.023378479849423,4.951240062813056,0.1967135831391525,9.97461854266248,0.2009224764137534,37152.428323566535,0.8238550042214193,0.5537858729455782,0.1797998712047058,0.1761449957785806,0.1939707831105334,0.213692436251439,262
720,0.1770195499897418,/wynton/group/sali/vipul/xray/matthew/multixray/sample_bench/out/277_native_5_t3000/2/output_957/pdbs/476.pdb,4.986138363233071,5.002163464811319,0.2197356021707351,9.988301828044388,0.2103407879031191,36985.15820210488,0.5576700511417096,0.8229804500102581,0.1914498535968924,0.4423299488582903,0.1862497358499877,0.2045097566569474,957
721,0.3696510214280643,/wynton/group/sali/vipul/xray/matthew/multixray/sample_bench/out/277_native_5_t3000/2/output_279/pdbs/290.pdb,4.980082606537147,4.928210357245355,0.1716684595553192,9.908292963782502,0.186935976471734,36510.31559020669,0.6670813681242822,0.6303489785719357,0.175451718388831,0.3329186318757178,0.1839919998078895,0.1916925789536934,279
722,0.539747755082229,/wynton/group/sali/vipul/xray/matthew/multixray/sample_bench/out/277_native_5_t3000/2/output_867/pdbs/190.pdb,5.0589147536730845,4.983324122588645,0.1945389514504212,10.04223887626173,0.2112339569686938,37216.81984365011,0.6398074416787127,0.460252244917771,0.1880503270207576,0.3601925583212873,0.2015844026222293,0.2249566838289594,867
723,0.0058637107122522,/wynton/group/sali/vipul/xray/matthew/multixray/sample_bench/out/277_native_5_t3000/2/output_140/pdbs/403.pdb,4.950861123643317,5.13087410096998,0.1991443326225874,10.081735224613297,0.2425672714844884,36578.47578435492,0.7355429584268335,0.9941362892877478,0.2140171801385988,0.2644570415731664,0.1771585211378983,0.1997487956503258,140
724,0.1577952264696586,/wynton/group/sali/vipul/xray/matthew/multixray/sample_bench/out/277_native_5_t3000/2/output_164/pdbs/450.pdb,5.02560065915378,5.051742748347287,0.16698549557637,10.077343407501068,0.22769325282679,37326.50853252443,0.4950626169742063,0.8422047735303413,0.2013893716281418,0.5049373830257937,0.1927107461120821,0.2204660406258591,164
725,0.1394218502399135,/wynton/group/sali/vipul/xray/matthew/multixray/sample_bench/out/277_native_5_t3000/2/output_50/pdbs/180.pdb,5.2025218208424615,5.235502785766771,0.3784102569533929,10.438024606609233,0.3018965713526635,38683.40454133564,0.1402151782525142,0.8605781497600864,0.2621014468280548,0.8597848217474857,0.2541879945232148,0.285091671474306,50
726,0.4050814737318409,/wynton/group/sali/vipul/xray/matthew/multixray/sample_bench/out/277_native_5_t3000/2/output_402/pdbs/388.pdb,5.04962114739142,4.985273285765608,0.2100999841521378,10.034894433157028,0.2111413432053332,37012.64719762763,0.7214308890339253,0.5949185262681591,0.1889769377146894,0.2785691109660747,0.2021312238718846,0.2182703240983941,402
727,0.4210194220607601,/wynton/group/sali/vipul/xray/matthew/multixray/sample_bench/out/277_native_5_t3000/2/output_653/pdbs/464.pdb,5.037835480257603,5.029635777955299,0.1714915979322154,10.067471258212901,0.2221064591638301,37400.90431813574,0.3855570386408469,0.5789805779392398,0.1978407244682787,0.6144429613591532,0.19868500732793,0.22473826760804,653
728,0.2375538914990939,/wynton/group/sali/vipul/xray/matthew/multixray/sample_bench/out/277_native_5_t3000/2/output_43/pdbs/421.pdb,5.071335667601431,4.984018273968447,0.1832485243591989,10.055353941569878,0.2078288604940483,36856.62176413511,0.7512615645464469,0.7624461085009061,0.1854879535403674,0.2487384354535531,0.2013549926427829,0.2289846666944859,43
729,0.3677982162698184,/wynton/group/sali/vipul/xray/matthew/multixray/sample_bench/out/277_native_5_t3000/2/output_716/pdbs/359.pdb,5.004219815726054,4.953509221283415,0.1783212792388285,9.957729037009468,0.1986882220679055,37048.96680003338,0.6979715167890963,0.6322017837301815,0.1793353225882882,0.3020284832109037,0.1885947744639347,0.2108385776350139,716
730,0.2098841272615693,/wynton/group/sali/vipul/xray/matthew/multixray/sample_bench/out/277_native_5_t3000/2/output_169/pdbs/225.pdb,5.110429051453216,5.047753194731188,0.1826340013945199,10.158182246184403,0.2205891988359575,37333.217012178815,0.3619848717906498,0.7901158727384306,0.2058020102084514,0.6380151282093501,0.2154104789939726,0.2417312601832257,169
731,0.7051680861005805,/wynton/group/sali/vipul/xray/matthew/multixray/sample_bench/out/277_native_5_t3000/2/output_548/pdbs/457.pdb,5.093793543490948,5.046721978568852,0.2118424866393776,10.1405155220598,0.2239338922521176,37502.23826224037,0.7347352761692286,0.2948319138994195,0.2056913002640582,0.2652647238307713,0.2148613055327904,0.2327841709504896,548
732,0.175452511392963,/wynton/group/sali/vipul/xray/matthew/multixray/sample_bench/out/277_native_5_t3000/2/output_526/pdbs/488.pdb,5.099879926982336,5.079671535701498,0.1930095355693883,10.179551462683833,0.2366133483839815,37634.515298234604,0.4616402841910008,0.824547488607037,0.2126223962614114,0.5383597158089992,0.2126245831362461,0.2377145649236069,526
733,0.5429979232949896,/wynton/group/sali/vipul/xray/matthew/multixray/sample_bench/out/277_native_5_t3000/2/output_480/pdbs/221.pdb,5.02125468707999,4.957824417207559,0.1767796748111663,9.97907910428755,0.2010370157831519,37146.05894469621,0.4179900125932561,0.4570020767050103,0.1849665642494123,0.5820099874067438,0.1951639184686528,0.2045766962944281,480
734,0.1735651206344672,/wynton/group/sali/vipul/xray/matthew/multixray/sample_bench/out/277_native_5_t3000/2/output_898/pdbs/398.pdb,5.052318268503351,5.0127215193217065,0.2267919255325919,10.065039787825057,0.2158056398558011,36989.8371657485,0.7623546391857714,0.8264348793655328,0.1951429177272955,0.2376453608142286,0.1982125602800333,0.2222625355967014,898
735,0.3918046515563884,/wynton/group/sali/vipul/xray/matthew/multixray/sample_bench/out/277_native_5_t3000/2/output_343/pdbs/483.pdb,5.076596495124528,5.064876330109121,0.1877096783496175,10.141472825233649,0.2265887568548506,37708.37414024227,0.3277451207064661,0.6081953484436117,0.2080481387915767,0.6722548792935339,0.2122827355633829,0.221806609306439,343
736,0.2791289911654746,/wynton/group/sali/vipul/xray/matthew/multixray/sample_bench/out/277_native_5_t3000/2/output_494/pdbs/404.pdb,4.977481707276213,5.004068438722899,0.170203329487633,9.981550145999112,0.2085590685472749,36117.255890362765,0.7063137415773715,0.7208710088345254,0.1906643577656823,0.2936862584226286,0.1860710618460471,0.1975574033946228,494
737,0.7332511098516775,/wynton/group/sali/vipul/xray/matthew/multixray/sample_bench/out/277_native_5_t3000/2/output_205/pdbs/457.pdb,5.141287482094554,4.982211056775336,0.1975357695467104,10.123498538869889,0.2041737182980771,36234.24880619534,0.0133282574618381,0.2667488901483225,0.1851894437216181,0.986671742538162,0.2191460115406976,0.2417792224039071,205
738,0.3550887761996137,/wynton/group/sali/vipul/xray/matthew/multixray/sample_bench/out/277_native_5_t3000/2/output_97/pdbs/472.pdb,5.042728701023208,4.945122096963903,0.2019634277262033,9.987850797987111,0.1960705101109432,36567.39838561306,0.8373731234279488,0.6449112238003863,0.1786656650631779,0.1626268765720512,0.1942160052805693,0.2170252510032269,97
739,0.5262446621635892,/wynton/group/sali/vipul/xray/matthew/multixray/sample_bench/out/277_native_5_t3000/2/output_443/pdbs/409.pdb,5.050424672024604,5.009783242261154,0.1993997682930795,10.060207914285758,0.211556358693809,37844.81277338195,0.7666011583921288,0.4737553378364108,0.1930682210292692,0.2333988416078711,0.2044445588935871,0.2217554065289179,443
740,0.3671826322702168,/wynton/group/sali/vipul/xray/matthew/multixray/sample_bench/out/277_native_5_t3000/2/output_428/pdbs/339.pdb,5.090620332723898,5.082930786154284,0.1700787551979741,10.173551118878182,0.2410344292493907,37402.71501977793,0.2289821763334073,0.6328173677297833,0.2123942585266666,0.7710178236665927,0.2140891628241638,0.2392622962507514,428
741,0.7375053035020317,/wynton/group/sali/vipul/xray/matthew/multixray/sample_bench/out/277_native_5_t3000/2/output_145/pdbs/179.pdb,5.05041881544904,5.036066171211456,0.2514311851400234,10.086484986660496,0.2345918959478952,37226.741159218895,0.5740740988426146,0.2624946964979683,0.1952604772187121,0.4259259011573853,0.1970971454202222,0.2300246674404859,145
742,0.9119289549183246,/wynton/group/sali/vipul/xray/matthew/multixray/sample_bench/out/277_native_5_t3000/2/output_9/pdbs/252.pdb,5.078346115158153,5.136444871201465,0.1909321059518481,10.214790986359617,0.2553387706658834,37538.88211376211,0.6335648260316825,0.0880710450816753,0.2265806736552826,0.3664351739683174,0.2119893387056183,0.2348797490117218,9
743,0.52399431026919,/wynton/group/sali/vipul/xray/matthew/multixray/sample_bench/out/277_native_5_t3000/2/output_351/pdbs/486.pdb,5.014248596146706,5.001684546731669,0.1846614365884897,10.015933142878374,0.2090931549218406,37788.72920065879,0.6218702161664496,0.47600568973081,0.192869001321461,0.3781297838335505,0.1923829529190939,0.2186525401483345,351
744,0.5297785867214991,/wynton/group/sali/vipul/xray/matthew/multixray/sample_bench/out/277_native_5_t3000/2/output_769/pdbs/190.pdb,4.99176491203343,5.009908725140652,0.17929412766885,10.001673637174083,0.2135454861665132,37556.67515024946,0.7346818277095939,0.4702214132785008,0.1943863659761903,0.2653181722904061,0.189917156276008,0.2109515650379186,769
745,0.0880880373933661,/wynton/group/sali/vipul/xray/matthew/multixray/sample_bench/out/277_native_5_t3000/2/output_672/pdbs/349.pdb,5.073800020102574,5.125862894265079,0.2094860429401418,10.199662914367654,0.2531303196408917,37737.10219120421,0.4120234922164326,0.911911962606634,0.2224248926170905,0.5879765077835675,0.2064633911769167,0.2331369488417385,672
746,0.6593070529118217,/wynton/group/sali/vipul/xray/matthew/multixray/sample_bench/out/277_native_5_t3000/2/output_369/pdbs/293.pdb,5.0896246508146925,5.112398252957446,0.1825726232073586,10.20202290377214,0.2462101629936809,37802.97985904984,0.8503483161832776,0.3406929470881784,0.2183522253494004,0.1496516838167224,0.2180543253124057,0.2379775668833832,369
747,0.665258044091167,/wynton/group/sali/vipul/xray/matthew/multixray/sample_bench/out/277_native_5_t3000/2/output_770/pdbs/216.pdb,5.1192860728460845,5.14652117967813,0.3713809826012836,10.265807252524215,0.2543439061090816,37620.35884486461,0.8009307524394134,0.3347419559088331,0.2307381710031319,0.1990692475605865,0.2249074342329769,0.2410888641729189,770
748,0.4678295204918121,/wynton/group/sali/vipul/xray/matthew/multixray/sample_bench/out/277_native_5_t3000/2/output_886/pdbs/302.pdb,5.021049737874125,5.020714667732279,0.1773981910918276,10.041764405606404,0.2174829460169098,37713.61956820825,0.2657393481089197,0.5321704795081879,0.1958533688368248,0.7342606518910803,0.1975141694139316,0.2155826263874015,886
749,0.5167775930829575,/wynton/group/sali/vipul/xray/matthew/multixray/sample_bench/out/277_native_5_t3000/2/output_422/pdbs/366.pdb,5.0045220743266485,5.011324259449792,0.2103676503871726,10.015846333776441,0.2088090629135182,37661.591471227344,0.6510642222721769,0.4832224069170426,0.193058448398201,0.3489357777278231,0.1910919883035632,0.2107676136256132,422
750,0.6350677170163126,/wynton/group/sali/vipul/xray/matthew/multixray/sample_bench/out/277_native_5_t3000/2/output_177/pdbs/441.pdb,5.066132929184482,5.050541323481921,0.1933516781366538,10.116674252666403,0.224842863245435,37768.82129506832,0.5588642170861093,0.3649322829836874,0.2013551252746763,0.4411357829138906,0.206372254043205,0.2260977803573725,177
751,0.7698347554180143,/wynton/group/sali/vipul/xray/matthew/multixray/sample_bench/out/277_native_5_t3000/2/output_58/pdbs/237.pdb,5.1779995061591455,5.214828292630103,0.2352451125637004,10.392827798789249,0.2828694616439072,37564.54937921064,0.9271379921908536,0.2301652445819857,0.2486205702251654,0.0728620078091462,0.2447171643914525,0.2665338985091626,58
752,0.9459007278283954,/wynton/group/sali/vipul/xray/matthew/multixray/sample_bench/out/277_native_5_t3000/2/output_622/pdbs/332.pdb,4.994533395474143,5.089273278213778,0.2056231380556323,10.08380667368792,0.2314622673917588,36479.39420802369,0.2220832205040512,0.0540992721716046,0.2063040175050598,0.7779167794959487,0.1834536050607734,0.2046663512750135,622
753,0.3656269883797322,/wynton/group/sali/vipul/xray/matthew/multixray/sample_bench/out/277_native_5_t3000/2/output_679/pdbs/307.pdb,5.067000471051814,5.029066316155228,0.2131114181414594,10.096066787207041,0.2195866833281896,37601.48173661559,0.4121815142750716,0.6343730116202678,0.1989363152483207,0.5878184857249283,0.207145961657076,0.226038001857026,679
754,0.685425801127972,/wynton/group/sali/vipul/xray/matthew/multixray/sample_bench/out/277_native_5_t3000/2/output_183/pdbs/464.pdb,5.04361323532687,5.006690213478314,0.2134497823392789,10.050303448805185,0.213774881413444,37740.64436845778,0.4602462114260349,0.314574198872028,0.1952131203632848,0.5397537885739652,0.201597053690441,0.2222298228827498,183
755,0.516619105686304,/wynton/group/sali/vipul/xray/matthew/multixray/sample_bench/out/277_native_5_t3000/2/output_308/pdbs/426.pdb,5.016231545511712,4.983932507608545,0.1631475471646314,10.000164053120256,0.2121778832848787,37109.96652702237,0.4529703784108287,0.4833808943136959,0.1862675652418569,0.5470296215891712,0.1929803816861947,0.2079429565090119,308
756,0.7585039666622709,/wynton/group/sali/vipul/xray/matthew/multixray/sample_bench/out/277_native_5_t3000/2/output_63/pdbs/414.pdb,5.030818735579009,5.0318684433130025,0.1918596158391931,10.062687178892013,0.2170906034699977,37909.474888517136,0.5146780165345625,0.2414960333377289,0.1997009440778575,0.4853219834654375,0.196912936758652,0.2173937085527968,63
757,0.3922990891494839,/wynton/group/sali/vipul/xray/matthew/multixray/sample_bench/out/277_native_5_t3000/2/output_365/pdbs/322.pdb,5.122721176072979,5.108401716728605,0.2249729283728695,10.231122892801583,0.2406559400812166,37690.39395179464,0.1779039981446954,0.607700910850516,0.2222205291058324,0.8220960018553046,0.226618140865703,0.2440160432977296,365
758,0.2393740423697584,/wynton/group/sali/vipul/xray/matthew/multixray/sample_bench/out/277_native_5_t3000/2/output_915/pdbs/379.pdb,4.989761349934917,4.998665797476955,0.1806500482118272,9.988427147411873,0.2164463813625031,36912.69296434207,0.5233211458913611,0.7606259576302415,0.1887429049629021,0.4766788541086388,0.1842361071093338,0.2080160318995778,915
759,0.3682474364076163,/wynton/group/sali/vipul/xray/matthew/multixray/sample_bench/out/277_native_5_t3000/2/output_864/pdbs/203.pdb,5.05888940109827,5.037534758011947,0.2052874773125564,10.096424159110217,0.2217982151115633,38027.55481547227,0.3890511318348068,0.6317525635923837,0.2017747656926447,0.6109488681651932,0.2055171130452525,0.2276528977273192,864
760,0.6559745308428436,/wynton/group/sali/vipul/xray/matthew/multixray/sample_bench/out/277_native_5_t3000/2/output_789/pdbs/331.pdb,5.068345941395288,5.016938162859641,0.2173553320206965,10.085284104254928,0.2244305348478429,37570.0666017285,0.5680873947462242,0.3440254691571563,0.1976400981453579,0.4319126052537758,0.2065041901454522,0.2280527794110887,789
761,0.8975955057166182,/wynton/group/sali/vipul/xray/matthew/multixray/sample_bench/out/277_native_5_t3000/2/output_848/pdbs/358.pdb,5.222288908197189,5.227719560189107,0.4208810087034164,10.450008468386297,0.2913358380639658,38494.52366992075,0.8489146710725669,0.1024044942833818,0.2628663344119097,0.1510853289274331,0.2587038382752852,0.2857197039518075,848
762,0.0508862077452273,/wynton/group/sali/vipul/xray/matthew/multixray/sample_bench/out/277_native_5_t3000/2/output_668/pdbs/400.pdb,5.005406889009441,5.1137962485803605,0.1818308569110354,10.119203137589801,0.2462831460686098,36627.03498324713,0.5922784321445064,0.9491137922547728,0.2143222719808792,0.4077215678554937,0.1882480273170449,0.2105318999300303,668
763,0.4250836493578002,/wynton/group/sali/vipul/xray/matthew/multixray/sample_bench/out/277_native_5_t3000/2/output_354/pdbs/348.pdb,5.013890259909525,5.021522407189875,0.1955854363570306,10.0354126670994,0.2157523376231526,36868.446479126906,0.2705572233428859,0.5749163506421997,0.1955792019936631,0.7294427766571141,0.1956114954514765,0.2115373964176485,354
764,0.1362379702916531,/wynton/group/sali/vipul/xray/matthew/multixray/sample_bench/out/277_native_5_t3000/2/output_704/pdbs/386.pdb,5.010730039518581,5.054292855210521,0.215443753377983,10.065022894729102,0.2292820212508032,36473.59686611669,0.4579852585733336,0.8637620297083469,0.200843263177499,0.5420147414266664,0.1918369264589462,0.2138664959918328,704
765,0.7415122972100278,/wynton/group/sali/vipul/xray/matthew/multixray/sample_bench/out/277_native_5_t3000/2/output_328/pdbs/400.pdb,4.975982067349667,4.921350892377335,0.2049023667012873,9.897332959727002,0.1886052632004899,36967.11776661071,0.3017877670010487,0.2584877027899722,0.1718525595719793,0.6982122329989512,0.1819732320438957,0.2012612333708664,328
766,0.0507901437959519,/wynton/group/sali/vipul/xray/matthew/multixray/sample_bench/out/277_native_5_t3000/2/output_388/pdbs/475.pdb,4.948799298796239,5.085807971746735,0.1832941175752317,10.034607270542974,0.2292967859988602,36484.06054413465,0.6414978246648878,0.949209856204048,0.2056682937970848,0.3585021753351121,0.1780910477649761,0.1962304969340445,388
767,0.304147793054135,/wynton/group/sali/vipul/xray/matthew/multixray/sample_bench/out/277_native_5_t3000/2/output_855/pdbs/319.pdb,4.998301969347555,4.994386866665145,0.1817375542524066,9.9926888360127,0.2080630360045247,36709.4788052034,0.8016145402515574,0.6958522069458649,0.1899117197690801,0.1983854597484425,0.1895981459352001,0.2007553590363736,855
768,0.6047553791195461,/wynton/group/sali/vipul/xray/matthew/multixray/sample_bench/out/277_native_5_t3000/2/output_442/pdbs/405.pdb,5.08830913447283,5.085217321542083,0.1784181098318193,10.173526456014912,0.2401905812019582,37871.036405202845,0.8204126187658564,0.3952446208804538,0.2142794948044779,0.1795873812341437,0.216624458244035,0.2383319352274746,442
769,0.9945148143008264,/wynton/group/sali/vipul/xray/matthew/multixray/sample_bench/out/277_native_5_t3000/2/output_678/pdbs/407.pdb,4.990303332678391,5.111662468805963,0.2069310712556847,10.101965801484354,0.2408677256694469,37482.819188082336,0.4632171251579613,0.0054851856991736,0.2136718985404575,0.5367828748420387,0.185567839616345,0.2046514963980233,678
770,0.8235148409178118,/wynton/group/sali/vipul/xray/matthew/multixray/sample_bench/out/277_native_5_t3000/2/output_86/pdbs/427.pdb,4.981820570642444,5.054705054741575,0.1982831628042356,10.03652562538402,0.2212507872668703,36482.27453347875,0.2009245166311301,0.1764851590821882,0.1989549559847398,0.7990754833688699,0.1856694719882055,0.1985403411464652,86
771,0.1385653024687482,/wynton/group/sali/vipul/xray/matthew/multixray/sample_bench/out/277_native_5_t3000/2/output_943/pdbs/317.pdb,5.161583109988308,5.126799095616227,0.2405534974889768,10.288382205604535,0.2560598507845509,38156.84548705303,0.354120639507937,0.8614346975312517,0.2295332821479484,0.6458793604920631,0.231949727726393,0.2552213108723068,943
772,0.7299272413409863,/wynton/group/sali/vipul/xray/matthew/multixray/sample_bench/out/277_native_5_t3000/2/output_104/pdbs/373.pdb,5.068520405712559,5.01708162771726,0.1894454417668706,10.085602033429819,0.2205380049169203,37282.75021693992,0.532791499385204,0.2700727586590137,0.1956806486486665,0.4672085006147959,0.2045985698821892,0.2292093357645621,104
773,0.387127203369103,/wynton/group/sali/vipul/xray/matthew/multixray/sample_bench/out/277_native_5_t3000/2/output_248/pdbs/307.pdb,5.088160416559348,5.018205137452379,0.1911700183464368,10.106365554011727,0.2236873625006579,37608.93536788031,0.4290551697995998,0.612872796630897,0.1971653937560705,0.5709448302004001,0.2129699805385928,0.2264600566412783,248
774,0.3471162066397823,/wynton/group/sali/vipul/xray/matthew/multixray/sample_bench/out/277_native_5_t3000/2/output_6/pdbs/307.pdb,5.000188925894946,4.971613910931088,0.2052517657550717,9.971802836826035,0.2117142974631639,36978.659997684685,0.5349136808894682,0.6528837933602176,0.1839400521692877,0.4650863191105318,0.1915082854653499,0.2096390896046337,6
775,0.6452909932860253,/wynton/group/sali/vipul/xray/matthew/multixray/sample_bench/out/277_native_5_t3000/2/output_468/pdbs/199.pdb,5.046641904173462,5.000883875708349,0.1788716093288962,10.047525779881811,0.2129146880904632,37631.253446216586,0.511417517930711,0.3547090067139746,0.192002698373475,0.488582482069289,0.2011575172630479,0.2137537046802581,468
776,0.641302895213706,/wynton/group/sali/vipul/xray/matthew/multixray/sample_bench/out/277_native_5_t3000/2/output_930/pdbs/326.pdb,5.105234655070285,4.9662678913912,0.1926894210517968,10.071502546461485,0.2049204336606331,36328.17816060019,0.0486505959329089,0.358697104786294,0.1823614279726527,0.951349404067091,0.2089632332240884,0.2381514238104279,930
777,0.6123549948034398,/wynton/group/sali/vipul/xray/matthew/multixray/sample_bench/out/277_native_5_t3000/2/output_795/pdbs/378.pdb,5.027768414338291,4.991895863129281,0.1781545365482526,10.019664277467573,0.2140768205699682,37069.692705695845,0.3119152287817918,0.3876450051965602,0.1895314618965554,0.6880847712182083,0.194935119339091,0.2172901402502881,795
778,0.2492481853205541,/wynton/group/sali/vipul/xray/matthew/multixray/sample_bench/out/277_native_5_t3000/2/output_733/pdbs/322.pdb,5.125824329218268,5.157852535761367,0.255670825183133,10.283676864979636,0.261894552525294,38457.91532651648,0.222968109091099,0.7507518146794459,0.2349593911606649,0.777031890908901,0.2250599207026233,0.2491857836458255,733
779,0.3426243726585406,/wynton/group/sali/vipul/xray/matthew/multixray/sample_bench/out/277_native_5_t3000/2/output_246/pdbs/93.pdb,5.134329596065833,5.138675575339112,0.1956028938991085,10.273005171404945,0.2630682025079533,38117.486230294366,0.0958391852992712,0.6573756273414595,0.2243998288939236,0.9041608147007288,0.2277061336727526,0.258916097339238,246
780,0.4750587793262229,/wynton/group/sali/vipul/xray/matthew/multixray/sample_bench/out/277_native_5_t3000/2/output_7/pdbs/441.pdb,5.022957021903943,4.981615874639447,0.2506706145305007,10.00457289654339,0.2073694066922722,37311.03841878003,0.5294745985425307,0.5249412206737771,0.1840712357517196,0.4705254014574693,0.1908305680195245,0.2184159210362038,7
781,0.9954655339260838,/wynton/group/sali/vipul/xray/matthew/multixray/sample_bench/out/277_native_5_t3000/2/output_966/pdbs/296.pdb,5.084457172754258,5.163270183387975,0.1847286436274483,10.247727356142232,0.2652812195020127,37329.40004155552,0.6232442717919023,0.0045344660739161,0.2326827560238078,0.3767557282080977,0.2088442576593488,0.2317326565217695,966
782,0.4969396337136413,/wynton/group/sali/vipul/xray/matthew/multixray/sample_bench/out/277_native_5_t3000/2/output_96/pdbs/311.pdb,5.049152710318853,5.0203795241190985,0.2290865478315362,10.06953223443795,0.2284759473116276,37567.74919525469,0.5365487851722262,0.5030603662863588,0.1948921572254228,0.4634512148277739,0.2037005516260154,0.2277396454693003,96
783,0.6011327736004146,/wynton/group/sali/vipul/xray/matthew/multixray/sample_bench/out/277_native_5_t3000/2/output_882/pdbs/328.pdb,5.059240732778535,5.000675010020402,0.2041231509385366,10.059915742798935,0.2199391468512557,37895.29028361306,0.5605355322420064,0.3988672263995853,0.1910281608532148,0.4394644677579936,0.2020634018878925,0.2275442434575431,882
784,0.4994709678149156,/wynton/group/sali/vipul/xray/matthew/multixray/sample_bench/out/277_native_5_t3000/2/output_515/pdbs/231.pdb,5.023026159233542,4.980459109592367,0.2024371744450507,10.003485268825909,0.2048353961736135,37833.90882645767,0.6277297379726761,0.5005290321850844,0.1885914087694485,0.3722702620273239,0.195376053136307,0.2117600504222437,515
785,0.8428740913713905,/wynton/group/sali/vipul/xray/matthew/multixray/sample_bench/out/277_native_5_t3000/2/output_57/pdbs/428.pdb,5.145613654882778,5.108869965703159,0.2488872256156796,10.254483620585937,0.2521692653886072,38553.40326839121,0.6599020244669858,0.1571259086286095,0.2222050632658724,0.3400979755330142,0.2263249771129324,0.2539065827925439,57
786,0.0521156820815912,/wynton/group/sali/vipul/xray/matthew/multixray/sample_bench/out/277_native_5_t3000/2/output_327/pdbs/442.pdb,5.131544364172126,5.143973102007464,0.1939661195424522,10.27551746617959,0.2580525219864999,37003.19233399799,0.343656578882111,0.9478843179184088,0.2308552288964139,0.656343421117889,0.2221687877243418,0.2494223911971176,327
787,0.919240902681284,/wynton/group/sali/vipul/xray/matthew/multixray/sample_bench/out/277_native_5_t3000/2/output_152/pdbs/403.pdb,5.019673730736708,5.087964292143269,0.2012994631210228,10.107638022879977,0.2361660087366685,36484.05511190909,0.320157353278489,0.0807590973187161,0.2065311654164471,0.679842646721511,0.1922100403856808,0.2131852690077201,152
788,0.1393318794458986,/wynton/group/sali/vipul/xray/matthew/multixray/sample_bench/out/277_native_5_t3000/2/output_944/pdbs/2.pdb,5.240653321164329,5.208873607465835,0.2367470023652556,10.449526928630164,0.2698215268244388,25562.943011124004,0.12286439099676,0.8606681205541014,0.2351198925013874,0.87713560900324,0.2427217497367859,0.2794970562670409,944
789,0.700257450812619,/wynton/group/sali/vipul/xray/matthew/multixray/sample_bench/out/277_native_5_t3000/2/output_717/pdbs/307.pdb,5.064585504501169,5.057234728100834,0.1738193204373993,10.121820232602003,0.2256220127360052,37787.39206911681,0.5851775687793422,0.299742549187381,0.2078987438564639,0.4148224312206577,0.2064529417980958,0.2168784760822459,717
790,0.6297434404369109,/wynton/group/sali/vipul/xray/matthew/multixray/sample_bench/out/277_native_5_t3000/2/output_845/pdbs/290.pdb,5.027605532094093,5.0389741601232005,0.1890574527158504,10.066579692217292,0.2230663276299622,37507.07052088999,0.5120632849103397,0.3702565595630891,0.199681612788964,0.4879367150896602,0.1963485648473199,0.2169782229659211,845
791,0.3759333843852315,/wynton/group/sali/vipul/xray/matthew/multixray/sample_bench/out/277_native_5_t3000/2/output_988/pdbs/435.pdb,5.07353326687418,5.063782247235081,0.1891670075730561,10.137315514109261,0.2262522003083155,38205.7853209322,0.3760443416642139,0.6240666156147685,0.206319838350321,0.623955658335786,0.208081010384943,0.2287771183590992,988
792,0.9755331848429182,/wynton/group/sali/vipul/xray/matthew/multixray/sample_bench/out/277_native_5_t3000/2/output_618/pdbs/338.pdb,5.144847233688043,5.163777703772488,0.1927344846546021,10.30862493746053,0.2568363894992859,37880.54446420784,0.6788869402210497,0.0244668151570818,0.2356715275382658,0.3211130597789502,0.2235243103824263,0.2453286183807323,618
793,0.4471288586210964,/wynton/group/sali/vipul/xray/matthew/multixray/sample_bench/out/277_native_5_t3000/2/output_970/pdbs/449.pdb,5.0759446734135,4.988663677682859,0.2024417948619116,10.064608351096359,0.2063355606870535,36980.45524024901,0.1611825553042125,0.5528711413789036,0.1908870222428744,0.8388174446957876,0.2086017428436678,0.235522673671323,970
794,0.135731625645227,/wynton/group/sali/vipul/xray/matthew/multixray/sample_bench/out/277_native_5_t3000/2/output_825/pdbs/328.pdb,5.076840400568241,5.03152409604012,0.219501996899781,10.10836449660836,0.222804369756183,37433.0992987858,0.4853533847796356,0.864268374354773,0.201683749068126,0.5146466152203645,0.2072518029412841,0.2246086048761386,825
795,0.2100631187926016,/wynton/group/sali/vipul/xray/matthew/multixray/sample_bench/out/277_native_5_t3000/2/output_706/pdbs/315.pdb,5.089166333940262,5.070040103408269,0.2014393687563684,10.15920643734853,0.2335010266641568,37636.72001822282,0.3916611029413164,0.7899368812073984,0.212462104321721,0.6083388970586836,0.2136390344835493,0.2326312509248503,706
796,0.4186613370974615,/wynton/group/sali/vipul/xray/matthew/multixray/sample_bench/out/277_native_5_t3000/2/output_476/pdbs/292.pdb,5.03443006583329,5.01408636903773,0.2116821496336169,10.04851643487102,0.2156221970195894,37792.598834544864,0.4936057513304271,0.5813386629025384,0.194230829166791,0.5063942486695729,0.19764524877259,0.2151661431858108,476
797,0.8665344918498884,/wynton/group/sali/vipul/xray/matthew/multixray/sample_bench/out/277_native_5_t3000/2/output_902/pdbs/367.pdb,5.023386170353584,5.051383084531296,0.2236458546470229,10.074769254884881,0.2295366628576661,36421.2375036706,0.2666224824725778,0.1334655081501116,0.1983332908360303,0.7333775175274222,0.1913806815249819,0.2159571646447081,902
798,0.9231369448326284,/wynton/group/sali/vipul/xray/matthew/multixray/sample_bench/out/277_native_5_t3000/2/output_243/pdbs/379.pdb,5.180181999018608,5.189592432493735,0.2209509407970855,10.369774431512344,0.2800698417496352,37332.0310040561,0.6877327909826308,0.0768630551673715,0.2476286138019078,0.3122672090173692,0.2346358298271617,0.2642528927869371,243
799,0.5853021637795415,/wynton/group/sali/vipul/xray/matthew/multixray/sample_bench/out/277_native_5_t3000/2/output_333/pdbs/296.pdb,5.054569288485493,5.079046778778007,0.2369185332256606,10.1336160672635,0.2357196797067501,37992.25432405591,0.7713716763525547,0.4146978362204586,0.2102891615443366,0.2286283236474453,0.207324070502634,0.2296392974495404,333
800,0.3825894643649921,/wynton/group/sali/vipul/xray/matthew/multixray/sample_bench/out/277_native_5_t3000/2/output_310/pdbs/141.pdb,5.081701070002276,5.0519593288148,0.1853011186632506,10.133660398817076,0.2221907369047996,37935.96066584623,0.2133143606047355,0.6174105356350078,0.2051049829915666,0.7866856393952645,0.2117884103230899,0.2348549842332656,310
801,0.4402935847281677,/wynton/group/sali/vipul/xray/matthew/multixray/sample_bench/out/277_native_5_t3000/2/output_245/pdbs/418.pdb,5.064082678428667,5.075406093521881,0.1795151773639832,10.139488771950548,0.2346643024932724,37548.1805587325,0.272684148831135,0.5597064152718323,0.21041525862631,0.727315851168865,0.2094434868795181,0.22854749668231,245
802,0.4748075116221468,/wynton/group/sali/vipul/xray/matthew/multixray/sample_bench/out/277_native_5_t3000/2/output_842/pdbs/272.pdb,5.1135139908715885,4.960018903879249,0.1980863403678904,10.073532894750837,0.2025077024601177,36539.28051335362,0.9830605943425316,0.5251924883778532,0.1803627490955964,0.0169394056574685,0.21304150518122,0.2371225176476863,842
803,0.5110843041065295,/wynton/group/sali/vipul/xray/matthew/multixray/sample_bench/out/277_native_5_t3000/2/output_874/pdbs/469.pdb,5.098356158045349,4.989399789350894,0.1759038853710684,10.087755947396243,0.2098645689874871,37255.38453903445,0.9019219292958938,0.4889156958934705,0.1900086754478641,0.0980780707041062,0.2108834212442493,0.2372355574681137,874
804,0.153187415408567,/wynton/group/sali/vipul/xray/matthew/multixray/sample_bench/out/277_native_5_t3000/2/output_357/pdbs/487.pdb,5.195643735113547,5.266746837831547,0.5864949869506133,10.462390572945093,0.3118558036231534,39486.82510580112,0.0666125993131307,0.8468125845914329,0.2732928358829627,0.9333874006868692,0.25524677629452,0.2764705603477273,357
805,0.9710894286126835,/wynton/group/sali/vipul/xray/matthew/multixray/sample_bench/out/277_native_5_t3000/2/output_926/pdbs/475.pdb,5.206815204465736,5.250720819894075,0.5758998258438882,10.457536024359811,0.3084797226414498,38485.30259379928,0.8430208783830646,0.0289105713873163,0.2660364019869319,0.1569791216169353,0.2737412503137394,0.3240270193356416,926
806,0.5450373604923736,/wynton/group/sali/vipul/xray/matthew/multixray/sample_bench/out/277_native_5_t3000/2/output_613/pdbs/295.pdb,5.070257006885142,4.93911728562459,0.2068634623867867,10.009374292509733,0.1990802010190384,36870.73219332043,0.0521373398772358,0.4549626395076263,0.1771040465870113,0.947862660122764,0.202986595925292,0.224677703255175,613
807,0.7543271640428413,/wynton/group/sali/vipul/xray/matthew/multixray/sample_bench/out/277_native_5_t3000/2/output_300/pdbs/415.pdb,5.067423318830258,5.039275965827255,0.2215155676251506,10.106699284657513,0.2286440117349599,37352.88845362935,0.5900544316802088,0.2456728359571585,0.2027353382612964,0.4099455683197912,0.2062653277949605,0.2261728244686559,300
808,0.8757140076257011,/wynton/group/sali/vipul/xray/matthew/multixray/sample_bench/out/277_native_5_t3000/2/output_518/pdbs/368.pdb,5.023757627633011,5.04370069410305,0.1771827925530605,10.067458321736062,0.2241541488507344,36740.853029473714,0.4733138366403899,0.1242859923742989,0.2000934215909937,0.52668616335961,0.1925924296635612,0.2124387681896879,518
809,0.4140969398890796,/wynton/group/sali/vipul/xray/matthew/multixray/sample_bench/out/277_native_5_t3000/2/output_502/pdbs/432.pdb,5.111750434014539,4.99686462613758,0.1893736158773357,10.108615060152118,0.209261152984534,37307.34135076696,0.8904969336850292,0.5859030601109204,0.1883987905838141,0.1095030663149708,0.2117392807871912,0.2357318567735749,502
810,0.8703562910757889,/wynton/group/sali/vipul/xray/matthew/multixray/sample_bench/out/277_native_5_t3000/2/output_889/pdbs/479.pdb,5.056655851564033,5.053612798800847,0.1913861857562244,10.11026865036488,0.2298106649864542,36645.08168426586,0.5492751052734454,0.129643708924211,0.2064831978483248,0.4507248947265547,0.2028869557957718,0.2205844449999912,889
811,0.6106755599975084,/wynton/group/sali/vipul/xray/matthew/multixray/sample_bench/out/277_native_5_t3000/2/output_363/pdbs/488.pdb,5.115640275074602,5.063762390083284,0.203452912377872,10.179402665157887,0.2287428654878059,37364.08599717538,0.948685706422006,0.3893244400024916,0.202913686670808,0.0513142935779941,0.219707717476487,0.2467839428961234,363
812,0.8936744557502768,/wynton/group/sali/vipul/xray/matthew/multixray/sample_bench/out/277_native_5_t3000/2/output_638/pdbs/372.pdb,4.978918705705328,5.103170475285237,0.1968543087279864,10.082089180990565,0.2429373553110888,36744.95641078314,0.2901707878637299,0.1063255442497232,0.2050085610141382,0.70982921213627,0.1829369742685433,0.2067598073777027,638
813,0.4984657372675559,/wynton/group/sali/vipul/xray/matthew/multixray/sample_bench/out/277_native_5_t3000/2/output_976/pdbs/412.pdb,5.017863769914688,5.003379233703196,0.1771053025086623,10.021243003617883,0.2151396254702949,36823.96203881426,0.8089346787798714,0.5015342627324441,0.1914488780379453,0.1910653212201287,0.1960907221845347,0.2184161993226988,976
814,0.203335041198291,/wynton/group/sali/vipul/xray/matthew/multixray/sample_bench/out/277_native_5_t3000/2/output_924/pdbs/450.pdb,5.038112030135235,5.051886264697763,0.2102149469467019,10.089998294832998,0.2174401316106003,35653.507759094406,0.9243395323944034,0.7966649588017091,0.1979668283420786,0.0756604676055966,0.1939850444196314,0.2127784371051614,924
815,0.5378271197739986,/wynton/group/sali/vipul/xray/matthew/multixray/sample_bench/out/277_native_5_t3000/2/output_633/pdbs/389.pdb,4.971221993037401,4.976695524764055,0.1818083897116327,9.947917517801455,0.2109478773353286,36441.421007288285,0.2914031413830364,0.4621728802260015,0.1855733162999157,0.7085968586169635,0.1841469446942431,0.2118128040717768,633
816,0.0070339518099925,/wynton/group/sali/vipul/xray/matthew/multixray/sample_bench/out/277_native_5_t3000/2/output_81/pdbs/452.pdb,4.986845592333666,5.188719664518367,0.2098095549407138,10.175565256852034,0.2629242773790232,36589.80876925311,0.7218558471417021,0.9929660481900074,0.233760276451881,0.2781441528582979,0.1852569729928697,0.2124147490138377,81
817,0.1141170867521611,/wynton/group/sali/vipul/xray/matthew/multixray/sample_bench/out/277_native_5_t3000/2/output_346/pdbs/367.pdb,5.206517593201874,5.204367711198485,0.3096525780128968,10.41088530440036,0.2871764298390408,38247.70757061529,0.1959018849362311,0.8858829132478389,0.2516512216854664,0.8040981150637688,0.2532803278163396,0.286011662568445,346
818,0.4571675791214953,/wynton/group/sali/vipul/xray/matthew/multixray/sample_bench/out/277_native_5_t3000/2/output_410/pdbs/417.pdb,5.006473399914931,4.993159591725941,0.1855828370406745,9.999632991640873,0.2088307672847211,36790.96569055684,0.5194224044027747,0.5428324208785047,0.1894588237988729,0.4805775955972254,0.1912007119437698,0.2007578311191911,410
819,0.0505151919940417,/wynton/group/sali/vipul/xray/matthew/multixray/sample_bench/out/277_native_5_t3000/2/output_113/pdbs/385.pdb,4.9949148296396535,5.113555605846296,0.1900438055423127,10.108470435485948,0.246832183218691,36626.74775135948,0.4775814877396413,0.9494848080059582,0.2109936124656706,0.5224185122603587,0.1875929409990675,0.2143322278158768,113
820,0.6918641838017919,/wynton/group/sali/vipul/xray/matthew/multixray/sample_bench/out/277_native_5_t3000/2/output_323/pdbs/455.pdb,5.095814428072723,5.156086579013545,0.208348180315773,10.251901007086268,0.2640581482934541,38565.05903305686,0.8520714573806801,0.3081358161982081,0.2323130561311658,0.1479285426193198,0.2190117230959843,0.2412704495651236,323
821,0.6865799906275534,/wynton/group/sali/vipul/xray/matthew/multixray/sample_bench/out/277_native_5_t3000/2/output_208/pdbs/396.pdb,5.033077304508285,4.987999743807142,0.1822043930003969,10.021077048315426,0.2143739117184172,37717.35765424167,0.4838212191161691,0.3134200093724466,0.1881428758529141,0.516178780883831,0.1947885045417413,0.220092883371253,208
822,0.3335099449413742,/wynton/group/sali/vipul/xray/matthew/multixray/sample_bench/out/277_native_5_t3000/2/output_986/pdbs/356.pdb,5.061774808818305,5.039040466706772,0.1981348712987031,10.100815275525077,0.2267196381380682,37328.43207614698,0.4365034833296142,0.6664900550586258,0.2008167406322693,0.5634965166703858,0.2037017390667726,0.2288724324918291,986
823,0.7673361699396476,/wynton/group/sali/vipul/xray/matthew/multixray/sample_bench/out/277_native_5_t3000/2/output_377/pdbs/486.pdb,5.065086540632237,5.043612154408888,0.1757209902449324,10.108698695041124,0.2308293227503089,38019.02438389997,0.5734085391025571,0.2326638300603523,0.2035620165332347,0.4265914608974429,0.2043723482960454,0.2246091379966579,377
824,0.3144822868654907,/wynton/group/sali/vipul/xray/matthew/multixray/sample_bench/out/277_native_5_t3000/2/output_692/pdbs/407.pdb,5.04941472488006,5.025667598436686,0.21209441748819,10.075082323316746,0.2177091429066406,37883.10226573522,0.3838072833578816,0.6855177131345093,0.1997902554043806,0.6161927166421183,0.2024720555850971,0.2221616430002625,692
825,0.4321234083109995,/wynton/group/sali/vipul/xray/matthew/multixray/sample_bench/out/277_native_5_t3000/2/output_68/pdbs/370.pdb,5.076204148991383,5.048668963834781,0.2067019973499776,10.124873112826165,0.2236147739218311,37710.78922888739,0.3328942340564261,0.5678765916890004,0.2033740414372195,0.667105765943574,0.2087660513171751,0.227303730237342,68
826,0.4338116890949268,/wynton/group/sali/vipul/xray/matthew/multixray/sample_bench/out/277_native_5_t3000/2/output_271/pdbs/397.pdb,5.003268973364007,4.98274668072973,0.1691110962249304,9.986015654093737,0.2117539449534754,37290.15294737386,0.7222582144608847,0.5661883109050732,0.1864439394983974,0.2777417855391154,0.1915333492039738,0.2156650682075103,271
827,0.519301529033391,/wynton/group/sali/vipul/xray/matthew/multixray/sample_bench/out/277_native_5_t3000/2/output_827/pdbs/343.pdb,5.037450853476083,5.028947226807512,0.2222726850633432,10.066398080283594,0.2170341476610737,37353.540866563024,0.6321364648870368,0.480698470966609,0.1988056109295801,0.3678635351129632,0.2002614209718597,0.2200371514843419,827
828,0.3589429430867659,/wynton/group/sali/vipul/xray/matthew/multixray/sample_bench/out/277_native_5_t3000/2/output_42/pdbs/104.pdb,5.070616543017955,5.072488811263253,0.2144666407623257,10.143105354281207,0.2399902323268555,37478.843212753454,0.3074585853515299,0.6410570569132341,0.2074485451021413,0.6925414146484701,0.2066022133475608,0.2342866288920804,42
829,0.5064351499977668,/wynton/group/sali/vipul/xray/matthew/multixray/sample_bench/out/277_native_5_t3000/2/output_551/pdbs/350.pdb,5.099906635459157,4.960882186390984,0.1884633738198112,10.060788821850142,0.2043224708685363,36424.16588907453,0.9456695952989052,0.4935648500022331,0.1820955310189225,0.0543304047010947,0.2126240206542483,0.2311286564144299,551
830,0.589684593882879,/wynton/group/sali/vipul/xray/matthew/multixray/sample_bench/out/277_native_5_t3000/2/output_934/pdbs/443.pdb,4.976935999885478,4.967610929443097,0.1860118575188971,9.944546929328574,0.2109869770126021,36724.99622610979,0.3154515268050668,0.410315406117121,0.182353810709397,0.6845484731949333,0.1857030710033964,0.2035974301636509,934
831,0.7508975483560086,/wynton/group/sali/vipul/xray/matthew/multixray/sample_bench/out/277_native_5_t3000/2/output_517/pdbs/315.pdb,5.05704658229299,5.007476212763115,0.1928644078199762,10.064522795056106,0.2146468570491031,36468.115054943286,0.0608132052245692,0.2491024516439914,0.1887726460195304,0.9391867947754308,0.1992171140279288,0.220095376613385,517
832,0.0674156419829609,/wynton/group/sali/vipul/xray/matthew/multixray/sample_bench/out/277_native_5_t3000/2/output_304/pdbs/356.pdb,4.973859323282681,5.077754331756633,0.189653951341267,10.051613655039315,0.2314944870037005,36707.068251326695,0.6491738703099053,0.9325843580170392,0.2048708164212966,0.3508261296900948,0.1814222616166045,0.202894016175309,304
833,0.7293104101604756,/wynton/group/sali/vipul/xray/matthew/multixray/sample_bench/out/277_native_5_t3000/2/output_597/pdbs/369.pdb,5.011827511565957,4.980052919819697,0.1782526374784432,9.991880431385654,0.2072902463799381,37280.71818944223,0.3703920321371584,0.2706895898395245,0.1900599244474585,0.6296079678628416,0.1906085062680622,0.2079633624654637,597
834,0.3471482070835958,/wynton/group/sali/vipul/xray/matthew/multixray/sample_bench/out/277_native_5_t3000/2/output_965/pdbs/311.pdb,5.097961188775467,5.090735966676224,0.1885098915924288,10.188697155451692,0.2404930718303869,37928.394756497255,0.2934966017583364,0.6528517929164042,0.2146461033807051,0.7065033982416635,0.2157723911179159,0.2455640787406419,965
835,0.6530686472412855,/wynton/group/sali/vipul/xray/matthew/multixray/sample_bench/out/277_native_5_t3000/2/output_508/pdbs/462.pdb,5.033156918778783,4.954612798688131,0.17926116606337,9.987769717466914,0.2031468955623765,36806.52694739129,0.1405867478246254,0.3469313527587144,0.179616300357496,0.8594132521753746,0.1932952428551197,0.2197937594376838,508
836,0.907490100743393,/wynton/group/sali/vipul/xray/matthew/multixray/sample_bench/out/277_native_5_t3000/2/output_719/pdbs/274.pdb,5.214686305638399,5.236725929855947,0.4258260424532885,10.451412235494345,0.2906260239984562,39609.92320607981,0.8875540710245464,0.092509899256607,0.2632240407363685,0.1124459289754536,0.256817734613475,0.2821652832426269,719
837,0.7672542500860406,/wynton/group/sali/vipul/xray/matthew/multixray/sample_bench/out/277_native_5_t3000/2/output_195/pdbs/466.pdb,4.988494965113122,4.957823758252487,0.1745367687718421,9.946318723365609,0.2007507246892273,36887.84010621301,0.3115498472335466,0.2327457499139593,0.1815015739576225,0.6884501527664534,0.1875082186310783,0.1997005561574392,195
838,0.639107806410031,/wynton/group/sali/vipul/xray/matthew/multixray/sample_bench/out/277_native_5_t3000/2/output_319/pdbs/229.pdb,5.051530314585639,5.0053325432411055,0.1750875109653447,10.056862857826744,0.206949518649101,37327.4315043429,0.5296240507612936,0.3608921935899691,0.1940379827840576,0.4703759492387063,0.2011801149708631,0.2226997596565791,319
839,0.3343809272539947,/wynton/group/sali/vipul/xray/matthew/multixray/sample_bench/out/277_native_5_t3000/2/output_146/pdbs/406.pdb,5.042760320288804,5.090946921120223,0.1928540256378517,10.133707241409027,0.2365439581935711,37627.65961509796,0.2503567986753304,0.6656190727460052,0.2097472433403516,0.7496432013246696,0.2031879663626693,0.2242275527072832,146
840,0.4911175905972741,/wynton/group/sali/vipul/xray/matthew/multixray/sample_bench/out/277_native_5_t3000/2/output_8/pdbs/475.pdb,5.017617714131698,4.983999278821797,0.1648121230323999,10.001616992953494,0.2082478816709285,37163.27127425602,0.5335724310242776,0.5088824094027259,0.1861171146554092,0.4664275689757223,0.1940974712518226,0.2081833670598056,8
841,0.5042767252990745,/wynton/group/sali/vipul/xray/matthew/multixray/sample_bench/out/277_native_5_t3000/2/output_974/pdbs/418.pdb,5.059412536596829,5.015218945926558,0.18155070493377,10.074631482523387,0.2128033331702497,37563.56916048069,0.8088006177507219,0.4957232747009255,0.1966338613811259,0.1911993822492781,0.2042472984596706,0.2332279802563008,974
842,0.5673332362424752,/wynton/group/sali/vipul/xray/matthew/multixray/sample_bench/out/277_native_5_t3000/2/output_813/pdbs/359.pdb,4.983832951882619,4.9771712943139965,0.1833999093048009,9.961004246196616,0.2104423121674871,37157.52307795605,0.3084921141900622,0.4326667637575247,0.1863634364044172,0.6915078858099377,0.1859524236211659,0.2088215674449717,813
843,0.7178723978723734,/wynton/group/sali/vipul/xray/matthew/multixray/sample_bench/out/277_native_5_t3000/2/output_182/pdbs/408.pdb,5.024206696581164,4.987012487856844,0.2184731653096367,10.011219184438009,0.206823730064463,36922.13880241886,0.4237068716138375,0.2821276021276265,0.1883552133807593,0.5762931283861624,0.1946922517465898,0.2129927273776788,182
844,0.9259907890902588,/wynton/group/sali/vipul/xray/matthew/multixray/sample_bench/out/277_native_5_t3000/2/output_577/pdbs/240.pdb,5.00291724273819,5.128080089812005,0.1948889911712,10.130997332550194,0.2392479601953126,37245.67671737357,0.3155335403785385,0.0740092109097411,0.2191772869897911,0.6844664596214615,0.1904475699427738,0.2086110922599387,577
845,0.3816303974552015,/wynton/group/sali/vipul/xray/matthew/multixray/sample_bench/out/277_native_5_t3000/2/output_266/pdbs/255.pdb,5.118598076546824,5.105797698820916,0.2034426504458591,10.22439577536774,0.238642894599906,36788.50514789623,0.1160734400178466,0.6183696025447984,0.2196641044604279,0.8839265599821534,0.2270012477985267,0.2436911006363283,266
846,0.4395967495063614,/wynton/group/sali/vipul/xray/matthew/multixray/sample_bench/out/277_native_5_t3000/2/output_871/pdbs/214.pdb,5.144555011968852,5.02547251261272,0.1814668581404508,10.170027524581572,0.2163977946681141,36398.60709654934,0.0551049149891886,0.5604032504936386,0.1962035407275092,0.9448950850108112,0.2237527226282498,0.2444536850211958,871
847,0.4246089714472845,/wynton/group/sali/vipul/xray/matthew/multixray/sample_bench/out/277_native_5_t3000/2/output_885/pdbs/439.pdb,5.040289316685664,5.016834464718827,0.175259093437355,10.057123781404492,0.2102141267797147,37924.12463423261,0.3947890300168666,0.5753910285527155,0.1967333424885426,0.6052109699831334,0.2023522771875718,0.2110666869293917,885
848,0.1864919183909248,/wynton/group/sali/vipul/xray/matthew/multixray/sample_bench/out/277_native_5_t3000/2/output_441/pdbs/352.pdb,5.058488877660719,5.0490665255897405,0.219177000665438,10.107555403250458,0.2224532896661921,36355.58412914623,0.926299226837126,0.8135080816090752,0.1965974256884745,0.0737007731628738,0.1981679005255772,0.2234782319646237,441
849,0.6588066132987492,/wynton/group/sali/vipul/xray/matthew/multixray/sample_bench/out/277_native_5_t3000/2/output_372/pdbs/306.pdb,5.061631009591252,5.031854297023991,0.1677350099678943,10.093485306615243,0.2260629853590029,37174.07177645354,0.5789557583144764,0.3411933867012507,0.1974192227639194,0.4210442416855236,0.2036432233199246,0.2279154458011223,372
850,0.4161766913464753,/wynton/group/sali/vipul/xray/matthew/multixray/sample_bench/out/277_native_5_t3000/2/output_306/pdbs/370.pdb,5.113137142831943,4.979837442855274,0.203674984403856,10.092974585687216,0.2075131265077666,37479.719403971096,0.8860566592314014,0.5838233086535247,0.1873029177192485,0.1139433407685985,0.2140230599441761,0.2421995746135875,306
851,0.2928079727082479,/wynton/group/sali/vipul/xray/matthew/multixray/sample_bench/out/277_native_5_t3000/2/output_816/pdbs/266.pdb,5.042965790584273,5.0344329832740025,0.2025578863015672,10.077398773858276,0.2236213189373156,37212.04051831033,0.4474141380547919,0.7071920272917521,0.2009466693962157,0.5525858619452081,0.1993570699903986,0.2224988757660302,816
852,0.1822075337904858,/wynton/group/sali/vipul/xray/matthew/multixray/sample_bench/out/277_native_5_t3000/2/output_836/pdbs/472.pdb,5.073171285754393,5.004450292537833,0.1932873741965825,10.077621578292227,0.2130782243064469,36038.97487739037,0.8805034651213994,0.8177924662095142,0.189623043851027,0.1194965348786005,0.2032845059498029,0.2219022827611479,836
853,0.1455694607443684,/wynton/group/sali/vipul/xray/matthew/multixray/sample_bench/out/277_native_5_t3000/2/output_401/pdbs/295.pdb,4.975225151174078,5.072995902797879,0.1793637186116641,10.048221053971957,0.2274395906758372,37048.03969647471,0.656089757827938,0.8544305392556316,0.2052236843901529,0.343910242172062,0.1837606714623637,0.2041898726336978,401
854,0.1996850667822436,/wynton/group/sali/vipul/xray/matthew/multixray/sample_bench/out/277_native_5_t3000/2/output_448/pdbs/478.pdb,5.033130633442316,5.013571455614195,0.2215563287970068,10.046702089056511,0.2103086543305123,36053.04983389128,0.843158674163216,0.8003149332177564,0.190973729404195,0.1568413258367839,0.194611086754625,0.2105450375655128,448
855,0.5934272050057707,/wynton/group/sali/vipul/xray/matthew/multixray/sample_bench/out/277_native_5_t3000/2/output_313/pdbs/456.pdb,5.043502644833514,5.016667971431208,0.1943462178138472,10.060170616264722,0.2173472893014276,37193.83573141417,0.5953515270316612,0.4065727949942292,0.1972476273909029,0.4046484729683388,0.2010639837326441,0.220490138903091,313
856,0.5799306550806423,/wynton/group/sali/vipul/xray/matthew/multixray/sample_bench/out/277_native_5_t3000/2/output_952/pdbs/173.pdb,5.060556468266416,5.0207393062990295,0.2131889345305579,10.081295774565445,0.2199415591431883,37760.28271981737,0.8183491830264129,0.4200693449193576,0.1973549785554745,0.1816508169735871,0.204656311111249,0.2308104977396078,952
857,0.8627316990576657,/wynton/group/sali/vipul/xray/matthew/multixray/sample_bench/out/277_native_5_t3000/2/output_634/pdbs/456.pdb,5.011679575586843,5.005123607906211,0.2067931164459414,10.016803183493053,0.207559623586354,36416.67108103709,0.1507268136072526,0.1372683009423344,0.1867358585693976,0.8492731863927473,0.1877755249803651,0.2120851588812055,634
858,0.6763676314647178,/wynton/group/sali/vipul/xray/matthew/multixray/sample_bench/out/277_native_5_t3000/2/output_139/pdbs/413.pdb,5.1387156062911625,4.931431936094306,0.2433721970484504,10.070147542385468,0.1947955951942882,36907.03278885174,0.0188094325343801,0.3236323685352822,0.1761798697777184,0.9811905674656198,0.2170506016933036,0.244770186000552,139
859,0.4825244741191887,/wynton/group/sali/vipul/xray/matthew/multixray/sample_bench/out/277_native_5_t3000/2/output_461/pdbs/382.pdb,5.015493342262278,5.002774529872427,0.1683982295181655,10.018267872134706,0.2123625390082184,37412.11974836627,0.5616835880396339,0.5174755258808112,0.189729189144902,0.4383164119603661,0.1915726589808476,0.2160212090487903,461
860,0.5587480663957357,/wynton/group/sali/vipul/xray/matthew/multixray/sample_bench/out/277_native_5_t3000/2/output_715/pdbs/363.pdb,5.0153204127184,4.986284481687715,0.1952356799358376,10.001604894406114,0.2134678277251064,36990.57120081039,0.4265223445740118,0.4412519336042643,0.1845973542156344,0.5734776554259882,0.1922376538666466,0.2181008061419412,715
861,0.5698529258999828,/wynton/group/sali/vipul/xray/matthew/multixray/sample_bench/out/277_native_5_t3000/2/output_226/pdbs/494.pdb,5.016508775009352,5.0112066340826535,0.2063855116199756,10.027715409092005,0.2184928593030904,37677.22044384936,0.3823498531184349,0.4301470741000172,0.1910779775770831,0.6176501468815652,0.1951875445362229,0.2204691732751604,226
862,0.1356940324562202,/wynton/group/sali/vipul/xray/matthew/multixray/sample_bench/out/277_native_5_t3000/2/output_158/pdbs/220.pdb,5.186941932204512,5.2627717555291085,0.3790701221555688,10.44971368773362,0.3085837592261694,38705.90508144648,0.087388138878799,0.8643059675437798,0.2682726518797498,0.912611861121201,0.2516107675488995,0.2709631101919609,158
863,0.0815073796514353,/wynton/group/sali/vipul/xray/matthew/multixray/sample_bench/out/277_native_5_t3000/2/output_115/pdbs/196.pdb,5.168011411510391,5.148075387827298,0.2218531462143035,10.31608679933769,0.2617095750235142,37828.90868722656,0.3503963995839036,0.9184926203485646,0.2340304855182535,0.6496036004160964,0.2329002676894732,0.2622007242602605,115
864,0.5502773973527084,/wynton/group/sali/vipul/xray/matthew/multixray/sample_bench/out/277_native_5_t3000/2/output_535/pdbs/406.pdb,5.010869484039591,4.989811017246304,0.1737559427834456,10.000680501285895,0.2115311156197857,37046.78748380866,0.3027485840134619,0.4497226026472916,0.1904700684654481,0.6972514159865382,0.1917391546776943,0.2147738723307878,535
865,0.3663640934593533,/wynton/group/sali/vipul/xray/matthew/multixray/sample_bench/out/277_native_5_t3000/2/output_159/pdbs/394.pdb,5.058952093209708,5.104970716456013,0.2162742827244684,10.16392280966572,0.255813890847911,38193.13013710575,0.2316802210020861,0.6336359065406466,0.2170092336093088,0.7683197789979139,0.2091380215335863,0.2278943225142852,159
866,0.7819346241453589,/wynton/group/sali/vipul/xray/matthew/multixray/sample_bench/out/277_native_5_t3000/2/output_94/pdbs/499.pdb,5.045442757509499,4.993613225519562,0.1942491709361447,10.039055983029062,0.2092152660078265,36043.94368023773,0.1122804172040739,0.218065375854641,0.1871102053779067,0.8877195827959261,0.1967104999702327,0.2179833888141535,94
867,0.8570981048167362,/wynton/group/sali/vipul/xray/matthew/multixray/sample_bench/out/277_native_5_t3000/2/output_355/pdbs/428.pdb,5.1273072743312245,5.098271604871999,0.187173301365708,10.225578879203223,0.2422438126525449,38245.6646126784,0.6408184342675384,0.1429018951832637,0.2195119657254994,0.3591815657324616,0.2206700884461798,0.2446306045534385,355
868,0.4823794675154951,/wynton/group/sali/vipul/xray/matthew/multixray/sample_bench/out/277_native_5_t3000/2/output_417/pdbs/411.pdb,5.008136052734728,4.9747555498852725,0.1797828414271914,9.98289160262,0.2093482781522471,37106.44540011236,0.6686819114275153,0.5176205324845048,0.1866832256812969,0.3313180885724847,0.1927676917080689,0.2082556305433908,417
869,0.5862066666837477,/wynton/group/sali/vipul/xray/matthew/multixray/sample_bench/out/277_native_5_t3000/2/output_84/pdbs/271.pdb,5.029871389706544,4.975002316337865,0.1688656684685672,10.00487370604441,0.2051894450348866,37669.17242334265,0.4571765338634305,0.4137933333162524,0.1877229959845221,0.5428234661365695,0.1959375956520403,0.2115966700606931,84
870,0.9973075767756744,/wynton/group/sali/vipul/xray/matthew/multixray/sample_bench/out/277_native_5_t3000/2/output_60/pdbs/421.pdb,4.976158262310501,5.170506778750012,0.1989473798409259,10.146665041060512,0.2561511716494344,35846.45824727058,0.3220846446910102,0.0026924232243257,0.2292985113236478,0.6779153553089897,0.1826509150078012,0.1985000538625364,60
871,0.1492157183311196,/wynton/group/sali/vipul/xray/matthew/multixray/sample_bench/out/277_native_5_t3000/2/output_539/pdbs/261.pdb,5.052745113327015,5.096266706067287,0.1880624712215978,10.149011819394303,0.24142415623504,37321.18471813088,0.4416049275352161,0.8507842816688804,0.2153004391296538,0.5583950724647839,0.203504294023865,0.2226777796285282,539
872,0.7441195130382915,/wynton/group/sali/vipul/xray/matthew/multixray/sample_bench/out/277_native_5_t3000/2/output_768/pdbs/337.pdb,5.069261290254078,5.042040894368194,0.2033184091458463,10.111302184622271,0.2290161432165538,38073.88751380726,0.5919518149712318,0.2558804869617085,0.2012156172661452,0.4080481850287682,0.2052813506318904,0.2247246294768611,768
873,0.8964441289950718,/wynton/group/sali/vipul/xray/matthew/multixray/sample_bench/out/277_native_5_t3000/2/output_264/pdbs/495.pdb,5.00158366843269,5.093932214647371,0.1963218443675488,10.095515883080061,0.2428714490321893,35813.26586002977,0.3462464581019267,0.1035558710049282,0.2068921910261272,0.6537535418980732,0.1895762215148105,0.2101386291770001,264
874,0.4633841761688155,/wynton/group/sali/vipul/xray/matthew/multixray/sample_bench/out/277_native_5_t3000/2/output_126/pdbs/378.pdb,5.0206155095656175,5.016361601709581,0.2112972333203313,10.036977111275199,0.2170881950000955,37547.34836954656,0.4880065085488663,0.5366158238311844,0.1931599631137004,0.5119934914511337,0.1967299153397582,0.2174188179291899,126
875,0.7554125055329511,/wynton/group/sali/vipul/xray/matthew/multixray/sample_bench/out/277_native_5_t3000/2/output_90/pdbs/341.pdb,5.142017255286161,4.891473782870299,0.2771881991036282,10.033491038156459,0.1807721110005319,36065.64146286806,0.0858425691438875,0.2445874944670489,0.17078288587731,0.9141574308561125,0.2158921810097258,0.2409234366277494,90
876,0.5458867664028015,/wynton/group/sali/vipul/xray/matthew/multixray/sample_bench/out/277_native_5_t3000/2/output_473/pdbs/229.pdb,5.025981026982901,5.028866091103852,0.175689909206754,10.054847118086753,0.2182923950669957,37456.50147883678,0.7140414802297106,0.4541132335971985,0.1953306738633148,0.2859585197702894,0.196092158201093,0.2156012663817198,473
877,0.4051427166153687,/wynton/group/sali/vipul/xray/matthew/multixray/sample_bench/out/277_native_5_t3000/2/output_260/pdbs/220.pdb,5.047776248838307,5.013959406790618,0.2153808841327575,10.061735655628926,0.2191759489336445,36998.06435812183,0.5210212371392874,0.5948572833846313,0.1933940372384945,0.4789787628607125,0.1998460728122099,0.2169082792794096,260
878,0.8454394621929654,/wynton/group/sali/vipul/xray/matthew/multixray/sample_bench/out/277_native_5_t3000/2/output_573/pdbs/409.pdb,5.027179222137135,5.01511064039323,0.2010031090404742,10.042289862530364,0.2120134277835179,36391.90133917196,0.1596946078932647,0.1545605378070346,0.1911694529187953,0.8403053921067353,0.1913298562817396,0.2196896197289137,573
879,0.0821854516466247,/wynton/group/sali/vipul/xray/matthew/multixray/sample_bench/out/277_native_5_t3000/2/output_905/pdbs/393.pdb,5.016376422037838,5.123852513757824,0.1992915634817794,10.140228935795662,0.240801705300906,36427.30162420914,0.812544197038617,0.9178145483533752,0.2141917580422142,0.1874558029613829,0.1904650344342118,0.2129579143576915,905
880,0.2867109547971503,/wynton/group/sali/vipul/xray/matthew/multixray/sample_bench/out/277_native_5_t3000/2/output_194/pdbs/230.pdb,5.125606135843294,5.129855252990842,0.1991434731899598,10.255461388834135,0.2488212965299955,38317.45064402129,0.2139058755240487,0.7132890452028497,0.2229263519066694,0.7860941244759512,0.2238464699174841,0.2466864405364586,194
881,0.0966154089295081,/wynton/group/sali/vipul/xray/matthew/multixray/sample_bench/out/277_native_5_t3000/2/output_865/pdbs/397.pdb,5.0124415074734765,4.9967539875582245,0.1920534461536257,10.009195495031701,0.2086911997637525,36312.84352067236,0.7988327942823322,0.9033845910704918,0.1860989853320055,0.2011672057176678,0.1867921246157788,0.2161339257160951,865
882,0.4848791446229902,/wynton/group/sali/vipul/xray/matthew/multixray/sample_bench/out/277_native_5_t3000/2/output_376/pdbs/418.pdb,4.989493234661247,4.981591548424478,0.1558779456344406,9.971084783085725,0.2115364654829987,36611.721961040326,0.6000492242854942,0.5151208553770098,0.1839947139044719,0.3999507757145057,0.1871299223876802,0.2070769654729047,376
883,0.4923376035798762,/wynton/group/sali/vipul/xray/matthew/multixray/sample_bench/out/277_native_5_t3000/2/output_263/pdbs/335.pdb,5.030378432790233,4.996531524561126,0.2465636698466684,10.026909957351359,0.2103953248717377,37664.27234648374,0.4573299283894648,0.5076623964201238,0.1915312396123639,0.5426700716105352,0.1961460146221758,0.2167579277789807,263
884,0.9894092362508874,/wynton/group/sali/vipul/xray/matthew/multixray/sample_bench/out/277_native_5_t3000/2/output_695/pdbs/413.pdb,4.975104319573822,5.160404273227934,0.1960668891348019,10.135508592801756,0.253062034514516,36325.763572705866,0.441237596512771,0.0105907637491126,0.2262237156647495,0.5587624034872289,0.1833623687688509,0.1994402655080772,695
885,0.8156593375491058,/wynton/group/sali/vipul/xray/matthew/multixray/sample_bench/out/277_native_5_t3000/2/output_32/pdbs/308.pdb,5.1751988795536645,5.210101546556477,0.3106675195602252,10.385300426110142,0.2849510899003021,38835.37622463518,0.8669764243002754,0.1843406624508942,0.2537810932004366,0.1330235756997246,0.246067683692316,0.271183901413252,32
886,0.4667551152532077,/wynton/group/sali/vipul/xray/matthew/multixray/sample_bench/out/277_native_5_t3000/2/output_193/pdbs/310.pdb,5.000500841325983,4.993501843863059,0.1706384564190994,9.994002685189042,0.2122724123117491,37315.44767121157,0.4787878403886821,0.5332448847467923,0.1876744881802929,0.5212121596113178,0.1887794743848333,0.2101573161323297,193
887,0.5951228484389253,/wynton/group/sali/vipul/xray/matthew/multixray/sample_bench/out/277_native_5_t3000/2/output_532/pdbs/370.pdb,5.008728947741462,5.026182259016964,0.2004780674296293,10.034911206758427,0.2191840600734005,37440.162851298446,0.5499994638147196,0.4048771515610748,0.1958841687324949,0.4500005361852803,0.1915377433635328,0.2110028186005673,532
888,0.5334379155891237,/wynton/group/sali/vipul/xray/matthew/multixray/sample_bench/out/277_native_5_t3000/2/output_488/pdbs/265.pdb,5.035473502346093,4.9878799914309,0.177895172825201,10.023353493776995,0.2097912173995075,37535.04086005835,0.3404378485419191,0.4665620844108762,0.1874000259083706,0.6595621514580808,0.199137844419057,0.2162449401185697,488
889,0.7450779143780895,/wynton/group/sali/vipul/xray/matthew/multixray/sample_bench/out/277_native_5_t3000/2/output_341/pdbs/399.pdb,5.031518379318705,5.048059697745998,0.1664183204236561,10.079578077064703,0.2277221086933442,38023.420043129045,0.5404202207366462,0.2549220856219105,0.2018948782451824,0.4595797792633538,0.1980562902215911,0.222531254070945,341
890,0.690071516428363,/wynton/group/sali/vipul/xray/matthew/multixray/sample_bench/out/277_native_5_t3000/2/output_192/pdbs/468.pdb,5.050121723591209,4.975231108191604,0.1780718473398904,10.025352831782813,0.2104356077926391,37485.026671906046,0.4945524943205664,0.309928483571637,0.1872623920587757,0.5054475056794336,0.1987169193405771,0.223952403490728,192
891,0.9934500337279998,/wynton/group/sali/vipul/xray/matthew/multixray/sample_bench/out/277_native_5_t3000/2/output_216/pdbs/403.pdb,4.983700803516712,5.1529600144919785,0.1849236836499005,10.13666081800869,0.2599308758484976,36639.45029031744,0.5244278994853079,0.0065499662720001,0.2230694700364219,0.475572100514692,0.1831311459443926,0.2095406121418802,216
892,0.4659738766322875,/wynton/group/sali/vipul/xray/matthew/multixray/sample_bench/out/277_native_5_t3000/2/output_916/pdbs/364.pdb,4.985443032616225,5.020679493091118,0.1837953352231988,10.006122525707344,0.2179507708572922,37688.55586199362,0.5713946358405894,0.5340261233677125,0.1951142560092401,0.4286053641594106,0.1860607638706066,0.2007530888990359,916
893,0.4787474848081894,/wynton/group/sali/vipul/xray/matthew/multixray/sample_bench/out/277_native_5_t3000/2/output_647/pdbs/497.pdb,5.013656267911695,5.025312342108808,0.1749061488775776,10.038968610020504,0.2157420304872406,37930.053933587165,0.3377843112945256,0.5212525151918106,0.1950469240962783,0.6622156887054743,0.1943013756275105,0.2144189136600967,647
894,0.24806228299982,/wynton/group/sali/vipul/xray/matthew/multixray/sample_bench/out/277_native_5_t3000/2/output_713/pdbs/162.pdb,5.024831472260019,5.042855561857718,0.215171071415597,10.067687034117737,0.2272775078896458,37408.57191663805,0.5155537735005754,0.75193771700018,0.20275644859559,0.4844462264994245,0.197326556499515,0.2169901100324144,713
895,0.4393051505039791,/wynton/group/sali/vipul/xray/matthew/multixray/sample_bench/out/277_native_5_t3000/2/output_34/pdbs/442.pdb,5.10790611269374,5.048980284212052,0.1918914387643568,10.156886396905794,0.2274732028526276,38084.553842322886,0.0964945695826135,0.5606948494960209,0.2031968866963026,0.9035054304173864,0.2165966982610409,0.2392292179242281,34
896,0.1022624357508528,/wynton/group/sali/vipul/xray/matthew/multixray/sample_bench/out/277_native_5_t3000/2/output_108/pdbs/495.pdb,5.185737444160753,5.147991854853052,0.2531610579925101,10.333729299013804,0.2537179944958892,38579.85108224497,0.2911837721863076,0.8977375642491472,0.2383827736214763,0.7088162278136924,0.2391393630576024,0.2624000085013686,108
897,0.9964267043567332,/wynton/group/sali/vipul/xray/matthew/multixray/sample_bench/out/277_native_5_t3000/2/output_735/pdbs/160.pdb,5.212522143203131,5.244215619043175,0.2251136817219657,10.456737762246306,0.296252403057017,37642.39137100658,0.9918302443596424,0.0035732956432666,0.2683988807923987,0.0081697556403576,0.2597745034388032,0.2796732045141401,735
898,0.4385271598216079,/wynton/group/sali/vipul/xray/matthew/multixray/sample_bench/out/277_native_5_t3000/2/output_338/pdbs/307.pdb,5.035034064720227,4.928655917203334,0.1827076066780502,9.963689981923562,0.1906868165565182,37004.65917507668,0.8272873591704725,0.5614728401783922,0.1760000377121064,0.1727126408295275,0.195005432188431,0.2144228580445706,338
899,0.9510802385905662,/wynton/group/sali/vipul/xray/matthew/multixray/sample_bench/out/277_native_5_t3000/2/output_896/pdbs/454.pdb,4.970228687888724,5.117973593707879,0.2047263801703271,10.088202281596605,0.2360928980426802,36571.83894947107,0.2726823565546855,0.0489197614094337,0.2144470963658646,0.7273176434453146,0.1823236763394415,0.2054591083270148,896
900,0.6621873024505395,/wynton/group/sali/vipul/xray/matthew/multixray/sample_bench/out/277_native_5_t3000/2/output_278/pdbs/335.pdb,5.031468970338,4.986146480585025,0.1894646142283164,10.017615450923024,0.2093096922098173,37284.791482307526,0.4634164740799485,0.3378126975494604,0.1887574786788076,0.5365835259200515,0.1974049146908078,0.2128447348224742,278
901,0.4899520401742616,/wynton/group/sali/vipul/xray/matthew/multixray/sample_bench/out/277_native_5_t3000/2/output_345/pdbs/148.pdb,5.025051924417997,5.002911231959688,0.2089879476693757,10.027963156377684,0.2086259898010926,37967.08721546004,0.3006181698891861,0.5100479598257385,0.1916569817741247,0.6993818301108139,0.1967186346813686,0.2164051227135418,345
902,0.3459503524890416,/wynton/group/sali/vipul/xray/matthew/multixray/sample_bench/out/277_native_5_t3000/2/output_23/pdbs/239.pdb,5.114482190972641,5.12940323406556,0.1924350406318724,10.2438854250382,0.2588376369417577,38599.78904692665,0.1822343131283975,0.6540496475109584,0.2248969701822586,0.8177656868716024,0.2227520239557039,0.2515829565107365,23
903,0.5841273159661665,/wynton/group/sali/vipul/xray/matthew/multixray/sample_bench/out/277_native_5_t3000/2/output_559/pdbs/340.pdb,5.074082403082628,5.060433997345266,0.1685508276878371,10.134516400427895,0.2303069249231397,37709.70699500488,0.8396370503210203,0.4158726840338335,0.203439680740396,0.1603629496789796,0.2120508205133703,0.2317738691780348,559
904,0.0835911929592899,/wynton/group/sali/vipul/xray/matthew/multixray/sample_bench/out/277_native_5_t3000/2/output_547/pdbs/429.pdb,4.948743047269141,5.076775568162852,0.1965079926598784,10.025518615431993,0.2314896942726653,36148.40134235574,0.6311907543142921,0.91640880704071,0.2069983791109418,0.368809245685708,0.1796123492668116,0.1946364979862873,547
905,0.2797220303055443,/wynton/group/sali/vipul/xray/matthew/multixray/sample_bench/out/277_native_5_t3000/2/output_537/pdbs/484.pdb,5.073005115507318,5.065086560095727,0.2134059818242693,10.138091675603045,0.2260332460365336,37339.90825664026,0.379201706817871,0.7202779696944557,0.206284045103611,0.620798293182129,0.2075162599974151,0.2255943176451275,537
906,0.6306221627873964,/wynton/group/sali/vipul/xray/matthew/multixray/sample_bench/out/277_native_5_t3000/2/output_852/pdbs/318.pdb,4.990362962015637,4.938811620680666,0.1610011989896232,9.929174582696303,0.204150307267427,36666.05777675196,0.3655083674768304,0.3693778372126037,0.1763727502303692,0.6344916325231695,0.1859914232248748,0.2080760468282697,852
907,0.6649761851567959,/wynton/group/sali/vipul/xray/matthew/multixray/sample_bench/out/277_native_5_t3000/2/output_67/pdbs/197.pdb,5.126458843608541,5.148689451301083,0.2446801129259275,10.275148294909624,0.263258632845268,37551.809081750594,0.8973347768416384,0.3350238148432041,0.227519562856134,0.1026652231583615,0.2267508833979944,0.2482294436954059,67
908,0.0959556261771011,/wynton/group/sali/vipul/xray/matthew/multixray/sample_bench/out/277_native_5_t3000/2/output_617/pdbs/88.pdb,5.207968046414568,5.24678261041831,0.3261901071936916,10.454750656832879,0.301819970079599,37420.11816150335,0.0220746410032474,0.9040443738228988,0.2693030333443746,0.9779253589967526,0.2584432701378066,0.2847762073642587,617
909,0.3637722721288859,/wynton/group/sali/vipul/xray/matthew/multixray/sample_bench/out/277_native_5_t3000/2/output_511/pdbs/470.pdb,4.99543763545292,4.986268896920927,0.1776508641918507,9.981706532373847,0.2112493532975676,37227.32714376551,0.5859407769722709,0.636227727871114,0.1862366424388122,0.4140592230277291,0.1900904725626182,0.2057841597241196,511
910,0.7480848218880729,/wynton/group/sali/vipul/xray/matthew/multixray/sample_bench/out/277_native_5_t3000/2/output_98/pdbs/302.pdb,5.1263236624008055,5.093063389289364,0.209873321057268,10.21938705169017,0.2359923514185537,37914.45204432336,0.6254379262728853,0.2519151781119271,0.2184604944853954,0.3745620737271147,0.2217883162594445,0.2371274620788735,98
911,0.4425339509746115,/wynton/group/sali/vipul/xray/matthew/multixray/sample_bench/out/277_native_5_t3000/2/output_575/pdbs/342.pdb,5.011836197136405,5.006418302605635,0.1731840078170503,10.018254499742039,0.2127770353654948,37337.63589408766,0.4470771825154175,0.5574660490253884,0.1913239911600999,0.5529228174845824,0.1914173786153351,0.2159817293034835,575
912,0.549477132876587,/wynton/group/sali/vipul/xray/matthew/multixray/sample_bench/out/277_native_5_t3000/2/output_83/pdbs/364.pdb,5.107956263783567,5.025105419276392,0.2139825653614087,10.13306168305996,0.2195273862515951,37594.12607925925,0.9038972301647,0.4505228671234131,0.1956624103744575,0.0961027698352998,0.2167576376428819,0.2357958623207722,83
913,0.3503014431397042,/wynton/group/sali/vipul/xray/matthew/multixray/sample_bench/out/277_native_5_t3000/2/output_391/pdbs/331.pdb,5.0007198368801,4.907647905469343,0.1808102606514113,9.908367742349443,0.1923891044262905,36498.41143261209,0.8563855057276838,0.6496985568602958,0.1692207795407376,0.1436144942723162,0.1868742768784448,0.2065179471742042,391
914,0.5696093287896364,/wynton/group/sali/vipul/xray/matthew/multixray/sample_bench/out/277_native_5_t3000/2/output_101/pdbs/461.pdb,5.050402207583471,4.998550410324735,0.1835104270845936,10.048952617908206,0.2112178868560911,37511.82768204291,0.1490757185689424,0.4303906712103636,0.1895129221385482,0.8509242814310576,0.2009722614817475,0.2211074323739183,101
915,0.5790144620080305,/wynton/group/sali/vipul/xray/matthew/multixray/sample_bench/out/277_native_5_t3000/2/output_282/pdbs/355.pdb,5.054348193478891,4.999588210565969,0.2111559052783143,10.05393640404486,0.2205171041002468,37667.67482349512,0.4595924245353303,0.4209855379919696,0.190884122744061,0.5404075754646697,0.2009718464275836,0.2312760039982011,282
916,0.2961416573586434,/wynton/group/sali/vipul/xray/matthew/multixray/sample_bench/out/277_native_5_t3000/2/output_59/pdbs/317.pdb,5.068142695443511,4.962792294254567,0.2181259870056668,10.030934989698078,0.1987921794087145,37033.037772429016,0.8839247648007206,0.7038583426413566,0.1828131571675466,0.1160752351992794,0.2013558503738872,0.2188771707604462,59
917,0.7057363899262763,/wynton/group/sali/vipul/xray/matthew/multixray/sample_bench/out/277_native_5_t3000/2/output_149/pdbs/210.pdb,5.097937098137747,5.06267713339771,0.1853989819144196,10.160614231535456,0.2362134978850159,37974.83447727774,0.5989123906866807,0.2942636100737236,0.2094333342513142,0.4010876093133192,0.2134886033168453,0.2423169583865224,149
918,0.0776854168593775,/wynton/group/sali/vipul/xray/matthew/multixray/sample_bench/out/277_native_5_t3000/2/output_761/pdbs/366.pdb,5.08396619711401,5.031332183058364,0.204323465764961,10.115298380172373,0.2136716018189355,36572.17926461568,0.8856713018393492,0.9223145831406224,0.1932714192918506,0.1143286981606508,0.2034677620722454,0.2254004950311781,761
919,0.9143293758419916,/wynton/group/sali/vipul/xray/matthew/multixray/sample_bench/out/277_native_5_t3000/2/output_497/pdbs/386.pdb,5.035243844355346,5.069303525062858,0.181628752583992,10.104547369418203,0.2361241406045366,36838.87267136768,0.524377595027087,0.0856706241580085,0.2052698387397567,0.4756224049729129,0.1963608437103369,0.2216629772677629,497
920,0.6993434543248117,/wynton/group/sali/vipul/xray/matthew/multixray/sample_bench/out/277_native_5_t3000/2/output_879/pdbs/380.pdb,4.950202619101483,4.960516269428777,0.2016356047915528,9.91071888853026,0.2028926776020553,36699.64562139189,0.1957846553476464,0.3006565456751882,0.1786438083710879,0.8042153446523536,0.1750966712044925,0.2005222056391152,879
921,0.746531373868077,/wynton/group/sali/vipul/xray/matthew/multixray/sample_bench/out/277_native_5_t3000/2/output_869/pdbs/410.pdb,4.9691113124930535,4.968138785960342,0.1793473741206211,9.937250098453395,0.2001865847831913,37027.23222826877,0.3137457182047568,0.2534686261319229,0.1827735071223565,0.6862542817952432,0.180070298442119,0.1996180122298355,869
922,0.5518625345564618,/wynton/group/sali/vipul/xray/matthew/multixray/sample_bench/out/277_native_5_t3000/2/output_612/pdbs/435.pdb,5.07453857748838,4.996511068726542,0.1882652960005587,10.071049646214922,0.2087338589212982,36890.01017655539,0.7639966849736248,0.4481374654435383,0.1901340679209552,0.2360033150263751,0.2046691414657929,0.2346742098782602,612
923,0.5270364313705415,/wynton/group/sali/vipul/xray/matthew/multixray/sample_bench/out/277_native_5_t3000/2/output_660/pdbs/465.pdb,5.031159383586061,5.020086209522533,0.1795152082649944,10.051245593108593,0.2193883457958324,37477.59033849276,0.7131256438835513,0.4729635686294585,0.1971210208118953,0.2868743561164487,0.1973209261814605,0.2220475251072821,660
924,0.456173793359805,/wynton/group/sali/vipul/xray/matthew/multixray/sample_bench/out/277_native_5_t3000/2/output_738/pdbs/197.pdb,5.005136306379661,4.990545803159027,0.1738325114061583,9.995682109538688,0.2130686096375592,37631.20434975389,0.5885910562819,0.5438262066401949,0.1877543384260354,0.4114089437181,0.1907459905810169,0.2088675378424872,738
925,0.236235322697685,/wynton/group/sali/vipul/xray/matthew/multixray/sample_bench/out/277_native_5_t3000/2/output_523/pdbs/388.pdb,5.110098927615026,5.08218380171499,0.2229620204567488,10.192282729330017,0.2347156343389791,37788.1709434931,0.3800135110845794,0.763764677302315,0.2156780853813258,0.6199864889154205,0.2206140536336643,0.2354535951515147,523
926,0.6409338655875583,/wynton/group/sali/vipul/xray/matthew/multixray/sample_bench/out/277_native_5_t3000/2/output_513/pdbs/378.pdb,5.022150853642228,4.952978273353935,0.1680777305844457,9.975129126996162,0.2008911236609273,36954.10634654868,0.2682160542186027,0.3590661344124418,0.1819166888794289,0.7317839457813974,0.1936225963680522,0.2168471849197441,513
927,0.1765972599235904,/wynton/group/sali/vipul/xray/matthew/multixray/sample_bench/out/277_native_5_t3000/2/output_830/pdbs/261.pdb,5.021906667635867,5.072132725199234,0.2164706461445423,10.0940393928351,0.2276975990233485,37093.94361108482,0.5812871796175317,0.8234027400764096,0.2065981638439418,0.4187128203824682,0.197323632933959,0.2082067165213363,830
928,0.3938028656811069,/wynton/group/sali/vipul/xray/matthew/multixray/sample_bench/out/277_native_5_t3000/2/output_793/pdbs/202.pdb,5.097949640352692,5.051968521164615,0.2132709205823111,10.149918161517306,0.2233481541474432,36467.59655216516,0.1065776842122868,0.6061971343188931,0.2047352175722673,0.8934223157877131,0.2189356483067191,0.2338993020676444,793
929,0.7141632375913606,/wynton/group/sali/vipul/xray/matthew/multixray/sample_bench/out/277_native_5_t3000/2/output_579/pdbs/373.pdb,5.0864516502502655,5.105527283023094,0.3000716059759919,10.19197893327336,0.2443328967520043,38407.80787476473,0.6272277822429588,0.2858367624086394,0.2193853357155362,0.3727722177570412,0.214096953630901,0.2352836384649649,579
930,0.4496665288749439,/wynton/group/sali/vipul/xray/matthew/multixray/sample_bench/out/277_native_5_t3000/2/output_420/pdbs/272.pdb,5.002687653593808,5.012008981721029,0.1968762501473955,10.014696635314838,0.2103366352805547,37100.862853910905,0.2718910035987257,0.550333471125056,0.1953375046558018,0.7281089964012742,0.1942920205164868,0.2113674546251162,420
931,0.4875436772073802,/wynton/group/sali/vipul/xray/matthew/multixray/sample_bench/out/277_native_5_t3000/2/output_536/pdbs/351.pdb,5.045963604846051,5.006485687046756,0.1682242644952631,10.052449291892806,0.2160867559056813,37779.05235815943,0.5087468043083065,0.5124563227926199,0.1930973144027153,0.4912531956916935,0.2003621969651969,0.2198784419976108,536
932,0.4707973936691174,/wynton/group/sali/vipul/xray/matthew/multixray/sample_bench/out/277_native_5_t3000/2/output_899/pdbs/372.pdb,5.033751604260156,5.003104427331303,0.2198031018146161,10.036856031591459,0.2199488716046083,37583.071877203496,0.511904919465926,0.5292026063308827,0.1901778399754721,0.4880950805340739,0.1966842018802654,0.2253300708574377,899
933,0.6834484110106922,/wynton/group/sali/vipul/xray/matthew/multixray/sample_bench/out/277_native_5_t3000/2/output_800/pdbs/331.pdb,5.128750181196133,4.917815504220023,0.2294350833555027,10.046565685416155,0.1953982625053799,36197.768728420015,0.0279505593564639,0.3165515889893077,0.1730803187538306,0.972049440643536,0.2123613838555815,0.239345946387403,800
934,0.589899904943958,/wynton/group/sali/vipul/xray/matthew/multixray/sample_bench/out/277_native_5_t3000/2/output_590/pdbs/278.pdb,4.986593762814022,4.937456079632668,0.1716275366330644,9.924049842446689,0.1963739970978037,38227.51530236561,0.405025413845217,0.410100095056042,0.1775889106698485,0.594974586154783,0.1868490920751147,0.1995094140673867,590
935,0.8063895880637855,/wynton/group/sali/vipul/xray/matthew/multixray/sample_bench/out/277_native_5_t3000/2/output_760/pdbs/167.pdb,5.161840755917181,5.123711940758018,0.2323655493515076,10.2855526966752,0.2566225754936257,38650.2574272067,0.7060996040338303,0.1936104119362146,0.2273696371843074,0.2939003959661697,0.2310646029671853,0.2611879540002543,760
936,0.370706111510589,/wynton/group/sali/vipul/xray/matthew/multixray/sample_bench/out/277_native_5_t3000/2/output_884/pdbs/443.pdb,5.140470169738643,5.091955377006034,0.195675649084732,10.232425546744677,0.2321058674293429,37241.9627786647,0.0680985837484071,0.6292938884894109,0.2135020301446962,0.931901416251593,0.2294101428009244,0.2418358884298432,884
937,0.9560300078678629,/wynton/group/sali/vipul/xray/matthew/multixray/sample_bench/out/277_native_5_t3000/2/output_332/pdbs/360.pdb,5.156709402186694,5.168190095259677,0.2212518195294139,10.32489949744637,0.2701378795657925,37990.32769913141,0.69785085813446,0.043969992132137,0.240200438082902,0.3021491418655399,0.2346955947561623,0.2581717539728081,332
938,0.5969961821233704,/wynton/group/sali/vipul/xray/matthew/multixray/sample_bench/out/277_native_5_t3000/2/output_714/pdbs/245.pdb,5.066539599861982,5.08779715951852,0.1914645358547352,10.154336759380502,0.2381358151998534,38088.84334059523,0.7226425569031248,0.4030038178766296,0.2153154106676482,0.2773574430968752,0.2102372710397553,0.2309294818382701,714
939,0.5486948956083558,/wynton/group/sali/vipul/xray/matthew/multixray/sample_bench/out/277_native_5_t3000/2/output_289/pdbs/385.pdb,5.084095086938157,4.985327676907473,0.2073977430374873,10.06942276384563,0.2058507337167171,37527.96242270055,0.1115977694390947,0.4513051043916442,0.1882901825735827,0.8884022305609053,0.2109284122687807,0.2322174614604571,289
940,0.6103430991100578,/wynton/group/sali/vipul/xray/matthew/multixray/sample_bench/out/277_native_5_t3000/2/output_752/pdbs/312.pdb,5.027838576150825,4.945449983001635,0.1818947270939098,9.97328855915246,0.2079895233542205,36998.48617402648,0.2971457878890994,0.3896569008899422,0.1788959051922004,0.7028542121109006,0.19317331332404,0.2137850751349353,752
941,0.4599074976141988,/wynton/group/sali/vipul/xray/matthew/multixray/sample_bench/out/277_native_5_t3000/2/output_314/pdbs/141.pdb,5.03284486591723,5.018035496718905,0.2018956529471086,10.050880362636136,0.2209267183728141,37758.20678878152,0.4163022030947401,0.5400925023858012,0.1937737938632912,0.5836977969052599,0.1981387558555798,0.2229587926722559,314
942,0.5490418334555658,/wynton/group/sali/vipul/xray/matthew/multixray/sample_bench/out/277_native_5_t3000/2/output_572/pdbs/353.pdb,5.01377102510276,4.957869066779075,0.1616602783081163,9.971640091881834,0.2066225394424865,37328.422319763165,0.3486724677308611,0.4509581665444342,0.1825237846353369,0.6513275322691389,0.1908132049014124,0.217700285952156,572
943,0.3208868627023331,/wynton/group/sali/vipul/xray/matthew/multixray/sample_bench/out/277_native_5_t3000/2/output_438/pdbs/289.pdb,5.104762910885909,5.054575750109015,0.2250202118584431,10.159338660994923,0.2296263650712766,37248.41897566764,0.4416508178356587,0.679113137297667,0.20523398294379,0.5583491821643413,0.2143156672432206,0.2447241338784564,438
944,0.5361199247651496,/wynton/group/sali/vipul/xray/matthew/multixray/sample_bench/out/277_native_5_t3000/2/output_20/pdbs/431.pdb,5.0129800221572,4.960630842650253,0.1930952898070363,9.973610864807453,0.1987061414891575,36989.43066423851,0.2713898662296971,0.4638800752348503,0.1827281278512469,0.7286101337703029,0.1950521668137872,0.2080694309190247,20
945,0.1504787571009981,/wynton/group/sali/vipul/xray/matthew/multixray/sample_bench/out/277_native_5_t3000/2/output_504/pdbs/499.pdb,5.033782175938507,5.086089010540595,0.2061030892143663,10.119871186479102,0.2373798116238231,37578.720181346514,0.5073682826233028,0.8495212428990019,0.2101385699658021,0.4926317173766972,0.1954097714533686,0.2195910226078048,504
946,0.7208658818694222,/wynton/group/sali/vipul/xray/matthew/multixray/sample_bench/out/277_native_5_t3000/2/output_606/pdbs/311.pdb,5.049816486281282,4.982104067733581,0.1808622431191386,10.031920554014864,0.2056538622430387,36458.85711987599,0.1931134641076105,0.2791341181305777,0.186488617834189,0.8068865358923896,0.1990193025515498,0.2130812261602809,606
947,0.3307345598246045,/wynton/group/sali/vipul/xray/matthew/multixray/sample_bench/out/277_native_5_t3000/2/output_135/pdbs/283.pdb,5.047163113279097,5.03989048202877,0.2007035266652721,10.087053595307868,0.2308284882962336,38235.68491305141,0.5147373560647671,0.6692654401753955,0.2021895207427348,0.4852626439352329,0.2044330400036976,0.2196467191841361,135
948,0.2873023879288529,/wynton/group/sali/vipul/xray/matthew/multixray/sample_bench/out/277_native_5_t3000/2/output_33/pdbs/317.pdb,5.112729721387328,5.105081435094179,0.2292765758224208,10.217811156481506,0.2443091869319578,37940.734117163,0.346527463190897,0.712697612071147,0.2207834976105161,0.653472536809103,0.2199004680888316,0.240856281401027,33
949,0.5470892404250514,/wynton/group/sali/vipul/xray/matthew/multixray/sample_bench/out/277_native_5_t3000/2/output_946/pdbs/423.pdb,5.022069653895269,5.0037840732852095,0.1997363339612665,10.025853727180479,0.2133533219171206,37710.928369366775,0.5395333824734136,0.4529107595749486,0.1902620544826165,0.4604666175265864,0.1932824467760107,0.2167241468025175,946
950,0.1638928848977476,/wynton/group/sali/vipul/xray/matthew/multixray/sample_bench/out/277_native_5_t3000/2/output_383/pdbs/494.pdb,4.994089516205049,5.0144024498973305,0.1925615905659259,10.00849196610238,0.2135546699003059,36360.95977066847,0.7154850594818601,0.8361071151022523,0.1916675155198873,0.2845149405181398,0.1873993059513846,0.2042821953810846,383
951,0.3602533723262098,/wynton/group/sali/vipul/xray/matthew/multixray/sample_bench/out/277_native_5_t3000/2/output_430/pdbs/401.pdb,5.142408215070913,4.954604000492486,0.1856409338637069,10.0970122155634,0.1978875619637017,37177.63313043948,0.9557385536379402,0.6397466276737902,0.1826561801447418,0.0442614463620597,0.2201936840326602,0.2431196316399543,430
952,0.9375498769459292,/wynton/group/sali/vipul/xray/matthew/multixray/sample_bench/out/277_native_5_t3000/2/output_619/pdbs/184.pdb,5.220376669293803,5.167777229110057,0.240827538260344,10.38815389840386,0.2644195546057887,38187.92161322372,0.7335370186119367,0.0624501230540708,0.2410307700471382,0.2664629813880634,0.2493828805004295,0.2733486734554922,619
953,0.3415992365330071,/wynton/group/sali/vipul/xray/matthew/multixray/sample_bench/out/277_native_5_t3000/2/output_56/pdbs/498.pdb,5.0436189831392495,5.01926398438576,0.182573683139786,10.06288296752501,0.2270780093122821,37219.35087059733,0.4365496954585185,0.6584007634669928,0.1959109324061412,0.5634503045414815,0.1988931651643471,0.2284152055621898,56
954,0.274568198230811,/wynton/group/sali/vipul/xray/matthew/multixray/sample_bench/out/277_native_5_t3000/2/output_233/pdbs/472.pdb,5.031744829624113,4.965675000990064,0.1758510280134729,9.997419830614177,0.2035359698665097,38154.95983054759,0.4685211946096866,0.7254318017691891,0.1826301402973438,0.5314788053903134,0.1961122534304935,0.2112832050952693,233
955,0.0962806689845784,/wynton/group/sali/vipul/xray/matthew/multixray/sample_bench/out/277_native_5_t3000/2/output_765/pdbs/239.pdb,5.05072374278161,5.078253300206952,0.1847773205479199,10.128977042988563,0.2256168809561891,36805.80229810633,0.4888380805773116,0.9037193310154216,0.2100614023432997,0.5111619194226884,0.2036412124533227,0.2229771381736643,765
956,0.5566150588855072,/wynton/group/sali/vipul/xray/matthew/multixray/sample_bench/out/277_native_5_t3000/2/output_498/pdbs/387.pdb,5.026634169633885,5.006777017109039,0.1824698424089445,10.033411186742924,0.2127774971758691,37104.14641350129,0.2618058960003419,0.4433849411144928,0.1929225452733788,0.738194103999658,0.1960056063345117,0.220506378032622,498
957,0.5731562946210694,/wynton/group/sali/vipul/xray/matthew/multixray/sample_bench/out/277_native_5_t3000/2/output_591/pdbs/384.pdb,5.035887184517018,5.028739525284392,0.1900144627274532,10.06462670980141,0.2218442962293946,37845.41520086927,0.5163568592175113,0.4268437053789306,0.1973136738037349,0.4836431407824886,0.19835373766844,0.2239964455762201,591
958,0.4679048655745439,/wynton/group/sali/vipul/xray/matthew/multixray/sample_bench/out/277_native_5_t3000/2/output_847/pdbs/298.pdb,5.0495210373726405,4.990202046217974,0.2086951470952254,10.039723083590616,0.2151089582115999,36947.1656829774,0.1597584683432107,0.532095134425456,0.1880659460127871,0.8402415316567893,0.202528215535315,0.2239216902467419,847
959,0.0081547548850556,/wynton/group/sali/vipul/xray/matthew/multixray/sample_bench/out/277_native_5_t3000/2/output_908/pdbs/2.pdb,5.227115851267616,5.242832349646715,0.240235108233663,10.469948200914331,0.2913223946284637,25425.02828229573,0.0886655168681848,0.9918452451149444,0.2422595623041226,0.9113344831318152,0.2387734431578792,0.2766560447447791,908
960,0.9309410242384724,/wynton/group/sali/vipul/xray/matthew/multixray/sample_bench/out/277_native_5_t3000/2/output_681/pdbs/406.pdb,5.059637669181711,5.126405097149396,0.2084677183386662,10.186042766331108,0.2521443562403248,37930.60904971647,0.5867358962785314,0.0690589757615276,0.2167528005104259,0.4132641037214686,0.2007703064740305,0.2252374883235307,681
961,0.3445736625510585,/wynton/group/sali/vipul/xray/matthew/multixray/sample_bench/out/277_native_5_t3000/2/output_153/pdbs/267.pdb,5.045304987523361,5.0658043457954856,0.1796027810636134,10.111109333318847,0.2348509766443793,38133.70618925738,0.3440466199863081,0.6554263374489414,0.2069748291051706,0.655953380013692,0.2030696274361227,0.2223201451619081,153
962,0.3436193090534972,/wynton/group/sali/vipul/xray/matthew/multixray/sample_bench/out/277_native_5_t3000/2/output_239/pdbs/357.pdb,5.060858490430166,5.102473682400445,0.1676870866299792,10.16333217283061,0.2369558801731155,38022.19846807615,0.2410546118199215,0.6563806909465028,0.2155375106476049,0.7589453881800785,0.2061693051392299,0.2327737777415466,239
963,0.6622343889868407,/wynton/group/sali/vipul/xray/matthew/multixray/sample_bench/out/277_native_5_t3000/2/output_878/pdbs/402.pdb,5.039363359825574,4.980757688214331,0.2213792958107907,10.020121048039904,0.2042120155523351,36539.71581948823,0.4962585944663203,0.3377656110131592,0.186709401509427,0.5037414055336796,0.1978935444731192,0.2210823090569111,878
964,0.5031295300271723,/wynton/group/sali/vipul/xray/matthew/multixray/sample_bench/out/277_native_5_t3000/2/output_815/pdbs/345.pdb,5.060651747950481,5.024441917700379,0.1845697320359652,10.08509366565086,0.2206673514965878,37473.04670332752,0.5157011637534262,0.4968704699728277,0.1968184984994487,0.4842988362465738,0.2056652502332819,0.2233108192403704,815
965,0.2921957188525966,/wynton/group/sali/vipul/xray/matthew/multixray/sample_bench/out/277_native_5_t3000/2/output_326/pdbs/430.pdb,4.938502699871529,4.950638582460647,0.1725380231125696,9.889141282332176,0.1959188134340381,36745.10300536608,0.676817685648289,0.7078042811474033,0.177973922809475,0.3231823143517109,0.1757690561928381,0.1964425407365241,326
966,0.2911571855659851,/wynton/group/sali/vipul/xray/matthew/multixray/sample_bench/out/277_native_5_t3000/2/output_491/pdbs/154.pdb,5.099962269498224,5.121492781434471,0.2233398745769837,10.221455050932695,0.2480344062360195,37570.19783914896,0.2561863289065512,0.7088428144340149,0.2229162472197938,0.7438136710934488,0.2205324007254891,0.2351218388941852,491
967,0.3212142616006403,/wynton/group/sali/vipul/xray/matthew/multixray/sample_bench/out/277_native_5_t3000/2/output_611/pdbs/369.pdb,5.0492510925697305,5.009504453910094,0.1738223171776719,10.058755546479825,0.2162742173613366,37188.60354138157,0.4502018610097787,0.6787857383993597,0.1924298004941582,0.5497981389902212,0.1985408577523594,0.2187981642271411,611
968,0.408013064298826,/wynton/group/sali/vipul/xray/matthew/multixray/sample_bench/out/277_native_5_t3000/2/output_954/pdbs/350.pdb,5.032185365684346,5.007785092918672,0.172348186534783,10.039970458603019,0.2186690370493001,37622.25327230376,0.2758822326045761,0.591986935701174,0.1938702575719245,0.7241177673954239,0.198658783522573,0.2178894953549768,954
969,0.0314718000214697,/wynton/group/sali/vipul/xray/matthew/multixray/sample_bench/out/277_native_5_t3000/2/output_143/pdbs/353.pdb,5.086677173798468,5.118547332230895,0.216530296856233,10.205224506029364,0.234096999673838,36462.64133187269,0.77064235260059,0.9685281999785302,0.2177388138253106,0.2293576473994099,0.2051204924481158,0.2251454896895869,143
970,0.8499281189026477,/wynton/group/sali/vipul/xray/matthew/multixray/sample_bench/out/277_native_5_t3000/2/output_632/pdbs/481.pdb,5.030695379694484,5.019434568612096,0.1750070367495588,10.05012994830658,0.2152125656588085,36833.58795486454,0.3264057537562395,0.1500718810973521,0.1949949401554035,0.6735942462437605,0.1954328806250096,0.2148254333750084,632
971,0.564075071113791,/wynton/group/sali/vipul/xray/matthew/multixray/sample_bench/out/277_native_5_t3000/2/output_174/pdbs/335.pdb,5.105397177603575,4.932688856734091,0.1805206037395038,10.038086034337667,0.1990304300626673,37021.21199204219,0.0499935097419728,0.4359249288862091,0.175971132959939,0.9500064902580272,0.210370942775865,0.2380414989748364,174
972,0.3751611825617682,/wynton/group/sali/vipul/xray/matthew/multixray/sample_bench/out/277_native_5_t3000/2/output_527/pdbs/342.pdb,5.070375632029741,5.091354026924404,0.2077220013853402,10.161729658954144,0.2319393240926236,37859.86704713683,0.241811415918935,0.6248388174382318,0.2137792971115679,0.7581885840810649,0.2120140133358338,0.2300670896083384,527
973,0.9009306710548554,/wynton/group/sali/vipul/xray/matthew/multixray/sample_bench/out/277_native_5_t3000/2/output_31/pdbs/416.pdb,5.133811503434298,5.0850984696447545,0.2442766896228022,10.218909973079054,0.241689836712625,37308.846540161176,0.6052550749749654,0.0990693289451446,0.2149467035294469,0.3947449250250345,0.2227036867640002,0.2447742618145433,31
974,0.6778426163321423,/wynton/group/sali/vipul/xray/matthew/multixray/sample_bench/out/277_native_5_t3000/2/output_777/pdbs/281.pdb,4.975760617929985,4.892386281306984,0.1698460178258217,9.868146899236969,0.1854882785001563,36470.729058244,0.2641219684372251,0.3221573836678577,0.1656286026065095,0.7358780315627749,0.1801307842709269,0.2036358222155125,777
975,0.2570418120115206,/wynton/group/sali/vipul/xray/matthew/multixray/sample_bench/out/277_native_5_t3000/2/output_454/pdbs/243.pdb,5.135531950456286,5.175000110304479,0.2462267914569486,10.310532060760766,0.2649255587467135,37680.95161036487,0.206305784956576,0.7429581879884793,0.2393080393276233,0.793694215043424,0.2301380185971684,0.2505395572579628,454
976,0.2849253478094209,/wynton/group/sali/vipul/xray/matthew/multixray/sample_bench/out/277_native_5_t3000/2/output_330/pdbs/429.pdb,5.091573801337455,4.974020234613612,0.2025515597344497,10.065594035951069,0.2060062610592364,36616.62530385328,0.912229040741107,0.7150746521905791,0.1839444883290615,0.0877709592588929,0.2057923677183989,0.2335289283777805,330
