,n,rmsd_mean,rmsd_std,rmsd_50,rmsd_25,rmsd_75
0,1,0.20527839018105268,0.039169653227016224,0.1981348712987031,0.1821419415409453,0.215166389066167
1,2,0.18728026961780797,0.016881175813440216,0.1846494255989667,0.17504564360129365,0.1968762501473955
2,3,0.18138960070153665,0.01284968432438364,0.1796254652167647,0.1717262662549203,0.1894390891281236
3,4,0.17833039207683704,0.011142224516973097,0.1768998824717841,0.1701282311842654,0.18494145054026181
4,5,0.17625001657789954,0.00995187979569082,0.17502088112059516,0.1691110962249304,0.18199211844770613
5,6,0.1743426917953445,0.008954911474429814,0.172913213771658,0.1683360214392991,0.17960845210190124
6,7,0.17312979614137192,0.008288007726794713,0.1721270505599529,0.167945058527622,0.1781545365482526
7,8,0.17214133941564394,0.007514308452394808,0.17083138612348595,0.16771477087330575,0.1768998824717841
8,9,0.17144323046699325,0.007291940514871946,0.1702663934381545,0.1671099796307414,0.17575349968706752
9,10,0.17073380668673074,0.007002426838614958,0.1700571413811492,0.16698549557637,0.1750070367495588
10,11,0.17002006114379792,0.006650868422538661,0.1691110962249304,0.1667388733252758,0.17336496585915556
11,12,0.16951253641201441,0.006491085284347901,0.1687733748454029,0.1660727419727056,0.172913213771658
12,13,0.1690731631285245,0.006312748221277442,0.1686783137106554,0.1656774337421144,0.1725380231125696
13,14,0.16864064541920845,0.00615927805980789,0.1683982295181655,0.1648121230323999,0.1722249978142467
14,15,0.16826161306210163,0.006015881323471714,0.1680777305844457,0.1641090717505199,0.1717262662549203
15,16,0.16781654853958622,0.005858572513885201,0.167945058527622,0.1640941985470016,0.1706384564190994
16,17,0.1674292556308296,0.00581570596029132,0.1677723604328346,0.1640382802439196,0.1703500407509002
17,18,0.1672263503143334,0.005702251857470635,0.1677350099678943,0.1640382802439196,0.1702663934381545
18,19,0.16683678892113135,0.005717792139308865,0.1674762446488382,0.1635369885333616,0.170122622290715
19,20,0.16649216153036775,0.005601642962946592,0.1671099796307414,0.1632478386571719,0.1698460178258217
20,21,0.16624748648312113,0.005554250393133807,0.1670498938405557,0.1631721928483004,0.1691291409661061
21,22,0.1660521738640526,0.005484044338308633,0.16698549557637,0.1631721928483004,0.1688656684685672
22,23,0.16578915813538925,0.005363239491146862,0.1668291391459965,0.1631475471646314,0.1687226957481244
23,24,0.16559829506975776,0.0054025285732525385,0.1667388733252758,0.1631475471646314,0.1686952860524827
24,25,0.16542116327375866,0.0054157725418935675,0.1664065836406232,0.1631369391410657,0.1686171125272421
25,26,0.16522154780430498,0.005361593042709853,0.1660727419727056,0.1631051150703686,0.1684363790605834
26,27,0.16505240741624208,0.005366146583473742,0.1660337613402776,0.1631051150703686,0.1683360214392991
27,28,0.1648947038207744,0.005360745973668142,0.1656774337421144,0.1631051150703686,0.1681789599902471
28,29,0.16470845710249338,0.005338891125775331,0.1648168669760103,0.1627266600358893,0.1680777305844457
29,30,0.1645552596078104,0.005282604766911953,0.1648168669760103,0.1627266600358893,0.167945058527622
30,31,0.16442238487193875,0.005254719222387737,0.1648121230323999,0.1627266600358893,0.1678242667704407
31,32,0.1642647592177876,0.005265743552236123,0.1648121230323999,0.1616602783081163,0.1677723604328346
32,33,0.16413027436971095,0.005273978497488344,0.1647925841087689,0.1616602783081163,0.1677350099678943
33,34,0.1640073566612588,0.005290706292871601,0.1641090717505199,0.1616602783081163,0.16769631471108803
34,35,0.16393399761437044,0.005267435882295223,0.1641090717505199,0.1615008468808054,0.1674762446488382
35,36,0.16376964177354036,0.00528064572836242,0.1640941985470016,0.1615008468808054,0.1673411858104835
36,37,0.16367230537252458,0.005262604329631427,0.1640941985470016,0.1615008468808054,0.16716778117567693
37,38,0.16362163740323202,0.0052605628768011385,0.1640941985470016,0.1615008468808054,0.1671099796307414
38,39,0.16351405968522656,0.005254364459743404,0.1640941985470016,0.1615008468808054,0.1670556627285166
39,40,0.16342064744862417,0.005272662553388329,0.1640382802439196,0.1615008468808054,0.1670556627285166
40,41,0.163307626904454,0.005262768326520428,0.1640382802439196,0.1615008468808054,0.1670498938405557
41,42,0.16323601363815868,0.005256048692706951,0.16399589628664324,0.1615008468808054,0.16700159514241641
42,43,0.16315221708303743,0.005278050123019506,0.1639535123293669,0.161436925040486,0.16698549557637
43,44,0.16300540932582994,0.005266110868479979,0.1639535123293669,0.161436925040486,0.1669847773058916
44,45,0.1629077195132146,0.005299066943182889,0.1639535123293669,0.161436925040486,0.1668291391459965
45,46,0.16281856725952382,0.005314789042730269,0.1635369885333616,0.161436925040486,0.1668291391459965
46,47,0.16276452315535567,0.00532624806796378,0.1635369885333616,0.1610011989896232,0.1667388733252758
47,48,0.16263077452190453,0.005348875739441072,0.1632478386571719,0.1610011989896232,0.1667388733252758
48,49,0.16256044000689274,0.005302366140453241,0.1632478386571719,0.1610011989896232,0.1664183204236561
49,50,0.16245154917852692,0.005328355150537907,0.1632478386571719,0.1610011989896232,0.1664065836406232
50,51,0.16240090287078343,0.005317689315838553,0.1632478386571719,0.1610011989896232,0.1664065836406232
51,52,0.16227131427896835,0.005333757246270173,0.1631721928483004,0.1610011989896232,0.1660727419727056
52,53,0.1621676914292061,0.00531752095100044,0.1631721928483004,0.1610011989896232,0.1660727419727056
53,54,0.16209946579535184,0.005306364001422293,0.1631721928483004,0.1610011989896232,0.1660337613402776
54,55,0.1619671889403209,0.005293991040193596,0.1631475471646314,0.1610011989896232,0.1660337613402776
55,56,0.16186695166503434,0.005300632706480988,0.1631475471646314,0.16085459406331126,0.1656774337421144
56,57,0.16180544974949085,0.005288249026682062,0.1631475471646314,0.1604147792843754,0.1648168669760103
57,58,0.161743612547847,0.0052820483822103555,0.1631051150703686,0.1604147792843754,0.1648168669760103
58,59,0.16165590888111123,0.00526471302154907,0.1631051150703686,0.1604147792843754,0.1648121230323999
59,60,0.16158491461431856,0.005261999823519994,0.1631051150703686,0.1604147792843754,0.1648121230323999
60,61,0.16150371640236197,0.005243079137535647,0.1631051150703686,0.1604147792843754,0.1648121230323999
61,62,0.16147969225807887,0.0052331167425440075,0.1631051150703686,0.1604147792843754,0.1648121230323999
62,63,0.1614036677258694,0.005245042902103841,0.1631051150703686,0.1604147792843754,0.16479746883967666
63,64,0.16132360940813983,0.0052571010388772965,0.1631051150703686,0.1604147792843754,0.1647925841087689
64,65,0.16125963526780876,0.005237747815659975,0.1627266600358893,0.1604147792843754,0.1647925841087689
65,66,0.1611868674156332,0.005247758519816292,0.1627266600358893,0.1604147792843754,0.1647925841087689
66,67,0.16112895758817805,0.005252626080824115,0.1627266600358893,0.1604147792843754,0.1647925841087689
67,68,0.16104296985075991,0.005240169095567416,0.1627266600358893,0.1604147792843754,0.1641090717505199
68,69,0.1609421445303587,0.0052366000854842205,0.1627266600358893,0.1558779456344406,0.1641090717505199
69,70,0.16087440835874608,0.005250123410934603,0.1616602783081163,0.1558779456344406,0.16409791684788116
70,71,0.16084387393520358,0.005247820716115968,0.1616602783081163,0.1558779456344406,0.1640941985470016
71,72,0.16079590478499775,0.005240506127006863,0.1616602783081163,0.1558779456344406,0.1640941985470016
72,73,0.16075185692570368,0.005210721786432691,0.1616602783081163,0.1558779456344406,0.1640941985470016
73,74,0.1606940244994161,0.0051890099988462675,0.1616602783081163,0.1558779456344406,0.1640382802439196
74,75,0.16064293080511785,0.005192659539718756,0.1616602783081163,0.1558779456344406,0.1640382802439196
75,76,0.16059127112692262,0.00518895699318461,0.1616602783081163,0.1558779456344406,0.1640382802439196
76,77,0.16053524523304327,0.005185490827629427,0.1616602783081163,0.1558779456344406,0.16397470430800506
77,78,0.160465662346566,0.005184875139209842,0.1615008468808054,0.1558779456344406,0.1639535123293669
78,79,0.1604196776546312,0.005200555713422374,0.1615008468808054,0.1558779456344406,0.1639535123293669
79,80,0.1603573044303614,0.005192455142821958,0.1615008468808054,0.1558779456344406,0.1639535123293669
80,81,0.16030411354997284,0.00521074631239559,0.1615008468808054,0.1558779456344406,0.1639535123293669
81,82,0.1602179790183259,0.00523000721246341,0.1615008468808054,0.1558779456344406,0.1639535123293669
82,83,0.16017709983571765,0.005243489437056004,0.1615008468808054,0.1558779456344406,0.16364111948236293
83,84,0.16011338402518258,0.005250906065964269,0.1615008468808054,0.1558779456344406,0.1635369885333616
84,85,0.16004572412867643,0.00524486372535971,0.1615008468808054,0.1558779456344406,0.1635369885333616
85,86,0.1599927954371347,0.005235158825791373,0.1615008468808054,0.1558779456344406,0.1635369885333616
86,87,0.159971861136105,0.005230636793574097,0.1615008468808054,0.1558779456344406,0.1635369885333616
87,88,0.15992443701227813,0.005243009579507041,0.161436925040486,0.1558779456344406,0.1635369885333616
88,89,0.15988099140865755,0.005252697598735441,0.161436925040486,0.1520447380285127,0.16332012612621932
89,90,0.15983168812175638,0.005262801305990773,0.161436925040486,0.1520447380285127,0.1632478386571719
90,91,0.15979004109812156,0.0052624962843535765,0.161436925040486,0.1520447380285127,0.1632478386571719
91,92,0.15976953327042495,0.005261309843161181,0.161436925040486,0.1520447380285127,0.1632478386571719
92,93,0.15973790402209168,0.005246548627443011,0.161436925040486,0.1520447380285127,0.1632478386571719
93,94,0.1596603056809614,0.005243367331182104,0.161436925040486,0.1520447380285127,0.1632478386571719
94,95,0.15960676197766974,0.0052451117151194005,0.161436925040486,0.1520447380285127,0.1632478386571719
95,96,0.15957579745342043,0.005249962522299001,0.161436925040486,0.1520447380285127,0.1632478386571719
96,97,0.15978136715224128,0.0052256348244192055,0.1614688859606457,0.1520447380285127,0.1632478386571719
97,98,0.1597497091462785,0.0052339546692955095,0.161436925040486,0.1520447380285127,0.1632478386571719
98,99,0.15969925818827743,0.005247395349094376,0.161436925040486,0.1520447380285127,0.1632478386571719
99,100,0.1596678859524303,0.005245702972754894,0.161436925040486,0.1520447380285127,0.1632478386571719
100,101,0.15963586790690645,0.0052521798360916595,0.161436925040486,0.1520447380285127,0.1632478386571719
101,102,0.15960349592475676,0.005239409542639421,0.161436925040486,0.1520447380285127,0.1632478386571719
102,103,0.15956029151512088,0.005235874976725112,0.161436925040486,0.1520447380285127,0.1632478386571719
103,104,0.15950599794102244,0.005240593687019592,0.161436925040486,0.1520447380285127,0.1632478386571719
104,105,0.15945957541993394,0.005231899170180227,0.161436925040486,0.1520447380285127,0.1631721928483004
105,106,0.1594140756683674,0.005210149779106734,0.161436925040486,0.1520447380285127,0.1631721928483004
106,107,0.15937542390974874,0.005209459355948381,0.161436925040486,0.1520447380285127,0.1631721928483004
107,108,0.1593055905936314,0.005214914707729018,0.161436925040486,0.1520447380285127,0.1631721928483004
108,109,0.15929932968986757,0.005210452848948628,0.161436925040486,0.1520447380285127,0.16315370858554865
109,110,0.1592816479049698,0.005213059876891794,0.161436925040486,0.1520447380285127,0.1631475471646314
110,111,0.15925494729134596,0.005207349383957831,0.161436925040486,0.1520447380285127,0.1631475471646314
111,112,0.1592122250517417,0.005199688334667343,0.161436925040486,0.1520447380285127,0.1631475471646314
112,113,0.1591538821814547,0.005200096861683232,0.161436925040486,0.1520447380285127,0.1631475471646314
113,114,0.15912734337528636,0.005187086001966174,0.161436925040486,0.1520447380285127,0.1631475471646314
114,115,0.15906774800532142,0.005177956608996819,0.161436925040486,0.1520447380285127,0.1631475471646314
115,116,0.15903943915904606,0.005170450801742042,0.1610011989896232,0.1520447380285127,0.1631475471646314
116,117,0.15899033147808125,0.00517721055458817,0.1610011989896232,0.1520447380285127,0.1631157230939343
117,118,0.15895758442068253,0.005169894777248211,0.1610011989896232,0.1520447380285127,0.1631051150703686
118,119,0.1588989911741017,0.005166576237432975,0.1610011989896232,0.1520447380285127,0.1631051150703686
119,120,0.15882367799224528,0.005156126777440036,0.1610011989896232,0.1520447380285127,0.1631051150703686
120,121,0.15879937852386516,0.005145314554287985,0.1610011989896232,0.1520447380285127,0.1631051150703686
121,122,0.1587646832168104,0.005136290040832437,0.1610011989896232,0.1520447380285127,0.1631051150703686
122,123,0.15869355076182734,0.005129522520363044,0.1610011989896232,0.1520447380285127,0.1631051150703686
123,124,0.15866713927031487,0.00512737519809899,0.1610011989896232,0.1520447380285127,0.1631051150703686
124,125,0.1586351144426933,0.005118730769600935,0.1610011989896232,0.1520447380285127,0.1631051150703686
125,126,0.15859797640312948,0.00512306429792265,0.1610011989896232,0.1520447380285127,0.1631051150703686
126,127,0.15856551716080813,0.0051225141052062785,0.1610011989896232,0.1520447380285127,0.1631051150703686
127,128,0.15852051806529052,0.005120865252113936,0.1610011989896232,0.1520447380285127,0.1631051150703686
128,129,0.15848633759943345,0.0051214184142296375,0.1610011989896232,0.1520447380285127,0.1631051150703686
129,130,0.15841889397369058,0.005119021550450873,0.1610011989896232,0.1520447380285127,0.1627266600358893
130,131,0.15838251525057429,0.005119083579924536,0.1604147792843754,0.1520447380285127,0.1627266600358893
131,132,0.15834434462817884,0.005119067428655429,0.1604147792843754,0.1520447380285127,0.1627266600358893
132,133,0.1583350143616014,0.005122380682976463,0.1604147792843754,0.1520447380285127,0.1627266600358893
133,134,0.15832088298835567,0.005121522162661353,0.1604147792843754,0.1520447380285127,0.1627266600358893
134,135,0.15826583791219753,0.005122286996670798,0.1604147792843754,0.1520447380285127,0.1627266600358893
135,136,0.15825069190564123,0.005112599743830368,0.1604147792843754,0.1520447380285127,0.1627266600358893
136,137,0.15817809484312345,0.00510880493446981,0.1604147792843754,0.1520447380285127,0.1627266600358893
137,138,0.158138808525541,0.005103353406024791,0.1604147792843754,0.1520447380285127,0.1627266600358893
138,139,0.15812327419021477,0.005099517396306085,0.1604147792843754,0.15200769351561166,0.1627266600358893
139,140,0.15810505077950254,0.005096349312871651,0.1604147792843754,0.1518965599769086,0.1627266600358893
140,141,0.15806552261209897,0.005084367025596118,0.1604147792843754,0.1518965599769086,0.1627266600358893
141,142,0.15804723089169823,0.005068728123870645,0.1604147792843754,0.1518965599769086,0.1627266600358893
142,143,0.15799637628155433,0.005069934635144693,0.1604147792843754,0.1518965599769086,0.1627266600358893
143,144,0.1579632926364922,0.005060629742503767,0.1604147792843754,0.1518965599769086,0.1627266600358893
144,145,0.15775193556326536,0.005014352871526425,0.1604147792843754,0.1518965599769086,0.1616602783081163
145,146,0.15773008102856254,0.005010244060217611,0.1604147792843754,0.1518965599769086,0.1616602783081163
146,147,0.15769135673240187,0.004994826972390113,0.1604147792843754,0.1518965599769086,0.1616602783081163
147,148,0.15766540555854133,0.004991383446045183,0.1604147792843754,0.1518965599769086,0.1616602783081163
148,149,0.1576496558581317,0.004991406066498257,0.1604147792843754,0.1518965599769086,0.1616602783081163
149,150,0.1576451391381675,0.004993304807074519,0.1604147792843754,0.1518965599769086,0.1616602783081163
150,151,0.15762171989215207,0.004987220894706609,0.1604147792843754,0.1518965599769086,0.1616602783081163
151,152,0.15758565123615342,0.004976925576003648,0.1604147792843754,0.1518965599769086,0.1616602783081163
152,153,0.15754119875322123,0.0049780830984190805,0.158146362459408,0.1518965599769086,0.1616602783081163
153,154,0.15752514610350876,0.004979031316169942,0.1558779456344406,0.1518965599769086,0.1616602783081163
154,155,0.15748249389331642,0.004972839976927905,0.1558779456344406,0.1518965599769086,0.1616602783081163
155,156,0.15746668071228875,0.004968621260457793,0.1558779456344406,0.1518965599769086,0.1616602783081163
156,157,0.15744179512206283,0.004971461289298868,0.1558779456344406,0.1518965599769086,0.1616602783081163
157,158,0.1574213354492304,0.004962232435948188,0.1558779456344406,0.1518965599769086,0.1616602783081163
158,159,0.15737350621919927,0.004964604654971484,0.1558779456344406,0.1518965599769086,0.1615008468808054
159,160,0.15735511993735254,0.004954097444407367,0.1558779456344406,0.1518965599769086,0.1615008468808054
160,161,0.15733597160355975,0.00495900239462559,0.1558779456344406,0.1518965599769086,0.1615008468808054
161,162,0.15727978977656107,0.004946382698189689,0.1558779456344406,0.1518965599769086,0.1615008468808054
162,163,0.1572691338595127,0.004947073282995129,0.1558779456344406,0.1518965599769086,0.1615008468808054
163,164,0.15724333129089563,0.004946402849685944,0.1558779456344406,0.1518965599769086,0.1615008468808054
164,165,0.1572155435724768,0.004946447494882347,0.1558779456344406,0.1518965599769086,0.1615008468808054
165,166,0.15717189859835207,0.004922242781767943,0.1558779456344406,0.1518965599769086,0.1615008468808054
166,167,0.15715347543256136,0.004920265019249697,0.1558779456344406,0.1518965599769086,0.1615008468808054
167,168,0.1571316213955653,0.00492141504947409,0.1558779456344406,0.1518965599769086,0.1615008468808054
168,169,0.1570854687216073,0.004908349501790598,0.1558779456344406,0.1518965599769086,0.1615008468808054
169,170,0.15705167082835578,0.004904881721942921,0.1558779456344406,0.1518965599769086,0.1615008468808054
170,171,0.15701650226736513,0.004892373152523745,0.1558779456344406,0.1518965599769086,0.1615008468808054
171,172,0.15696846270964504,0.0048926403955430065,0.1558779456344406,0.1518965599769086,0.1615008468808054
172,173,0.15692302842260933,0.004877996178795804,0.1558779456344406,0.1518965599769086,0.1615008468808054
173,174,0.1568836987974356,0.004860396012553768,0.1558779456344406,0.1518965599769086,0.1615008468808054
174,175,0.15684039554240006,0.004850350213392965,0.1558779456344406,0.1518965599769086,0.161436925040486
175,176,0.1568109905699356,0.004842953500054829,0.1558779456344406,0.1518965599769086,0.161436925040486
176,177,0.15679682681303728,0.0048368511888628295,0.1558779456344406,0.1518965599769086,0.161436925040486
177,178,0.15675800523106542,0.0048368566000212936,0.1558779456344406,0.1518965599769086,0.161436925040486
178,179,0.1567177540463292,0.004834197010509692,0.1558779456344406,0.1518965599769086,0.161436925040486
179,180,0.15669710108465562,0.004832566917332864,0.1558779456344406,0.1518965599769086,0.161436925040486
180,181,0.15667182314953246,0.004825707696054701,0.1558779456344406,0.1518965599769086,0.161436925040486
181,182,0.1566503317354889,0.004821527364119588,0.1558779456344406,0.1518965599769086,0.161436925040486
182,183,0.1566454998570886,0.0048231272779461435,0.1558779456344406,0.1518965599769086,0.161436925040486
183,184,0.1566454998570886,0.0048231272779461435,0.1558779456344406,0.1518965599769086,0.161436925040486
184,185,0.15662504953530054,0.004815166493224438,0.1558779456344406,0.1518965599769086,0.161436925040486
185,186,0.15657420867175767,0.004795665366403132,0.1558779456344406,0.1518965599769086,0.161436925040486
186,187,0.15656252807895596,0.004793289092396543,0.1558779456344406,0.1518965599769086,0.161436925040486
187,188,0.15654782178287815,0.004789509368568923,0.1558779456344406,0.1518965599769086,0.161436925040486
188,189,0.15653901529928071,0.0047850975905169455,0.1558779456344406,0.1518965599769086,0.161436925040486
189,190,0.15652148039687597,0.004782144317896451,0.1558779456344406,0.1518965599769086,0.161436925040486
190,191,0.15647135992360256,0.0047703507812467535,0.1558779456344406,0.1518965599769086,0.161436925040486
191,192,0.15645998000609254,0.0047670226194342575,0.1558779456344406,0.1518965599769086,0.161436925040486
192,193,0.15639716422924144,0.00475682734201602,0.1558779456344406,0.1518965599769086,0.161436925040486
193,194,0.15638257937379088,0.004752475704509321,0.1558779456344406,0.1518965599769086,0.161436925040486
194,195,0.15636490055933047,0.004746113893262182,0.1558779456344406,0.1518965599769086,0.161436925040486
195,196,0.15635126389167622,0.004737227201775628,0.1558779456344406,0.1518965599769086,0.161436925040486
196,197,0.15633376962792053,0.0047308810222256225,0.1558779456344406,0.1518965599769086,0.161436925040486
197,198,0.15630933596048807,0.004721986577838394,0.1558779456344406,0.1518965599769086,0.161436925040486
198,199,0.15627700931253016,0.004704765193722069,0.1558779456344406,0.1518965599769086,0.161436925040486
199,200,0.15626450125631028,0.004700705645866713,0.1558779456344406,0.1518965599769086,0.1611101305023389
200,201,0.15625754126500718,0.004691964863153445,0.1558779456344406,0.1518965599769086,0.1610011989896232
201,202,0.15620430466930602,0.004680259503043005,0.1558779456344406,0.1518965599769086,0.1610011989896232
202,203,0.1561835241055154,0.004679379034868656,0.1558779456344406,0.1518965599769086,0.1610011989896232
203,204,0.15615471349671203,0.00467555003620566,0.1520447380285127,0.1518965599769086,0.1610011989896232
204,205,0.1561294229319357,0.004661682174927414,0.1520447380285127,0.1518965599769086,0.1610011989896232
205,206,0.15611035728958275,0.004655156402981679,0.1520447380285127,0.1518965599769086,0.1610011989896232
206,207,0.15609379186083236,0.004651933251743893,0.1520447380285127,0.1518965599769086,0.1610011989896232
207,208,0.15608302448625458,0.004648660873966376,0.1520447380285127,0.1518965599769086,0.1610011989896232
208,209,0.15603438046948206,0.004631672936100121,0.1520447380285127,0.1518965599769086,0.1610011989896232
209,210,0.1560193712037899,0.004622611216050729,0.1520447380285127,0.1518965599769086,0.1610011989896232
210,211,0.15599825223164504,0.0046168834146253866,0.1520447380285127,0.1518965599769086,0.1610011989896232
211,212,0.1559755374661491,0.004607323088906003,0.1520447380285127,0.1518965599769086,0.1610011989896232
212,213,0.15596996366256702,0.0046070432452273045,0.1520447380285127,0.1518965599769086,0.1610011989896232
213,214,0.1559435490709191,0.004608662022043463,0.1520447380285127,0.1518965599769086,0.1610011989896232
214,215,0.15593509408831613,0.0046082098154338206,0.1520447380285127,0.1518965599769086,0.1610011989896232
215,216,0.15592158004447138,0.004608460967695625,0.1520447380285127,0.1518965599769086,0.1610011989896232
216,217,0.15589704606173177,0.004602332228450096,0.1520447380285127,0.1518965599769086,0.1610011989896232
217,218,0.15588681610460314,0.004600852878786046,0.1520447380285127,0.1518965599769086,0.1610011989896232
218,219,0.1558707318095047,0.004597223814105039,0.1520447380285127,0.1518965599769086,0.1610011989896232
219,220,0.15583926052046168,0.004588276417204021,0.1520447380285127,0.1518965599769086,0.1610011989896232
220,221,0.15581915223371393,0.0045839411776914234,0.1520447380285127,0.1518965599769086,0.1610011989896232
221,222,0.15579471292598399,0.004580099141840866,0.1520447380285127,0.1518965599769086,0.1610011989896232
222,223,0.15577430603700482,0.004566186201852315,0.1520447380285127,0.1518965599769086,0.1610011989896232
223,224,0.15575666838738866,0.0045569238363727576,0.1520447380285127,0.1518965599769086,0.1610011989896232
224,225,0.1557044269488835,0.00454734173197258,0.1520447380285127,0.1518965599769086,0.1610011989896232
225,226,0.15570063556376437,0.004541339411035806,0.1520447380285127,0.1518965599769086,0.1610011989896232
226,227,0.15568165157866487,0.004530141815048108,0.1520447380285127,0.1518965599769086,0.1610011989896232
227,228,0.15566146533480754,0.004517707284959921,0.1520447380285127,0.1518965599769086,0.1610011989896232
228,229,0.15563796543633554,0.004511701173892397,0.1520447380285127,0.1518965599769086,0.1610011989896232
229,230,0.15561459251033333,0.004508371665707642,0.1520447380285127,0.1518965599769086,0.1610011989896232
230,231,0.15559003736776522,0.004502659295626578,0.1520447380285127,0.1518965599769086,0.1610011989896232
231,232,0.15556827016765504,0.004494205826274483,0.1520447380285127,0.1518965599769086,0.1610011989896232
232,233,0.15555436643434783,0.004493516703909105,0.1520447380285127,0.1518965599769086,0.1610011989896232
233,234,0.15553832400436543,0.00448611372770775,0.1520447380285127,0.1518965599769086,0.1610011989896232
234,235,0.15551499330345175,0.004479147650959966,0.1520447380285127,0.1518965599769086,0.1610011989896232
235,236,0.1554830977521633,0.00445955874418385,0.1520447380285127,0.1518965599769086,0.1610011989896232
236,237,0.15548064508671472,0.004455572192067411,0.1520447380285127,0.1518965599769086,0.1610011989896232
237,238,0.15547579886303364,0.004448690109816684,0.1520447380285127,0.1518965599769086,0.1610011989896232
238,239,0.15546632173467462,0.004446077630467447,0.1520447380285127,0.1518965599769086,0.16056138421068733
239,240,0.1554402996938527,0.004444798987925282,0.1520447380285127,0.1518965599769086,0.1604147792843754
240,241,0.15535055363905648,0.004351908738714527,0.1520447380285127,0.151811618629823,0.1604147792843754
241,242,0.155299893495544,0.0043323517151807635,0.1520447380285127,0.151811618629823,0.1604147792843754
242,243,0.15528173871645015,0.004327340754064199,0.1520447380285127,0.151811618629823,0.1604147792843754
243,244,0.1552586548960229,0.0043224736759462255,0.1520447380285127,0.151811618629823,0.1604147792843754
244,245,0.1552586548960229,0.0043224736759462255,0.1520447380285127,0.151811618629823,0.1604147792843754
245,246,0.1552462185277624,0.004321905389630536,0.1520447380285127,0.151811618629823,0.1604147792843754
246,247,0.1552461335864153,0.004321972056105183,0.1520447380285127,0.151811618629823,0.1604147792843754
247,248,0.1552439872382403,0.00431857919786181,0.1520447380285127,0.151811618629823,0.1604147792843754
248,249,0.15519982051977158,0.004304174177711118,0.1520447380285127,0.151811618629823,0.1604147792843754
249,250,0.15518202777875723,0.004299733341437526,0.1520447380285127,0.151811618629823,0.1604147792843754
250,251,0.15516736416033847,0.004292526516256723,0.1520447380285127,0.151811618629823,0.1604147792843754
251,252,0.155152811059196,0.004288133073612087,0.1520447380285127,0.151811618629823,0.1604147792843754
252,253,0.15514827422554608,0.004284962331770922,0.1520447380285127,0.151811618629823,0.1604147792843754
253,254,0.1551248000709521,0.00427539754085662,0.1520447380285127,0.151811618629823,0.1604147792843754
254,255,0.1551116457976275,0.004265637481524836,0.1520447380285127,0.151811618629823,0.1604147792843754
255,256,0.1551023929805632,0.004262881455397217,0.1520447380285127,0.151811618629823,0.1604147792843754
256,257,0.15506384880378904,0.004247767220796142,0.1520447380285127,0.151811618629823,0.1604147792843754
257,258,0.15505457428208214,0.0042449158415431626,0.1520447380285127,0.151811618629823,0.1604147792843754
258,259,0.15503024359625334,0.004232727636179609,0.1520447380285127,0.151811618629823,0.1604147792843754
259,260,0.15499038511343005,0.004214654004045705,0.1520447380285127,0.151811618629823,0.1604147792843754
260,261,0.15497677842136187,0.004211941820748781,0.1520447380285127,0.151811618629823,0.1604147792843754
261,262,0.15496196693564537,0.004206939177740679,0.1520447380285127,0.151811618629823,0.1604147792843754
262,263,0.15495790060864073,0.004208016918652474,0.1520447380285127,0.151811618629823,0.1604147792843754
263,264,0.15495737943001944,0.004207022303985122,0.1520447380285127,0.151811618629823,0.1604147792843754
264,265,0.15495613393099572,0.004205221691511733,0.1520447380285127,0.151811618629823,0.1604147792843754
265,266,0.15492730183244627,0.004192517769999007,0.1520447380285127,0.151811618629823,0.1604147792843754
266,267,0.15491787913268779,0.004189430752186414,0.1520447380285127,0.151811618629823,0.1604147792843754
267,268,0.15491756107194202,0.004189659213537578,0.1520447380285127,0.151811618629823,0.1604147792843754
268,269,0.15490565974320872,0.004181730224770587,0.1520447380285127,0.151811618629823,0.1604147792843754
269,270,0.1549018265356028,0.004182593993263349,0.1520447380285127,0.151811618629823,0.1604147792843754
270,271,0.154863136011244,0.004165553904699237,0.1520447380285127,0.151811618629823,0.1604147792843754
271,272,0.1548406080977755,0.004159996419276439,0.1520447380285127,0.151811618629823,0.1604147792843754
272,273,0.15480295694107093,0.00413889280669338,0.1520447380285127,0.151811618629823,0.1604147792843754
273,274,0.15478981694676644,0.004132478628063972,0.1520447380285127,0.151811618629823,0.1604147792843754
274,275,0.15477413149334543,0.004125084074918373,0.1520447380285127,0.151811618629823,0.1604147792843754
275,276,0.1547660170192736,0.004119374648634988,0.1520447380285127,0.151811618629823,0.1604147792843754
276,277,0.15474913005614757,0.004109815992438269,0.1520447380285127,0.151811618629823,0.1604147792843754
277,278,0.15471473545064046,0.004090879117922016,0.15197064900271065,0.151811618629823,0.1604147792843754
278,279,0.15470554587028068,0.004087066915590149,0.1518965599769086,0.151811618629823,0.1604147792843754
279,280,0.15469137554908852,0.004073760826412683,0.1518965599769086,0.151811618629823,0.1604147792843754
280,281,0.15468052374438696,0.004066793874072534,0.1518965599769086,0.151811618629823,0.1604147792843754
281,282,0.15465549984741875,0.004054853219683782,0.1518965599769086,0.151811618629823,0.1558779456344406
282,283,0.15463196067002216,0.004044282608110418,0.1518965599769086,0.151811618629823,0.1558779456344406
283,284,0.15461575429339952,0.0040309721724019355,0.1518965599769086,0.151811618629823,0.1558779456344406
284,285,0.15460575745566962,0.00402587362807584,0.1518965599769086,0.151811618629823,0.1558779456344406
285,286,0.1545714746392742,0.004004503755370809,0.1518965599769086,0.151811618629823,0.1558779456344406
286,287,0.1545714746392742,0.004004503755370809,0.1518965599769086,0.151811618629823,0.1558779456344406
287,288,0.15455481305773777,0.003993944083851924,0.1518965599769086,0.151811618629823,0.1558779456344406
288,289,0.1547913260188472,0.004106786025893324,0.1520447380285127,0.151811618629823,0.1604147792843754
289,290,0.15478531056677486,0.00410133983278408,0.1520447380285127,0.151811618629823,0.1604147792843754
290,291,0.15476740016045543,0.004093969756359398,0.1520447380285127,0.151811618629823,0.1604147792843754
291,292,0.1547500643953266,0.004079661235434008,0.1520447380285127,0.151811618629823,0.1604147792843754
292,293,0.1547306121338802,0.004070368646138343,0.1520447380285127,0.151811618629823,0.1604147792843754
293,294,0.1547104461058768,0.004059875720707916,0.1520447380285127,0.151811618629823,0.1570121540469243
294,295,0.1547025539435792,0.004050590202239064,0.15197064900271065,0.151811618629823,0.1558779456344406
295,296,0.15468946791890895,0.004047443942993209,0.1518965599769086,0.151811618629823,0.1558779456344406
296,297,0.15466315827346325,0.004029463767145014,0.1518965599769086,0.151811618629823,0.1558779456344406
297,298,0.15465909194645863,0.004030287494177809,0.1518965599769086,0.151811618629823,0.1558779456344406
298,299,0.1546180337978716,0.004013196706356506,0.1518965599769086,0.151811618629823,0.1558779456344406
299,300,0.15461794885652452,0.004013255205320606,0.1518965599769086,0.151811618629823,0.1558779456344406
300,301,0.1545982697681806,0.004002037850495453,0.1518965599769086,0.151811618629823,0.1558779456344406
301,302,0.15457183816015804,0.003982890462041843,0.1518965599769086,0.151811618629823,0.1558779456344406
302,303,0.15457183816015804,0.003982890462041843,0.1518965599769086,0.151811618629823,0.1558779456344406
303,304,0.1545583504526386,0.003979221686256025,0.1518965599769086,0.151811618629823,0.1558779456344406
304,305,0.15455391459432666,0.003971816243395582,0.1518965599769086,0.151811618629823,0.1558779456344406
305,306,0.15453568612726148,0.003963370636325389,0.1518965599769086,0.151811618629823,0.1558779456344406
306,307,0.15451778754182735,0.00395390986571244,0.1518965599769086,0.151811618629823,0.1558779456344406
307,308,0.15449459624872386,0.00394373693208937,0.1518965599769086,0.151811618629823,0.1558779456344406
308,309,0.15446335475982398,0.003930374054209036,0.1518965599769086,0.151811618629823,0.1558779456344406
309,310,0.15444906546121853,0.003920716580433405,0.1518965599769086,0.151811618629823,0.1558779456344406
310,311,0.1544271749841177,0.0039038941608309672,0.1518965599769086,0.151811618629823,0.1558779456344406
311,312,0.1544032860261396,0.0038793319376542105,0.1518965599769086,0.151811618629823,0.1558779456344406
312,313,0.15438863956437218,0.003872411857902568,0.1518965599769086,0.151811618629823,0.1558779456344406
313,314,0.15438457323736754,0.003872980772807409,0.1518965599769086,0.151811618629823,0.1558779456344406
314,315,0.15435796293854687,0.003852887906803065,0.1518965599769086,0.151811618629823,0.1558779456344406
315,316,0.15434107467798355,0.0038448016170635163,0.1518965599769086,0.151811618629823,0.1558779456344406
316,317,0.15433541533616507,0.0038423909808715786,0.1518965599769086,0.151811618629823,0.1558779456344406
317,318,0.15432421114488284,0.0038333486429406234,0.1518965599769086,0.151811618629823,0.1558779456344406
318,319,0.15429570702986137,0.003816544475186441,0.1518965599769086,0.151811618629823,0.1558779456344406
319,320,0.15427831344986645,0.003806868781453071,0.1518965599769086,0.151811618629823,0.1558779456344406
320,321,0.15426487595535662,0.0038010534262787154,0.1518965599769086,0.151811618629823,0.1558779456344406
321,322,0.1542464335579325,0.003790675168304066,0.1518965599769086,0.151811618629823,0.1558779456344406
322,323,0.15423530610311273,0.003780776731789511,0.1518965599769086,0.151811618629823,0.1558779456344406
323,324,0.15419626195946087,0.003765817139633577,0.1518965599769086,0.151811618629823,0.1558779456344406
324,325,0.15419626195946087,0.003765817139633577,0.1518965599769086,0.151811618629823,0.1558779456344406
325,326,0.15419617701811378,0.003765869968087588,0.1518965599769086,0.151811618629823,0.1558779456344406
326,327,0.15419030381626747,0.0037618361717098267,0.1518965599769086,0.151811618629823,0.1558779456344406
327,328,0.15417274419465182,0.0037518305199360277,0.1518965599769086,0.151811618629823,0.1558779456344406
328,329,0.15416311888824114,0.0037455234873608593,0.1518965599769086,0.151811618629823,0.1558779456344406
329,330,0.15414368531677378,0.003728522260143543,0.1518965599769086,0.151811618629823,0.1558779456344406
330,331,0.1541324767616803,0.003718399516155182,0.1518965599769086,0.151811618629823,0.1558779456344406
331,332,0.15413028360698064,0.003714588001046482,0.1518965599769086,0.151811618629823,0.1558779456344406
332,333,0.15412567519999057,0.0037138370316651815,0.1518965599769086,0.151811618629823,0.1558779456344406
333,334,0.15412508878028533,0.0037127974839306814,0.1518965599769086,0.151811618629823,0.1558779456344406
334,335,0.1541208742752291,0.003713188052468139,0.1518965599769086,0.151811618629823,0.1558779456344406
335,336,0.1538990097253768,0.003612089023635599,0.1518965599769086,0.151811618629823,0.1558779456344406
336,337,0.1541072675831609,0.003706919031769574,0.1518965599769086,0.151811618629823,0.1558779456344406
337,338,0.15388341678253298,0.0036010982620693064,0.1518965599769086,0.151811618629823,0.1558779456344406
338,339,0.1538695769710661,0.00359386074798813,0.1518965599769086,0.151811618629823,0.1558779456344406
339,340,0.1538693438516674,0.003593986669000482,0.1518965599769086,0.151811618629823,0.1558779456344406
340,341,0.15386420961520958,0.0035914559822421252,0.1518965599769086,0.151811618629823,0.1558779456344406
341,342,0.15383134804247212,0.0035632956516764886,0.1518965599769086,0.151811618629823,0.1558779456344406
342,343,0.15383134804247212,0.0035632956516764886,0.1518965599769086,0.151811618629823,0.1558779456344406
343,344,0.15380649404018307,0.003541864929232332,0.1518965599769086,0.151811618629823,0.1558779456344406
344,345,0.15380611274273276,0.003542065335235618,0.1518965599769086,0.151811618629823,0.1558779456344406
345,346,0.15378058014934656,0.003517419118343143,0.1518965599769086,0.151811618629823,0.1558779456344406
346,347,0.15376401421737693,0.0035114282301294667,0.1518965599769086,0.151811618629823,0.1558779456344406
347,348,0.1537397892425084,0.0034922937413912115,0.1518965599769086,0.151811618629823,0.1520447380285127
348,349,0.1537210803165918,0.003477009987521166,0.1518965599769086,0.151811618629823,0.1520447380285127
349,350,0.15371385314715585,0.0034649874719951206,0.1518965599769086,0.151811618629823,0.1520447380285127
350,351,0.15371370496910425,0.003465062015074729,0.1518965599769086,0.151811618629823,0.1520447380285127
351,352,0.15370287486904527,0.0034537814253558716,0.1518965599769086,0.151811618629823,0.1520447380285127
352,353,0.15369377023003256,0.0034465229548346593,0.1518965599769086,0.151811618629823,0.1520447380285127
353,354,0.15369368528868546,0.0034465682933810323,0.1518965599769086,0.151811618629823,0.1520447380285127
354,355,0.15368935243318835,0.003445172019722004,0.1518965599769086,0.151811618629823,0.1520447380285127
355,356,0.1536891193137897,0.0034452911805574536,0.1518965599769086,0.151811618629823,0.1520447380285127
356,357,0.1536698897204751,0.0034286073321689327,0.1518965599769086,0.151811618629823,0.1520447380285127
357,358,0.1536562830284069,0.003420023189596499,0.1518965599769086,0.151811618629823,0.1520447380285127
358,359,0.1536522167014023,0.003419796643715947,0.1518965599769086,0.151811618629823,0.1520447380285127
359,360,0.1536290696442705,0.003402626709369405,0.1518965599769086,0.151811618629823,0.1520447380285127
360,361,0.15360535516816634,0.003383458043402086,0.1518965599769086,0.151811618629823,0.1520447380285127
361,362,0.15360474955942133,0.00338256529920611,0.1518965599769086,0.151811618629823,0.1520447380285127
362,363,0.15360466461807423,0.003382609259589284,0.1518965599769086,0.151811618629823,0.1520447380285127
363,364,0.15358443981540051,0.0033615848230101448,0.1518965599769086,0.151811618629823,0.1520447380285127
364,365,0.15358045842974297,0.003361223800978984,0.1518965599769086,0.151811618629823,0.1520447380285127
365,366,0.15357978706869066,0.003360023633974511,0.1518965599769086,0.151811618629823,0.1520447380285127
366,367,0.15352856828777847,0.003301562623679211,0.1518965599769086,0.151811618629823,0.1520447380285127
367,368,0.15352856828777847,0.003301562623679211,0.1518965599769086,0.151811618629823,0.1520447380285127
368,369,0.15352602328762827,0.0032960386003538277,0.1518965599769086,0.151811618629823,0.1520447380285127
369,370,0.15351624980316603,0.003287034027124352,0.1518965599769086,0.151811618629823,0.1520447380285127
370,371,0.15350828703185096,0.003286125509717176,0.1518965599769086,0.151811618629823,0.1520447380285127
371,372,0.15349405398442229,0.0032761445537696724,0.1518965599769086,0.151811618629823,0.1520447380285127
372,373,0.15348023336199518,0.0032661883930941047,0.1518965599769086,0.151811618629823,0.1520447380285127
373,374,0.15347148202328903,0.0032593026486913584,0.1518965599769086,0.151811618629823,0.1520447380285127
374,375,0.1534614212637188,0.0032493189536031367,0.1518965599769086,0.151811618629823,0.1520447380285127
375,376,0.15344810211964985,0.0032404970087150727,0.1518965599769086,0.151811618629823,0.1520447380285127
376,377,0.15344195749025874,0.0032306132162636353,0.1518965599769086,0.151811618629823,0.1520447380285127
377,378,0.15341442177752865,0.0032041602272809703,0.1518965599769086,0.151811618629823,0.1520447380285127
378,379,0.15341418865812997,0.00320426834895309,0.1518965599769086,0.151811618629823,0.1520447380285127
379,380,0.15340014517926415,0.0031931639867812077,0.1518965599769086,0.151811618629823,0.1520447380285127
380,381,0.15339005363405614,0.0031836300930479116,0.1518965599769086,0.151811618629823,0.1520447380285127
381,382,0.15339005363405614,0.0031836300930479116,0.1518965599769086,0.151811618629823,0.1520447380285127
382,383,0.15338086405369633,0.003174898115595536,0.1518965599769086,0.151811618629823,0.1520447380285127
383,384,0.15360009527794066,0.0033403179628413433,0.1518965599769086,0.151811618629823,0.1520447380285127
384,385,0.15359611389228311,0.003339973304043618,0.1518965599769086,0.151811618629823,0.1520447380285127
385,386,0.15357656471850967,0.00332598487054203,0.1518965599769086,0.151811618629823,0.1520447380285127
386,387,0.1535678983211506,0.0033194332969707194,0.1518965599769086,0.151811618629823,0.1520447380285127
387,388,0.1535466872014316,0.003296829646383668,0.1518965599769086,0.151811618629823,0.1520447380285127
388,389,0.15352637400732544,0.003275238257258201,0.1518965599769086,0.151811618629823,0.1520447380285127
389,390,0.15351554390726646,0.0032626797853155635,0.1518965599769086,0.151811618629823,0.1520447380285127
390,391,0.15350626938555959,0.003254557411765442,0.1518965599769086,0.151811618629823,0.1520447380285127
391,392,0.15330155353621455,0.0031027536275440837,0.1518965599769086,0.151811618629823,0.1520447380285127
392,393,0.15346257251679518,0.003207205753206415,0.1518965599769086,0.151811618629823,0.1520447380285127
393,394,0.1534339735864424,0.003178118292332779,0.1518965599769086,0.151811618629823,0.1520447380285127
394,395,0.15343359228899212,0.0031782969433351706,0.1518965599769086,0.151811618629823,0.1520447380285127
395,396,0.15343300586928685,0.003176954424730498,0.1518965599769086,0.151811618629823,0.1520447380285127
396,397,0.15343300586928685,0.003176954424730498,0.1518965599769086,0.151811618629823,0.1520447380285127
397,398,0.15341874648556736,0.0031554698134186815,0.1518965599769086,0.151811618629823,0.1520447380285127
398,399,0.15341742729857225,0.0031529838394717697,0.1518965599769086,0.151811618629823,0.1520447380285127
399,400,0.15340507587165886,0.003144890262341633,0.1518965599769086,0.151811618629823,0.1520447380285127
400,401,0.15340100954465424,0.0031443190436521856,0.1518965599769086,0.151811618629823,0.1520447380285127
401,402,0.15338315356693538,0.0031280474732380084,0.1518965599769086,0.151811618629823,0.1520447380285127
402,403,0.15336032251391293,0.003103151690703293,0.1518965599769086,0.151811618629823,0.1520447380285127
403,404,0.15334883840732652,0.0030881125443212236,0.1518965599769086,0.151811618629823,0.1520447380285127
404,405,0.15333979700501832,0.003078920805535574,0.1518965599769086,0.151811618629823,0.1520447380285127
405,406,0.15333127878571085,0.003071108647632928,0.1518965599769086,0.151811618629823,0.1520447380285127
406,407,0.1533137191640952,0.0030539091152349033,0.1518965599769086,0.151811618629823,0.1520447380285127
407,408,0.15330894921104657,0.003046823645555274,0.1518965599769086,0.151811618629823,0.1520447380285127
408,409,0.1532839912402981,0.0030194863561950527,0.1518965599769086,0.151811618629823,0.1520447380285127
409,410,0.15328375812089942,0.003019591020897462,0.1518965599769086,0.151811618629823,0.1520447380285127
410,411,0.1532791363459024,0.0030123130306613922,0.1518965599769086,0.151811618629823,0.1520447380285127
411,412,0.15326076946691664,0.002992757363598943,0.1518965599769086,0.151811618629823,0.1520447380285127
412,413,0.15326068452556957,0.0029927972869502346,0.1518965599769086,0.151811618629823,0.1520447380285127
413,414,0.1532424212779099,0.0029681685009701982,0.1518965599769086,0.151811618629823,0.1520447380285127
414,415,0.15324218815851123,0.002968271710416502,0.1518965599769086,0.151811618629823,0.1520447380285127
415,416,0.1532383549509053,0.0029673403786421725,0.1518965599769086,0.151811618629823,0.1520447380285127
416,417,0.15322381105442806,0.002952727340868083,0.1518965599769086,0.151811618629823,0.1520447380285127
417,418,0.1531848806514557,0.0029133036918146003,0.1518965599769086,0.151811618629823,0.1520447380285127
418,419,0.15317127327425173,0.002900716669875955,0.1518965599769086,0.151811618629823,0.1520447380285127
419,420,0.15317083754820088,0.0028995075007019113,0.1518965599769086,0.151811618629823,0.1520447380285127
420,421,0.1531698698310453,0.0028981438889165282,0.1518965599769086,0.151811618629823,0.1520447380285127
421,422,0.15315934316426005,0.0028828041157251193,0.1518965599769086,0.151811618629823,0.1520447380285127
422,423,0.15315934316426005,0.0028828041157251193,0.1518965599769086,0.151811618629823,0.1520447380285127
423,424,0.15315934316426005,0.0028828041157251193,0.1518965599769086,0.151811618629823,0.1520447380285127
424,425,0.15315536177860253,0.002881795888017977,0.1518965599769086,0.151811618629823,0.1520447380285127
425,426,0.15313346930148974,0.002859857015403974,0.1518965599769086,0.151811618629823,0.1520447380285127
426,427,0.15313323618209104,0.0028599552527310804,0.1518965599769086,0.151811618629823,0.1520447380285127
427,428,0.15312916985508643,0.002858940495285874,0.1518965599769086,0.151811618629823,0.1520447380285127
428,429,0.15312901042365912,0.0028584691523528207,0.1518965599769086,0.151811618629823,0.1520447380285127
429,430,0.15311999255646044,0.002847996626821852,0.1518965599769086,0.151811618629823,0.1520447380285127
430,431,0.15311975943706177,0.0028480941701559,0.1518965599769086,0.151811618629823,0.1520447380285127
431,432,0.15296766373391685,0.002713512082252838,0.1518965599769086,0.151811618629823,0.1520447380285127
432,433,0.15296254048056168,0.002703156233894562,0.1518965599769086,0.151811618629823,0.1520447380285127
433,434,0.15296053867913853,0.002697818986406376,0.1518965599769086,0.151811618629823,0.1520447380285127
434,435,0.15296015738168822,0.002697962532045641,0.1518965599769086,0.151811618629823,0.1520447380285127
435,436,0.15296007244034113,0.0026979973533960656,0.1518965599769086,0.151811618629823,0.1520447380285127
436,437,0.15295430136104318,0.002686078701599093,0.1518965599769086,0.151811618629823,0.1520447380285127
437,438,0.15295406824164448,0.00268616774517303,0.1518965599769086,0.151811618629823,0.1520447380285127
438,439,0.15295383512224578,0.002686256765564741,0.1518965599769086,0.151811618629823,0.1520447380285127
439,440,0.1529446132768943,0.002668698411269434,0.1518965599769086,0.151811618629823,0.1520447380285127
440,441,0.15291441894821395,0.0026406908074105393,0.1518965599769086,0.151811618629823,0.1520447380285127
441,442,0.1529059899381015,0.0026379165324820902,0.1518965599769086,0.151811618629823,0.1520447380285127
442,443,0.15289656723834302,0.0026257638846158195,0.1518965599769086,0.151811618629823,0.1520447380285127
443,444,0.1528918822266415,0.002616725727834296,0.1518965599769086,0.151811618629823,0.1520447380285127
444,445,0.15288304594658828,0.002606184521538774,0.1518965599769086,0.151811618629823,0.1520447380285127
445,446,0.15287444278593373,0.002595485445029238,0.1518965599769086,0.151811618629823,0.1520447380285127
446,447,0.15287444278593373,0.002595485445029238,0.1518965599769086,0.151811618629823,0.1520447380285127
447,448,0.15287444278593373,0.002595485445029238,0.1518965599769086,0.151811618629823,0.1520447380285127
448,449,0.15286607274467787,0.0025846288656677105,0.1518965599769086,0.151811618629823,0.1520447380285127
449,450,0.15286540138362553,0.002582882214192477,0.1518965599769086,0.151811618629823,0.1520447380285127
450,451,0.15285589374251998,0.002570353704595834,0.1518965599769086,0.151811618629823,0.1520447380285127
451,452,0.15285572385982582,0.0025704199105095085,0.1518965599769086,0.151811618629823,0.1520447380285127
452,453,0.15283668561978772,0.0025426378879226086,0.1518965599769086,0.151811618629823,0.1520447380285127
453,454,0.1528326192927831,0.002541021919217036,0.1518965599769086,0.151811618629823,0.1520447380285127
454,455,0.15282416431018014,0.002529825833781849,0.1518965599769086,0.151811618629823,0.1520447380285127
455,456,0.15281986486377686,0.0025282637670613643,0.1518965599769086,0.151811618629823,0.15193360448980964
456,457,0.1528156503587206,0.002526661094518653,0.1518965599769086,0.151811618629823,0.1518965599769086
457,458,0.15280719537611767,0.0025153440515758916,0.1518965599769086,0.151811618629823,0.1518965599769086
458,459,0.15290520052383358,0.00261759280732753,0.1518965599769086,0.151811618629823,0.1520447380285127
459,460,0.1528018835500893,0.0025095791288045842,0.1518965599769086,0.151811618629823,0.1518965599769086
460,461,0.15278390922192955,0.0024830282042058107,0.1518965599769086,0.151811618629823,0.1518965599769086
461,462,0.15277530606127498,0.002471451035241009,0.1518965599769086,0.151811618629823,0.1518965599769086
462,463,0.15277123973427037,0.0024696874307740062,0.1518965599769086,0.151811618629823,0.1518965599769086
463,464,0.1527628696930145,0.002457923932103461,0.1518965599769086,0.151811618629823,0.1518965599769086
464,465,0.15276278475166744,0.002457955336220109,0.1518965599769086,0.151811618629823,0.1518965599769086
465,466,0.152736325613294,0.002420467180658103,0.1518965599769086,0.151811618629823,0.1518965599769086
466,467,0.152736325613294,0.002420467180658103,0.1518965599769086,0.151811618629823,0.1518965599769086
467,468,0.15272772245263946,0.0024084193551987734,0.1518965599769086,0.151811618629823,0.1518965599769086
468,469,0.15272365612563485,0.002406529159515793,0.1518965599769086,0.151811618629823,0.1518965599769086
469,470,0.15272357118428778,0.002406559850230051,0.1518965599769086,0.151811618629823,0.1518965599769086
470,471,0.1527125712015346,0.0023858597808613445,0.1518965599769086,0.151811618629823,0.1518965599769086
471,472,0.15271233808213594,0.002385936410296086,0.1518965599769086,0.151811618629823,0.1518965599769086
472,473,0.15271225314078885,0.002385966962968337,0.1518965599769086,0.151811618629823,0.1518965599769086
473,474,0.1526993152941702,0.002369610444780887,0.1518965599769086,0.151811618629823,0.1518965599769086
474,475,0.15269501584776687,0.0023677159929506495,0.151811618629823,0.151811618629823,0.1518965599769086
475,476,0.152694196308663,0.0023658059832039344,0.151811618629823,0.151811618629823,0.1518965599769086
476,477,0.15268406952389416,0.002347708973526458,0.151811618629823,0.151811618629823,0.1518965599769086
477,478,0.1526742960394319,0.002331523540685781,0.151811618629823,0.151811618629823,0.1518965599769086
478,479,0.15267414786138028,0.002331568255254189,0.151811618629823,0.151811618629823,0.1518965599769086
479,480,0.15263582827684444,0.0022501085634733637,0.151811618629823,0.151811618629823,0.1518965599769086
480,481,0.15263559515744574,0.002250181865301576,0.151811618629823,0.151811618629823,0.1518965599769086
481,482,0.15262268828253994,0.0022255296845725,0.151811618629823,0.151811618629823,0.1518965599769086
482,483,0.15261455562853068,0.002221044462400753,0.151811618629823,0.151811618629823,0.1518965599769086
483,484,0.15261447068718362,0.0022210735437653032,0.151811618629823,0.151811618629823,0.1518965599769086
484,485,0.1526104893015261,0.0022187872729126064,0.151811618629823,0.151811618629823,0.1518965599769086
485,486,0.15260597844036664,0.0022166477843279615,0.151811618629823,0.151811618629823,0.1518965599769086
486,487,0.15260085518701147,0.0022031176076845183,0.151811618629823,0.151811618629823,0.1518965599769086
487,488,0.15260085518701147,0.0022031176076845183,0.151811618629823,0.151811618629823,0.1518965599769086
488,489,0.15260085518701147,0.0022031176076845183,0.151811618629823,0.151811618629823,0.1518965599769086
489,490,0.15259664068195525,0.0022008588708111784,0.151811618629823,0.151811618629823,0.1518965599769086
490,491,0.15259655574060815,0.0022008875274856683,0.151811618629823,0.151811618629823,0.1518965599769086
491,492,0.15258818569935229,0.00218701068457802,0.151811618629823,0.151811618629823,0.1518965599769086
492,493,0.15257613489639008,0.002179914931777447,0.151811618629823,0.151811618629823,0.1518965599769086
493,494,0.1525665306094862,0.002161654043903825,0.151811618629823,0.151811618629823,0.1518965599769086
494,495,0.1525665306094862,0.002161654043903825,0.151811618629823,0.151811618629823,0.1518965599769086
495,496,0.15255491905229984,0.0021360103377491765,0.151811618629823,0.151811618629823,0.1518965599769086
496,497,0.15254546294344756,0.002117234376478175,0.151811618629823,0.151811618629823,0.1518965599769086
497,498,0.15254522982404886,0.0021173023290575383,0.151811618629823,0.151811618629823,0.1518965599769086
498,499,0.15254060804905187,0.0021052891465559703,0.151811618629823,0.151811618629823,0.1518965599769086
499,500,0.15253662666339432,0.0021027371483223942,0.151811618629823,0.151811618629823,0.1518965599769086
500,501,0.15253141846869206,0.00208832654743669,0.151811618629823,0.151811618629823,0.1518965599769086
501,502,0.1525219957689336,0.0020712511110801074,0.151811618629823,0.151811618629823,0.1518965599769086
502,503,0.15252182588623941,0.002071305884651057,0.151811618629823,0.151811618629823,0.1518965599769086
503,504,0.15251284142813457,0.002056422416348605,0.151811618629823,0.151811618629823,0.1518965599769086
504,505,0.152512693250083,0.002056461478982451,0.151811618629823,0.151811618629823,0.1518965599769086
505,506,0.15251254438689554,0.002056210272601192,0.151811618629823,0.151811618629823,0.1518965599769086
506,507,0.15249925621453947,0.0020285244128071304,0.151811618629823,0.151811618629823,0.1518965599769086
507,508,0.15249504170948325,0.0020258596917177734,0.151811618629823,0.151811618629823,0.1518965599769086
508,509,0.15249504170948325,0.0020258596917177734,0.151811618629823,0.151811618629823,0.1518965599769086
509,510,0.15249445780538076,0.0020240207485920625,0.151811618629823,0.151811618629823,0.1518965599769086
510,511,0.15248994694422133,0.002021416242172752,0.151811618629823,0.151811618629823,0.1518965599769086
511,512,0.15246202399689915,0.002008310709062029,0.151811618629823,0.151811618629823,0.1518965599769086
512,513,0.15247282983210722,0.00200046664407769,0.151811618629823,0.151811618629823,0.1518965599769086
513,514,0.15247259671270855,0.002000530099094868,0.151811618629823,0.151811618629823,0.1518965599769086
514,515,0.15247259671270855,0.002000530099094868,0.151811618629823,0.151811618629823,0.1518965599769086
515,516,0.15247209706481735,0.0019983363539295778,0.151811618629823,0.151811618629823,0.1518965599769086
516,517,0.15246978518406584,0.0019877809179477384,0.151811618629823,0.151811618629823,0.1518965599769086
517,518,0.1524618856494553,0.00198206793730605,0.151811618629823,0.151811618629823,0.1518965599769086
518,519,0.1524618856494553,0.00198206793730605,0.151811618629823,0.151811618629823,0.1518965599769086
519,520,0.15246180070810822,0.001982093982373794,0.151811618629823,0.151811618629823,0.1518965599769086
520,521,0.15246148264736245,0.001982182758704832,0.151811618629823,0.151811618629823,0.1518965599769086
521,522,0.15245733137901074,0.001979364682264157,0.151811618629823,0.151811618629823,0.1518965599769086
522,523,0.15244864327700913,0.0019634173042059125,0.151811618629823,0.151811618629823,0.1518965599769086
523,524,0.15244004011635456,0.001947275012317271,0.151811618629823,0.151811618629823,0.1518965599769086
524,525,0.15242701732838881,0.00192539578328446,0.151811618629823,0.151811618629823,0.1518965599769086
525,526,0.15242701732838881,0.00192539578328446,0.151811618629823,0.151811618629823,0.1518965599769086
526,527,0.15257478924498927,0.0021419741885329844,0.151811618629823,0.151811618629823,0.1518965599769086
527,528,0.1525747043036422,0.002142002766472134,0.151811618629823,0.151811618629823,0.1518965599769086
528,529,0.1525746193622951,0.0021420313406616976,0.151811618629823,0.151811618629823,0.1518965599769086
529,530,0.1525746193622951,0.0021420313406616976,0.151811618629823,0.151811618629823,0.1518965599769086
530,531,0.15256434371433886,0.002121216200963415,0.151811618629823,0.151811618629823,0.1518965599769086
531,532,0.15239484336189418,0.001863762546536952,0.151811618629823,0.151811618629823,0.1518965599769086
532,533,0.15256355941479574,0.002121454225522937,0.151811618629823,0.151811618629823,0.1518965599769086
533,534,0.15255957802913822,0.0021189648208015488,0.151811618629823,0.151811618629823,0.1518965599769086
534,535,0.15255957802913822,0.0021189648208015488,0.151811618629823,0.151811618629823,0.1518965599769086
535,536,0.15255544846542907,0.0021165059462668915,0.151811618629823,0.151811618629823,0.1518965599769086
536,537,0.15255146707977152,0.002113995438915035,0.151811618629823,0.151811618629823,0.1518965599769086
537,538,0.152542863919117,0.0020994328753932904,0.151811618629823,0.151811618629823,0.1518965599769086
538,539,0.15253695522211655,0.0020903049225198347,0.151811618629823,0.151811618629823,0.1518965599769086
539,540,0.15253695522211655,0.0020903049225198347,0.151811618629823,0.151811618629823,0.1518965599769086
540,541,0.15252680044020397,0.0020715230367858435,0.151811618629823,0.151811618629823,0.1518965599769086
541,542,0.15252635590604915,0.002071642331808813,0.151811618629823,0.151811618629823,0.1518965599769086
542,543,0.1525167305996385,0.002052491634938667,0.151811618629823,0.151811618629823,0.1518965599769086
543,544,0.15250812743898393,0.0020373428545493893,0.151811618629823,0.151811618629823,0.1518965599769086
544,545,0.15250789431958525,0.002037409199796227,0.151811618629823,0.151811618629823,0.1518965599769086
545,546,0.15250789431958525,0.002037409199796227,0.151811618629823,0.151811618629823,0.1518965599769086
546,547,0.1525024530054843,0.0020225254058739623,0.151811618629823,0.151811618629823,0.1518965599769086
547,548,0.15250143085972817,0.002018263632240123,0.151811618629823,0.151811618629823,0.1518965599769086
548,549,0.15249680908473115,0.002005556398927888,0.151811618629823,0.151811618629823,0.1518965599769086
549,550,0.15248413959707197,0.0019871860981880403,0.151811618629823,0.151811618629823,0.1518965599769086
550,551,0.15248015821141442,0.0019843689343947116,0.151811618629823,0.151811618629823,0.1518965599769086
551,552,0.15247992509201574,0.0019844337650530507,0.151811618629823,0.151811618629823,0.1518965599769086
552,553,0.15247992509201574,0.0019844337650530507,0.151811618629823,0.151811618629823,0.1518965599769086
553,554,0.1524758587650111,0.0019816308745041248,0.151811618629823,0.151811618629823,0.1518965599769086
554,555,0.15247091892926834,0.001968718075925431,0.151811618629823,0.151811618629823,0.1518965599769086
555,556,0.15247091892926834,0.001968718075925431,0.151811618629823,0.151811618629823,0.1518965599769086
556,557,0.15247077075121676,0.0019687557234367046,0.151811618629823,0.151811618629823,0.1518965599769086
557,558,0.15247077075121676,0.0019687557234367046,0.151811618629823,0.151811618629823,0.1518965599769086
558,559,0.15245874165289705,0.001960133106411292,0.151811618629823,0.151811618629823,0.1518965599769086
559,560,0.15245874165289705,0.001960133106411292,0.151811618629823,0.151811618629823,0.1518965599769086
560,561,0.15245037161164118,0.0019439456271888003,0.151811618629823,0.151811618629823,0.1518965599769086
561,562,0.15244630528463657,0.0019410223615767958,0.151811618629823,0.151811618629823,0.1518965599769086
562,563,0.15244622034328947,0.001941048275590424,0.151811618629823,0.151811618629823,0.1518965599769086
563,564,0.15244607216523787,0.001941084574325682,0.151811618629823,0.151811618629823,0.1518965599769086
564,565,0.1524456908677876,0.0019411830248723299,0.151811618629823,0.151811618629823,0.1518965599769086
565,566,0.15244554268973598,0.0019412192806717505,0.151811618629823,0.151811618629823,0.1518965599769086
566,567,0.1524370244704285,0.0019248512632692482,0.151811618629823,0.151811618629823,0.1518965599769086
567,568,0.15243685458773437,0.001924902703526209,0.151811618629823,0.151811618629823,0.1518965599769086
568,569,0.15243647329028406,0.0019250001558785085,0.151811618629823,0.151811618629823,0.1518965599769086
569,570,0.15224074646626287,0.0015129971988143518,0.151811618629823,0.151811618629823,0.1518965599769086
570,571,0.15243647329028406,0.0019250001558785085,0.151811618629823,0.151811618629823,0.1518965599769086
571,572,0.1524273821861896,0.0019086156832855516,0.151811618629823,0.151811618629823,0.1518965599769086
572,573,0.1524273821861896,0.0019086156832855516,0.151811618629823,0.151811618629823,0.1518965599769086
573,574,0.15241713567947923,0.0018760332999834877,0.151811618629823,0.151811618629823,0.1518965599769086
574,575,0.1523065581170741,0.0017733851124383819,0.151811618629823,0.151811618629823,0.1518965599769086
575,576,0.15230647317572704,0.0017734067825584076,0.151811618629823,0.151811618629823,0.1518965599769086
576,577,0.15230638823437995,0.001773428448345229,0.151811618629823,0.151811618629823,0.1518965599769086
577,578,0.15230638823437995,0.001773428448345229,0.151811618629823,0.151811618629823,0.1518965599769086
578,579,0.1523050058106803,0.0017681780121538901,0.151811618629823,0.151811618629823,0.1518965599769086
579,580,0.15230102442502277,0.0017646071971539848,0.151811618629823,0.151811618629823,0.1518965599769086
580,581,0.1522954015237764,0.0017441228670451166,0.151811618629823,0.151811618629823,0.1518965599769086
581,582,0.1522953165824293,0.0017441443573980961,0.151811618629823,0.151811618629823,0.1518965599769086
582,583,0.15228662848042768,0.0017252093502955516,0.151811618629823,0.151811618629823,0.1518965599769086
583,584,0.15228256215342303,0.0017215280546042098,0.151811618629823,0.151811618629823,0.1518965599769086
584,585,0.15238153500385063,0.001837717824039495,0.151811618629823,0.151811618629823,0.1518965599769086
585,586,0.15227764402232283,0.0017060733121822085,0.151811618629823,0.151811618629823,0.1518965599769086
586,587,0.15227293730597874,0.001690431040894741,0.151811618629823,0.151811618629823,0.1518965599769086
587,588,0.15226901915702573,0.0016866146261130155,0.151811618629823,0.151811618629823,0.1518965599769086
588,589,0.15226088650301647,0.001678979596898936,0.151811618629823,0.151811618629823,0.1518965599769086
589,590,0.15224727912581246,0.0016494377863788576,0.151811618629823,0.151811618629823,0.1518965599769086
590,591,0.1522471092431183,0.0016494782734449618,0.151811618629823,0.151811618629823,0.1518965599769086
591,592,0.1522468761237196,0.0016495233305982933,0.151811618629823,0.151811618629823,0.1518965599769086
592,593,0.15223545525383772,0.001613142377332616,0.151811618629823,0.151811618629823,0.1518965599769086
593,594,0.15223545525383772,0.001613142377332616,0.151811618629823,0.151811618629823,0.1518965599769086
594,595,0.15223537031249065,0.001613162456111108,0.151811618629823,0.151811618629823,0.1518965599769086
595,596,0.15223528537114356,0.0016131825301671406,0.151811618629823,0.151811618629823,0.1518965599769086
596,597,0.1522223827640857,0.001588244463591952,0.151811618629823,0.151811618629823,0.1518965599769086
597,598,0.152212757457675,0.0015613099523853096,0.151811618629823,0.151811618629823,0.1518965599769086
598,599,0.15220854295261882,0.0015570709886421122,0.151811618629823,0.151811618629823,0.1518965599769086
599,600,0.15220854295261882,0.0015570709886421122,0.151811618629823,0.151811618629823,0.1518965599769086
600,601,0.15220816165516854,0.0015571355549444032,0.151811618629823,0.151811618629823,0.1518965599769086
601,602,0.15219932537511527,0.0015354257615316277,0.151811618629823,0.151811618629823,0.1518965599769086
602,603,0.15219932537511527,0.0015354257615316277,0.151811618629823,0.151811618629823,0.1518965599769086
603,604,0.1521990922557166,0.0015354669107808675,0.151811618629823,0.151811618629823,0.1518965599769086
604,605,0.1521990922557166,0.0015354669107808675,0.151811618629823,0.151811618629823,0.1518965599769086
605,606,0.15219877419497083,0.001535527093070862,0.151811618629823,0.151811618629823,0.1518965599769086
606,607,0.15219868925362373,0.0015355461576708287,0.151811618629823,0.151811618629823,0.1518965599769086
607,608,0.15219470786796624,0.0015311565907803026,0.151811618629823,0.151811618629823,0.1518965599769086
608,609,0.15219455968991463,0.0015311782668080878,0.151811618629823,0.151811618629823,0.1518965599769086
609,610,0.15219455968991463,0.0015311782668080878,0.151811618629823,0.151811618629823,0.1518965599769086
610,611,0.15219043012620548,0.0015267867108932863,0.151811618629823,0.151811618629823,0.1518965599769086
611,612,0.1521902602435113,0.001526824124996228,0.151811618629823,0.151811618629823,0.1518965599769086
612,613,0.15218085924839536,0.0015012286016737365,0.151811618629823,0.151811618629823,0.1518965599769086
613,614,0.15218085924839536,0.0015012286016737365,0.151811618629823,0.151811618629823,0.1518965599769086
614,615,0.1521723410290879,0.0014784783195366674,0.151811618629823,0.151811618629823,0.1518965599769086
615,616,0.15216804158268457,0.001473903697458653,0.151811618629823,0.151811618629823,0.1518965599769086
616,617,0.15216804158268457,0.001473903697458653,0.151811618629823,0.151811618629823,0.1518965599769086
617,618,0.1521678716999904,0.001473939873482044,0.151811618629823,0.151811618629823,0.1518965599769086
618,619,0.15215935348068294,0.0014506854641602321,0.151811618629823,0.151811618629823,0.1518965599769086
619,620,0.15215935348068294,0.0014506854641602321,0.151811618629823,0.151811618629823,0.1518965599769086
620,621,0.15223151695043435,0.0015458065114481502,0.151811618629823,0.151811618629823,0.1518965599769086
621,622,0.15214053859391252,0.0013928835518317302,0.151811618629823,0.151811618629823,0.1518965599769086
622,623,0.15213112162334397,0.0012878084002731526,0.151811618629823,0.151811618629823,0.1518965599769086
623,624,0.1521224335213423,0.0012609144116918875,0.151811618629823,0.151811618629823,0.1518965599769086
624,625,0.1521224335213423,0.0012609144116918875,0.151811618629823,0.151811618629823,0.1518965599769086
625,626,0.15212193387345116,0.0012572918289180384,0.151811618629823,0.151811618629823,0.1518965599769086
626,627,0.15212193387345116,0.0012572918289180384,0.151811618629823,0.151811618629823,0.1518965599769086
627,628,0.152121763990757,0.001257328007529581,0.151811618629823,0.151811618629823,0.1518965599769086
628,629,0.15212146763465378,0.001257363590370484,0.151811618629823,0.151811618629823,0.1518965599769086
629,630,0.15212114957390802,0.001257417448245146,0.151811618629823,0.151811618629823,0.1518965599769086
630,631,0.1521210013958564,0.0012574351748529265,0.151811618629823,0.151811618629823,0.1518965599769086
631,632,0.15212066163046808,0.001257507247891004,0.151811618629823,0.151811618629823,0.1518965599769086
632,633,0.15211612479681816,0.0012355681652861127,0.151811618629823,0.151811618629823,0.1518965599769086
633,634,0.15211603985547106,0.0012355861763345584,0.151811618629823,0.151811618629823,0.1518965599769086
634,635,0.15211188858711935,0.001229894793947205,0.151811618629823,0.151811618629823,0.1518965599769086
635,636,0.15210296736571902,0.001201600279872824,0.151811618629823,0.151811618629823,0.1518965599769086
636,637,0.15210296736571902,0.001201600279872824,0.151811618629823,0.151811618629823,0.1518965599769086
637,638,0.15209384102206375,0.0011681906382164265,0.151811618629823,0.151811618629823,0.1518965599769086
638,639,0.15209337478326637,0.0011682566612638244,0.151811618629823,0.151811618629823,0.1518965599769086
639,640,0.15208930845626173,0.0011621374710310457,0.151811618629823,0.151811618629823,0.1518965599769086
640,641,0.15208916027821012,0.00116215259113034,0.151811618629823,0.151811618629823,0.1518965599769086
641,642,0.15208916027821012,0.00116215259113034,0.151811618629823,0.151811618629823,0.1518965599769086
642,643,0.15208916027821012,0.00116215259113034,0.151811618629823,0.151811618629823,0.1518965599769086
643,644,0.15208884221746435,0.0011622020196287626,0.151811618629823,0.151811618629823,0.1518965599769086
644,645,0.1520793345763588,0.001127556950698568,0.151811618629823,0.151811618629823,0.1518965599769086
645,646,0.15207497189325098,0.001121192351556308,0.151811618629823,0.151811618629823,0.1518965599769086
646,647,0.15207497189325098,0.001121192351556308,0.151811618629823,0.151811618629823,0.1518965599769086
647,648,0.15207418759370786,0.0011213003704433524,0.151811618629823,0.151811618629823,0.1518965599769086
648,649,0.15207012126670322,0.001114853511888197,0.151811618629823,0.151811618629823,0.1518965599769086
649,650,0.15206995138400906,0.001114886417664703,0.151811618629823,0.151811618629823,0.1518965599769086
650,651,0.15206541881820704,0.001108444538954579,0.151811618629823,0.151811618629823,0.1518965599769086
651,652,0.15205728616419778,0.0010952813627097108,0.151811618629823,0.151811618629823,0.1518965599769086
652,653,0.15205711628150365,0.0010953128657600268,0.151811618629823,0.151811618629823,0.1518965599769086
653,654,0.15205696810345204,0.0010953245532939109,0.151811618629823,0.151811618629823,0.1518965599769086
654,655,0.15203129637295973,0.0010625989544668687,0.151811618629823,0.151811618629823,0.1518965599769086
655,656,0.15205296501315194,0.0010886638892666852,0.151811618629823,0.151811618629823,0.1518965599769086
656,657,0.15204866556674868,0.0010819688213025696,0.151811618629823,0.151811618629823,0.1518965599769086
657,658,0.15204866556674868,0.0010819688213025696,0.151811618629823,0.151811618629823,0.1518965599769086
658,659,0.15204866556674868,0.0010819688213025696,0.151811618629823,0.151811618629823,0.1518965599769086
659,660,0.15204858062540158,0.0010819840933191595,0.151811618629823,0.151811618629823,0.1518965599769086
660,661,0.1520482625646558,0.001082025255696291,0.151811618629823,0.151811618629823,0.1518965599769086
661,662,0.15204779632585844,0.001082076897657964,0.151811618629823,0.151811618629823,0.1518965599769086
662,663,0.15204779632585844,0.001082076897657964,0.151811618629823,0.151811618629823,0.1518965599769086
663,664,0.15204349687945515,0.0010753201541562874,0.151811618629823,0.151811618629823,0.1518965599769086
664,665,0.15204326376005645,0.0010753451285853528,0.151811618629823,0.151811618629823,0.1518965599769086
665,666,0.15204303064065774,0.0010753700518986423,0.151811618629823,0.151811618629823,0.1518965599769086
666,667,0.15203887937230606,0.0010685422742522624,0.151811618629823,0.151811618629823,0.1518965599769086
667,668,0.1520040478890646,0.000990005598230956,0.151811618629823,0.151811618629823,0.1518965599769086
668,669,0.1520304243897031,0.0010351747836742332,0.151811618629823,0.151811618629823,0.1518965599769086
669,670,0.15203033944835603,0.0010351892492773999,0.151811618629823,0.151811618629823,0.1518965599769086
670,671,0.1520377093215006,0.001032389821188985,0.151811618629823,0.151811618629823,0.1518965599769086
671,672,0.1520377093215006,0.001032389821188985,0.151811618629823,0.151811618629823,0.1518965599769086
672,673,0.15203692502195745,0.0010324788251710824,0.151811618629823,0.151811618629823,0.1518965599769086
673,674,0.15203692502195745,0.0010324788251710824,0.151811618629823,0.151811618629823,0.1518965599769086
674,675,0.15202803858115158,0.0010142032206697303,0.151811618629823,0.151811618629823,0.1518965599769086
675,676,0.15202397225414693,0.001006884646361197,0.151811618629823,0.151811618629823,0.1518965599769086
676,677,0.15202397225414693,0.001006884646361197,0.151811618629823,0.151811618629823,0.1518965599769086
677,678,0.15202005410519392,0.0009994886291306362,0.151811618629823,0.151811618629823,0.1518965599769086
678,679,0.15201996916384683,0.0009995027299082668,0.151811618629823,0.151811618629823,0.1518965599769086
679,680,0.15201988422249976,0.0009995168232684493,0.151811618629823,0.151811618629823,0.1518965599769086
680,681,0.15201950292504948,0.0009995454379927928,0.151811618629823,0.151811618629823,0.1518965599769086
681,682,0.15201950292504948,0.0009995454379927928,0.151811618629823,0.151811618629823,0.1518965599769086
682,683,0.15201926980565078,0.0009995667097984528,0.151811618629823,0.151811618629823,0.1518965599769086
683,684,0.15201918486430369,0.0009995807428272241,0.151811618629823,0.151811618629823,0.1518965599769086
684,685,0.152018951744905,0.0009996019397059343,0.151811618629823,0.151811618629823,0.1518965599769086
685,686,0.15201880356685343,0.0009996090889540681,0.151811618629823,0.151811618629823,0.1518965599769086
686,687,0.15201857044745473,0.000999630196310995,0.151811618629823,0.151811618629823,0.1518965599769086
687,688,0.15201450412045012,0.0009921653322820484,0.151811618629823,0.151811618629823,0.1518965599769086
688,689,0.15201067091284418,0.0009846075801348306,0.151811618629823,0.151811618629823,0.1518965599769086
689,690,0.15200630822973632,0.000977005928011086,0.151811618629823,0.151811618629823,0.1518965599769086
690,691,0.15200630822973632,0.000977005928011086,0.151811618629823,0.151811618629823,0.1518965599769086
691,692,0.15200613834704216,0.0009770323808509648,0.151811618629823,0.151811618629823,0.1518965599769086
692,693,0.15200599016899055,0.0009770377519616943,0.151811618629823,0.151811618629823,0.1518965599769086
693,694,0.15200599016899055,0.0009770377519616943,0.151811618629823,0.151811618629823,0.1518965599769086
694,695,0.15199794245632842,0.0009615631440984965,0.151811618629823,0.151811618629823,0.1518965599769086
695,696,0.15199355806857803,0.0009537409050904439,0.151811618629823,0.151811618629823,0.1518965599769086
696,697,0.15199355806857803,0.0009537409050904439,0.151811618629823,0.151811618629823,0.1518965599769086
697,698,0.1519930701251381,0.0009537940231065486,0.151811618629823,0.151811618629823,0.1518965599769086
698,699,0.15199290024244394,0.0009538187618864118,0.151811618629823,0.151811618629823,0.1518965599769086
699,700,0.15198851585469356,0.0009459091132022676,0.151811618629823,0.151811618629823,0.1518965599769086
700,701,0.1519556011988399,0.0008456887785449018,0.151811618629823,0.151811618629823,0.1518965599769086
701,702,0.15198427964499475,0.0009379101273962688,0.151811618629823,0.151811618629823,0.1518965599769086
702,703,0.15198427964499475,0.0009379101273962688,0.151811618629823,0.151811618629823,0.1518965599769086
703,704,0.15197998019859144,0.0009298130217586346,0.151811618629823,0.151811618629823,0.1518965599769086
704,705,0.15197582893023978,0.0009216239038600341,0.151811618629823,0.151811618629823,0.1518965599769086
705,706,0.15197525604545273,0.0009216806574683943,0.151811618629823,0.151811618629823,0.1518965599769086
706,707,0.15197525604545273,0.0009216806574683943,0.151811618629823,0.151811618629823,0.1518965599769086
707,708,0.15197142283784681,0.0009133752693109197,0.151811618629823,0.151811618629823,0.1518965599769086
708,709,0.15197142283784681,0.0009133752693109197,0.151811618629823,0.151811618629823,0.1518965599769086
709,710,0.1519713378964997,0.0009133861769868845,0.151811618629823,0.151811618629823,0.1518965599769086
710,711,0.1519622964941915,0.0008675710207701598,0.151811618629823,0.151811618629823,0.1518965599769086
711,712,0.15195334003323038,0.0008190874777286521,0.151811618629823,0.151811618629823,0.1518965599769086
712,713,0.151944002274819,0.0007674427054069841,0.151811618629823,0.151811618629823,0.1518965599769086
713,714,0.1519438540967674,0.0007674375461268594,0.151811618629823,0.151811618629823,0.1518965599769086
714,715,0.1519351110669935,0.000737061859104031,0.151811618629823,0.151811618629823,0.1518965599769086
715,716,0.15194353603602162,0.0007674521771280314,0.151811618629823,0.151811618629823,0.1518965599769086
716,717,0.15193955465036407,0.0007572909748628974,0.151811618629823,0.151811618629823,0.1518965599769086
717,718,0.15193493287536705,0.0007191413420424262,0.151811618629823,0.151811618629823,0.1518965599769086
718,719,0.151955137889551,0.000803312690026977,0.151811618629823,0.151811618629823,0.1518965599769086
719,720,0.15195481982880527,0.0008033311352081493,0.151811618629823,0.151811618629823,0.1518965599769086
720,721,0.1519544168267124,0.0008033600664900963,0.151811618629823,0.151811618629823,0.1518965599769086
721,722,0.1519541837073137,0.0008033676465304402,0.151811618629823,0.151811618629823,0.1518965599769086
722,723,0.15195020232165615,0.0007937198100675311,0.151811618629823,0.151811618629823,0.1518965599769086
723,724,0.151950032438962,0.000793740363034722,0.151811618629823,0.151811618629823,0.1518965599769086
724,725,0.15194585946596773,0.0007839974576475399,0.151811618629823,0.151811618629823,0.1518965599769086
725,726,0.15194545646387486,0.0007840224965803032,0.151811618629823,0.151811618629823,0.1518965599769086
726,727,0.15194528658118067,0.0007840422754435207,0.151811618629823,0.151811618629823,0.1518965599769086
727,728,0.15194122025417608,0.00077411744235573,0.151811618629823,0.151811618629823,0.1518965599769086
728,729,0.15194090219343032,0.0007741308649633079,0.151811618629823,0.151811618629823,0.1518965599769086
729,730,0.15194073231073613,0.0007741498971413839,0.151811618629823,0.151811618629823,0.1518965599769086
730,731,0.15194064736938906,0.0007741593990752203,0.151811618629823,0.151811618629823,0.1518965599769086
731,732,0.15193681416178315,0.000764078921927109,0.151811618629823,0.151811618629823,0.1518965599769086
732,733,0.15193681416178315,0.000764078921927109,0.151811618629823,0.151811618629823,0.1518965599769086
733,734,0.15193658104238444,0.0007640815211408086,0.151811618629823,0.151811618629823,0.1518965599769086
734,735,0.15193649610103738,0.0007640906867988189,0.151811618629823,0.151811618629823,0.1518965599769086
735,736,0.15193619974493416,0.0007640773828507454,0.151811618629823,0.151811618629823,0.1518965599769086
736,737,0.1519357335061368,0.0007640821352419571,0.151811618629823,0.151811618629823,0.1518965599769086
737,738,0.1519353522086865,0.0007640775740095246,0.151811618629823,0.151811618629823,0.1518965599769086
738,739,0.1519350341479407,0.0007640887303473948,0.151811618629823,0.151811618629823,0.1518965599769086
739,740,0.15193494920659364,0.0007640977239575685,0.151811618629823,0.151811618629823,0.1518965599769086
740,741,0.1519346943825524,0.0007641246474996584,0.151811618629823,0.151811618629823,0.1518965599769086
741,742,0.1519346094412053,0.0007641336029186654,0.151811618629823,0.151811618629823,0.1518965599769086
742,743,0.1519306912922523,0.0007538970209312773,0.151811618629823,0.151811618629823,0.1518965599769086
743,744,0.15192662496524767,0.0007434901106341347,0.151811618629823,0.151811618629823,0.1518965599769086
744,745,0.1519264550825535,0.0007435066649721144,0.151811618629823,0.151811618629823,0.1518965599769086
745,746,0.15191319917518908,0.0006743052439652943,0.151811618629823,0.151811618629823,0.1518965599769086
746,747,0.15191296605579038,0.0006743000250865368,0.151811618629823,0.151811618629823,0.1518965599769086
747,748,0.15191273293639168,0.0006742947255725831,0.151811618629823,0.151811618629823,0.1518965599769086
748,749,0.1518880022328513,0.0004872601223876691,0.151811618629823,0.151811618629823,0.1518328539665944
749,750,0.15190866660938707,0.000662528606387618,0.151811618629823,0.151811618629823,0.1518965599769086
750,751,0.15190858166804,0.0006625355981429786,0.151811618629823,0.151811618629823,0.1518965599769086
751,752,0.15190849672669293,0.0006625425789346404,0.151811618629823,0.151811618629823,0.1518965599769086
752,753,0.15190841178534586,0.0006625495487629507,0.151811618629823,0.151811618629823,0.1518965599769086
753,754,0.15190803048789556,0.0006625285645686616,0.151811618629823,0.151811618629823,0.1518965599769086
754,755,0.1519078606052014,0.0006625423740084786,0.151811618629823,0.151811618629823,0.151811618629823
755,756,0.15190370933684968,0.0006505397655177744,0.151811618629823,0.151811618629823,0.151811618629823
756,757,0.15190339127610392,0.0006505373982706176,0.151811618629823,0.151811618629823,0.151811618629823
757,758,0.15190339127610392,0.0006505373982706176,0.151811618629823,0.151811618629823,0.151811618629823
758,759,0.15189885444245396,0.0006054185991602507,0.151811618629823,0.151811618629823,0.151811618629823
759,760,0.1518986213230553,0.0006054072628659407,0.151811618629823,0.151811618629823,0.151811618629823
760,761,0.1518986213230553,0.0006054072628659407,0.151811618629823,0.151811618629823,0.151811618629823
761,762,0.15188520292284383,0.00048716333083699667,0.151811618629823,0.151811618629823,0.151811618629823
762,763,0.15189813337961536,0.0006054144290298097,0.151811618629823,0.151811618629823,0.151811618629823
763,764,0.15189813337961536,0.0006054144290298097,0.151811618629823,0.151811618629823,0.151811618629823
764,765,0.15189813337961536,0.0006054144290298097,0.151811618629823,0.151811618629823,0.151811618629823
765,766,0.15189790026021666,0.0006054028150014579,0.151811618629823,0.151811618629823,0.151811618629823
766,767,0.15186721896046432,0.0004162471462229396,0.151811618629823,0.151811618629823,0.151811618629823
767,768,0.15186698584106564,0.000416212939216615,0.151811618629823,0.151811618629823,0.151811618629823
768,769,0.15186681595837148,0.00041621816840251415,0.151811618629823,0.151811618629823,0.151811618629823
769,770,0.15186681595837148,0.00041621816840251415,0.151811618629823,0.151811618629823,0.151811618629823
770,771,0.1518667310170244,0.0004162207569688846,0.151811618629823,0.151811618629823,0.151811618629823
771,772,0.1518667310170244,0.0004162207569688846,0.151811618629823,0.151811618629823,0.151811618629823
772,773,0.1518667310170244,0.0004162207569688846,0.151811618629823,0.151811618629823,0.151811618629823
773,774,0.15186664607567732,0.0004162233281846346,0.151811618629823,0.151811618629823,0.151811618629823
774,775,0.15186664607567732,0.0004162233281846346,0.151811618629823,0.151811618629823,0.151811618629823
775,776,0.15186664607567732,0.0004162233281846346,0.151811618629823,0.151811618629823,0.151811618629823
776,777,0.15186656113433022,0.00041622588205008574,0.151811618629823,0.151811618629823,0.151811618629823
777,778,0.15186656113433022,0.00041622588205008574,0.151811618629823,0.151811618629823,0.151811618629823
778,779,0.15186624307358446,0.0004161937939796317,0.151811618629823,0.151811618629823,0.151811618629823
779,780,0.1518575549715828,0.0003163374278024084,0.151811618629823,0.151811618629823,0.151811618629823
780,781,0.1518534886445782,0.00028964012546405323,0.151811618629823,0.151811618629823,0.151811618629823
781,782,0.1518534886445782,0.00028964012546405323,0.151811618629823,0.151811618629823,0.151811618629823
782,783,0.1518534037032311,0.000289639936856551,0.151811618629823,0.151811618629823,0.151811618629823
783,784,0.15185317058383246,0.00028957965371541794,0.151811618629823,0.151811618629823,0.151811618629823
784,785,0.15185317058383246,0.00028957965371541794,0.151811618629823,0.151811618629823,0.151811618629823
785,786,0.15185317058383246,0.00028957965371541794,0.151811618629823,0.151811618629823,0.151811618629823
786,787,0.15185285252308664,0.00028951881991983575,0.151811618629823,0.151811618629823,0.151811618629823
787,788,0.15185285252308664,0.00028951881991983575,0.151811618629823,0.151811618629823,0.151811618629823
788,789,0.15184861631338792,0.00026000597508309614,0.151811618629823,0.151811618629823,0.151811618629823
789,790,0.15184829825264215,0.0002599326475290021,0.151811618629823,0.151811618629823,0.151811618629823
790,791,0.15184829825264215,0.0002599326475290021,0.151811618629823,0.151811618629823,0.151811618629823
791,792,0.15184821331129503,0.00025993074123139973,0.151811618629823,0.151811618629823,0.151811618629823
792,793,0.15184812836994796,0.00025992880716209284,0.151811618629823,0.151811618629823,0.151811618629823
793,794,0.15184798019189638,0.0002598589099851787,0.151811618629823,0.151811618629823,0.151811618629823
794,795,0.15184783201384477,0.000259788909484589,0.151811618629823,0.151811618629823,0.151811618629823
795,796,0.1518475771898035,0.0002597826467266311,0.151811618629823,0.151811618629823,0.151811618629823
796,797,0.1518474922484564,0.0002597805035599562,0.151811618629823,0.151811618629823,0.151811618629823
797,798,0.15184740730710933,0.0002597783326017977,0.151811618629823,0.151811618629823,0.151811618629823
798,799,0.15184740730710933,0.0002597783326017977,0.151811618629823,0.151811618629823,0.151811618629823
799,800,0.15184740730710933,0.0002597783326017977,0.151811618629823,0.151811618629823,0.151811618629823
800,801,0.15184732236576223,0.00025977613385145924,0.151811618629823,0.151811618629823,0.151811618629823
801,802,0.15184732236576223,0.00025977613385145924,0.151811618629823,0.151811618629823,0.151811618629823
802,803,0.15184717418771063,0.00025970573570972274,0.151811618629823,0.151811618629823,0.151811618629823
803,804,0.15184717418771063,0.00025970573570972274,0.151811618629823,0.151811618629823,0.151811618629823
804,805,0.15185391000255086,0.00031548162558764955,0.151811618629823,0.151811618629823,0.151811618629823
805,806,0.1518468344223223,0.00025969646644900064,0.151811618629823,0.151811618629823,0.151811618629823
806,807,0.15184276809531766,0.00022622356689425672,0.151811618629823,0.151811618629823,0.151811618629823
807,808,0.15184982197090366,0.0002887133617779615,0.151811618629823,0.151811618629823,0.151811618629823
808,809,0.1518426831539706,0.00022621930007407247,0.151811618629823,0.151811618629823,0.151811618629823
809,810,0.1518425982126235,0.00022621500127883057,0.151811618629823,0.151811618629823,0.151811618629823
810,811,0.15184251327127643,0.00022621067050670836,0.151811618629823,0.151811618629823,0.151811618629823
811,812,0.15184236509322482,0.00022612667177559993,0.151811618629823,0.151811618629823,0.151811618629823
812,813,0.15184236509322482,0.00022612667177559993,0.151811618629823,0.151811618629823,0.151811618629823
813,814,0.15184236509322482,0.00022612667177559993,0.151811618629823,0.151811618629823,0.151811618629823
814,815,0.15184613557752788,0.0003293017353856796,0.151811618629823,0.151811618629823,0.151811618629823
815,816,0.15184605063618078,0.0003292996728097578,0.151811618629823,0.151811618629823,0.151811618629823
816,817,0.1518458175167821,0.00032924144491717534,0.151811618629823,0.151811618629823,0.151811618629823
817,818,0.1518458175167821,0.00032924144491717534,0.151811618629823,0.151811618629823,0.151811618629823
818,819,0.15184558439738344,0.0003291830416354664,0.151811618629823,0.151811618629823,0.151811618629823
819,820,0.15184549945603634,0.0003291808360901387,0.151811618629823,0.151811618629823,0.151811618629823
820,821,0.15184541451468928,0.0003291786086117434,0.151811618629823,0.151811618629823,0.151811618629823
821,822,0.15184532957334218,0.0003291763591998354,0.151811618629823,0.151811618629823,0.151811618629823
822,823,0.1518450115125964,0.00032911526683307104,0.151811618629823,0.151811618629823,0.151811618629823
823,824,0.15183606858655355,0.00018652321496417313,0.151811618629823,0.151811618629823,0.151811618629823
824,825,0.15183606858655355,0.00018652321496417313,0.151811618629823,0.151811618629823,0.151811618629823
825,826,0.15183583546715484,0.00018640791356670835,0.151811618629823,0.151811618629823,0.151811618629823
826,827,0.15183560234775614,0.00018629224908918663,0.151811618629823,0.151811618629823,0.151811618629823
827,828,0.15183551740640908,0.00018628380026682148,0.151811618629823,0.151811618629823,0.151811618629823
828,829,0.15183481804821303,0.00018593428620990935,0.151811618629823,0.151811618629823,0.151811618629823
829,830,0.15183473310686593,0.00018592546280864948,0.151811618629823,0.151811618629823,0.151811618629823
830,831,0.15183473310686593,0.00018592546280864948,0.151811618629823,0.151811618629823,0.151811618629823
831,832,0.15183473310686593,0.00018592546280864948,0.151811618629823,0.151811618629823,0.151811618629823
832,833,0.15183441504612016,0.00018579914016780317,0.151811618629823,0.151811618629823,0.151811618629823
833,834,0.15183441504612016,0.00018579914016780317,0.151811618629823,0.151811618629823,0.151811618629823
834,835,0.151834245163426,0.00018578107275853353,0.151811618629823,0.151811618629823,0.151811618629823
835,836,0.1518341602220789,0.000185771980137809,0.151811618629823,0.151811618629823,0.151811618629823
836,837,0.15183392710268023,0.00018565381593300785,0.151811618629823,0.151811618629823,0.151811618629823
837,838,0.151833672278639,0.00018562596480093025,0.151811618629823,0.151811618629823,0.151811618629823
838,839,0.15183350239594484,0.00018560720069493828,0.151811618629823,0.151811618629823,0.151811618629823
839,840,0.15183333251325068,0.0001855882791856383,0.151811618629823,0.151811618629823,0.151811618629823
840,841,0.15183333251325068,0.0001855882791856383,0.151811618629823,0.151811618629823,0.151811618629823
841,842,0.1518330144525049,0.00018545932489328018,0.151811618629823,0.151811618629823,0.151811618629823
842,843,0.1518329295111578,0.00018544965279664236,0.151811618629823,0.151811618629823,0.151811618629823
843,844,0.15183269639175914,0.00018532973502214908,0.151811618629823,0.151811618629823,0.151811618629823
844,845,0.15183269639175914,0.00018532973502214908,0.151811618629823,0.151811618629823,0.151811618629823
845,846,0.15183261145041202,0.00018531991037901879,0.151811618629823,0.151811618629823,0.151811618629823
846,847,0.15183214521161467,0.00018507873414044609,0.151811618629823,0.151811618629823,0.151811618629823
847,848,0.15183206027026755,0.0001850686431964355,0.151811618629823,0.151811618629823,0.151811618629823
848,849,0.15183206027026755,0.0001850686431964355,0.151811618629823,0.151811618629823,0.151811618629823
849,850,0.15182926806346908,0.0001339028417502276,0.151811618629823,0.151811618629823,0.151811618629823
850,851,0.15183163556353216,0.00018501759527486645,0.151811618629823,0.151811618629823,0.151811618629823
851,852,0.1518315506221851,0.00018500726700441947,0.151811618629823,0.151811618629823,0.151811618629823
852,853,0.15183138073949093,0.00018498649172453242,0.151811618629823,0.151811618629823,0.151811618629823
853,854,0.15183129579814383,0.0001849760447017562,0.151811618629823,0.151811618629823,0.151811618629823
854,855,0.15183129579814383,0.0001849760447017562,0.151811618629823,0.151811618629823,0.151811618629823
855,856,0.15182875841538657,0.00013380736561557457,0.151811618629823,0.151811618629823,0.151811618629823
856,857,0.15183074461799936,0.00018472038410087159,0.151811618629823,0.151811618629823,0.151811618629823
857,858,0.15183059643994776,0.00018460806273660864,0.151811618629823,0.151811618629823,0.151811618629823
858,859,0.1518305114986007,0.0001845972334066787,0.151811618629823,0.151811618629823,0.151811618629823
859,860,0.1518305114986007,0.0001845972334066787,0.151811618629823,0.151811618629823,0.151811618629823
860,861,0.1518304265572536,0.00018458636435384688,0.151811618629823,0.151811618629823,0.151811618629823
861,862,0.15183034161590653,0.00018457545557109558,0.151811618629823,0.151811618629823,0.151811618629823
862,863,0.15182221083912031,3.314227260001852e-05,0.151811618629823,0.151811618629823,0.151811618629823
863,864,0.15182221083912031,3.314227260001852e-05,0.151811618629823,0.151811618629823,0.151811618629823
864,865,0.15182204095642615,3.297802562585956e-05,0.151811618629823,0.151811618629823,0.151811618629823
865,866,0.15182204095642615,3.297802562585956e-05,0.151811618629823,0.151811618629823,0.151811618629823
866,867,0.15182195601507908,3.289526561110994e-05,0.151811618629823,0.151811618629823,0.151811618629823
867,868,0.15182161624969073,3.255990633830301e-05,0.151811618629823,0.151811618629823,0.151811618629823
868,869,0.15182153130834364,3.247496999044401e-05,0.151811618629823,0.151811618629823,0.151811618629823
869,870,0.1518210650695463,3.090243258705031e-05,0.151811618629823,0.151811618629823,0.151811618629823
870,871,0.151820810245505,3.0627841371247484e-05,0.151811618629823,0.151811618629823,0.151811618629823
871,872,0.15182072530415794,3.0535289682937175e-05,0.151811618629823,0.151811618629823,0.151811618629823
872,873,0.15182064036281084,3.0442219612153625e-05,0.151811618629823,0.151811618629823,0.151811618629823
873,874,0.15182064036281084,3.0442219612153625e-05,0.151811618629823,0.151811618629823,0.151811618629823
874,875,0.15182040724341214,2.9606350976663173e-05,0.151811618629823,0.151811618629823,0.151811618629823
875,876,0.15182032230206507,2.9509435847380473e-05,0.151811618629823,0.151811618629823,0.151811618629823
876,877,0.15182006747802385,2.9215279928031232e-05,0.151811618629823,0.151811618629823,0.151811618629823
877,878,0.15182006747802385,2.9215279928031232e-05,0.151811618629823,0.151811618629823,0.151811618629823
878,879,0.15182006747802385,2.9215279928031232e-05,0.151811618629823,0.151811618629823,0.151811618629823
879,880,0.15181957953458394,2.8027662428427247e-05,0.151811618629823,0.151811618629823,0.151811618629823
880,881,0.15181957953458394,2.8027662428427247e-05,0.151811618629823,0.151811618629823,0.151811618629823
881,882,0.15181957953458394,2.8027662428427247e-05,0.151811618629823,0.151811618629823,0.151811618629823
882,883,0.15181949459323685,2.7922751183818417e-05,0.151811618629823,0.151811618629823,0.151811618629823
883,884,0.15181940965188975,2.7817184905739535e-05,0.151811618629823,0.151811618629823,0.151811618629823
884,885,0.15181940965188975,2.7817184905739535e-05,0.151811618629823,0.151811618629823,0.151811618629823
885,886,0.15181940965188975,2.7817184905739535e-05,0.151811618629823,0.151811618629823,0.151811618629823
886,887,0.15181923976919556,2.7604057141999552e-05,0.151811618629823,0.151811618629823,0.151811618629823
887,888,0.15181915482784847,2.7496480191304108e-05,0.151811618629823,0.151811618629823,0.151811618629823
888,889,0.15181898494515433,2.727926020148119e-05,0.151811618629823,0.151811618629823,0.151811618629823
889,890,0.15181898494515433,2.727926020148119e-05,0.151811618629823,0.151811618629823,0.151811618629823
890,891,0.15181890000380724,2.7169600644055293e-05,0.151811618629823,0.151811618629823,0.151811618629823
891,892,0.15181881506246014,2.7059230053900175e-05,0.151811618629823,0.151811618629823,0.151811618629823
892,893,0.15181881506246014,2.7059230053900175e-05,0.151811618629823,0.151811618629823,0.151811618629823
893,894,0.15181858194306147,2.609900742381363e-05,0.151811618629823,0.151811618629823,0.151811618629823
894,895,0.1518183271190202,2.5748728029200542e-05,0.151811618629823,0.151811618629823,0.151811618629823
895,896,0.15181858006583845,2.8621627970126263e-05,0.151811618629823,0.151811618629823,0.151811618629823
896,897,0.15181824217767315,2.5630341469888996e-05,0.151811618629823,0.151811618629823,0.151811618629823
897,898,0.15181815723632605,2.5511122722051966e-05,0.151811618629823,0.151811618629823,0.151811618629823
898,899,0.15181807229497898,2.5391060063557634e-05,0.151811618629823,0.151811618629823,0.151811618629823
899,900,0.1518179873536319,2.5270141465727835e-05,0.151811618629823,0.151811618629823,0.151811618629823
900,901,0.15181777406165273,2.631008172119679e-05,0.151811618629823,0.151811618629823,0.151811618629823
901,902,0.15181764758824356,2.4777655725185664e-05,0.151811618629823,0.151811618629823,0.151811618629823
902,903,0.15181747770554938,2.452593993337368e-05,0.151811618629823,0.151811618629823,0.151811618629823
903,904,0.1518173078228552,2.427042471271411e-05,0.151811618629823,0.151811618629823,0.151811618629823
904,905,0.1518173078228552,2.427042471271411e-05,0.151811618629823,0.151811618629823,0.151811618629823
905,906,0.15181698976210947,2.3043690775661582e-05,0.151811618629823,0.151811618629823,0.151811618629823
906,907,0.15181673493806824,2.2628279634310205e-05,0.151811618629823,0.151811618629823,0.151811618629823
907,908,0.15181673493806824,2.2628279634310205e-05,0.151811618629823,0.151811618629823,0.151811618629823
908,909,0.15181650181866957,2.1448204165197473e-05,0.151811618629823,0.151811618629823,0.151811618629823
909,910,0.15181817894096866,2.4856257129800166e-05,0.151811618629823,0.151811618629823,0.151811618629823
910,911,0.15181809399962157,2.473309027108202e-05,0.151811618629823,0.151811618629823,0.151811618629823
911,912,0.1518178608802229,2.367162487631881e-05,0.151811618629823,0.151811618629823,0.151811618629823
912,913,0.1518178608802229,2.367162487631881e-05,0.151811618629823,0.151811618629823,0.151811618629823
913,914,0.1518163319359754,2.1147710879604422e-05,0.151811618629823,0.151811618629823,0.151811618629823
914,915,0.15181735123214044,2.287266032497975e-05,0.151811618629823,0.151811618629823,0.151811618629823
915,916,0.15181718134944625,2.2597508826749836e-05,0.151811618629823,0.151811618629823,0.151811618629823
916,917,0.15181701146675208,2.2317672364039506e-05,0.151811618629823,0.151811618629823,0.151811618629823
917,918,0.15181684158405792,2.20329724291261e-05,0.151811618629823,0.151811618629823,0.151811618629823
918,919,0.15181667170136376,2.1743217979799848e-05,0.151811618629823,0.151811618629823,0.151811618629823
919,920,0.15181658676001666,2.159638187398499e-05,0.151811618629823,0.151811618629823,0.151811618629823
920,921,0.15181658676001666,2.159638187398499e-05,0.151811618629823,0.151811618629823,0.151811618629823
921,922,0.15181658676001666,2.159638187398499e-05,0.151811618629823,0.151811618629823,0.151811618629823
922,923,0.15181658676001666,2.159638187398499e-05,0.151811618629823,0.151811618629823,0.151811618629823
923,924,0.1518165018186696,2.144820416519747e-05,0.151811618629823,0.151811618629823,0.151811618629823
924,925,0.1518165018186696,2.144820416519747e-05,0.151811618629823,0.151811618629823,0.151811618629823
925,926,0.1518165018186696,2.144820416519747e-05,0.151811618629823,0.151811618629823,0.151811618629823
926,927,0.15181633193597543,2.1147710879604422e-05,0.151811618629823,0.151811618629823,0.151811618629823
927,928,0.15181633193597543,2.1147710879604422e-05,0.151811618629823,0.151811618629823,0.151811618629823
928,929,0.15181624699462837,2.099533608013164e-05,0.151811618629823,0.151811618629823,0.151811618629823
929,930,0.15181616205328127,2.084150111491796e-05,0.151811618629823,0.151811618629823,0.151811618629823
930,931,0.15181607711193418,2.0686173407947782e-05,0.151811618629823,0.151811618629823,0.151811618629823
931,932,0.1518157590511884,1.9211794747645094e-05,0.151811618629823,0.151811618629823,0.151811618629823
932,933,0.1518157590511884,1.9211794747645094e-05,0.151811618629823,0.151811618629823,0.151811618629823
933,934,0.1518157590511884,1.9211794747645094e-05,0.151811618629823,0.151811618629823,0.151811618629823
934,935,0.15181567410984134,1.9041381144363225e-05,0.151811618629823,0.151811618629823,0.151811618629823
935,936,0.15181567410984134,1.9041381144363225e-05,0.151811618629823,0.151811618629823,0.151811618629823
936,937,0.15181567410984134,1.9041381144363225e-05,0.151811618629823,0.151811618629823,0.151811618629823
937,938,0.15181550422714718,1.86947367622221e-05,0.151811618629823,0.151811618629823,0.151811618629823
938,939,0.15181541928580009,1.8518397092442368e-05,0.151811618629823,0.151811618629823,0.151811618629823
939,940,0.15181541928580009,1.8518397092442368e-05,0.151811618629823,0.151811618629823,0.151811618629823
940,941,0.15181516446175883,1.7976595764433255e-05,0.151811618629823,0.151811618629823,0.151811618629823
941,942,0.15181499457906467,1.7604085356048286e-05,0.151811618629823,0.151811618629823,0.151811618629823
942,943,0.15181499457906467,1.7604085356048286e-05,0.151811618629823,0.151811618629823,0.151811618629823
943,944,0.15181380540020556,1.4680205569806429e-05,0.151811618629823,0.151811618629823,0.151811618629823
944,945,0.1518148246963705,1.722184446883289e-05,0.151811618629823,0.151811618629823,0.151811618629823
945,946,0.1518147397550234,1.7026870958991674e-05,0.151811618629823,0.151811618629823,0.151811618629823
946,947,0.15181465481367631,1.682921009241814e-05,0.151811618629823,0.151811618629823,0.151811618629823
947,948,0.15181465481367631,1.682921009241814e-05,0.151811618629823,0.151811618629823,0.151811618629823
948,949,0.15181329575212302,1.3198009940869853e-05,0.151811618629823,0.151811618629823,0.151811618629823
949,950,0.15181456987232922,1.662876603811761e-05,0.151811618629823,0.151811618629823,0.151811618629823
950,951,0.15181448493098212,1.642543690442569e-05,0.151811618629823,0.151811618629823,0.151811618629823
951,952,0.15181439998963506,1.6219114186267868e-05,0.151811618629823,0.151811618629823,0.151811618629823
952,953,0.15181439998963506,1.6219114186267868e-05,0.151811618629823,0.151811618629823,0.151811618629823
953,954,0.15181431504828796,1.6009682145758938e-05,0.151811618629823,0.151811618629823,0.151811618629823
954,955,0.15181431504828796,1.6009682145758938e-05,0.151811618629823,0.151811618629823,0.151811618629823
955,956,0.1518141451655938,1.5580986716368063e-05,0.151811618629823,0.151811618629823,0.151811618629823
956,957,0.1518129559867347,1.2097584565518027e-05,0.151811618629823,0.151811618629823,0.151811618629823
957,958,0.15181380540020548,1.4680205569806429e-05,0.151811618629823,0.151811618629823,0.151811618629823
958,959,0.15181278610404053,1.1504217265455471e-05,0.151811618629823,0.151811618629823,0.151811618629823
959,960,0.15181270116269344,1.1194780081758709e-05,0.151811618629823,0.151811618629823,0.151811618629823
960,961,0.15181270116269344,1.1194780081758709e-05,0.151811618629823,0.151811618629823,0.151811618629823
961,962,0.15181253127999927,1.0546657444922947e-05,0.151811618629823,0.151811618629823,0.151811618629823
962,963,0.1518124463386522,1.0206114797219265e-05,0.151811618629823,0.151811618629823,0.151811618629823
963,964,0.1518121282779064,6.559760170941905e-06,0.151811618629823,0.151811618629823,0.151811618629823
964,965,0.15181204333655932,5.991225785467728e-06,0.151811618629823,0.151811618629823,0.151811618629823
965,966,0.15181195839521225,5.361407395427209e-06,0.151811618629823,0.151811618629823,0.151811618629823
966,967,0.15181246804329473,8.451557324107262e-06,0.151811618629823,0.151811618629823,0.151811618629823
967,968,0.15181187345386518,4.645445300737091e-06,0.151811618629823,0.151811618629823,0.151811618629823
968,969,0.15181187345386518,4.645445300737091e-06,0.151811618629823,0.151811618629823,0.151811618629823
969,970,0.15181187345386518,4.645445300737091e-06,0.151811618629823,0.151811618629823,0.151811618629823
970,971,0.15181187345386518,4.645445300737091e-06,0.151811618629823,0.151811618629823,0.151811618629823
971,972,0.1518117885125181,3.7948919299038855e-06,0.151811618629823,0.151811618629823,0.151811618629823
972,973,0.1518117885125181,3.7948919299038855e-06,0.151811618629823,0.151811618629823,0.151811618629823
973,974,0.1518117885125181,3.7948919299038855e-06,0.151811618629823,0.151811618629823,0.151811618629823
974,975,0.151811703571171,2.684737866583912e-06,0.151811618629823,0.151811618629823,0.151811618629823
975,976,0.151811703571171,2.684737866583912e-06,0.151811618629823,0.151811618629823,0.151811618629823
976,977,0.15181161862982392,2.7755575615628914e-17,0.151811618629823,0.151811618629823,0.151811618629823
