,n,xray_native_5_0+xray_native_5_1_mean,xray_native_5_0+xray_native_5_1_std,ff_mean,ff_std,rmsd_mean,rmsd_std,xray_native_5_0+xray_native_5_1_50,xray_native_5_0+xray_native_5_1_25,xray_native_5_0+xray_native_5_1_75,ff_50,ff_25,ff_75,rmsd_50,rmsd_25,rmsd_75
0,1,10.089738111493089,0.11103972190130107,37267.96302308564,793.3336147225409,0.2027873917382652,0.034065185226664976,10.065022894729102,10.014815853715454,10.142848122076646,37309.999465278874,36883.85324247104,37710.82401400724,0.19716944586267646,0.18290612333473935,0.2131245941628309
1,2,10.029632755108839,0.07215835291838828,37151.49644841861,513.862548798148,0.19368623655773373,0.02088633324191529,10.02461831552101,9.983388543368818,10.0656354071429,37124.31352932784,36788.203215550064,37522.68895135243,0.1916299673881448,0.17824069580488364,0.20570941111045765
2,3,10.007706474898422,0.05758762869182747,37133.835594556185,504.91901764943725,0.19215320710959347,0.020602251027968282,10.001247273356926,9.971640091881834,10.042477700105216,37104.42207225357,36783.148597540196,37491.18828508118,0.189653951341267,0.1758185185713378,0.20534460883021186
3,4,9.992021398083962,0.05053814911478435,37111.58556092066,497.81506091102966,0.1903674597253063,0.020312552593797863,9.988301828044388,9.960340037694278,10.02647926483479,37055.82750182061,36757.695613774034,37456.50147883678,0.1865459342891635,0.17500605449600876,0.20437827798197028
4,5,9.982184749095534,0.04615654273148892,37098.029852949985,494.4544599905108,0.19012264540790852,0.020260426322817562,9.981706532373847,9.9533508473118,10.013814695990536,37029.35874992376,36741.25473547446,37449.56242136745,0.1860615563691142,0.1745367687718421,0.20463852910551464
5,6,9.974865337531513,0.042493387901825025,37072.2811930301,480.88814223164576,0.1895933596463144,0.020433963009749877,9.975215424100504,9.947847789442822,10.000675612578533,37002.42233279961,36736.62228950814,37407.1849256313,0.18530519904147144,0.1729458576077455,0.20438863004460983
6,7,9.969198181323888,0.04049867298724268,37048.19216734486,474.3158659238205,0.1890930804520854,0.02033419297459422,9.972914543111957,9.945349130408909,9.994109651513927,36990.57120081039,36726.13999493876,37363.84432922212,0.184578760818189,0.172913213771658,0.2019634277262033
7,8,9.96492028183181,0.03925994067040502,37039.075507236,467.11669177561595,0.18818132844750504,0.020037685226876444,9.970567466708207,9.940722111359564,9.98871534444619,36983.57905928808,36732.72476597695,37333.29841086197,0.1833999093048009,0.1725275246188504,0.2017892300447701
8,9,9.960799604891443,0.037530804739904874,37015.5444362714,454.4832705849272,0.18788290338115718,0.01964493172811894,9.965400112066234,9.93419103591446,9.985616212909656,36978.659997684685,36724.99622610979,37274.563670357486,0.1833999093048009,0.17238134463433027,0.2016356047915528
9,10,9.957375858004156,0.03625452411322397,37006.92515768581,449.33791956276946,0.1877150305160794,0.020005469638968522,9.963117248669809,9.929321764587453,9.982771816432574,36967.11776661071,36724.99622610979,37253.3548949204,0.18271903022156316,0.1720307634054376,0.2010387218935906
10,11,9.95472223331544,0.035259953948073686,37004.08415089387,451.51994763013965,0.1874352540715459,0.0199853753368329,9.957729037009468,9.926769586259605,9.98104327547254,36967.11776661071,36719.31721060211,37253.3548949204,0.1827076066780502,0.1716684595553192,0.2010387218935906
11,12,9.951909167839194,0.03453184356066497,36986.65839052093,454.14135673085957,0.1868985916072008,0.0195471269642896,9.954609613885202,9.92517457366095,9.976215891774311,36954.57659252424,36699.64562139189,37243.288615007164,0.1818947270939098,0.17171181458002002,0.2005742951632051
12,13,9.949715041020049,0.03431139019416578,36970.80020847891,442.81200759780927,0.18632896228756113,0.019415897334507475,9.952069169579287,9.920875040755313,9.975150701272248,36913.78465618885,36696.17370613568,37227.32714376551,0.181326324071916,0.1716684595553192,0.2005742951632051
13,14,9.94720535964626,0.03339866736465707,36965.223099591945,442.4757640040436,0.1861556119467133,0.01942985845236869,9.94797375285481,9.91772617484365,9.971802836826036,36913.78465618885,36674.583603759376,37224.35787442866,0.1808102606514113,0.1716684595553192,0.2005742951632051
14,15,9.945500432494738,0.03259758255719272,36962.17119296157,439.7379833117344,0.18605044507210117,0.019500405436408547,9.947847789442822,9.91772617484365,9.971084783085724,36913.78465618885,36676.81569328206,37198.483749343526,0.1808102606514113,0.1716684595553192,0.2005742951632051
15,16,9.943818747683514,0.03204257538963654,36954.08591352658,435.97415627243066,0.18568639916648053,0.019391436977473496,9.94674130789894,9.916294348304643,9.96991377139451,36908.34539679536,36667.88733519133,37198.483749343526,0.1806855746681246,0.1716275366330644,0.2005742951632051
16,17,9.942056183155506,0.031613498594120354,36956.0137841517,428.7049180910902,0.18564262151578959,0.01927121301378083,9.946042997283236,9.91416451962813,9.96789725071301,36909.44699512959,36676.81569328206,37174.77206416146,0.1798833846596128,0.1716684595553192,0.2005742951632051
17,18,9.94033201696488,0.031434547385469074,36943.41081838307,426.4174806744994,0.1858290369378268,0.01938396861365821,9.944546929328574,9.913416853185176,9.965400112066234,36887.84010621301,36667.88733519133,37157.52307795605,0.1798833846596128,0.1716684595553192,0.2005742951632051
18,19,9.93889022862403,0.030836667769101,36939.47705905945,429.369727078675,0.18597075451003886,0.019449855496065448,9.94373916344824,9.91180782021833,9.964358287124677,36886.22482499857,36667.88733519133,37131.437736380736,0.1798833846596128,0.1716684595553192,0.2005742951632051
19,20,9.937492291357108,0.030237449544608924,36934.451624897,427.38492399211356,0.1862316151498782,0.01948056508740431,9.940722111359564,9.91180782021833,9.96216559542075,36877.10283008795,36666.05777675196,37126.09458109106,0.18028447966386868,0.1716684595553192,0.2005742951632051
20,21,9.935855510327547,0.029818700791082845,36928.28301029938,423.3772290657129,0.18607230713604012,0.01931303328205781,9.937250098453395,9.911231449000873,9.957928634188788,36864.730169278686,36666.05777675196,37124.31352932784,0.1798833846596128,0.1716684595553192,0.2008043826785375
21,22,9.934621183622399,0.02939186158697822,36923.133720094556,423.5738669408861,0.18563299006682873,0.019037660444399904,9.936500845021351,9.910997605490351,9.956469627768103,36864.730169278686,36666.05777675196,37124.31352932784,0.1797541100543339,0.1716275366330644,0.2005742951632051
22,23,9.93304425049213,0.028796230114662914,36918.67291669576,426.75967732186024,0.18561016927520588,0.01903041901997272,9.92939868835439,9.910997605490351,9.954549780676736,36831.94406913478,36666.05777675196,37124.31352932784,0.1797541100543339,0.1716275366330644,0.2005742951632051
23,24,9.93182373455581,0.028398484533138875,36916.71253161907,427.21838183667757,0.18556424763433998,0.019115077659434633,9.929321764587453,9.91071888853026,9.95255860708046,36831.94406913478,36652.473822824046,37124.31352932784,0.1797541100543339,0.1716275366330644,0.2005742951632051
24,25,9.930770173689965,0.028085573183275783,36901.515950793895,418.01999519269106,0.18540592002696019,0.019053978407114328,9.929174582696303,9.91071888853026,9.950920507904147,36806.00826345555,36608.02052261767,37070.50289222315,0.1797541100543339,0.1716275366330644,0.2005742951632051
25,26,9.929993665964053,0.027749710145836673,36896.65283484516,418.6081115362601,0.18531707457048444,0.01896880834465248,9.926769586259605,9.908367742349444,9.94930498482887,36795.191054821946,36608.02052261767,37059.32310564798,0.1797541100543339,0.1716275366330644,0.2005742951632051
26,27,9.929026396159225,0.027507591911262317,36897.18814317584,419.5518132833491,0.18539215298326392,0.018976719860422063,9.925549484065703,9.908367742349444,9.948890390571105,36795.191054821946,36608.02052261767,37059.32310564798,0.1797541100543339,0.1716275366330644,0.2005742951632051
27,28,9.928116234997397,0.02737911074557677,36894.766770102506,418.6161083180521,0.18552024424820499,0.01910200106708847,9.925549484065703,9.908367742349444,9.94797375285481,36788.203215550064,36608.02052261767,37056.70140277746,0.1793473741206211,0.1716275366330644,0.2005742951632051
28,29,9.926952477706129,0.027174073527046396,36891.0558561072,417.9255993519336,0.18554925528668784,0.019032876697220327,9.920962632313952,9.908292963782502,9.947847789442822,36788.203215550064,36608.02052261767,37048.96680003338,0.1793473741206211,0.1716275366330644,0.20086296748230079
29,30,9.926226532565298,0.026983495624126684,36890.12685045337,423.78712296815723,0.18552636500702205,0.01888081806980682,9.920962632313952,9.908292963782502,9.947834194536188,36788.203215550064,36608.02052261767,37048.96680003338,0.1795507420874775,0.1716275366330644,0.2010387218935906
30,31,9.92543997785608,0.026710122497195198,36887.45783727255,421.6685747066549,0.18537376677219097,0.018957366008490618,9.920875040755313,9.908292963782502,9.94674130789894,36788.203215550064,36596.21777469495,37048.96680003338,0.1793473741206211,0.17105315869854207,0.2005742951632051
31,32,9.92461548230399,0.02624277800007083,36881.04265457439,423.266349281485,0.18512275379995324,0.018798062419193826,9.920271907631212,9.908292963782502,9.946318723365607,36788.203215550064,36591.80031574901,37037.934568720826,0.17864015013004475,0.1703500407509002,0.2005742951632051
32,33,9.923991472367174,0.02602747212551295,36877.37779502237,420.40877134195006,0.1850862800298576,0.018737918088792185,9.91899904123743,9.908021410655415,9.945828996378093,36788.203215550064,36591.80031574901,37037.934568720826,0.1783212792388285,0.1703500407509002,0.2005742951632051
33,34,9.923461655508232,0.02589382886646266,36878.30607682587,420.58414628734744,0.18514183483196892,0.018730201411448648,9.91772617484365,9.908021410655415,9.945349130408909,36785.385749024565,36591.80031574901,37037.934568720826,0.1783212792388285,0.1703500407509002,0.2005742951632051
34,35,9.922763201609376,0.025657948880063054,36871.31318751118,412.9240609165715,0.1852362224338875,0.018812200537016918,9.916350437398084,9.908021410655415,9.944090652864993,36782.568282499065,36591.80031574901,37037.934568720826,0.17864015013004475,0.1703500407509002,0.2010387218935906
35,36,9.92222994985902,0.02547083503170501,36863.361461236265,404.4459170418256,0.18522791907624164,0.01870639259305587,9.916350437398084,9.908021410655415,9.943938560710466,36762.6729339253,36555.19224746004,37037.934568720826,0.178959021021261,0.1703500407509002,0.2010387218935906
36,37,9.92158155897921,0.025172427795219204,36866.08580710388,405.780488186223,0.18498400366035328,0.01869287949173332,9.916238259211203,9.907775861764993,9.940722111359564,36762.6729339253,36582.648298676766,37037.934568720826,0.1781739459924833,0.17009529054530342,0.2010387218935906
37,38,9.920761683455606,0.024889197778803718,36867.67926013897,405.85409254463025,0.18482868412177747,0.01859638799402167,9.914413741775782,9.907775861764993,9.938475159680207,36762.6729339253,36582.648298676766,37037.934568720826,0.1781739459924833,0.1700132953090686,0.2010387218935906
38,39,9.920267538075125,0.024777482028385787,36868.13764641889,407.5333994766267,0.1848932540322051,0.018586142867739915,9.914413741775782,9.907775861764993,9.937250098453395,36762.6729339253,36555.19224746004,37037.934568720826,0.1781739459924833,0.1700132953090686,0.2016356047915528
39,40,9.919719889836568,0.024551844334773223,36866.410504740204,401.99100793648034,0.1848570421796862,0.018695416046411582,9.914413741775782,9.907775861764993,9.936500845021351,36762.6729339253,36582.648298676766,37037.934568720826,0.1781739459924833,0.1698460178258217,0.2016356047915528
40,41,9.919269855511411,0.024386096735117633,36866.70060901001,401.92417793226974,0.1850232794225054,0.01869519673964444,9.913416853185176,9.907775861764993,9.936500845021351,36762.6729339253,36555.19224746004,37037.934568720826,0.1781739459924833,0.1698460178258217,0.2016356047915528
41,42,9.918771825343507,0.024372240634289256,36864.429314946006,398.3853506877062,0.18498307055657962,0.01864733986112731,9.913416853185176,9.907775861764993,9.936500845021351,36762.6729339253,36555.19224746004,37037.934568720826,0.1781739459924833,0.1698460178258217,0.2016356047915528
42,43,9.918160658442572,0.02426689751087762,36866.08275728997,402.16043970283727,0.18482788640287115,0.018684175276623124,9.913416853185176,9.904113903683728,9.934506184744482,36762.6729339253,36555.19224746004,37037.934568720826,0.1780733862743179,0.1698460178258217,0.2016356047915528
43,44,9.917837854094788,0.024137532592058458,36864.287401759444,400.80339390447955,0.1851344459432718,0.018783056922822526,9.912349198111174,9.904113903683728,9.93324558942439,36762.6729339253,36555.19224746004,37037.934568720826,0.1780733862743179,0.1698460178258217,0.2016356047915528
44,45,9.917246350672615,0.023840950934423247,36864.56867640581,397.6965836204903,0.18518025544774042,0.018771490896330616,9.912349198111174,9.904113903683728,9.93324558942439,36762.6729339253,36555.19224746004,37037.934568720826,0.1780733862743179,0.1698460178258217,0.2016356047915528
45,46,9.91664223766808,0.023367640081343708,36867.3068263262,402.1627901460723,0.1852647403204248,0.018806673584185776,9.91180782021833,9.904113903683728,9.92939868835439,36762.6729339253,36555.19224746004,37037.934568720826,0.1780733862743179,0.1698460178258217,0.2016356047915528
46,47,9.916327271113206,0.02329648878396012,36867.344382902585,404.62686453960373,0.18518019248678952,0.01879840019897283,9.91180782021833,9.904113903683728,9.92939868835439,36762.6729339253,36555.19224746004,37037.934568720826,0.1780733862743179,0.1698460178258217,0.2016356047915528
47,48,9.915965009783365,0.023064069381786567,36865.24626495846,405.15256188808803,0.18530592595044096,0.018725801411777352,9.91180782021833,9.904113903683728,9.92939868835439,36762.6729339253,36547.252118649565,37037.934568720826,0.1780733862743179,0.1698460178258217,0.2016356047915528
48,49,9.916026373576992,0.021637298786654418,36854.68954513174,395.12930396745014,0.18437503404356276,0.018916129788105144,9.91180782021833,9.904113903683728,9.929174582696303,36762.6729339253,36555.19224746004,37027.23222826877,0.1780733862743179,0.1698460178258217,0.2010387218935906
49,50,9.915679457954042,0.021523629453706897,36851.353967163544,391.82682559702874,0.18459848667934317,0.01901037265565504,9.91180782021833,9.904113903683728,9.929174582696303,36762.6729339253,36555.19224746004,37004.65917507668,0.1780733862743179,0.1698460178258217,0.2016356047915528
50,51,9.91522669554126,0.02138556336740885,36850.011421660005,390.72853520356375,0.18466912892965573,0.01895850080851629,9.91180782021833,9.904113903683728,9.929174582696303,36762.6729339253,36547.252118649565,37002.98154336888,0.1780733862743179,0.1698460178258217,0.2016356047915528
51,52,9.914937540293579,0.021247404032189696,36848.09744730049,388.7623796981447,0.1846670018279963,0.018940227792439007,9.91180782021833,9.904113903683728,9.926769586259605,36762.6729339253,36523.43173221812,37002.98154336888,0.1780733862743179,0.1698460178258217,0.2016356047915528
52,53,9.914794028737433,0.02124511741079793,36848.067118094936,387.66733632519407,0.18470422035769601,0.0190059670527957,9.91180782021833,9.904113903683728,9.926769586259605,36762.6729339253,36523.43173221812,37002.42233279961,0.1780733862743179,0.1698460178258217,0.2016356047915528
53,54,9.914517681500074,0.021074204458716477,36846.86112284584,387.6828716385032,0.18468936559442875,0.019045200428123497,9.91180782021833,9.904113903683728,9.92585450961418,36762.6729339253,36523.43173221812,37002.98154336888,0.1780733862743179,0.1698460178258217,0.2016356047915528
54,55,9.91398072481691,0.02106262772745297,36843.282105444625,387.8514397047339,0.18456835293751522,0.01902859564738304,9.911231449000873,9.904113903683728,9.925549484065703,36762.6729339253,36520.15269671526,36996.78884825858,0.1780733862743179,0.1698460178258217,0.2016356047915528
55,56,9.913538249059913,0.020868423498424462,36841.52822935642,385.9522605751668,0.18469688132255302,0.019166692222608972,9.911231449000873,9.904113903683728,9.924049842446689,36762.6729339253,36510.31559020669,36996.78884825858,0.1780733862743179,0.1698460178258217,0.2016356047915528
56,57,9.913149937141199,0.020572698984167158,36841.8492889169,387.20326578686803,0.18463230455836707,0.01921783370897342,9.911231449000873,9.904113903683728,9.920962632313952,36762.6729339253,36510.31559020669,36996.78884825858,0.1780733862743179,0.1698460178258217,0.2016356047915528
57,58,9.912831201156262,0.02034531027214164,36839.69715723713,383.73355772130043,0.18464552360820585,0.019223129024048394,9.911231449000873,9.902418667694546,9.920962632313952,36762.6729339253,36510.31559020669,36996.78884825858,0.1780733862743179,0.1698460178258217,0.2016356047915528
58,59,9.91238978657794,0.020168132272223874,36835.36041857704,378.03907423128004,0.18437098199584967,0.01915676367082999,9.911231449000873,9.897332959727002,9.920962632313952,36762.6729339253,36510.31559020669,36996.78884825858,0.1780733862743179,0.1698460178258217,0.2016356047915528
59,60,9.912023175142899,0.020007147581704854,36830.12740140576,375.07653036364735,0.18419886375209707,0.01910823649540046,9.910997605490351,9.897332959727002,9.920896938644972,36762.6729339253,36510.31559020669,36986.04754250316,0.1774780773009071,0.1698460178258217,0.2016356047915528
60,61,9.911733589158157,0.020094628366715443,36823.72081009042,372.2267323930138,0.18397803877460464,0.018943437583051427,9.910997605490351,9.897332959727002,9.920875040755313,36755.42664672769,36510.31559020669,36982.46710725135,0.1774780773009071,0.1698460178258217,0.2010387218935906
61,62,9.911506048238085,0.0198965927772468,36827.75304575913,374.18379567893965,0.18405723757646925,0.018902054506021497,9.910997605490351,9.897332959727002,9.920875040755313,36762.6729339253,36510.31559020669,36996.78884825858,0.17749395751406705,0.1698460178258217,0.20118794261808115
62,63,9.911110736352466,0.01983516394823089,36825.68305826107,371.0384125948886,0.18411528142857578,0.01898565258142242,9.910997605490351,9.897332959727002,9.920422690912238,36762.6729339253,36510.31559020669,36982.46710725135,0.1774780773009071,0.1698460178258217,0.2016356047915528
63,64,9.910712814387834,0.019732046466471736,36820.325696197084,366.6283606896933,0.18412059862674296,0.01899684361148135,9.910997605490351,9.897332959727002,9.920271907631212,36762.6729339253,36510.31559020669,36974.91451859332,0.1774780773009071,0.1698460178258217,0.2016356047915528
64,65,9.91028586193622,0.019422129468893955,36822.99778771989,370.072542480531,0.1841767024872461,0.01911454763333355,9.910997605490351,9.897332959727002,9.920271907631212,36762.6729339253,36510.31559020669,36974.91451859332,0.1774780773009071,0.1698460178258217,0.2016356047915528
65,66,9.910022563231925,0.019305380896588124,36820.43595135302,370.2055442536616,0.18416701760944434,0.019136957570697555,9.91071888853026,9.897332959727002,9.920271907631212,36762.6729339253,36510.31559020669,36974.91451859332,0.1774780773009071,0.1698460178258217,0.2016356047915528
66,67,9.909757098602014,0.019194705874483436,36815.37301673688,362.1631139895794,0.18426980078063143,0.0191890664686751,9.91071888853026,9.897332959727002,9.91772617484365,36762.6729339253,36510.31559020669,36967.11776661071,0.1774780773009071,0.1698460178258217,0.2016356047915528
67,68,9.909631330494719,0.019199703476223393,36817.79305841308,363.0736292700787,0.18441732185920068,0.0192684191668724,9.91071888853026,9.897240887261805,9.91772617484365,36762.6729339253,36510.31559020669,36969.066954606365,0.1774780773009071,0.1698460178258217,0.2016356047915528
68,69,9.909326958213375,0.01918798324018397,36816.61883098287,362.8566201949458,0.18438967245562096,0.019212192464245673,9.91071888853026,9.896964669866213,9.91772617484365,36762.6729339253,36510.31559020669,36967.11776661071,0.1774780773009071,0.1698460178258217,0.2016356047915528
69,70,9.908850227291968,0.019050954276715482,36816.70727117609,361.0211515809868,0.18430624595414538,0.01928876679285097,9.908367742349444,9.896964669866213,9.916350437398084,36762.6729339253,36510.31559020669,36967.11776661071,0.1765462065815961,0.1698460178258217,0.2016356047915528
70,71,9.908599269531686,0.019054280392815096,36817.18651774003,359.56632769605307,0.1843177798584605,0.019408313895737783,9.908367742349444,9.896964669866213,9.916350437398084,36762.6729339253,36510.31559020669,36967.11776661071,0.1762928685382877,0.1698460178258217,0.2016356047915528
71,72,9.908352938419338,0.018962132376609646,36819.80789977101,362.37968957728725,0.18454430720241768,0.01943019187321545,9.908367742349444,9.896964669866213,9.916350437398084,36762.6729339253,36510.31559020669,36974.91451859332,0.1762928685382877,0.1698460178258217,0.2016356047915528
72,73,9.908077929539571,0.01890500963673378,36820.13015239692,362.0208294438519,0.18465433941252785,0.01951233039220345,9.908367742349444,9.896964669866213,9.916350437398084,36762.6729339253,36510.31559020669,36969.066954606365,0.1768854729195974,0.1698460178258217,0.2016356047915528
73,74,9.907783018677222,0.018767203173197217,36818.783184380154,362.26591429036654,0.18474111279944586,0.019505758039742905,9.908292963782502,9.896964669866213,9.916126081024323,36762.6729339253,36510.31559020669,36967.11776661071,0.1774780773009071,0.1698460178258217,0.2016356047915528
74,75,9.907598982116621,0.018782694326897748,36817.61216920041,361.8506706255554,0.18469890614831175,0.019561202908813222,9.908292963782502,9.896964669866213,9.916126081024323,36762.6729339253,36510.31559020669,36967.11776661071,0.1762928685382877,0.1698460178258217,0.2016356047915528
75,76,9.90729764411483,0.01868120939823112,36813.66758598049,357.93585215745424,0.1846782313334893,0.019498865916896577,9.908292963782502,9.896964669866213,9.916126081024323,36762.6729339253,36510.31559020669,36967.11776661071,0.1762928685382877,0.1698460178258217,0.2016356047915528
76,77,9.907141182045065,0.018538604826622725,36812.12221991445,356.72780865573225,0.18471393147958218,0.019477612077299228,9.908292963782502,9.896964669866213,9.916126081024323,36762.6729339253,36507.26422467034,36967.11776661071,0.1762928685382877,0.1698460178258217,0.2016356047915528
77,78,9.906882230935263,0.01844882296267205,36811.35272351149,352.2006929378983,0.1846746167552109,0.019449472104712626,9.908292963782502,9.896964669866213,9.914413741775782,36762.6729339253,36509.5527488226,36967.11776661071,0.1762617512820111,0.1698460178258217,0.2016356047915528
78,79,9.906751309662216,0.018396491662247858,36808.62328857313,348.6428248111873,0.18463658204768899,0.019465058168778592,9.908292963782502,9.896964669866213,9.914413741775782,36762.6729339253,36509.5527488226,36967.11776661071,0.1762306340257345,0.1698460178258217,0.2016356047915528
79,80,9.906579168717558,0.01844403320575141,36805.87226920317,346.12963998101,0.18469727959164647,0.019472617580136672,9.908292963782502,9.896964669866213,9.914413741775782,36762.6729339253,36507.26422467034,36967.11776661071,0.1762306340257345,0.1698460178258217,0.2016356047915528
80,81,9.90637269954867,0.01844348962111011,36806.60809593638,347.3676652214793,0.18476934385347785,0.019512445462950823,9.908292963782502,9.896964669866213,9.914413741775782,36762.6729339253,36507.26422467034,36967.11776661071,0.1762306340257345,0.1698460178258217,0.2049023667012873
81,82,9.906103542322299,0.018332067323383217,36805.152082889035,346.8458145648414,0.18483855938873764,0.019576857224467968,9.908157187218958,9.896964669866213,9.914413741775782,36762.6729339253,36507.26422467034,36967.11776661071,0.1762617512820111,0.1698460178258217,0.2049023667012873
82,83,9.90595360340974,0.01822868213639788,36804.36201268141,344.9345406579412,0.18480450810553195,0.019595356381124765,9.908021410655415,9.896964669866213,9.914413741775782,36762.6729339253,36507.26422467034,36967.11776661071,0.1762306340257345,0.1698460178258217,0.2049023667012873
83,84,9.905758421580517,0.01822700437555074,36802.15987641581,342.334251001415,0.18489975961982408,0.01968053002723614,9.908021410655415,9.896964669866213,9.914413741775782,36762.6729339253,36507.26422467034,36967.11776661071,0.1762306340257345,0.1698460178258217,0.2049023667012873
84,85,9.905539520304476,0.018044432096637975,36804.88400055518,344.5620653628853,0.18500500508877754,0.01973415011093526,9.908021410655415,9.896964669866213,9.914413741775782,36762.6729339253,36507.26422467034,36967.11776661071,0.1762306340257345,0.1698460178258217,0.2049023667012873
85,86,9.90534561952835,0.017959564178551102,36804.1896332525,344.39689579216207,0.18496186567153072,0.019778793928471847,9.908021410655415,9.896964669866213,9.913416853185176,36762.6729339253,36507.26422467034,36967.11776661071,0.17595058050969895,0.1698460178258217,0.2049023667012873
86,87,9.905109834709407,0.017930120809923945,36803.05413451871,342.2665911768631,0.1851049927337983,0.019841469941710026,9.908021410655415,9.896964669866213,9.913416853185176,36762.6729339253,36507.26422467034,36967.11776661071,0.1762306340257345,0.1698460178258217,0.2049023667012873
87,88,9.904968159716704,0.017849570440489706,36802.45626552879,340.86579958563664,0.1851496761937226,0.01988330286622576,9.908021410655415,9.896964669866213,9.913416853185176,36762.6729339253,36507.26422467034,36967.11776661071,0.1762306340257345,0.1698460178258217,0.2049023667012873
88,89,9.90480044049237,0.01777872356073153,36802.41048267153,341.6583985406675,0.18504357237520946,0.019827289599339864,9.908021410655415,9.896964669866213,9.913416853185176,36762.6729339253,36507.26422467034,36967.11776661071,0.17595058050969895,0.1698460178258217,0.2049023667012873
89,90,9.904675907557243,0.017747250512900728,36803.59598992856,341.67568764133716,0.1850955861841322,0.019844365930433733,9.908021410655415,9.896964669866213,9.913416853185176,36762.6729339253,36507.26422467034,36967.11776661071,0.17595058050969895,0.1698460178258217,0.2049023667012873
90,91,9.904565772957667,0.017724951371639697,36803.947666273045,342.4527217541491,0.18517850969824065,0.019889728674897918,9.908021410655415,9.896964669866213,9.912616111879675,36762.6729339253,36507.26422467034,36967.11776661071,0.1762306340257345,0.1698460178258217,0.2049023667012873
91,92,9.904325398832002,0.017792919270608925,36803.11381011313,341.38984515019274,0.1851095367629708,0.019862708720803597,9.908021410655415,9.889141282332176,9.912349198111174,36762.6729339253,36507.26422467034,36967.11776661071,0.1756705269936634,0.1698460178258217,0.2049023667012873
92,93,9.904179173324207,0.01764056016961112,36804.60905458627,342.9115280275807,0.18513947376363746,0.019866451869086033,9.908021410655415,9.889141282332176,9.912349198111174,36762.6729339253,36507.26422467034,36967.11776661071,0.17595058050969895,0.1698460178258217,0.2049023667012873
93,94,9.904025224400481,0.017629575966607636,36808.41939941277,344.4209290440661,0.18527537906061706,0.0198752360609795,9.908021410655415,9.889141282332176,9.912349198111174,36762.6729339253,36507.26422467034,36967.11776661071,0.1762306340257345,0.1698460178258217,0.2049023667012873
94,95,9.90383579342171,0.017523288480539488,36807.92648634598,341.75752234590306,0.18538131586691975,0.019917850730797788,9.907775861764993,9.889141282332176,9.912349198111174,36762.6729339253,36507.26422467034,36967.11776661071,0.1762306340257345,0.1698460178258217,0.2049023667012873
95,96,9.90368321177291,0.017464758092293062,36805.511218351225,341.53661822688474,0.185446054013152,0.019943223276691423,9.907775861764993,9.889141282332176,9.912349198111174,36762.6729339253,36507.26422467034,36967.11776661071,0.1756705269936634,0.1698460178258217,0.2049023667012873
96,97,9.903165983180696,0.016705404198912536,36810.0851889696,352.0891435754856,0.18456386655691875,0.019395136357616048,9.907775861764993,9.889141282332176,9.91180782021833,36762.6729339253,36507.26422467034,36967.11776661071,0.1756705269936634,0.1698460178258217,0.2016356047915528
97,98,9.902970409505752,0.01657370348148373,36809.39205787227,352.09908550058253,0.18482203621180807,0.01950162516211224,9.907775861764993,9.889141282332176,9.91180782021833,36762.6729339253,36507.26422467034,36967.11776661071,0.1756705269936634,0.1698460178258217,0.2049023667012873
98,99,9.902890696526462,0.016595044601596713,36812.55249565925,354.5408902632597,0.18485269214955105,0.019573636773080456,9.907775861764993,9.889141282332176,9.91180782021833,36762.6729339253,36507.26422467034,36967.11776661071,0.1756705269936634,0.1698460178258217,0.2049023667012873
99,100,9.902734347881955,0.016605991091555153,36810.47366053972,354.658218817347,0.18490313064794964,0.019584040534506277,9.907775861764993,9.889141282332176,9.91180782021833,36762.6729339253,36507.26422467034,36967.11776661071,0.1756705269936634,0.1698460178258217,0.2049023667012873
100,101,9.902655402543719,0.016551073493323663,36808.79521662857,353.469468080931,0.18490991433542167,0.019584184731787264,9.907775861764993,9.889141282332176,9.91180782021833,36762.6729339253,36507.26422467034,36967.11776661071,0.1756705269936634,0.1698460178258217,0.2049023667012873
101,102,9.902577301770316,0.016543104602068544,36810.54545798313,353.0418182200715,0.18483787455416986,0.019608503447418976,9.907775861764993,9.889141282332176,9.91180782021833,36762.6729339253,36507.26422467034,36967.11776661071,0.1756705269936634,0.1698460178258217,0.2049023667012873
102,103,9.90243890143988,0.01642504620637329,36811.37473645088,354.24101704921463,0.1849138970291971,0.019599483545547473,9.907775861764993,9.889141282332176,9.911375541805237,36762.6729339253,36507.26422467034,36967.11776661071,0.1756705269936634,0.1698460178258217,0.2049023667012873
103,104,9.902276364740025,0.016325940870861297,36809.087012684235,350.01046086048575,0.18491135452449797,0.019646805251825085,9.907775861764993,9.889141282332176,9.911231449000873,36762.6729339253,36507.26422467034,36967.11776661071,0.1756705269936634,0.1698460178258217,0.2049023667012873
104,105,9.902144436398368,0.016204545826320204,36810.51955667635,349.9407043374852,0.18495486638417286,0.019668025335855925,9.907775861764993,9.889141282332176,9.911231449000873,36762.6729339253,36507.26422467034,36967.11776661071,0.1756705269936634,0.1698460178258217,0.2049023667012873
105,106,9.902085459523686,0.016227813309701963,36810.04414953642,351.56584858862135,0.18496308420877527,0.01967341227862225,9.907775861764993,9.889141282332176,9.911231449000873,36762.6729339253,36507.26422467034,36967.11776661071,0.1756705269936634,0.1698460178258217,0.2049023667012873
106,107,9.901967214429408,0.016266099082710615,36809.41262876993,351.1918176705327,0.1849603467930439,0.019686915414130875,9.907775861764993,9.889141282332176,9.911231449000873,36762.6729339253,36507.26422467034,36967.11776661071,0.1756705269936634,0.1698460178258217,0.2049023667012873
107,108,9.901813843520683,0.016198626058719745,36809.6565486638,351.1440902803128,0.18497604287837147,0.019752582821187938,9.907775861764993,9.889141282332176,9.911231449000873,36762.6729339253,36507.26422467034,36967.11776661071,0.1756705269936634,0.1698460178258217,0.2049023667012873
108,109,9.901638342039455,0.016153914529413498,36806.49810646649,347.30674540344825,0.18505467071600565,0.01980173091408253,9.907775861764993,9.889141282332176,9.911231449000873,36762.6729339253,36507.26422467034,36967.11776661071,0.1756705269936634,0.1698460178258217,0.2049023667012873
109,110,9.901610294001758,0.016148360492296288,36805.800999353356,346.33995233437565,0.1849661613038682,0.019794296492500762,9.907775861764993,9.889141282332176,9.911231449000873,36762.6729339253,36507.26422467034,36967.11776661071,0.1756705269936634,0.1698460178258217,0.2049023667012873
110,111,9.901500746689273,0.016105326845662057,36802.75973865296,344.0804809372709,0.18503328785608306,0.019830900882655492,9.904113903683728,9.889141282332176,9.911231449000873,36762.6729339253,36507.26422467034,36967.11776661071,0.1756705269936634,0.1698460178258217,0.2049023667012873
111,112,9.901420976501194,0.016120193496614248,36801.56526661557,342.61790032883687,0.1850973122402756,0.01985767961991603,9.904113903683728,9.889141282332176,9.910997605490351,36762.6729339253,36507.26422467034,36967.11776661071,0.1756705269936634,0.1698460178258217,0.2049023667012873
112,113,9.901251005632806,0.01616846589016071,36802.04822419983,341.3379151986856,0.18509164827932734,0.019883564307027955,9.904113903683728,9.889141282332176,9.910997605490351,36762.6729339253,36507.26422467034,36967.11776661071,0.1756705269936634,0.1698460178258217,0.2049023667012873
113,114,9.901069883126251,0.016130686487634865,36801.03747517434,339.6873979908083,0.18511415147354426,0.01988389557910925,9.904113903683728,9.889141282332176,9.910997605490351,36762.6729339253,36507.26422467034,36967.11776661071,0.1756705269936634,0.1698460178258217,0.2049023667012873
114,115,9.900780810972005,0.01607301573885026,36799.30622065846,337.4738671525129,0.18515348281797123,0.019939244542573238,9.904113903683728,9.889141282332176,9.910997605490351,36762.6729339253,36507.26422467034,36967.11776661071,0.175295284251402,0.1698460178258217,0.2049023667012873
115,116,9.900563410021086,0.016075152724715717,36801.21788260464,338.5089594411994,0.1852816291638547,0.020002909918572623,9.904113903683728,9.889141282332176,9.910997605490351,36762.6729339253,36507.26422467034,36967.11776661071,0.1756705269936634,0.1698460178258217,0.2049023667012873
116,117,9.900406070453643,0.01609456800412796,36802.373273825295,343.1270863714403,0.18522816368319106,0.01997845490060092,9.904113903683728,9.889141282332176,9.910997605490351,36762.6729339253,36498.41143261209,36967.11776661071,0.1749200415091406,0.1698460178258217,0.2049023667012873
117,118,9.900273768663524,0.016027571181871373,36804.28315472179,343.2089547134217,0.18518675874484955,0.019997523574860156,9.904113903683728,9.889141282332176,9.910997605490351,36762.6729339253,36507.26422467034,36967.11776661071,0.1749200415091406,0.1698460178258217,0.2049023667012873
118,119,9.900230133785502,0.015990232640824463,36803.8461410025,341.1198322250838,0.1851613744468847,0.019977541289207788,9.904113903683728,9.889141282332176,9.910997605490351,36762.6729339253,36507.26422467034,36967.11776661071,0.1749200415091406,0.1698460178258217,0.2049023667012873
119,120,9.900121628006442,0.015931626523031622,36802.52970773173,338.52245675966793,0.18527133892646244,0.019944478540252743,9.904113903683728,9.889141282332176,9.91071888853026,36762.6729339253,36505.051026655776,36967.11776661071,0.175295284251402,0.1698460178258217,0.2049023667012873
120,121,9.899928091287215,0.015913128388649524,36802.82831147768,337.9109034611082,0.18518773250668855,0.02001940528363099,9.904113903683728,9.889141282332176,9.91071888853026,36762.6729339253,36505.051026655776,36967.11776661071,0.1749200415091406,0.1698460178258217,0.2049023667012873
121,122,9.899849284549864,0.015781779851793996,36801.06109102873,335.575795333496,0.18531319583410222,0.020034709292861885,9.904113903683728,9.889141282332176,9.91071888853026,36762.6729339253,36498.41143261209,36967.11776661071,0.1749200415091406,0.1698460178258217,0.2049023667012873
122,123,9.899665079940752,0.015755388713991656,36800.63571100259,332.6452267303255,0.1852591283756197,0.020070273555859466,9.904113903683728,9.889141282332176,9.91071888853026,36762.6729339253,36498.41143261209,36967.11776661071,0.1749200415091406,0.1698460178258217,0.2049023667012873
123,124,9.899537105061848,0.015748893333603957,36800.02753383489,332.8704717296237,0.18528225213552268,0.020007013916162626,9.904113903683728,9.889141282332176,9.91071888853026,36762.6729339253,36498.41143261209,36967.11776661071,0.1749200415091406,0.1698460178258217,0.2049023667012873
124,125,9.899379485045742,0.015750423719953423,36799.30358249905,332.34557249195365,0.18531174281763801,0.02001355632935139,9.904113903683728,9.889141282332176,9.91071888853026,36762.6729339253,36498.41143261209,36967.11776661071,0.1749200415091406,0.1698460178258217,0.2049023667012873
125,126,9.899165003808037,0.015702871215486452,36796.88556171979,331.7459691678354,0.18530672189103484,0.02007790793740472,9.904113903683728,9.889141282332176,9.91071888853026,36762.6729339253,36498.41143261209,36967.11776661071,0.1749200415091406,0.1698460178258217,0.2049023667012873
126,127,9.899059537329627,0.015675437392378123,36793.27492837175,325.0072369844991,0.1852887835999213,0.020112515738304415,9.904113903683728,9.889141282332176,9.91071888853026,36762.6729339253,36498.41143261209,36967.11776661071,0.1749200415091406,0.1698460178258217,0.2049023667012873
127,128,9.899021751068743,0.015676524574328443,36793.13050526295,324.7224534278748,0.1852616168914279,0.02011016049137035,9.904113903683728,9.889141282332176,9.91071888853026,36762.6729339253,36498.41143261209,36967.11776661071,0.1749200415091406,0.1698460178258217,0.2049023667012873
128,129,9.898835991433485,0.01563399661956805,36791.329707109224,324.7748867632079,0.18505242026167074,0.020078785099787888,9.897332959727002,9.889141282332176,9.91071888853026,36762.6729339253,36498.41143261209,36967.11776661071,0.1739268084251972,0.1698460178258217,0.2049023667012873
129,130,9.898750493913393,0.015539273664557178,36790.06228138562,325.5966920547981,0.18490907791875022,0.020036288833579937,9.897332959727002,9.889141282332176,9.91071888853026,36762.6729339253,36498.41143261209,36967.11776661071,0.1733168480785523,0.1698460178258217,0.2049023667012873
130,131,9.898611332121687,0.015557637743318992,36788.9156202579,325.19441238146516,0.1848241527450344,0.02004864041798423,9.897332959727002,9.888916123755582,9.91071888853026,36753.887969645686,36498.41143261209,36967.11776661071,0.1733168480785523,0.1698460178258217,0.2049023667012873
131,132,9.898395358744743,0.015562482622719379,36787.19636330413,322.99596304442764,0.1848731852960336,0.020045616184377765,9.897332959727002,9.888916123755582,9.908367742349444,36745.10300536608,36498.41143261209,36967.11776661071,0.1733168480785523,0.1698460178258217,0.2049023667012873
132,133,9.898349015454968,0.015577837083598093,36786.85834726474,322.4000980278386,0.18489472868318405,0.02003225408777151,9.897332959727002,9.888916123755582,9.908367742349444,36745.10300536608,36498.41143261209,36967.11776661071,0.1733168480785523,0.1698460178258217,0.2049023667012873
133,134,9.898204658263667,0.015502719693876404,36783.59994965978,317.89758039970246,0.18492579090483827,0.020074296665555453,9.897332959727002,9.888916123755582,9.908367742349444,36745.10300536608,36498.41143261209,36967.11776661071,0.1733168480785523,0.1698460178258217,0.2049023667012873
134,135,9.898085893494004,0.01550774907453722,36783.449799383045,318.19114361413745,0.1847848615805405,0.020052253403383964,9.897332959727002,9.888916123755582,9.908367742349444,36745.10300536608,36498.41143261209,36967.11776661071,0.1725380231125696,0.1698460178258217,0.2049023667012873
135,136,9.898056651989243,0.015493040397340712,36785.134195006,319.4533993713434,0.18482577843524353,0.020106621101090266,9.897332959727002,9.888916123755582,9.908367742349444,36745.10300536608,36498.41143261209,36967.11776661071,0.1725380231125696,0.1698460178258217,0.2049023667012873
136,137,9.897967906788036,0.015449147791362638,36785.446130773315,319.3972846972616,0.1848802480868255,0.020065724566645474,9.897332959727002,9.888916123755582,9.908367742349444,36745.10300536608,36498.41143261209,36967.11776661071,0.1725380231125696,0.1698460178258217,0.2049023667012873
137,138,9.897908977520013,0.015423105035822757,36786.254337690676,318.21713697045413,0.18487600212804456,0.020072273137768312,9.897332959727002,9.888916123755582,9.908367742349444,36762.6729339253,36498.41143261209,36967.11776661071,0.1725380231125696,0.1698460178258217,0.2049023667012873
138,139,9.89774588984471,0.015417135794980686,36785.5476459245,315.449128474692,0.1850350828931852,0.02011660730893268,9.897332959727002,9.888916123755582,9.908367742349444,36762.6729339253,36498.41143261209,36967.11776661071,0.1725380231125696,0.1698460178258217,0.2049023667012873
139,140,9.897662952936566,0.01535644958251749,36785.604820410634,314.5324531092825,0.18499607107876964,0.020128821283088134,9.897332959727002,9.888916123755582,9.908367742349444,36762.6729339253,36498.41143261209,36967.11776661071,0.1725380231125696,0.1698460178258217,0.2049023667012873
140,141,9.89745782638956,0.015316414161170128,36782.68050039051,311.14100155341816,0.18482730676659695,0.020093061577654555,9.897332959727002,9.888916123755582,9.908367742349444,36753.887969645686,36498.41143261209,36967.11776661071,0.1725380231125696,0.1698460178258217,0.2049023667012873
141,142,9.897340938116356,0.015270108241942927,36783.81746395624,310.8506703380189,0.18482987388218455,0.020115829383561382,9.897332959727002,9.888916123755582,9.908367742349444,36762.6729339253,36498.41143261209,36967.11776661071,0.1725380231125696,0.1698460178258217,0.2049023667012873
142,143,9.897195693850067,0.015259623903761881,36782.694258296695,309.32065953324695,0.18474822475895808,0.020078394968927125,9.897332959727002,9.888916123755582,9.908367742349444,36762.6729339253,36498.41143261209,36967.11776661071,0.1725380231125696,0.1698460178258217,0.2049023667012873
143,144,9.897056380998485,0.015224577663420015,36781.47787018389,307.884056536773,0.18489172700676615,0.020104804153773206,9.897332959727002,9.888916123755582,9.908292963782502,36762.6729339253,36498.41143261209,36967.11776661071,0.1725380231125696,0.1698460178258217,0.2049023667012873
144,145,9.89837628245706,0.0150566418653506,36788.550848723906,320.6581403148451,0.18521077381431866,0.020338641587113224,9.897332959727002,9.889141282332176,9.908367742349444,36762.6729339253,36498.41143261209,36967.11776661071,0.1725380231125696,0.1698460178258217,0.2049023667012873
145,146,9.89821144846315,0.01512280804010553,36789.049192268365,320.4692352641957,0.18518704813118447,0.02029902928966641,9.897332959727002,9.889141282332176,9.908367742349444,36762.6729339253,36498.41143261209,36967.11776661071,0.1725380231125696,0.1698460178258217,0.2049023667012873
146,147,9.898129231331112,0.015126712892338127,36786.69693814822,318.8497200308632,0.18515631134528007,0.020314959058322663,9.897332959727002,9.889141282332176,9.908367742349444,36762.6729339253,36498.41143261209,36967.11776661071,0.1725380231125696,0.1698460178258217,0.2049023667012873
147,148,9.898001213735155,0.015164877992377328,36785.17177845514,318.01894439838264,0.18511484472857162,0.02031387965977075,9.897332959727002,9.889141282332176,9.908311658424237,36762.6729339253,36498.41143261209,36967.11776661071,0.1725380231125696,0.1698460178258217,0.2049023667012873
148,149,9.897949786640233,0.015137785605947963,36785.530532104254,318.15733891398503,0.18506513164921992,0.02030445099874774,9.897332959727002,9.889141282332176,9.908292963782502,36762.6729339253,36498.41143261209,36967.11776661071,0.1725380231125696,0.1698460178258217,0.2049023667012873
149,150,9.897897690428204,0.015120310052045017,36784.179997611755,314.6271262141119,0.18503337246235238,0.02028399574565719,9.897332959727002,9.889141282332176,9.908292963782502,36762.6729339253,36498.41143261209,36967.11776661071,0.1725380231125696,0.1698460178258217,0.2049023667012873
150,151,9.897826854143434,0.015132105451844288,36783.046139434,313.55586658218084,0.18509493505990696,0.02033863075090121,9.897332959727002,9.889141282332176,9.908292963782502,36762.6729339253,36498.41143261209,36967.11776661071,0.1725380231125696,0.1698460178258217,0.2049023667012873
151,152,9.897711589892248,0.015083099857945967,36784.628008513435,315.0206720965229,0.18513565108644475,0.020417233666079733,9.897332959727002,9.888916123755582,9.908292963782502,36762.6729339253,36498.41143261209,36967.11776661071,0.1725380231125696,0.1698460178258217,0.2049023667012873
152,153,9.897625521187296,0.015075438811259915,36784.27399581123,313.68070637937836,0.18506643340038162,0.02042114914006274,9.897332959727002,9.888916123755582,9.908292963782502,36762.6729339253,36498.41143261209,36967.11776661071,0.1725380231125696,0.1698460178258217,0.2049023667012873
153,154,9.897517145422995,0.015048178024816823,36782.320444208344,313.3172250110009,0.1849704204598003,0.020389419010511722,9.897332959727002,9.888916123755582,9.908292963782502,36762.6729339253,36498.41143261209,36967.11776661071,0.1725380231125696,0.1698460178258217,0.2049023667012873
154,155,9.897484453046772,0.015030523989939952,36781.547198355795,313.19767775315813,0.18505424609992382,0.020385382981853904,9.897332959727002,9.888916123755582,9.908292963782502,36762.6729339253,36498.41143261209,36967.11776661071,0.1725380231125696,0.1698460178258217,0.2049023667012873
155,156,9.89743981834688,0.015026862879524271,36781.60425726773,314.13283012045525,0.18498886139374665,0.0203555739616943,9.897332959727002,9.888916123755582,9.908292963782502,36762.6729339253,36498.41143261209,36967.11776661071,0.1725380231125696,0.1698460178258217,0.2049023667012873
156,157,9.897413925232959,0.015048384777470124,36780.209720174076,313.2990671940205,0.18498796647080884,0.02035525081901691,9.897332959727002,9.888916123755582,9.908292963782502,36762.6729339253,36498.41143261209,36967.11776661071,0.1725380231125696,0.1698460178258217,0.2049023667012873
157,158,9.897294427341299,0.014971766133653315,36776.90990483664,310.86058715383416,0.1851349624522643,0.020343124988147818,9.897332959727002,9.888916123755582,9.908292963782502,36762.6729339253,36498.41143261209,36967.11776661071,0.1725380231125696,0.1698460178258217,0.2049023667012873
158,159,9.897271310486259,0.01496718164409817,36776.303209758946,310.25988472027313,0.18511782878952796,0.020354624147168543,9.897332959727002,9.888916123755582,9.908292963782502,36762.6729339253,36498.41143261209,36967.11776661071,0.1725380231125696,0.1698460178258217,0.2049023667012873
159,160,9.89709989690223,0.014916279259773239,36775.35362921443,308.65072262161607,0.1851828540258776,0.020355735541255082,9.897332959727002,9.888916123755582,9.908292963782502,36762.6729339253,36498.41143261209,36967.11776661071,0.1725380231125696,0.1698460178258217,0.2049023667012873
160,161,9.89709534955227,0.014913726623153772,36776.13744254543,309.2645660174537,0.1852421167820982,0.02039421528213068,9.897332959727002,9.888916123755582,9.908292963782502,36762.6729339253,36498.41143261209,36967.11776661071,0.1725380231125696,0.1698460178258217,0.2049023667012873
161,162,9.896960069960446,0.014891449093441636,36778.229338520905,310.9451503680373,0.18522217837592547,0.020427061204631575,9.897332959727002,9.888916123755582,9.908292963782502,36762.6729339253,36498.41143261209,36967.11776661071,0.1725380231125696,0.1698460178258217,0.2049023667012873
162,163,9.896888145823045,0.01488909344328862,36776.44256653302,309.87206612463103,0.18528787738294192,0.0204533950391875,9.897332959727002,9.888916123755582,9.908292963782502,36762.6729339253,36498.41143261209,36967.11776661071,0.1725380231125696,0.1698460178258217,0.2049023667012873
163,164,9.89684184918514,0.014850873774689605,36777.30353635261,308.59615193405483,0.1852771956467276,0.020448923554195517,9.897332959727002,9.888916123755582,9.908292963782502,36762.6729339253,36498.41143261209,36967.11776661071,0.1725380231125696,0.1698460178258217,0.2049023667012873
164,165,9.896825397001823,0.014841612632215787,36776.47883075997,307.461847197147,0.18531930705953703,0.020472444198588135,9.897332959727002,9.888916123755582,9.908089298937186,36762.6729339253,36498.41143261209,36967.11776661071,0.1725380231125696,0.1698460178258217,0.2049023667012873
165,166,9.896752568088528,0.01484522027610355,36775.70645428505,306.4643475994923,0.18538990047179743,0.020538524528719744,9.897332959727002,9.888916123755582,9.908021410655415,36762.6729339253,36498.41143261209,36967.11776661071,0.1725380231125696,0.1698460178258217,0.2049023667012873
166,167,9.896627110009549,0.014810161222337345,36775.86195553223,305.31050166632866,0.18545637613179491,0.020506352392611407,9.897332959727002,9.888916123755582,9.908021410655415,36762.6729339253,36498.41143261209,36967.11776661071,0.1725380231125696,0.1698460178258217,0.2049023667012873
167,168,9.896564034059354,0.014818217075095275,36775.75398294075,304.78610985427895,0.1855536366272035,0.020510054080816006,9.897332959727002,9.888916123755582,9.908021410655415,36762.6729339253,36498.41143261209,36967.11776661071,0.1725380231125696,0.1698460178258217,0.2049023667012873
168,169,9.89649692185065,0.014782034078324189,36775.235133074755,305.0320411027785,0.18564492526656073,0.020527759438004063,9.897332959727002,9.888916123755582,9.908021410655415,36762.6729339253,36498.41143261209,36967.11776661071,0.1725380231125696,0.1698460178258217,0.2049023667012873
169,170,9.896452857980421,0.01476118595549851,36775.90710064831,305.8669547277878,0.18568198477851072,0.020566644341520425,9.897332959727002,9.888916123755582,9.908021410655415,36762.6729339253,36498.41143261209,36967.11776661071,0.1725380231125696,0.1698460178258217,0.2049023667012873
170,171,9.896395501776672,0.014702076530062058,36776.512609028476,305.1713443910657,0.18573598928899357,0.020549164283181712,9.897148814796608,9.888916123755582,9.908021410655415,36762.6729339253,36498.41143261209,36967.11776661071,0.1725380231125696,0.1698460178258217,0.2049023667012873
171,172,9.89621170213738,0.014727155910656781,36776.26903797068,304.6632292395153,0.18571236055412496,0.020526412275307396,9.896964669866213,9.888916123755582,9.908021410655415,36762.6729339253,36498.41143261209,36967.11776661071,0.1725380231125696,0.1698460178258217,0.2049023667012873
172,173,9.896040043002817,0.014669389341080455,36778.704957877315,304.7775184012112,0.18570134912255404,0.020587854210683095,9.896964669866213,9.888916123755582,9.908021410655415,36762.6729339253,36498.41143261209,36967.11776661071,0.1725380231125696,0.1698460178258217,0.2049023667012873
173,174,9.895863656824215,0.01469659482673428,36778.19851603642,304.2918055937688,0.18569500629173827,0.020621163589086805,9.896964669866213,9.888916123755582,9.908021410655415,36762.6729339253,36498.41143261209,36967.11776661071,0.1725380231125696,0.1698460178258217,0.2049023667012873
174,175,9.895741908706892,0.014640937294406586,36778.55888837148,303.40572714226835,0.18569469675428393,0.020645544328528612,9.896964669866213,9.888916123755582,9.908021410655415,36762.6729339253,36498.41143261209,36967.11776661071,0.1725380231125696,0.1698460178258217,0.2049023667012873
175,176,9.895604483084021,0.014680118410316294,36777.037611103005,303.24010650341484,0.1855277752115359,0.02064990110191404,9.896964669866213,9.888916123755582,9.908021410655415,36762.6729339253,36498.41143261209,36967.11776661071,0.1725380231125696,0.1698460178258217,0.2049023667012873
176,177,9.895531762121886,0.0147227356184555,36777.77990860334,303.94381990080876,0.185524901572424,0.020649642969853346,9.896964669866213,9.888916123755582,9.908021410655415,36762.6729339253,36498.41143261209,36967.11776661071,0.1725380231125696,0.1698460178258217,0.2049023667012873
177,178,9.895472828642411,0.014738001593860463,36776.16523334066,302.6760188897222,0.18545621963353057,0.02064117339217784,9.896964669866213,9.888916123755582,9.908021410655415,36762.6729339253,36498.41143261209,36967.11776661071,0.1725380231125696,0.1698460178258217,0.2049023667012873
178,179,9.895402002091421,0.014733245353086302,36776.18725655528,303.6152888054739,0.18547648994989635,0.020628485121412042,9.896964669866213,9.888916123755582,9.908021410655415,36762.6729339253,36498.41143261209,36967.11776661071,0.1725380231125696,0.1698460178258217,0.2049023667012873
179,180,9.895331536386845,0.01473376197751316,36775.78008791535,303.4356377656459,0.18556713938616287,0.020605195441327186,9.896964669866213,9.888916123755582,9.908021410655415,36762.6729339253,36498.41143261209,36967.11776661071,0.1725380231125696,0.1698460178258217,0.2049023667012873
180,181,9.895252127367518,0.014642304746693476,36777.30847861417,303.48023219119807,0.18558235736674344,0.02066105960423339,9.896964669866213,9.888916123755582,9.908021410655415,36762.6729339253,36498.41143261209,36967.11776661071,0.1725380231125696,0.1698460178258217,0.2049023667012873
181,182,9.89523117334528,0.01460848823116384,36776.2216104358,302.52939734827646,0.18558693699336914,0.02065949372986469,9.896964669866213,9.888916123755582,9.908021410655415,36762.6729339253,36498.41143261209,36967.11776661071,0.1725380231125696,0.1698460178258217,0.2049023667012873
182,183,9.895149977059441,0.014564504031857578,36777.55818366511,305.3268228461785,0.18562585486287053,0.020654738102544486,9.896964669866213,9.888916123755582,9.908021410655415,36762.6729339253,36498.41143261209,36967.11776661071,0.1725380231125696,0.1698460178258217,0.2049023667012873
183,184,9.895101602610788,0.014561097330653201,36777.06251985496,305.42820777158937,0.185680352751104,0.02067915058144576,9.896964669866213,9.888916123755582,9.908021410655415,36762.6729339253,36498.41143261209,36967.11776661071,0.1725380231125696,0.1698460178258217,0.2049023667012873
184,185,9.89503395277232,0.014601212332072804,36776.38492974873,304.7244743554844,0.18566653322089982,0.020662975460709665,9.896964669866213,9.888916123755582,9.908021410655415,36762.6729339253,36498.41143261209,36967.11776661071,0.1725380231125696,0.1698460178258217,0.2049023667012873
185,186,9.894944868458934,0.014633718035102631,36775.949281506095,304.0682653002521,0.18560493738612752,0.020633170357350218,9.896964669866213,9.888916123755582,9.908021410655415,36762.6729339253,36498.41143261209,36967.11776661071,0.1725380231125696,0.1698460178258217,0.2049023667012873
186,187,9.894896229211996,0.014653617917467762,36774.929907579826,303.8992151760094,0.18554312603872863,0.020653809591745474,9.896964669866213,9.888916123755582,9.908021410655415,36762.6729339253,36498.41143261209,36965.851024008814,0.1725380231125696,0.1698460178258217,0.2049023667012873
187,188,9.89479694749659,0.014670430419271309,36773.64433600812,303.90925006118385,0.18559044214512507,0.020711028598443086,9.896964669866213,9.888916123755582,9.908021410655415,36762.6729339253,36498.41143261209,36965.42877647485,0.1725380231125696,0.1698460178258217,0.2049023667012873
188,189,9.894706914499753,0.014735102507998647,36773.02480552932,304.23501069338766,0.18552884997503546,0.020699204438875716,9.896964669866213,9.888916123755582,9.908021410655415,36762.6729339253,36498.41143261209,36965.42877647485,0.1725380231125696,0.1698460178258217,0.2049023667012873
189,190,9.894672515838908,0.014725140422174371,36773.846115891225,304.8547767760037,0.18550217293331195,0.020721808321285885,9.896964669866213,9.888916123755582,9.907775861764993,36762.6729339253,36498.41143261209,36965.42877647485,0.1725380231125696,0.1698460178258217,0.2049023667012873
190,191,9.894618947387999,0.014767220850897102,36773.038935584715,305.26880544789265,0.18542255663042514,0.020678478064980466,9.896964669866213,9.888916123755582,9.907775861764993,36762.6729339253,36475.16065854396,36965.42877647485,0.1725380231125696,0.1698460178258217,0.2049023667012873
191,192,9.894582980383552,0.01478783733924664,36772.03662117069,304.6135647930999,0.18537435100557684,0.02065853582920861,9.896964669866213,9.888916123755582,9.907775861764993,36762.6729339253,36475.16065854396,36889.904821077726,0.1725380231125696,0.1698460178258217,0.2049023667012873
192,193,9.892842661444062,0.015148214812916148,36769.0665717866,313.1536687636896,0.18385995978868927,0.019934418469011794,9.896964669866213,9.888916123755582,9.907775861764993,36753.887969645686,36470.729058244,36965.42877647485,0.1725380231125696,0.1698460178258217,0.2049023667012873
193,194,9.892835736961535,0.01514042034459927,36769.29347742101,313.4557237330003,0.18382411095365087,0.019908419351087475,9.896964669866213,9.888916123755582,9.907775861764993,36762.6729339253,36470.729058244,36965.851024008814,0.1725380231125696,0.1698460178258217,0.2049023667012873
194,195,9.892791463173584,0.015115490796374215,36769.5831937957,313.2022604378191,0.18381054903108787,0.0199393330690139,9.896964669866213,9.888916123755582,9.907775861764993,36762.6729339253,36470.729058244,36965.851024008814,0.1725380231125696,0.1698460178258217,0.2049023667012873
195,196,9.892770347617372,0.01513470459744482,36769.16085799909,313.48439017788036,0.18380067018170745,0.0199430948239219,9.896964669866213,9.888916123755582,9.907775861764993,36762.6729339253,36470.729058244,36965.851024008814,0.1725380231125696,0.1698460178258217,0.2049023667012873
196,197,9.892656614211537,0.01516868535414631,36768.59741550169,313.49687451886655,0.18376919576073966,0.019943619964788935,9.896964669866213,9.888916123755582,9.907775861764993,36762.6729339253,36470.729058244,36965.851024008814,0.1725380231125696,0.1698460178258217,0.2049023667012873
197,198,9.892501605386862,0.01518595838413926,36767.35014653428,313.4389683591437,0.18363530972922334,0.019928868428288248,9.896964669866213,9.888916123755582,9.907775861764993,36753.887969645686,36470.729058244,36965.42877647485,0.1725380231125696,0.1698460178258217,0.2049023667012873
198,199,9.89242032139574,0.015202859860834599,36766.090226662076,313.2345628850291,0.18361634473946267,0.019932336152150787,9.896964669866213,9.888916123755582,9.907775861764993,36745.10300536608,36470.729058244,36965.42877647485,0.1725380231125696,0.1698460178258217,0.2049023667012873
199,200,9.892361465973194,0.01520635795490786,36765.68333376375,313.0549929898178,0.18357734422458644,0.019932722051066457,9.896964669866213,9.888916123755582,9.907775861764993,36745.10300536608,36470.729058244,36965.42877647485,0.1725380231125696,0.1698460178258217,0.2049023667012873
200,201,9.892248840009076,0.01519267974111208,36764.85874733708,312.35719825741893,0.18361152097393382,0.01996313218012479,9.889141282332176,9.888916123755582,9.907775861764993,36745.10300536608,36470.729058244,36965.42877647485,0.1725380231125696,0.1698460178258217,0.2049023667012873
201,202,9.892145484161656,0.015163384729140602,36763.30508467713,310.0651932151398,0.18360734650470356,0.019994245842652584,9.889141282332176,9.888916123755582,9.904113903683728,36745.10300536608,36470.729058244,36788.203215550064,0.1725380231125696,0.1698460178258217,0.2049023667012873
202,203,9.892060276867042,0.015129854774352742,36762.336520559846,307.6949030692697,0.18356327515774123,0.02001704797975459,9.889141282332176,9.888916123755582,9.904113903683728,36745.10300536608,36470.729058244,36788.203215550064,0.1725380231125696,0.1698460178258217,0.2049023667012873
203,204,9.891991166451342,0.015128362470484614,36762.686594389954,307.84677958567516,0.18344641112055518,0.01995808374787538,9.889141282332176,9.888916123755582,9.904113903683728,36745.10300536608,36470.729058244,36864.730169278686,0.1725380231125696,0.1698460178258217,0.2049023667012873
204,205,9.891915760226487,0.01514212256348974,36759.95978024723,305.8078827069412,0.1833692600640042,0.019956284959028542,9.889141282332176,9.888916123755582,9.904113903683728,36745.10300536608,36470.729058244,36788.203215550064,0.1725380231125696,0.1698460178258217,0.2049023667012873
205,206,9.891821683762833,0.015094549938719113,36759.16318673477,304.64808422723604,0.18343974835015664,0.01999493421509173,9.889141282332176,9.888916123755582,9.904113903683728,36745.10300536608,36470.729058244,36788.203215550064,0.1725380231125696,0.1698460178258217,0.2049023667012873
206,207,9.891814158425865,0.01508149779265536,36758.24679943061,304.5656008980976,0.18343222633048611,0.01996012132336381,9.889141282332176,9.888916123755582,9.904113903683728,36745.10300536608,36470.729058244,36788.203215550064,0.1725380231125696,0.1698460178258217,0.2049023667012873
207,208,9.891779871645145,0.015064651294664711,36758.379062750566,304.58565098760363,0.1834858337668171,0.01997754503362635,9.889141282332176,9.888916123755582,9.904113903683728,36745.10300536608,36470.729058244,36788.203215550064,0.1725380231125696,0.1698460178258217,0.2049023667012873
208,209,9.89174943806433,0.01504797015581217,36759.051603798136,304.2350379689873,0.18353086185361972,0.020004300202736757,9.889141282332176,9.888916123755582,9.904113903683728,36745.10300536608,36470.729058244,36788.203215550064,0.1725380231125696,0.1698460178258217,0.2049023667012873
209,210,9.891720620293702,0.015065538707350026,36758.73412964083,304.3700668790506,0.18348292593164242,0.019979586266085734,9.889141282332176,9.888916123755582,9.904113903683728,36745.10300536608,36470.729058244,36788.203215550064,0.1725380231125696,0.1698460178258217,0.2049023667012873
210,211,9.891693699694802,0.015034897086441477,36758.600256152626,304.57883986421047,0.18348121399897752,0.020010586606727332,9.889141282332176,9.888916123755582,9.904113903683728,36745.10300536608,36470.729058244,36788.203215550064,0.1725380231125696,0.1698460178258217,0.2049023667012873
211,212,9.891645419069862,0.014991962047826237,36758.23050443765,304.50588979788597,0.1834570889599918,0.019977827839685637,9.889141282332176,9.888916123755582,9.904113903683728,36745.10300536608,36470.729058244,36788.203215550064,0.1725380231125696,0.1698460178258217,0.2049023667012873
212,213,9.891564978156394,0.014999410560099331,36758.07016250865,304.65313278050576,0.18347737685041102,0.019923081937980685,9.889141282332176,9.888916123755582,9.904113903683728,36745.10300536608,36470.729058244,36788.203215550064,0.1725380231125696,0.1698460178258217,0.2049023667012873
213,214,9.89140608610405,0.01496597792911284,36757.22385281548,303.4010045941232,0.18335159142102378,0.019878162005705646,9.889141282332176,9.888916123755582,9.904113903683728,36745.10300536608,36470.729058244,36788.203215550064,0.1725380231125696,0.1698460178258217,0.2049023667012873
214,215,9.891390214170407,0.01496428337736747,36757.15522232367,303.39812465500796,0.18325530443785543,0.019828113158458113,9.889141282332176,9.888916123755582,9.904113903683728,36745.10300536608,36470.729058244,36788.203215550064,0.1725380231125696,0.1698460178258217,0.2049023667012873
215,216,9.89129849553536,0.014972839311332191,36755.50291166891,299.5502680221151,0.18322283230439326,0.019819092805452545,9.889141282332176,9.888916123755582,9.904113903683728,36745.10300536608,36470.729058244,36788.203215550064,0.1725380231125696,0.1698460178258217,0.2049023667012873
216,217,9.891234372821568,0.014990061212066112,36754.26135103291,298.4114613877485,0.18328824947856387,0.01985071662448965,9.889141282332176,9.888916123755582,9.904113903683728,36745.10300536608,36470.729058244,36788.203215550064,0.1725380231125696,0.1698460178258217,0.2049023667012873
217,218,9.891173175529293,0.014971770189940671,36752.735128921624,297.68502155011413,0.18316278192203223,0.01978721776500316,9.889141282332176,9.888916123755582,9.904113903683728,36745.10300536608,36470.729058244,36788.203215550064,0.1725380231125696,0.1698460178258217,0.2049023667012873
218,219,9.891100989851022,0.014961317889694709,36752.40968048089,296.89109292451604,0.1830895988635664,0.01976755672169956,9.889141282332176,9.888916123755582,9.904113903683728,36745.10300536608,36470.729058244,36788.203215550064,0.1725380231125696,0.1698460178258217,0.2049023667012873
219,220,9.891063302434517,0.014930560280740647,36753.49068180348,297.62078757653325,0.18309570910730794,0.019796191413504496,9.889141282332176,9.888916123755582,9.904113903683728,36745.10300536608,36470.729058244,36788.203215550064,0.1721032413339444,0.1698460178258217,0.2049023667012873
220,221,9.8910440759745,0.014920640440697295,36753.73737337623,297.51147418325195,0.18308743686976908,0.019798872884816302,9.889141282332176,9.888916123755582,9.904113903683728,36745.10300536608,36470.729058244,36788.203215550064,0.1721032413339444,0.1698460178258217,0.2049023667012873
221,222,9.89098019051172,0.014945195738832209,36751.75827482981,296.0331964066422,0.18304206868655032,0.01976955794200835,9.889141282332176,9.888916123755582,9.904113903683728,36745.10300536608,36470.729058244,36788.203215550064,0.1716684595553192,0.1698460178258217,0.2049023667012873
222,223,9.890916040429445,0.014936053501403248,36750.99317857353,294.6612530282981,0.1830409579337246,0.019769521228353126,9.889141282332176,9.888916123755582,9.904113903683728,36745.10300536608,36470.729058244,36788.203215550064,0.1716684595553192,0.1698460178258217,0.2049023667012873
223,224,9.890863770915784,0.014904296932435784,36751.19693787886,294.19974944523466,0.18301136031276266,0.019785873368205406,9.889141282332176,9.888916123755582,9.904113903683728,36745.10300536608,36470.729058244,36788.203215550064,0.1716684595553192,0.1698460178258217,0.2049023667012873
224,225,9.89079970066786,0.014925098414155867,36750.935702259994,294.33757862623213,0.18296410062281737,0.019779158039164257,9.889141282332176,9.888916123755582,9.904113903683728,36745.10300536608,36470.729058244,36788.203215550064,0.1716684595553192,0.1698460178258217,0.2049023667012873
225,226,9.890738918642189,0.014895933545235378,36752.37994843651,294.4717591324959,0.18305020954140125,0.01983512875266401,9.889141282332176,9.888916123755582,9.904113903683728,36745.10300536608,36470.729058244,36788.203215550064,0.1716684595553192,0.1698460178258217,0.2049023667012873
226,227,9.89069612149432,0.014899630024658462,36752.168601801925,294.60171684077807,0.1830126208046482,0.019834702092784918,9.889141282332176,9.888916123755582,9.904113903683728,36745.10300536608,36470.729058244,36788.203215550064,0.1716684595553192,0.1698460178258217,0.2049023667012873
227,228,9.890621835098909,0.014882696569456694,36752.00691511055,294.55263127372467,0.18306196263589108,0.019851972102019177,9.889141282332176,9.888916123755582,9.904113903683728,36745.10300536608,36470.729058244,36788.203215550064,0.1716684595553192,0.1698460178258217,0.2049023667012873
228,229,9.890496578683814,0.01486620491304991,36752.19956466546,294.46214934189095,0.18297840630101447,0.01982953515051063,9.889141282332176,9.888916123755582,9.904113903683728,36745.10300536608,36470.729058244,36788.203215550064,0.1716684595553192,0.1698460178258217,0.2049023667012873
229,230,9.890485395173835,0.014855710807737274,36751.37738892295,293.89183413953435,0.1829083417046545,0.01979254711795349,9.889141282332176,9.888916123755582,9.904113903683728,36745.10300536608,36470.729058244,36788.203215550064,0.1716684595553192,0.1698460178258217,0.2049023667012873
230,231,9.890419958347128,0.014837778339159967,36749.99675561258,292.0216444618525,0.18289263468142355,0.019779904583554088,9.889141282332176,9.883723817625928,9.904113903683728,36745.10300536608,36470.729058244,36788.203215550064,0.1716684595553192,0.1698460178258217,0.2049023667012873
231,232,9.89032687463632,0.014816721692307072,36749.262241440534,290.6684947018568,0.1828103778048494,0.019751844080125692,9.889141282332176,9.868146899236969,9.904113903683728,36745.10300536608,36470.729058244,36788.203215550064,0.1716684595553192,0.1698460178258217,0.2049023667012873
232,233,9.890279333789067,0.01481713539207503,36749.294108669485,289.7958464292726,0.18284103568864166,0.01975475572063939,9.889141282332176,9.868146899236969,9.904113903683728,36745.10300536608,36470.729058244,36788.203215550064,0.1716684595553192,0.1698460178258217,0.2049023667012873
233,234,9.890157366186546,0.01478002602305453,36747.94795373212,288.27658274927245,0.1826555314780901,0.019686378995257752,9.889141282332176,9.868146899236969,9.904113903683728,36745.10300536608,36470.729058244,36788.203215550064,0.1716684595553192,0.1698460178258217,0.2049023667012873
234,235,9.890134345019083,0.014771935826251548,36747.19448298359,287.35981167361945,0.18255897479205072,0.01963194207112403,9.889141282332176,9.868146899236969,9.904113903683728,36745.10300536608,36470.729058244,36788.203215550064,0.1716684595553192,0.1698460178258217,0.20245229526898642
235,236,9.890030867031664,0.01477346831377113,36744.78187554927,285.527986319911,0.18248293146904118,0.019603305767227897,9.889141282332176,9.868146899236969,9.904113903683728,36745.10300536608,36470.729058244,36788.203215550064,0.1716684595553192,0.1698460178258217,0.2016356047915528
236,237,9.88998456080687,0.01479832827507012,36744.73776549737,286.48576848532326,0.18249437010068875,0.019597023707780683,9.889141282332176,9.868146899236969,9.904113903683728,36745.10300536608,36470.729058244,36788.203215550064,0.1716684595553192,0.1698460178258217,0.2016356047915528
237,238,9.889914413136323,0.014786597316969324,36744.90597255805,286.15630082542737,0.18242215182878363,0.01957411233955548,9.889141282332176,9.868146899236969,9.904113903683728,36745.10300536608,36470.729058244,36788.203215550064,0.1716684595553192,0.1698460178258217,0.2016356047915528
238,239,9.889795741420837,0.0147622864317413,36744.81409169616,285.97819443015214,0.18243857195320295,0.01959265831469573,9.889141282332176,9.868146899236969,9.899028195716184,36745.10300536608,36470.729058244,36788.203215550064,0.1716684595553192,0.1698460178258217,0.2016356047915528
239,240,9.889744330806474,0.014735563928970274,36746.01776711835,287.85448116207436,0.18233503713668475,0.01957205132158608,9.889141282332176,9.868146899236969,9.897332959727002,36745.10300536608,36470.729058244,36788.203215550064,0.1716684595553192,0.1698460178258217,0.2016356047915528
240,241,9.889691408846074,0.014573983190854274,36745.35021967279,282.17228772918116,0.18221631194333407,0.019678709644748053,9.889141282332176,9.868146899236969,9.897332959727002,36745.10300536608,36470.729058244,36788.203215550064,0.1716684595553192,0.1698460178258217,0.2016356047915528
241,242,9.889637690717953,0.014511950232831932,36745.50025563199,282.18922685446927,0.18225963067571702,0.019701550139333803,9.889141282332176,9.868146899236969,9.897332959727002,36745.10300536608,36470.729058244,36788.203215550064,0.1716684595553192,0.1698460178258217,0.2016356047915528
242,243,9.889588392803493,0.014495866312681606,36745.11344055495,282.05890887428995,0.182227940148994,0.01968660044611959,9.889141282332176,9.868146899236969,9.897332959727002,36745.10300536608,36470.729058244,36788.203215550064,0.1716684595553192,0.1698460178258217,0.2016356047915528
243,244,9.889542721811445,0.014491732142339283,36746.468885431284,282.397858671502,0.18220798075978534,0.019655991310173235,9.889141282332176,9.868146899236969,9.897332959727002,36745.10300536608,36470.729058244,36788.203215550064,0.1716684595553192,0.1698460178258217,0.2016356047915528
244,245,9.889520358734906,0.01447133789687737,36747.21547939062,282.2784440655021,0.182278186346083,0.01969823779295536,9.889141282332176,9.868146899236969,9.897332959727002,36745.10300536608,36470.729058244,36788.203215550064,0.1716684595553192,0.1698460178258217,0.2016356047915528
245,246,9.889505160954977,0.014463982269721678,36746.50510885228,281.3432565664161,0.18222687357673417,0.019671798830280404,9.889141282332176,9.868146899236969,9.897332959727002,36745.10300536608,36470.729058244,36788.203215550064,0.1716684595553192,0.1698460178258217,0.2016356047915528
246,247,9.88949156208509,0.014452916833494162,36746.47547548775,281.1588852753755,0.18222282798985845,0.01966867201872344,9.889141282332176,9.868146899236969,9.897332959727002,36745.10300536608,36470.729058244,36788.203215550064,0.1716684595553192,0.1698460178258217,0.2016356047915528
247,248,9.889392063886294,0.014447635432074165,36745.90426990751,281.12224315016897,0.18217236169068055,0.01967348452434584,9.889141282332176,9.868146899236969,9.897332959727002,36745.10300536608,36470.729058244,36788.203215550064,0.1698460178258217,0.1698460178258217,0.2016356047915528
248,249,9.889312560412348,0.014454948849173737,36745.353394982965,280.8822964637053,0.1821436551643985,0.019667347248365913,9.889141282332176,9.868146899236969,9.897332959727002,36745.10300536608,36470.729058244,36788.203215550064,0.1698460178258217,0.1698460178258217,0.2016356047915528
249,250,9.889284314037587,0.014461527264016236,36745.8979892985,281.74309530447016,0.18216327982219066,0.019702891409881757,9.889141282332176,9.868146899236969,9.897332959727002,36745.10300536608,36470.729058244,36788.203215550064,0.1698460178258217,0.1698460178258217,0.2016356047915528
250,251,9.889175465714205,0.014422883635005723,36744.82706134766,281.65750550616247,0.1821090320201008,0.019679766190565252,9.889141282332176,9.868146899236969,9.897332959727002,36745.10300536608,36470.729058244,36788.203215550064,0.1698460178258217,0.1698460178258217,0.2016356047915528
251,252,9.889049645970598,0.014429975862986442,36743.08849079495,280.7200912374028,0.18195768396592787,0.01959377014592891,9.889141282332176,9.868146899236969,9.897332959727002,36745.10300536608,36470.729058244,36788.203215550064,0.1698460178258217,0.1698460178258217,0.2016356047915528
252,253,9.889041597424486,0.014427803327332662,36743.06296051332,280.71714800589484,0.18190664089945005,0.01956684588859146,9.889141282332176,9.868146899236969,9.897332959727002,36745.10300536608,36470.729058244,36788.203215550064,0.1698460178258217,0.1698460178258217,0.2016356047915528
253,254,9.888965905051634,0.014412128450240414,36741.027491427674,278.972123712058,0.1817707737749007,0.019526901405400032,9.889141282332176,9.868146899236969,9.897332959727002,36745.10300536608,36470.729058244,36788.203215550064,0.1698460178258217,0.1698460178258217,0.2016356047915528
254,255,9.888950482113131,0.01440415637709495,36740.334690817894,278.0108610829335,0.18171366185576457,0.01950248670437404,9.889141282332176,9.868146899236969,9.897332959727002,36745.10300536608,36470.729058244,36788.203215550064,0.1698460178258217,0.1698460178258217,0.2016356047915528
255,256,9.888931601984806,0.01439151488085324,36740.71177431157,277.7612298941876,0.1817183756121067,0.01949969852293355,9.889141282332176,9.868146899236969,9.897332959727002,36745.10300536608,36470.729058244,36788.203215550064,0.1698460178258217,0.1698460178258217,0.2016356047915528
256,257,9.888931601984806,0.01439151488085324,36740.71177431157,277.7612298941876,0.1817183756121067,0.01949969852293355,9.889141282332176,9.868146899236969,9.897332959727002,36745.10300536608,36470.729058244,36788.203215550064,0.1698460178258217,0.1698460178258217,0.2016356047915528
257,258,9.888859910551735,0.014391506140176123,36740.80796317739,278.1861907797637,0.18171695061672616,0.01949830825337852,9.889141282332176,9.868146899236969,9.897332959727002,36745.10300536608,36470.729058244,36788.203215550064,0.1698460178258217,0.1698460178258217,0.2016356047915528
258,259,9.88881139561362,0.014390501547209798,36741.51104453903,278.2221882070557,0.18168769333581547,0.01947843725372091,9.889141282332176,9.868146899236969,9.897332959727002,36745.10300536608,36470.729058244,36788.203215550064,0.1698460178258217,0.1698460178258217,0.2016356047915528
259,260,9.888764427917557,0.014382393619012486,36739.888302127525,277.4501142953181,0.18171196926199562,0.019481315263725728,9.889141282332176,9.868146899236969,9.897332959727002,36745.10300536608,36470.729058244,36788.203215550064,0.1698460178258217,0.1698460178258217,0.2016356047915528
260,261,9.888691468907593,0.01438411119021342,36740.60423387601,278.3930124913825,0.18159950249000423,0.0194713056194629,9.889141282332176,9.868146899236969,9.897332959727002,36745.10300536608,36470.729058244,36788.203215550064,0.1698460178258217,0.1698460178258217,0.2016356047915528
261,262,9.888672363620694,0.014371106204543335,36740.99888729824,278.144173595319,0.18159841709655908,0.01947210370064032,9.889141282332176,9.868146899236969,9.897332959727002,36745.10300536608,36470.729058244,36788.203215550064,0.1698460178258217,0.1698460178258217,0.2016356047915528
262,263,9.8884937083689,0.01432046708771502,36741.838998910935,278.41568628883346,0.18166344515982882,0.01956107392599242,9.889141282332176,9.868146899236969,9.897332959727002,36745.10300536608,36470.729058244,36788.203215550064,0.1698460178258217,0.1698460178258217,0.2016356047915528
263,264,9.888445664138253,0.014318559527437675,36741.76821632638,278.43741486114203,0.1816072370003127,0.01953330758264401,9.889141282332176,9.868146899236969,9.897332959727002,36745.10300536608,36470.729058244,36788.203215550064,0.1698460178258217,0.1698460178258217,0.2016356047915528
264,265,9.88835190973394,0.014305421325616111,36741.18117284605,278.34308033944006,0.1815850334664701,0.019555409156703132,9.889141282332176,9.868146899236969,9.897332959727002,36745.10300536608,36470.729058244,36788.203215550064,0.1698460178258217,0.1698460178258217,0.2016356047915528
265,266,9.88833829864656,0.014290730099913029,36741.46621491983,278.43232172514627,0.18158250107859256,0.019562572774724594,9.889141282332176,9.868146899236969,9.897332959727002,36745.10300536608,36470.729058244,36788.203215550064,0.1698460178258217,0.1698460178258217,0.2016356047915528
266,267,9.888213210346754,0.014286981047857396,36741.01047030996,278.38333219619625,0.18149495258404186,0.01952455714484658,9.889141282332176,9.868146899236969,9.897332959727002,36745.10300536608,36470.729058244,36788.203215550064,0.1698460178258217,0.1698460178258217,0.2016356047915528
267,268,9.888138204444322,0.01431978692090619,36739.761905662854,278.77316249556065,0.181416382047874,0.019485813625147362,9.889141282332176,9.868146899236969,9.897332959727002,36745.10300536608,36470.729058244,36788.203215550064,0.1698460178258217,0.1698460178258217,0.2005742951632051
268,269,9.888102505353496,0.014300154201825122,36739.98077237189,278.67393244789577,0.181303567178901,0.019435204337915322,9.889141282332176,9.868146899236969,9.897332959727002,36745.10300536608,36470.729058244,36788.203215550064,0.1698460178258217,0.16934058006197644,0.2005742951632051
269,270,9.888044735584275,0.01428713041081524,36739.0414852704,277.8349904873207,0.18122046482258644,0.01939844979870921,9.889028703043879,9.868146899236969,9.897332959727002,36745.10300536608,36470.729058244,36788.203215550064,0.1698460178258217,0.1678242667704407,0.2005742951632051
270,271,9.888036543906882,0.014284150642551651,36738.81947050915,277.74133757950284,0.18118810047899772,0.01938590620682358,9.889028703043879,9.868146899236969,9.897332959727002,36745.10300536608,36470.729058244,36788.203215550064,0.1698460178258217,0.1678242667704407,0.2005742951632051
271,272,9.88794276194842,0.014267903550969536,36739.33793215925,277.38360496341693,0.18120131136821455,0.019398458322826044,9.888916123755582,9.868146899236969,9.897332959727002,36745.10300536608,36470.729058244,36788.203215550064,0.1698460178258217,0.1698460178258217,0.2005742951632051
272,273,9.887927115173351,0.014262289794260493,36739.25173173888,277.3751029063079,0.18111082353483346,0.019333024016636592,9.888916123755582,9.868146899236969,9.897332959727002,36745.10300536608,36470.729058244,36788.203215550064,0.1698460178258217,0.1698460178258217,0.2005742951632051
273,274,9.887843659400465,0.014255879606877946,36738.662509625006,277.3800650790337,0.18112100322311397,0.01931886565455335,9.888916123755582,9.868146899236969,9.897332959727002,36745.10300536608,36470.729058244,36788.203215550064,0.1698460178258217,0.1698460178258217,0.2005742951632051
274,275,9.88777583918941,0.014259030522506847,36739.13385115439,278.50150094727053,0.1811237630128842,0.019347921653187564,9.888916123755582,9.868146899236969,9.897332959727002,36745.10300536608,36470.729058244,36788.203215550064,0.1698460178258217,0.1698460178258217,0.2005742951632051
275,276,9.887749156063869,0.014242119527101058,36738.729110348795,278.23145175731435,0.18104468367435572,0.01931047160507866,9.888916123755582,9.868146899236969,9.897332959727002,36745.10300536608,36470.729058244,36788.203215550064,0.1698460178258217,0.16934058006197644,0.2005742951632051
276,277,9.887740664449332,0.014238831798038108,36738.5365696737,278.128631667796,0.18099737837988364,0.01930324847310865,9.888916123755582,9.868146899236969,9.897332959727002,36745.10300536608,36470.729058244,36788.203215550064,0.1698460178258217,0.1678242667704407,0.2005742951632051
277,278,9.887634116868844,0.014279353110157027,36736.27542740639,277.726009262572,0.18091371807629714,0.01923116064525142,9.888916123755582,9.868146899236969,9.897332959727002,36745.10300536608,36470.729058244,36788.203215550064,0.1698460178258217,0.1698460178258217,0.2005742951632051
278,279,9.887577380639879,0.014296257644286575,36734.98116911669,276.99741313677663,0.18086861959594938,0.019196362733628916,9.888916123755582,9.868146899236969,9.897332959727002,36745.10300536608,36470.729058244,36788.203215550064,0.1698460178258217,0.1698460178258217,0.2005742951632051
279,280,9.887476514492976,0.014306292551148292,36733.977005693974,276.76460804197114,0.1808501006374824,0.01920993485359615,9.888916123755582,9.868146899236969,9.897332959727002,36745.10300536608,36470.729058244,36788.203215550064,0.1698460178258217,0.1698460178258217,0.2005742951632051
280,281,9.887393474543826,0.014298260554038628,36733.68945405487,276.67914006454396,0.18082741322488657,0.019224386540322345,9.888916123755582,9.868146899236969,9.89705674233141,36745.10300536608,36470.729058244,36788.203215550064,0.1698460178258217,0.1698460178258217,0.2005742951632051
281,282,9.887318226476399,0.014299590601832711,36732.951193809895,275.78895235517126,0.18077414892777913,0.019166242489403053,9.888916123755582,9.868146899236969,9.896964669866213,36745.10300536608,36470.729058244,36788.203215550064,0.1698460178258217,0.1698460178258217,0.2005742951632051
282,283,9.887287127066207,0.014270349059333009,36732.946850720095,274.98725623468505,0.1807539261477798,0.019147267238884134,9.888916123755582,9.868146899236969,9.896964669866213,36745.10300536608,36470.729058244,36788.203215550064,0.1698460178258217,0.1698460178258217,0.2005742951632051
283,284,9.88723230032375,0.014258538830967216,36731.582895710664,273.83363862494423,0.18067188510109358,0.019108703500433918,9.888916123755582,9.868146899236969,9.896964669866213,36745.10300536608,36470.729058244,36788.203215550064,0.1698460178258217,0.1698460178258217,0.2005742951632051
284,285,9.887199665976762,0.014227417927679478,36732.048536798495,273.5961168424183,0.18069274519244727,0.01913062705075002,9.888916123755582,9.868146899236969,9.896964669866213,36745.10300536608,36470.729058244,36788.203215550064,0.1698460178258217,0.1698460178258217,0.2005742951632051
285,286,9.887148991882977,0.014216959365262986,36732.001004988,273.59485823212947,0.18060873274088546,0.019078856060006467,9.888916123755582,9.868146899236969,9.896964669866213,36745.10300536608,36470.729058244,36788.203215550064,0.1698460178258217,0.1698460178258217,0.2005742951632051
286,287,9.88709737810346,0.01421294425084949,36730.91249015362,272.70149729372986,0.18047003928265612,0.018975351255573456,9.888916123755582,9.868146899236969,9.896964669866213,36745.10300536608,36470.729058244,36788.203215550064,0.1698460178258217,0.1698460178258217,0.2005742951632051
287,288,9.88707990386688,0.014195530369074982,36729.81188596738,272.13944755512904,0.18044150687656782,0.01899473146751054,9.888916123755582,9.868146899236969,9.896964669866213,36745.10300536608,36470.729058244,36788.203215550064,0.1698460178258217,0.1698460178258217,0.2005742951632051
288,289,9.888269674334682,0.01390190993025972,36735.89822880479,257.3383322939191,0.18213082345777973,0.020064105291750164,9.889141282332176,9.868146899236969,9.897332959727002,36762.6729339253,36470.729058244,36788.203215550064,0.1698460178258217,0.1678242667704407,0.2049023667012873
289,290,9.888226664563486,0.013897551333528747,36735.31911913672,257.3077594821483,0.18215776653867316,0.020042595190480815,9.889141282332176,9.868146899236969,9.897332959727002,36762.6729339253,36470.729058244,36788.203215550064,0.1698460178258217,0.1678242667704407,0.2049023667012873
290,291,9.888175259914483,0.013889800780590553,36734.58408726611,257.4245686118441,0.18212068055920774,0.02000032788410464,9.889141282332176,9.868146899236969,9.897332959727002,36762.6729339253,36470.729058244,36788.203215550064,0.1698460178258217,0.1678242667704407,0.2049023667012873
291,292,9.88813739559667,0.013860522206062757,36733.231881792955,255.53002149179028,0.18206383242669716,0.019975757719033174,9.889141282332176,9.868146899236969,9.897332959727002,36762.6729339253,36470.729058244,36788.203215550064,0.1698460178258217,0.1678242667704407,0.2049023667012873
292,293,9.888075406435448,0.013841587178059006,36733.0902945601,255.10846323452864,0.18198424952208248,0.01995092047813635,9.889141282332176,9.868146899236969,9.89705674233141,36762.6729339253,36470.729058244,36788.203215550064,0.1698460178258217,0.1678242667704407,0.2049023667012873
293,294,9.888046813823395,0.013853060086167943,36732.755250474234,255.23573597024745,0.1819421127498925,0.01991883842382893,9.889141282332176,9.868146899236969,9.89705674233141,36762.6729339253,36470.729058244,36788.203215550064,0.1698460178258217,0.1678242667704407,0.2049023667012873
294,295,9.88800732799215,0.013853474224026384,36732.29815048278,255.1725019049245,0.18189270574966598,0.01989829696328974,9.888916123755582,9.868146899236969,9.89705674233141,36762.6729339253,36470.729058244,36788.203215550064,0.1698460178258217,0.1678242667704407,0.2049023667012873
295,296,9.888007102833575,0.013853457621921014,36732.31572041133,255.17398786490148,0.1818869065998787,0.019901867172680887,9.888916123755582,9.868146899236969,9.89705674233141,36762.6729339253,36470.729058244,36788.203215550064,0.1698460178258217,0.1678242667704407,0.2049023667012873
296,297,9.887907560553417,0.013903856584142848,36730.91796979429,255.58838426178212,0.18181012861802706,0.019859034807207927,9.888916123755582,9.868146899236969,9.896964669866213,36762.6729339253,36470.729058244,36788.203215550064,0.1698460178258217,0.1678242667704407,0.2016356047915528
297,298,9.88785364860492,0.013891211441763257,36729.58891514023,254.08555923193447,0.1817603414656959,0.019857474462385727,9.888916123755582,9.868146899236969,9.896964669866213,36762.6729339253,36470.729058244,36788.203215550064,0.1698460178258217,0.1678242667704407,0.2016356047915528
298,299,9.887779029975848,0.013920875891372487,36729.27530526094,254.50064250363454,0.18176810190761974,0.019883294972292288,9.888916123755582,9.868146899236969,9.896964669866213,36762.6729339253,36470.729058244,36788.203215550064,0.1698460178258217,0.1678242667704407,0.2016356047915528
299,300,9.887755640518526,0.013908101292314779,36728.34291996135,253.30083593907443,0.1816844247946822,0.019844339233751267,9.888916123755582,9.868146899236969,9.896964669866213,36762.6729339253,36470.729058244,36788.203215550064,0.1698460178258217,0.1678242667704407,0.2016356047915528
300,301,9.887755640518526,0.013908101292314779,36728.34291996135,253.30083593907443,0.1816844247946822,0.019844339233751267,9.888916123755582,9.868146899236969,9.896964669866213,36762.6729339253,36470.729058244,36788.203215550064,0.1698460178258217,0.1678242667704407,0.2016356047915528
301,302,9.887705685233517,0.013932290541455209,36727.5545873773,253.44670020621254,0.18165247559030726,0.019832161563898106,9.888916123755582,9.868146899236969,9.896964669866213,36762.6729339253,36470.729058244,36788.203215550064,0.1698460178258217,0.1678242667704407,0.2016356047915528
302,303,9.88761532453864,0.013914873168019738,36727.76823720045,254.50950091401057,0.18166413036558693,0.019847423318706914,9.888916123755582,9.868146899236969,9.896964669866213,36762.6729339253,36470.729058244,36788.203215550064,0.1698460178258217,0.1678242667704407,0.2016356047915528
303,304,9.887566285714417,0.013880410508619625,36725.38794176106,251.93397645061245,0.18159583751929445,0.019777467074141474,9.888916123755582,9.868146899236969,9.896964669866213,36762.6729339253,36470.729058244,36788.203215550064,0.1698460178258217,0.1678242667704407,0.2016356047915528
304,305,9.8875250438663,0.013844833732816917,36725.32989761287,251.64967907417142,0.18161720036793577,0.019757024451742412,9.888916123755582,9.868146899236969,9.896964669866213,36762.6729339253,36470.729058244,36788.203215550064,0.1698460178258217,0.1678242667704407,0.2016356047915528
305,306,9.8875250438663,0.013844833732816917,36725.32989761287,251.64967907417142,0.18161720036793577,0.019757024451742412,9.888916123755582,9.868146899236969,9.896964669866213,36762.6729339253,36470.729058244,36788.203215550064,0.1698460178258217,0.1678242667704407,0.2016356047915528
306,307,9.887512520293306,0.01383482327154863,36724.874732526936,250.97109162345456,0.18159239598235258,0.019760154470307597,9.888916123755582,9.868146899236969,9.896964669866213,36762.6729339253,36470.729058244,36788.203215550064,0.1698460178258217,0.1678242667704407,0.2016356047915528
307,308,9.887498221825672,0.013821345987672618,36723.5050520135,248.7430820610571,0.18159185657661056,0.019759162867507937,9.888916123755582,9.868146899236969,9.896964669866213,36762.6729339253,36470.729058244,36788.203215550064,0.1698460178258217,0.1678242667704407,0.2016356047915528
308,309,9.887498221825672,0.013821345987672618,36723.5050520135,248.7430820610571,0.18159185657661056,0.019759162867507937,9.888916123755582,9.868146899236969,9.896964669866213,36762.6729339253,36470.729058244,36788.203215550064,0.1698460178258217,0.1678242667704407,0.2016356047915528
309,310,9.887490173279563,0.013818174153600715,36723.47952173187,248.73775043617115,0.1815408135101327,0.019731517955230742,9.888916123755582,9.868146899236969,9.896964669866213,36762.6729339253,36470.729058244,36788.203215550064,0.1698460178258217,0.1678242667704407,0.2016356047915528
310,311,9.887477945673352,0.013809331880794131,36724.41671933231,249.76657977792323,0.1815361536267737,0.019735096518004824,9.888916123755582,9.868146899236969,9.896964669866213,36762.6729339253,36470.729058244,36788.203215550064,0.1698460178258217,0.1678242667704407,0.2016356047915528
311,312,9.88738683240231,0.013796577279829546,36722.8038257691,248.8111034212717,0.18145195406429726,0.019701092134829644,9.888916123755582,9.868146899236969,9.896964669866213,36762.6729339253,36470.729058244,36788.203215550064,0.1698460178258217,0.1678242667704407,0.2016356047915528
312,313,9.88735193952994,0.013792816382720643,36722.45863501987,248.85793614149804,0.1815021196876833,0.019694438093129384,9.888916123755582,9.868146899236969,9.896964669866213,36762.6729339253,36470.729058244,36788.203215550064,0.1698460178258217,0.1678242667704407,0.2016356047915528
313,314,9.887323795913028,0.013799205218833894,36721.499420816035,247.8571202386482,0.18149915797952554,0.019695348446591848,9.888916123755582,9.868146899236969,9.896964669866213,36762.6729339253,36470.729058244,36788.203215550064,0.1698460178258217,0.1678242667704407,0.2016356047915528
314,315,9.887287545868459,0.013765168038369965,36720.9856801053,245.94086125386778,0.18147974810482329,0.01967683825186344,9.888916123755582,9.868146899236969,9.896964669866213,36762.6729339253,36470.729058244,36788.203215550064,0.1698460178258217,0.1678242667704407,0.2016356047915528
315,316,9.887254896768669,0.013729923635715013,36722.57128250721,247.3917357314333,0.1814906524299222,0.019718421695333763,9.888916123755582,9.868146899236969,9.896964669866213,36762.6729339253,36470.729058244,36788.203215550064,0.1698460178258217,0.1678242667704407,0.2016356047915528
316,317,9.887226078998038,0.013739752852752862,36722.25380834991,247.51098374346503,0.18144271650794497,0.01968838226666309,9.888916123755582,9.868146899236969,9.896964669866213,36762.6729339253,36470.729058244,36788.203215550064,0.1698460178258217,0.1678242667704407,0.2016356047915528
317,318,9.887188844391439,0.013745883172800361,36721.731889359915,247.51162679253835,0.18135661709259165,0.019649548983544256,9.888916123755582,9.868146899236969,9.896964669866213,36762.6729339253,36470.729058244,36788.203215550064,0.1698460178258217,0.1678242667704407,0.20083962257029203
318,319,9.887153245676853,0.01374887309153903,36720.90848949695,246.60830587861471,0.18129553189464154,0.019598842084123703,9.888916123755582,9.868146899236969,9.896964669866213,36762.6729339253,36470.729058244,36788.203215550064,0.1698460178258217,0.1678242667704407,0.2005742951632051
319,320,9.887048553440675,0.013721129237074707,36718.47140327139,244.13644686110698,0.18121814285177978,0.019524617298767998,9.888916123755582,9.868146899236969,9.896964669866213,36762.6729339253,36470.729058244,36788.203215550064,0.1698460178258217,0.1678242667704407,0.2005742951632051
320,321,9.886985018637105,0.013722069111322498,36718.02577731121,244.09249576916093,0.18126899954277942,0.019560515014035808,9.888916123755582,9.868146899236969,9.896964669866213,36762.6729339253,36470.729058244,36788.203215550064,0.1698460178258217,0.1678242667704407,0.20083962257029203
321,322,9.886928425539423,0.013737218265440856,36716.928003501125,243.2870522003216,0.18120522233954256,0.019510684189872025,9.888916123755582,9.868146899236969,9.896964669866213,36762.6729339253,36470.729058244,36788.203215550064,0.1698460178258217,0.1678242667704407,0.2005742951632051
322,323,9.886852829694986,0.013703035985066775,36716.08884335458,241.3973743082897,0.18105568653303075,0.01941063455414927,9.888916123755582,9.868146899236969,9.896964669866213,36762.6729339253,36470.729058244,36788.203215550064,0.1698460178258217,0.1678242667704407,0.2005742951632051
323,324,9.886844781148875,0.013699457591440378,36716.06331307295,241.3910960784561,0.18100464346655293,0.019381080513254847,9.888916123755582,9.868146899236969,9.896964669866213,36762.6729339253,36470.729058244,36788.203215550064,0.1698460178258217,0.1678242667704407,0.2005742951632051
324,325,9.88680618870485,0.013655782087420134,36716.204271881594,241.40194214815727,0.1809637678573456,0.019356019559886167,9.888916123755582,9.868146899236969,9.896964669866213,36762.6729339253,36470.729058244,36788.203215550064,0.1698460178258217,0.1678242667704407,0.2005742951632051
325,326,9.88680618870485,0.013655782087420134,36716.204271881594,241.40194214815727,0.1809637678573456,0.019356019559886167,9.888916123755582,9.868146899236969,9.896964669866213,36762.6729339253,36470.729058244,36788.203215550064,0.1698460178258217,0.1678242667704407,0.2005742951632051
326,327,9.88675943765546,0.013641569782233607,36716.938083200504,242.6206061146779,0.18097836145349866,0.019381451634363486,9.888916123755582,9.868146899236969,9.896964669866213,36762.6729339253,36470.729058244,36788.203215550064,0.1698460178258217,0.1678242667704407,0.2005742951632051
327,328,9.886751020819489,0.013637639356074763,36716.73363836783,242.4958113377296,0.18094019796012265,0.01937187693534114,9.888916123755582,9.868146899236969,9.896964669866213,36762.6729339253,36470.729058244,36788.203215550064,0.1698460178258217,0.1678242667704407,0.2005742951632051
328,329,9.886722428207436,0.013646509079661404,36716.398594281956,242.60711246146778,0.18089806118793267,0.019336559319125098,9.888916123755582,9.868146899236969,9.896964669866213,36762.6729339253,36470.729058244,36788.203215550064,0.1698460178258217,0.1678242667704407,0.2005742951632051
329,330,9.886671664540751,0.013634042715060263,36715.94766295756,242.6026470929595,0.1808339072573782,0.0193153875466284,9.888916123755582,9.868146899236969,9.896964669866213,36762.6729339253,36470.729058244,36788.203215550064,0.1698460178258217,0.1678242667704407,0.2005742951632051
330,331,9.886634655092726,0.013638746563550705,36715.408174039,242.58694985604043,0.18075360699181217,0.019269739372983194,9.888916123755582,9.868146899236969,9.896964669866213,36745.10300536608,36470.729058244,36788.203215550064,0.1698460178258217,0.1678242667704407,0.2005742951632051
331,332,9.886542854172813,0.013683881398807642,36714.26757804034,243.06100940496208,0.18069759505397465,0.01924115472847096,9.888916123755582,9.868146899236969,9.896964669866213,36745.10300536608,36470.729058244,36788.203215550064,0.1698460178258217,0.1678242667704407,0.2005742951632051
332,333,9.886446275120928,0.013688614105316894,36714.19597845744,244.13083675504245,0.18072079493219892,0.019220127178940463,9.888916123755582,9.868146899236969,9.896964669866213,36745.10300536608,36470.729058244,36788.203215550064,0.1698460178258217,0.1678242667704407,0.2005742951632051
333,334,9.886405760766522,0.013683063282391997,36713.977477374414,244.04719683032292,0.18073185206357123,0.019241576405319497,9.888916123755582,9.868146899236969,9.896964669866213,36745.10300536608,36470.729058244,36788.203215550064,0.1698460178258217,0.1678242667704407,0.2005742951632051
334,335,9.886372912747952,0.013685613660108491,36713.82981860898,244.87120650266885,0.18071427306220667,0.019255422233041577,9.888916123755582,9.868146899236969,9.896964669866213,36745.10300536608,36470.729058244,36788.203215550064,0.1698460178258217,0.1678242667704407,0.2005742951632051
335,336,9.886348832206808,0.013692281891871222,36713.78362809018,245.21070586980778,0.18072919847018068,0.01927276669757689,9.888916123755582,9.868146899236969,9.896964669866213,36745.10300536608,36470.729058244,36788.203215550064,0.1698460178258217,0.1678242667704407,0.2005742951632051
336,337,9.884729718618093,0.013387076815263214,36698.930124252096,233.9153453835882,0.17951940119280166,0.01867705071174469,9.888916123755582,9.868146899236969,9.896964669866213,36745.10300536608,36470.729058244,36762.6729339253,0.1698460178258217,0.1698460178258217,0.1725380231125696
337,338,9.88470254439477,0.013362129319375199,36700.037971481775,233.82757376035244,0.17950582191105874,0.018648052305416454,9.888916123755582,9.868146899236969,9.896964669866213,36745.10300536608,36470.729058244,36762.6729339253,0.1698460178258217,0.1698460178258217,0.1725380231125696
338,339,9.884672373993489,0.013335270698460248,36698.59966047653,231.26639293121488,0.17940899552214837,0.0185736497230795,9.888916123755582,9.868146899236969,9.896964669866213,36745.10300536608,36470.729058244,36762.6729339253,0.1698460178258217,0.1698460178258217,0.1725380231125696
339,340,9.884644384365807,0.013308966445769396,36698.511515295686,231.18701365689537,0.17934957379735253,0.018565156671325425,9.888916123755582,9.868146899236969,9.896964669866213,36745.10300536608,36470.729058244,36762.6729339253,0.1698460178258217,0.1698460178258217,0.1725380231125696
340,341,9.884583760301885,0.013289128853786584,36697.0572110061,229.68536366656014,0.17917979726906166,0.01846104561368084,9.888916123755582,9.868146899236969,9.889141282332176,36745.10300536608,36470.729058244,36762.6729339253,0.1698460178258217,0.1698460178258217,0.1725380231125696
341,342,9.884571781358035,0.013262325763882215,36696.97572628056,229.7371390563989,0.17918398948396813,0.01845886330807112,9.888916123755582,9.868146899236969,9.889141282332176,36745.10300536608,36470.729058244,36762.6729339253,0.1698460178258217,0.1698460178258217,0.1725380231125696
342,343,9.884567648692487,0.013255914528652183,36698.09832016969,230.8115284991767,0.17922841771008452,0.018499189819296234,9.888916123755582,9.868146899236969,9.889141282332176,36745.10300536608,36470.729058244,36762.6729339253,0.1698460178258217,0.1698460178258217,0.1725380231125696
343,344,9.88449444708144,0.013250411593299373,36696.57408676568,229.56082309584352,0.17909411266988293,0.01840872796206895,9.888916123755582,9.868146899236969,9.889141282332176,36745.10300536608,36470.729058244,36762.6729339253,0.1698460178258217,0.1698460178258217,0.1725380231125696
344,345,9.884494221922866,0.013250334542490212,36696.59165669423,229.5652090221732,0.17908831352009563,0.018411705547838306,9.888916123755582,9.868146899236969,9.889141282332176,36745.10300536608,36470.729058244,36762.6729339253,0.1698460178258217,0.1698460178258217,0.1725380231125696
345,346,9.884458254918417,0.01324584368430727,36695.58934228021,228.35787056872292,0.17904010789524732,0.018372693226878,9.888916123755582,9.868146899236969,9.889141282332176,36745.10300536608,36470.729058244,36762.6729339253,0.1698460178258217,0.1698460178258217,0.1725380231125696
346,347,9.884430875926828,0.013220350964128845,36695.976035349384,228.1278966231275,0.17898218028553703,0.018339505450764043,9.888916123755582,9.868146899236969,9.889141282332176,36745.10300536608,36470.729058244,36762.6729339253,0.1698460178258217,0.16934058006197644,0.1725380231125696
347,348,9.884369326094243,0.013210630044925044,36693.41236342894,225.0134459415097,0.17902539696890857,0.018364489642477166,9.888916123755582,9.868146899236969,9.889141282332176,36745.10300536608,36470.729058244,36762.6729339253,0.1698460178258217,0.1698460178258217,0.1725380231125696
348,349,9.884289824188148,0.013187756675031468,36693.64873522362,225.0557021241818,0.17900937405382386,0.018339922828301054,9.888916123755582,9.868146899236969,9.889141282332176,36745.10300536608,36470.729058244,36762.6729339253,0.1698460178258217,0.1698460178258217,0.1725380231125696
349,350,9.884286162230067,0.013181741648078468,36693.99746516656,225.99099857579762,0.17902685140133476,0.018368770149548054,9.888916123755582,9.868146899236969,9.889141282332176,36745.10300536608,36470.729058244,36762.6729339253,0.1698460178258217,0.1698460178258217,0.1725380231125696
350,351,9.884265393005549,0.013190789240308325,36693.70552129088,226.090642591816,0.1790299585458353,0.0183669540330596,9.888916123755582,9.868146899236969,9.889141282332176,36745.10300536608,36470.729058244,36762.6729339253,0.1698460178258217,0.1698460178258217,0.1725380231125696
351,352,9.884254581813652,0.013175937666513893,36693.3694109771,225.69973915596844,0.17904716619047523,0.018395169527910614,9.888916123755582,9.868146899236969,9.889141282332176,36745.10300536608,36470.729058244,36762.6729339253,0.1698460178258217,0.1698460178258217,0.1725380231125696
352,353,9.884254581813652,0.013175937666513893,36693.3694109771,225.69973915596844,0.17904716619047523,0.018395169527910614,9.888916123755582,9.868146899236969,9.889141282332176,36745.10300536608,36470.729058244,36762.6729339253,0.1698460178258217,0.1698460178258217,0.1725380231125696
353,354,9.884237748141707,0.013164589702235836,36692.96052131174,225.38840852287817,0.1789708392037232,0.018366884371369775,9.888916123755582,9.868146899236969,9.889141282332176,36745.10300536608,36470.729058244,36762.6729339253,0.1698460178258217,0.1698460178258217,0.1725380231125696
354,355,9.884229699595599,0.013159265553628853,36692.93499103011,225.37906445441465,0.17891979613724535,0.01832984330473527,9.888916123755582,9.868146899236969,9.889141282332176,36745.10300536608,36470.729058244,36762.6729339253,0.1698460178258217,0.1698460178258217,0.1725380231125696
355,356,9.884089584385558,0.013137197647667012,36691.64202664411,225.25516125342344,0.17875442748108217,0.01821850472127896,9.888916123755582,9.868146899236969,9.889141282332176,36745.10300536608,36470.729058244,36762.6729339253,0.1698460178258217,0.1698460178258217,0.1725380231125696
356,357,9.88402918619851,0.01313416602963365,36690.69649829735,225.0429930205397,0.17872680634824534,0.01820580651083934,9.888916123755582,9.868146899236969,9.889141282332176,36745.10300536608,36470.729058244,36762.6729339253,0.1698460178258217,0.1698460178258217,0.1725380231125696
357,358,9.883971279104125,0.013140003827890432,36689.91925390423,225.3732104621655,0.17862709031150587,0.018127813504202332,9.888916123755582,9.868146899236969,9.889141282332176,36745.10300536608,36470.729058244,36762.6729339253,0.1698460178258217,0.1698460178258217,0.1725380231125696
358,359,9.883896051427014,0.013122202033763105,36688.44226957017,223.9468431245913,0.17853527683621837,0.018052277418036458,9.888916123755582,9.868146899236969,9.889141282332176,36745.10300536608,36470.729058244,36762.6729339253,0.1698460178258217,0.1698460178258217,0.1725380231125696
359,360,9.883839540356625,0.013124534770735346,36687.1304413519,222.75963895107708,0.17849597750565793,0.01800639596355337,9.888916123755582,9.868146899236969,9.889141282332176,36745.10300536608,36470.729058244,36762.6729339253,0.1698460178258217,0.1698460178258217,0.1725380231125696
360,361,9.88379668965037,0.013105734441408494,36687.12600975161,222.76389989350272,0.17845720897078668,0.017983227903462656,9.888916123755582,9.868146899236969,9.889141282332176,36745.10300536608,36470.729058244,36762.6729339253,0.1698460178258217,0.1698460178258217,0.1725380231125696
361,362,9.88373446210409,0.013064745319288116,36687.37393549502,222.710658416677,0.1784135108496854,0.01796247465707539,9.888916123755582,9.868146899236969,9.889141282332176,36745.10300536608,36470.729058244,36762.6729339253,0.1698460178258217,0.1698460178258217,0.1725380231125696
362,363,9.8837156787125,0.013043128914586576,36687.787637461246,222.80022279673662,0.1784015008401408,0.01793853849930363,9.888916123755582,9.868146899236969,9.889141282332176,36745.10300536608,36470.729058244,36762.6729339253,0.1698460178258217,0.1698460178258217,0.1725380231125696
363,364,9.88371531042264,0.013042749601646511,36687.60872291019,222.64762571186617,0.17841438041324265,0.017962169153226463,9.888916123755582,9.868146899236969,9.889141282332176,36745.10300536608,36470.729058244,36762.6729339253,0.1698460178258217,0.1698460178258217,0.1725380231125696
364,365,9.883679118259618,0.013035945972830847,36686.62397842472,221.36723696188182,0.17836037563860704,0.017923188732532083,9.888916123755582,9.868146899236969,9.889141282332176,36745.10300536608,36470.729058244,36762.6729339253,0.1698460178258217,0.1698460178258217,0.1725380231125696
365,366,9.883679118259618,0.013035945972830847,36686.62397842472,221.36723696188182,0.17836037563860704,0.017923188732532083,9.888916123755582,9.868146899236969,9.889141282332176,36745.10300536608,36470.729058244,36762.6729339253,0.1698460178258217,0.1698460178258217,0.1725380231125696
366,367,9.883658349035096,0.01304412816738176,36686.33203454904,221.459241265382,0.1783634827831076,0.017921443012786763,9.888916123755582,9.868146899236969,9.889141282332176,36745.10300536608,36470.729058244,36762.6729339253,0.1698460178258217,0.1698460178258217,0.1725380231125696
367,368,9.883629531264468,0.013046531956192797,36686.01456039173,221.54051922362044,0.17831554686113033,0.017880004313853202,9.888916123755582,9.868146899236969,9.889141282332176,36745.10300536608,36470.729058244,36762.6729339253,0.1698460178258217,0.1698460178258217,0.1725380231125696
368,369,9.883620889269922,0.013040308821832589,36685.8276854876,221.3806886140505,0.178271584217967,0.017866740651832635,9.888916123755582,9.868146899236969,9.889141282332176,36745.10300536608,36470.729058244,36762.6729339253,0.1698460178258217,0.1698460178258217,0.1725380231125696
369,370,9.883620889269922,0.013040308821832589,36685.8276854876,221.3806886140505,0.178271584217967,0.017866740651832635,9.888916123755582,9.868146899236969,9.889141282332176,36745.10300536608,36470.729058244,36762.6729339253,0.1698460178258217,0.1698460178258217,0.1725380231125696
370,371,9.883530856273085,0.013036063185385739,36685.208155008804,221.5822839646696,0.17820999204787735,0.01782776518894253,9.888916123755582,9.868146899236969,9.889141282332176,36745.10300536608,36470.729058244,36762.6729339253,0.1698460178258217,0.1698460178258217,0.1725380231125696
371,372,9.883436100630957,0.01299333717626136,36683.22008961444,219.50980790576367,0.1780822817729704,0.017766039647695003,9.888916123755582,9.868146899236969,9.889141282332176,36745.10300536608,36470.729058244,36762.6729339253,0.1698460178258217,0.1678242667704407,0.1725380231125696
372,373,9.883417240892948,0.012971663808767317,36682.85844901905,219.08029193612128,0.17804844635113243,0.017755387975951546,9.888916123755582,9.868146899236969,9.889141282332176,36745.10300536608,36470.729058244,36762.6729339253,0.1698460178258217,0.1678242667704407,0.1725380231125696
373,374,9.88340204311302,0.012956300276592544,36682.1480784807,217.6640706904778,0.1779971335817836,0.017713803089744407,9.888916123755582,9.868146899236969,9.889141282332176,36745.10300536608,36470.729058244,36762.6729339253,0.1698460178258217,0.1678242667704407,0.1725380231125696
374,375,9.883386845333092,0.01294090065651347,36681.43770794236,216.23624065285412,0.17794582081243476,0.01767197135656675,9.888916123755582,9.868146899236969,9.889141282332176,36745.10300536608,36470.729058244,36762.6729339253,0.1698460178258217,0.1678242667704407,0.1725380231125696
375,376,9.883357659272603,0.012942326677454518,36680.94131923399,216.149601917437,0.1779107644635593,0.01765322333518396,9.888916123755582,9.868146899236969,9.889141282332176,36745.10300536608,36470.729058244,36762.6729339253,0.1698460178258217,0.1678242667704407,0.1725380231125696
376,377,9.883336890048083,0.012950052477064274,36680.649375358305,216.23615404383833,0.17791387160805985,0.017651530059863415,9.888916123755582,9.868146899236969,9.889141282332176,36745.10300536608,36470.729058244,36762.6729339253,0.1698460178258217,0.1678242667704407,0.1725380231125696
377,378,9.883299655441483,0.012945374852168973,36680.12745636831,216.13644845839727,0.17782777219270657,0.017590941687903122,9.888916123755582,9.868146899236969,9.889141282332176,36745.10300536608,36470.729058244,36762.6729339253,0.1698460178258217,0.1678242667704407,0.1725380231125696
378,379,9.883270612512279,0.01294689847354929,36679.82755213956,216.21663595333047,0.17777403712094197,0.017549948636260037,9.888916123755582,9.868146899236969,9.889141282332176,36745.10300536608,36470.729058244,36762.6729339253,0.1698460178258217,0.1678242667704407,0.1725380231125696
379,380,9.883270121414496,0.012945964247890022,36681.34014017483,216.67494732911103,0.17783953717772752,0.017573790557288957,9.888916123755582,9.868146899236969,9.889141282332176,36745.10300536608,36470.729058244,36762.6729339253,0.1698460178258217,0.1678242667704407,0.1725380231125696
380,381,9.883228357806884,0.012960992320568436,36680.77382235203,216.8542031263043,0.17783995231694133,0.017573120846708715,9.888916123755582,9.868146899236969,9.889141282332176,36745.10300536608,36470.729058244,36762.6729339253,0.1698460178258217,0.1678242667704407,0.1725380231125696
381,382,9.883228357806884,0.012960992320568436,36680.77382235203,216.8542031263043,0.17783995231694133,0.017573120846708715,9.888916123755582,9.868146899236969,9.889141282332176,36745.10300536608,36470.729058244,36762.6729339253,0.1698460178258217,0.1678242667704407,0.1725380231125696
382,383,9.883208980966856,0.012937969805215973,36681.02617969575,216.80252116819523,0.17783502273071128,0.017575542626732193,9.888916123755582,9.868146899236969,9.889141282332176,36745.10300536608,36470.729058244,36762.6729339253,0.1698460178258217,0.1678242667704407,0.1725380231125696
383,384,9.88299141371977,0.013311458755667848,36673.705078082574,223.11356223351999,0.17789780384258957,0.017640004556902667,9.888916123755582,9.868146899236969,9.889141282332176,36745.10300536608,36470.729058244,36762.6729339253,0.1698460178258217,0.16934058006197644,0.1725380231125696
384,385,9.88316261949629,0.012887104289566707,36680.11602360082,215.7549721009804,0.1777233892438721,0.0175380981403091,9.888916123755582,9.868146899236969,9.889141282332176,36745.10300536608,36470.729058244,36762.6729339253,0.1698460178258217,0.1667388733252758,0.1725380231125696
385,386,9.882933518467672,0.013275227047495146,36672.851197638585,222.46823301093343,0.17782615972009974,0.017588866989986542,9.888916123755582,9.868146899236969,9.889141282332176,36745.10300536608,36470.729058244,36762.6729339253,0.1698460178258217,0.16934058006197644,0.1725380231125696
386,387,9.882912749243152,0.013282096007185927,36672.559253762905,222.54171492712206,0.1778292668646003,0.017587182465709034,9.888916123755582,9.868146899236969,9.889141282332176,36745.10300536608,36470.729058244,36762.6729339253,0.1698460178258217,0.1698460178258217,0.1725380231125696
387,388,9.88290433240718,0.01327562057065941,36672.35480893023,222.3648552331871,0.1777911033712243,0.01756979153900258,9.888916123755582,9.868146899236969,9.889141282332176,36745.10300536608,36470.729058244,36762.6729339253,0.1698460178258217,0.16934058006197644,0.1725380231125696
388,389,9.88290396411732,0.013275225391819358,36672.175894379165,222.19953304306375,0.1778039829443261,0.017594364303372047,9.888916123755582,9.868146899236969,9.889141282332176,36745.10300536608,36470.729058244,36762.6729339253,0.1698460178258217,0.16934058006197644,0.1725380231125696
389,390,9.882882969734226,0.013281943956547,36671.90152043204,222.27869818712912,0.17780129093903935,0.01759537572400083,9.888916123755582,9.868146899236969,9.889141282332176,36745.10300536608,36470.729058244,36762.6729339253,0.1698460178258217,0.16934058006197644,0.1725380231125696
390,391,9.882842748891113,0.01326559820313766,36671.873838057676,222.3020252953671,0.17779032669621375,0.01759691334085933,9.888916123755582,9.868146899236969,9.889141282332176,36745.10300536608,36470.729058244,36762.6729339253,0.1698460178258217,0.16934058006197644,0.1725380231125696
391,392,9.882785270401554,0.013262222326378447,36671.211147635644,221.42726808092704,0.17776833490168661,0.017567304041262263,9.888916123755582,9.868146899236969,9.889141282332176,36745.10300536608,36470.729058244,36762.6729339253,0.1698460178258217,0.16934058006197644,0.1725380231125696
392,393,9.882762024075513,0.013240287360984737,36670.47524681568,219.9763664480557,0.17766597906585993,0.017481966684102162,9.888916123755582,9.868146899236969,9.889141282332176,36745.10300536608,36470.729058244,36762.6729339253,0.1698460178258217,0.1678242667704407,0.1725380231125696
393,394,9.88271221192179,0.013247170332396628,36669.88339871125,220.1127425076525,0.17761535113859592,0.017438558234742333,9.888916123755582,9.868146899236969,9.889141282332176,36745.10300536608,36470.729058244,36762.6729339253,0.1698460178258217,0.1678242667704407,0.1725380231125696
394,395,9.882711986763212,0.013247062970354327,36669.90096863981,220.11944715121757,0.17760955198880862,0.01744120976842206,9.888916123755582,9.868146899236969,9.889141282332176,36745.10300536608,36470.729058244,36762.6729339253,0.1698460178258217,0.1678242667704407,0.1725380231125696
395,396,9.882646864030034,0.013229612291876145,36670.70393627889,221.4725866031762,0.17764612311659994,0.01748767713606417,9.888916123755582,9.868146899236969,9.889141282332176,36745.10300536608,36470.729058244,36762.6729339253,0.1698460178258217,0.1678242667704407,0.1725380231125696
396,397,9.88260985458201,0.013223199959594539,36670.164447360345,221.34514564881093,0.17756582285103395,0.017422558687383714,9.888916123755582,9.868146899236969,9.889141282332176,36745.10300536608,36470.729058244,36762.6729339253,0.1698460178258217,0.1678242667704407,0.1725380231125696
397,398,9.88249964424124,0.013219522001295897,36668.62707090914,221.16973058413578,0.17748757379093305,0.017363426574018927,9.888916123755582,9.868146899236969,9.889141282332176,36745.10300536608,36470.729058244,36762.6729339253,0.1698460178258217,0.1678242667704407,0.1725380231125696
398,399,9.882492074776186,0.01320605199653675,36670.08082481265,223.40566860926577,0.17755527851434766,0.01743985405971622,9.888916123755582,9.868146899236969,9.889141282332176,36745.10300536608,36470.729058244,36762.6729339253,0.1698460178258217,0.16934058006197644,0.1725380231125696
399,400,9.882444779477822,0.013178756511942127,36669.35639802397,222.02024244472017,0.17755318636974715,0.017439940139757304,9.888916123755582,9.868146899236969,9.889141282332176,36745.10300536608,36470.729058244,36762.6729339253,0.1698460178258217,0.16934058006197644,0.1725380231125696
400,401,9.882381356236717,0.01316237276860259,36669.049591993324,222.3570378329579,0.17750002605460558,0.01740355695769503,9.888916123755582,9.868146899236969,9.889141282332176,36745.10300536608,36470.729058244,36762.6729339253,0.1698460178258217,0.1678242667704407,0.1725380231125696
401,402,9.88234172727419,0.01314550209387362,36668.39600752224,221.97813154150177,0.17746929777726816,0.017389911227484095,9.888916123755582,9.868146899236969,9.889141282332176,36745.10300536608,36470.729058244,36762.6729339253,0.1698460178258217,0.1678242667704407,0.1725380231125696
402,403,9.882322621987289,0.013122028686090602,36668.79066094447,221.794493238537,0.17746821238382302,0.017390547050265433,9.888916123755582,9.868146899236969,9.889141282332176,36745.10300536608,36470.729058244,36762.6729339253,0.1698460178258217,0.1678242667704407,0.1725380231125696
403,404,9.882257386895061,0.013110682446066547,36667.50601223025,220.4869664569065,0.17736047253742282,0.017304482858524154,9.888916123755582,9.868146899236969,9.889141282332176,36745.10300536608,36470.729058244,36762.6729339253,0.1698460178258217,0.1678242667704407,0.1725380231125696
404,405,9.882257386895061,0.013110682446066547,36667.50601223025,220.4869664569065,0.17736047253742282,0.017304482858524154,9.888916123755582,9.868146899236969,9.889141282332176,36745.10300536608,36470.729058244,36762.6729339253,0.1698460178258217,0.1678242667704407,0.1725380231125696
405,406,9.882225949609927,0.013100259695165883,36667.07444252042,220.29096689813963,0.17736210860367416,0.017311788171897005,9.888916123755582,9.868146899236969,9.889141282332176,36745.10300536608,36470.729058244,36762.6729339253,0.1698460178258217,0.1678242667704407,0.1725380231125696
406,407,9.882180380194647,0.013085256037153953,36666.13402428956,219.79052787743507,0.17726232356762125,0.017248643147482524,9.888916123755582,9.868146899236969,9.889141282332176,36745.10300536608,36470.729058244,36762.6729339253,0.1698460178258217,0.1678242667704407,0.1725380231125696
407,408,9.88215961097013,0.013091029850384564,36665.84208041388,219.85598525647822,0.1772654307121218,0.017247026971646495,9.888916123755582,9.868146899236969,9.889141282332176,36745.10300536608,36470.729058244,36762.6729339253,0.1698460178258217,0.1678242667704407,0.1725380231125696
408,409,9.882144638348779,0.013074463320944545,36665.11413994698,218.38230826462913,0.17721991709256024,0.01719932269502318,9.888916123755582,9.868146899236969,9.889141282332176,36745.10300536608,36470.729058244,36762.6729339253,0.1698460178258217,0.1678242667704407,0.1725380231125696
409,410,9.882113264303205,0.013062870751115192,36664.22373477519,217.14644299396113,0.17727128409132448,0.017194425547760652,9.888916123755582,9.868146899236969,9.889141282332176,36745.10300536608,36470.729058244,36762.6729339253,0.1698460178258217,0.16934058006197644,0.1725380231125696
410,411,9.882052866116158,0.01305067872642876,36663.27820642842,216.80680154668258,0.17724366295848762,0.017178585918147377,9.888916123755582,9.868146899236969,9.889141282332176,36745.10300536608,36470.729058244,36762.6729339253,0.1698460178258217,0.1698460178258217,0.1725380231125696
411,412,9.881967086957987,0.01304353050316278,36661.68404390997,215.48979563956863,0.1771448294063753,0.017085884097473962,9.888916123755582,9.868146899236969,9.889141282332176,36745.10300536608,36470.729058244,36762.6729339253,0.1698460178258217,0.1698460178258217,0.1725380231125696
412,413,9.881929852351385,0.013034974136262355,36661.162124919974,215.34378404786406,0.177058729991022,0.01701939256370114,9.888916123755582,9.868146899236969,9.889141282332176,36745.10300536608,36470.729058244,36762.6729339253,0.1698460178258217,0.16934058006197644,0.1725380231125696
413,414,9.881872073678844,0.013031770686704384,36660.33069212574,215.24817510725552,0.17698153686995652,0.01694810019793987,9.888916123755582,9.868146899236969,9.889141282332176,36745.10300536608,36470.729058244,36762.6729339253,0.1698460178258217,0.1698460178258217,0.1725380231125696
414,415,9.881871848520266,0.013031647034323374,36660.3482620543,215.25581099627897,0.17697573772016922,0.01695061161230617,9.888916123755582,9.868146899236969,9.889141282332176,36745.10300536608,36470.729058244,36762.6729339253,0.1698460178258217,0.16934058006197644,0.1725380231125696
415,416,9.8818528399701,0.013007161961306878,36660.779533949084,215.40798348218775,0.1769579285608374,0.016926733102817827,9.888916123755582,9.868146899236969,9.889141282332176,36745.10300536608,36470.729058244,36762.6729339253,0.1698460178258217,0.1678242667704407,0.1725380231125696
416,417,9.88180755681739,0.012991361575196649,36660.23208467747,215.2460607266372,0.17682078607900628,0.016811925276928322,9.888916123755582,9.868146899236969,9.889141282332176,36745.10300536608,36470.729058244,36762.6729339253,0.1698460178258217,0.1678242667704407,0.1725380231125696
417,418,9.881750303486408,0.012983458553481032,36659.55182432688,214.29877939645252,0.17680459343426638,0.016777184457605364,9.888916123755582,9.868146899236969,9.889141282332176,36745.10300536608,36470.729058244,36762.6729339253,0.1698460178258217,0.1678242667704407,0.1725380231125696
418,419,9.881750303486408,0.012983458553481032,36659.55182432688,214.29877939645252,0.17680459343426638,0.016777184457605364,9.888916123755582,9.868146899236969,9.889141282332176,36745.10300536608,36470.729058244,36762.6729339253,0.1698460178258217,0.1678242667704407,0.1725380231125696
419,420,9.881717454749536,0.012954579637967015,36658.87781969007,213.67984672678168,0.17665065818723513,0.016662582916473535,9.888916123755582,9.868146899236969,9.889141282332176,36745.10300536608,36470.729058244,36762.6729339253,0.1698460178258217,0.1678242667704407,0.1725380231125696
420,421,9.881681487745091,0.012942271787560402,36657.875505276046,212.20416232862544,0.17660245256238685,0.016612393183405388,9.888916123755582,9.868146899236969,9.889141282332176,36745.10300536608,36470.729058244,36762.6729339253,0.1698460178258217,0.1678242667704407,0.1725380231125696
421,422,9.881660718520573,0.012947309094567745,36657.583561400366,212.2606006067835,0.17660555970688738,0.016610838535145944,9.888916123755582,9.868146899236969,9.889141282332176,36745.10300536608,36470.729058244,36762.6729339253,0.1698460178258217,0.1678242667704407,0.1725380231125696
422,423,9.8816523016846,0.01293985176529628,36657.37911656769,212.0607298023032,0.17656739621351136,0.016589609477095528,9.888916123755582,9.868146899236969,9.889141282332176,36745.10300536608,36470.729058244,36762.6729339253,0.1698460178258217,0.1678242667704407,0.1725380231125696
423,424,9.881610292528094,0.012949171914462347,36657.56909276252,212.496847078077,0.1766005613811179,0.016603958856369998,9.888916123755582,9.868146899236969,9.889141282332176,36745.10300536608,36470.729058244,36762.6729339253,0.1698460178258217,0.1678242667704407,0.1725380231125696
424,425,9.881589523303575,0.012954092391927822,36657.27714888684,212.55278678005837,0.17660366852561846,0.0166024037722557,9.888916123755582,9.868146899236969,9.889141282332176,36745.10300536608,36470.729058244,36762.6729339253,0.1698460178258217,0.1678242667704407,0.1725380231125696
425,426,9.881539711149852,0.01295662041333665,36656.68530078241,212.65719420710258,0.17655304059835442,0.016553440730492426,9.888916123755582,9.868146899236969,9.889141282332176,36745.10300536608,36470.729058244,36762.6729339253,0.1698460178258217,0.1678242667704407,0.1725380231125696
426,427,9.881539711149852,0.01295662041333665,36656.68530078241,212.65719420710258,0.17655304059835442,0.016553440730492426,9.888916123755582,9.868146899236969,9.889141282332176,36745.10300536608,36470.729058244,36762.6729339253,0.1698460178258217,0.1678242667704407,0.1725380231125696
427,428,9.881510668220644,0.012954197569960878,36656.38539655366,212.70564345033404,0.17649930552658982,0.01650572240462916,9.888916123755582,9.868146899236969,9.889141282332176,36745.10300536608,36470.729058244,36762.6729339253,0.1698460178258217,0.1678242667704407,0.1725380231125696
428,429,9.881479230935511,0.01294183506868353,36655.95382684383,212.47988100854943,0.17650094159284116,0.016513466403481742,9.888916123755582,9.868146899236969,9.889141282332176,36745.10300536608,36470.729058244,36762.6729339253,0.1698460178258217,0.1678242667704407,0.1725380231125696
429,430,9.881373763267339,0.012870039469621378,36655.0741490787,210.8671108586354,0.17637461707089147,0.01639330887712541,9.888916123755582,9.868146899236969,9.889141282332176,36745.10300536608,36470.729058244,36762.6729339253,0.1698460178258217,0.1678242667704407,0.1725380231125696
430,431,9.88134494549671,0.012867360220698492,36654.756674921395,210.9054229179586,0.1763266811489142,0.016342164309554482,9.888916123755582,9.868146899236969,9.889141282332176,36745.10300536608,36470.729058244,36762.6729339253,0.1698460178258217,0.1678242667704407,0.1725380231125696
431,432,9.88109304648688,0.012860972964624932,36644.265249296215,199.32216493101268,0.1758359739898133,0.015762063871303533,9.888916123755582,9.868146899236969,9.889141282332176,36745.10300536608,36470.729058244,36762.6729339253,0.1698460178258217,0.1698460178258217,0.1725380231125696
432,433,9.881071683813923,0.012864492664231378,36643.81196079804,199.16212217455458,0.17584616155762836,0.015791838577383064,9.888916123755582,9.868146899236969,9.889141282332176,36745.10300536608,36470.729058244,36762.6729339253,0.1698460178258217,0.1698460178258217,0.1725380231125696
433,434,9.881050689430827,0.012868436671952737,36643.53758685092,199.21137880014874,0.1758434695523416,0.015792631710771395,9.888916123755582,9.868146899236969,9.889141282332176,36745.10300536608,36470.729058244,36762.6729339253,0.1698460178258217,0.1698460178258217,0.1725380231125696
434,435,9.881000877277103,0.012868896000253663,36642.945738746486,199.28197373578845,0.17579284162507758,0.01573870486273654,9.888916123755582,9.868146899236969,9.889141282332176,36745.10300536608,36470.729058244,36762.6729339253,0.1698460178258217,0.1698460178258217,0.1725380231125696
435,436,9.880971834347898,0.012865240292493293,36642.64583451774,199.3130012269731,0.175739106553313,0.015685904632641037,9.888916123755582,9.868146899236969,9.889141282332176,36745.10300536608,36470.729058244,36762.6729339253,0.1698460178258217,0.16934058006197644,0.1725380231125696
436,437,9.880922022194174,0.012865394427916071,36642.05398641332,199.38091309556816,0.17568847862604897,0.015631271579239055,9.888916123755582,9.868146899236969,9.889141282332176,36745.10300536608,36470.729058244,36762.6729339253,0.1698460178258217,0.16934058006197644,0.1725380231125696
437,438,9.881082683834347,0.012781285194675349,36651.24117418419,207.11876675930685,0.1761689439143293,0.01619382974327941,9.888916123755582,9.868146899236969,9.889141282332176,36745.10300536608,36470.729058244,36762.6729339253,0.1698460178258217,0.1698460178258217,0.1725380231125696
438,439,9.880884000824661,0.012816993424005994,36640.72952304757,197.41831443436297,0.17555775044411095,0.015500547005112034,9.888916123755582,9.868146899236969,9.889141282332176,36745.10300536608,36470.729058244,36762.6729339253,0.1698460178258217,0.1678242667704407,0.1725380231125696
439,440,9.880839985274104,0.012794604937796739,36639.70167835192,195.7095035066785,0.17545850175278485,0.01538762134295676,9.888916123755582,9.868146899236969,9.889141282332176,36745.10300536608,36470.729058244,36762.6729339253,0.1698460178258217,0.1678242667704407,0.1725380231125696
440,441,9.88079017312038,0.012794246603215407,36639.1098302475,195.76976483884826,0.1754078738255208,0.01533099881791703,9.888916123755582,9.868146899236969,9.889141282332176,36745.10300536608,36470.729058244,36762.6729339253,0.1698460178258217,0.1678242667704407,0.1725380231125696
441,442,9.880748634671344,0.012801510196171168,36638.525942496126,195.83571785486964,0.17541408811452192,0.015328113109008619,9.888916123755582,9.868146899236969,9.889141282332176,36745.10300536608,36470.729058244,36762.6729339253,0.1698460178258217,0.16934058006197644,0.1725380231125696
442,443,9.880748266381483,0.012801038361278605,36638.34702794507,195.61704188671686,0.17542696768762372,0.015358266890565922,9.888916123755582,9.868146899236969,9.889141282332176,36745.10300536608,36470.729058244,36762.6729339253,0.1698460178258217,0.16934058006197644,0.1725380231125696
443,444,9.880680523415498,0.01274254701207232,36638.50955416025,195.2543499433898,0.17537675455797697,0.015332983187910236,9.888916123755582,9.868146899236969,9.889141282332176,36745.10300536608,36470.729058244,36762.6729339253,0.1698460178258217,0.1678242667704407,0.1725380231125696
444,445,9.880659529032403,0.012745884468500246,36638.23518021313,195.29714289185839,0.17537406255269022,0.015333717645973098,9.888916123755582,9.868146899236969,9.889141282332176,36745.10300536608,36470.729058244,36762.6729339253,0.1698460178258217,0.1678242667704407,0.1725380231125696
445,446,9.880640669294396,0.012719673386144706,36637.87353961772,194.7307264683049,0.17534022713085226,0.015315393131749023,9.888916123755582,9.868146899236969,9.889141282332176,36745.10300536608,36470.729058244,36762.6729339253,0.1698460178258217,0.1678242667704407,0.1725380231125696
446,447,9.880632845906861,0.012712034348291991,36637.830439407546,194.70221652591536,0.17529498321416173,0.015256663237445924,9.888916123755582,9.868146899236969,9.889141282332176,36745.10300536608,36470.729058244,36762.6729339253,0.1698460178258217,0.1678242667704407,0.1725380231125696
447,448,9.88060365984637,0.012707162173698282,36637.33405069917,194.49472858174096,0.17525992686528627,0.015228842315162609,9.888916123755582,9.868146899236969,9.889141282332176,36722.37431337898,36470.729058244,36762.6729339253,0.1698460178258217,0.1678242667704407,0.1725380231125696
448,449,9.880563560176375,0.012683454040959143,36637.45433017428,194.39009123302472,0.17525614946655435,0.015230129512081646,9.888916123755582,9.868146899236969,9.889141282332176,36722.37431337898,36470.729058244,36762.6729339253,0.1698460178258217,0.1678242667704407,0.1725380231125696
449,450,9.880541748754117,0.012685178423454872,36637.82342825243,195.00095084156538,0.17526742234599213,0.015252996929224005,9.888916123755582,9.868146899236969,9.889141282332176,36722.37431337898,36470.729058244,36762.6729339253,0.1698460178258217,0.1678242667704407,0.1725380231125696
450,451,9.880501649084122,0.012661233048427895,36637.943707727536,194.8962832597449,0.17526364494726018,0.015254283944008927,9.888916123755582,9.868146899236969,9.889141282332176,36722.37431337898,36470.729058244,36762.6729339253,0.1698460178258217,0.1678242667704407,0.1725380231125696
451,452,9.88045419673406,0.012630001581824682,36637.24702304627,194.33061053250393,0.17518767275323227,0.01517483944417185,9.888916123755582,9.868146899236969,9.889141282332176,36604.98060579928,36470.729058244,36762.6729339253,0.1698460178258217,0.1678242667704407,0.1725380231125696
452,453,9.880438324800418,0.012614220794707424,36637.17839255445,194.28373711590703,0.17509138577006392,0.015057102664763468,9.888916123755582,9.868146899236969,9.889141282332176,36604.98060579928,36470.729058244,36762.6729339253,0.1698460178258217,0.1678242667704407,0.1725380231125696
453,454,9.880359326586204,0.012606794704705705,36636.09015574166,194.12569685973045,0.17500570149392441,0.014969096260899355,9.888916123755582,9.868146899236969,9.889141282332176,36510.31559020669,36470.729058244,36762.6729339253,0.1698460178258217,0.1678242667704407,0.1725380231125696
454,455,9.880340589589165,0.012579797944753982,36636.663723714955,194.20365451448794,0.17499173652737743,0.01493835396948741,9.888916123755582,9.868146899236969,9.889141282332176,36510.31559020669,36470.729058244,36762.6729339253,0.1698460178258217,0.1678242667704407,0.1725380231125696
455,456,9.880331724003891,0.01257026960468282,36637.281665458606,194.7572837108481,0.1749546583456241,0.01490210904220195,9.888916123755582,9.868146899236969,9.889141282332176,36510.31559020669,36470.729058244,36762.6729339253,0.1698460178258217,0.1678242667704407,0.1718858504446318
456,457,9.880282362167321,0.012568203962555478,36636.65467749705,194.78934306862442,0.17491562871793465,0.01483779609145412,9.888916123755582,9.868146899236969,9.889141282332176,36510.31559020669,36470.729058244,36762.6729339253,0.1698460178258217,0.1678242667704407,0.1718858504446318
457,458,9.88024035301082,0.012573223150795041,36636.844653691885,195.28420152970293,0.17494879388554122,0.014857525441497207,9.888916123755582,9.868146899236969,9.889141282332176,36490.52232422534,36470.729058244,36762.6729339253,0.1698460178258217,0.1678242667704407,0.1718858504446318
458,459,9.880222086721247,0.012546676192237614,36636.644357718986,194.92599654607318,0.17490787804038876,0.014803920824348317,9.888916123755582,9.868146899236969,9.889141282332176,36490.52232422534,36470.729058244,36762.6729339253,0.1698460178258217,0.1678242667704407,0.1718858504446318
459,460,9.880222086721247,0.012546676192237614,36636.644357718986,194.92599654607318,0.17490787804038876,0.014803920824348317,9.888916123755582,9.868146899236969,9.889141282332176,36490.52232422534,36470.729058244,36762.6729339253,0.1698460178258217,0.1678242667704407,0.1718858504446318
460,461,9.88014091930968,0.01252755134507296,36635.406885496544,194.4417877587015,0.17488336405205246,0.014779719479085239,9.888916123755582,9.868146899236969,9.889141282332176,36470.729058244,36470.729058244,36762.6729339253,0.1698460178258217,0.16934058006197644,0.1716684595553192
461,462,9.880119556636727,0.012529541438204778,36634.953596998355,194.25705524958437,0.17489355161986753,0.014812124277368454,9.888916123755582,9.868146899236969,9.889141282332176,36470.729058244,36470.729058244,36762.6729339253,0.1698460178258217,0.16934058006197644,0.1716684595553192
462,463,9.880119556636727,0.012529541438204778,36634.953596998355,194.25705524958437,0.17489355161986753,0.014812124277368454,9.888916123755582,9.868146899236969,9.889141282332176,36470.729058244,36470.729058244,36762.6729339253,0.1698460178258217,0.16934058006197644,0.1716684595553192
463,464,9.880090738866096,0.012523903739381203,36634.636122841046,194.26576378235706,0.17484561569789026,0.014750687831827996,9.888916123755582,9.868146899236969,9.889141282332176,36470.729058244,36470.729058244,36762.6729339253,0.1698460178258217,0.16934058006197644,0.1716684595553192
464,465,9.880090738866096,0.012523903739381203,36634.636122841046,194.26576378235706,0.17484561569789026,0.014750687831827996,9.888916123755582,9.868146899236969,9.889141282332176,36470.729058244,36470.729058244,36762.6729339253,0.1698460178258217,0.16934058006197644,0.1716684595553192
465,466,9.88002558580116,0.012500192955851601,36633.13741971865,192.29456828399444,0.17476235372416649,0.014657956264963558,9.868146899236969,9.868146899236969,9.889141282332176,36470.729058244,36470.729058244,36762.6729339253,0.1698460178258217,0.16934058006197644,0.1698460178258217
466,467,9.879984047352124,0.012505087826541611,36632.55353196729,192.34358351526612,0.17476856801316756,0.014655211751800262,9.868146899236969,9.868146899236969,9.889141282332176,36470.729058244,36470.729058244,36762.6729339253,0.1698460178258217,0.1698460178258217,0.1698460178258217
467,468,9.879975405357577,0.012496074228738135,36632.36665706316,192.10747175404558,0.17472460537000428,0.014628370709540503,9.868146899236969,9.868146899236969,9.889141282332176,36470.729058244,36470.729058244,36762.6729339253,0.1698460178258217,0.16934058006197644,0.1698460178258217
468,469,9.879968256123759,0.012484301663516967,36631.68181680644,190.32172556724413,0.17472433566713327,0.014627574352227184,9.868146899236969,9.868146899236969,9.889141282332176,36470.729058244,36470.729058244,36762.6729339253,0.1698460178258217,0.16934058006197644,0.1698460178258217
469,470,9.879938068091834,0.012435846055988018,36631.59806383638,189.75403569943202,0.17473661372554308,0.014669899344480859,9.868146899236969,9.868146899236969,9.889141282332176,36470.729058244,36470.729058244,36762.6729339253,0.1698460178258217,0.1678242667704407,0.1698460178258217
470,471,9.87992965125586,0.012426915124583724,36631.39361900369,189.50239950235692,0.1746984502321671,0.014640986357615727,9.868146899236969,9.868146899236969,9.889141282332176,36470.729058244,36470.729058244,36762.6729339253,0.1698460178258217,0.1678242667704407,0.1698460178258217
471,472,9.879871790556026,0.012414429385440795,36630.77624061764,189.51920852011077,0.17459677923842523,0.014516940104767872,9.868146899236969,9.868146899236969,9.888916123755582,36470.729058244,36470.729058244,36762.6729339253,0.1698460178258217,0.1678242667704407,0.1698460178258217
472,473,9.879842972785399,0.012408163967949692,36630.45876646034,189.52113722853775,0.17454884331644793,0.01445326481435266,9.868146899236969,9.868146899236969,9.888916123755582,36470.729058244,36470.729058244,36762.6729339253,0.1698460178258217,0.1678242667704407,0.1698460178258217
473,474,9.879771038776504,0.012371450951826634,36628.45413763229,185.86385368358845,0.17445243206675135,0.014322947137234709,9.868146899236969,9.868146899236969,9.888916123755582,36470.729058244,36470.729058244,36762.6729339253,0.1698460178258217,0.1678242667704407,0.1698460178258217
474,475,9.87972085833292,0.012366256478208847,36627.6833749768,185.65083468824866,0.1744146837125891,0.014291849578735596,9.868146899236969,9.868146899236969,9.888916123755582,36470.729058244,36470.729058244,36762.6729339253,0.1698460178258217,0.1678242667704407,0.1698460178258217
475,476,9.879720633174344,0.012366087002443956,36627.70094490536,185.66277743038688,0.17440888456280182,0.01429378630598488,9.868146899236969,9.868146899236969,9.888916123755582,36470.729058244,36470.729058244,36762.6729339253,0.1698460178258217,0.1678242667704407,0.1698460178258217
476,477,9.879720633174344,0.012366087002443956,36627.70094490536,185.66277743038688,0.17440888456280182,0.01429378630598488,9.868146899236969,9.868146899236969,9.888916123755582,36470.729058244,36470.729058244,36762.6729339253,0.1698460178258217,0.1678242667704407,0.1698460178258217
477,478,9.879705292263132,0.012345069953131152,36626.794089887386,183.51997436900737,0.17437625051634212,0.014260485308541355,9.868146899236969,9.868146899236969,9.888916123755582,36470.729058244,36470.729058244,36762.6729339253,0.1698460178258217,0.1678242667704407,0.1698460178258217
478,479,9.880454878198977,0.012503162085497201,36637.44034157347,191.15367380954413,0.17469671359263023,0.014630372604863082,9.888916123755582,9.868146899236969,9.889141282332176,36745.10300536608,36470.729058244,36762.6729339253,0.1698460178258217,0.1667388733252758,0.1716684595553192
479,480,9.880439680419048,0.012483616237019712,36636.72997103513,189.35858310292042,0.1746454008232814,0.014568076293831314,9.888916123755582,9.868146899236969,9.889141282332176,36745.10300536608,36470.729058244,36762.6729339253,0.1698460178258217,0.1667388733252758,0.1716684595553192
480,481,9.880360457046258,0.012475964555732215,36635.6593041509,189.20482958371846,0.17455391739735457,0.014476427944534,9.888916123755582,9.868146899236969,9.889141282332176,36745.10300536608,36470.729058244,36762.6729339253,0.1698460178258217,0.1667388733252758,0.1698460178258217
481,482,9.87954678441356,0.012319106710276785,36624.24221723111,182.54716054616492,0.17423644026005405,0.014130674035199058,9.868146899236969,9.868146899236969,9.888916123755582,36470.729058244,36470.729058244,36762.6729339253,0.1698460178258217,0.1678242667704407,0.1698460178258217
482,483,9.880244393119424,0.012409129918028472,36633.944770189846,186.50219056307748,0.17448408566953882,0.014422857788501945,9.888916123755582,9.868146899236969,9.888972413399731,36604.98060579928,36470.729058244,36762.6729339253,0.1698460178258217,0.1667388733252758,0.1698460178258217
483,484,9.88020701538154,0.01239461875193101,36633.22636672022,186.00951054198038,0.17441666497707464,0.01435928398035657,9.888916123755582,9.868146899236969,9.888916123755582,36510.31559020669,36470.729058244,36762.6729339253,0.1698460178258217,0.1667388733252758,0.1698460178258217
484,485,9.880186020998446,0.012397248021923065,36632.9519927731,186.046638572138,0.1744139729717879,0.01435988825519748,9.888916123755582,9.868146899236969,9.888916123755582,36510.31559020669,36470.729058244,36762.6729339253,0.1698460178258217,0.1667388733252758,0.1698460178258217
485,486,9.880097680323242,0.012336471396584704,36632.84728942755,186.08766355700882,0.17435928502185105,0.014297138989251782,9.888916123755582,9.868146899236969,9.888916123755582,36510.31559020669,36470.729058244,36762.6729339253,0.1698460178258217,0.1667388733252758,0.1698460178258217
486,487,9.880078528641793,0.012307516908775702,36633.08207684271,186.08103270194675,0.17436015458540832,0.014297001747747444,9.888916123755582,9.868146899236969,9.888916123755582,36510.31559020669,36470.729058244,36762.6729339253,0.1698460178258217,0.1667388733252758,0.1698460178258217
487,488,9.880070705254258,0.012299264327325006,36633.03897663253,186.0500873274405,0.17431491066871777,0.01423095501695894,9.888916123755582,9.868146899236969,9.888916123755582,36510.31559020669,36470.729058244,36762.6729339253,0.1698460178258217,0.1667388733252758,0.1698460178258217
488,489,9.880049936029739,0.012301845688928083,36632.747032756844,186.0754935773268,0.17431801781321832,0.01422963968980852,9.888916123755582,9.868146899236969,9.888916123755582,36504.36351140939,36470.729058244,36762.6729339253,0.1698460178258217,0.1667388733252758,0.1698460178258217
489,490,9.880000349034592,0.012298438744342565,36632.137614723855,186.1052664576547,0.17427318903574157,0.014162417791618304,9.888916123755582,9.868146899236969,9.888916123755582,36472.94485839398,36470.729058244,36762.6729339253,0.1698460178258217,0.1667388733252758,0.1698460178258217
490,491,9.879993568090635,0.01228700555232005,36631.6316890182,184.4993313900137,0.17426003975976875,0.014127827091325406,9.888916123755582,9.868146899236969,9.888916123755582,36472.94485839398,36470.729058244,36762.6729339253,0.1698460178258217,0.1667388733252758,0.1698460178258217
491,492,9.87992044922518,0.01227450676067826,36630.41974707737,183.97409402797535,0.1742865688379103,0.014166342407680247,9.888916123755582,9.868146899236969,9.888916123755582,36470.729058244,36470.729058244,36762.6729339253,0.1698460178258217,0.1667388733252758,0.1698460178258217
492,493,9.879892530766844,0.012264811996737382,36629.44296294498,182.12194886260164,0.17428940627953982,0.0141641966081319,9.888916123755582,9.868146899236969,9.888916123755582,36470.729058244,36470.729058244,36762.6729339253,0.1698460178258217,0.1667388733252758,0.1698460178258217
493,494,9.879270963793761,0.012220550001123725,36621.581598166355,179.80581962336805,0.17430903993382155,0.014233020503962876,9.868146899236969,9.868146899236969,9.888916123755582,36470.729058244,36470.729058244,36762.6729339253,0.1698460178258217,0.1698460178258217,0.1698460178258217
494,495,9.8798766588332,0.012247832876314249,36629.37433245317,182.06899072146672,0.17419311929637143,0.014031823520732515,9.888916123755582,9.868146899236969,9.888916123755582,36470.729058244,36470.729058244,36762.6729339253,0.1698460178258217,0.1667388733252758,0.1698460178258217
495,496,9.879855889608681,0.012250096086951366,36629.08238857748,182.08907698426518,0.174196226440872,0.014030516496937416,9.878531511496275,9.868146899236969,9.888916123755582,36470.729058244,36470.729058244,36762.6729339253,0.1698460178258217,0.1667388733252758,0.1698460178258217
496,497,9.87980652777211,0.012246058587570982,36628.45540061594,182.09513688142374,0.17415719681318254,0.013960069107529035,9.868146899236969,9.868146899236969,9.888916123755582,36470.729058244,36470.729058244,36762.6729339253,0.1698460178258217,0.1667388733252758,0.1698460178258217
497,498,9.87980652777211,0.012246058587570982,36628.45540061594,182.09513688142374,0.17415719681318254,0.013960069107529035,9.868146899236969,9.868146899236969,9.888916123755582,36470.729058244,36470.729058244,36762.6729339253,0.1698460178258217,0.1667388733252758,0.1698460178258217
498,499,9.879795491421635,0.01222594758788011,36628.13686023072,181.50093435298865,0.17416860530803516,0.014005037102729575,9.868146899236969,9.868146899236969,9.888916123755582,36470.729058244,36470.729058244,36762.6729339253,0.1698460178258217,0.1667388733252758,0.1698460178258217
499,500,9.879795491421635,0.01222594758788011,36628.13686023072,181.50093435298865,0.17416860530803516,0.014005037102729575,9.868146899236969,9.868146899236969,9.888916123755582,36470.729058244,36470.729058244,36762.6729339253,0.1698460178258217,0.1667388733252758,0.1698460178258217
500,501,9.879795491421635,0.01222594758788011,36628.13686023072,181.50093435298865,0.17416860530803516,0.014005037102729575,9.868146899236969,9.868146899236969,9.888916123755582,36470.729058244,36470.729058244,36762.6729339253,0.1698460178258217,0.1667388733252758,0.1698460178258217
501,502,9.879747445623135,0.012190155771678413,36627.278830926945,180.6201284080134,0.17409971353732176,0.013948776982464538,9.868146899236969,9.868146899236969,9.888916123755582,36470.729058244,36470.729058244,36762.6729339253,0.1698460178258217,0.1667388733252758,0.1698460178258217
502,503,9.879608417511736,0.012153298554088844,36625.42398031844,180.03243753898315,0.17397352855524362,0.013786556067122624,9.868146899236969,9.868146899236969,9.888916123755582,36470.729058244,36470.729058244,36762.6729339253,0.1698460178258217,0.1667388733252758,0.1698460178258217
503,504,9.879592320419514,0.012135616771631354,36625.372919755195,179.98987846746817,0.17387144242228794,0.013650092794330888,9.868146899236969,9.868146899236969,9.888916123755582,36470.729058244,36470.729058244,36762.6729339253,0.1698460178258217,0.1667388733252758,0.1698460178258217
504,505,9.879592320419514,0.012135616771631354,36625.372919755195,179.98987846746817,0.17387144242228794,0.013650092794330888,9.868146899236969,9.868146899236969,9.888916123755582,36470.729058244,36470.729058244,36762.6729339253,0.1698460178258217,0.1667388733252758,0.1698460178258217
505,506,9.879542365134505,0.012129758061800229,36624.58458717115,179.74404996003116,0.17383949321791303,0.013614059968466973,9.868146899236969,9.868146899236969,9.888916123755582,36470.729058244,36470.729058244,36762.6729339253,0.1698460178258217,0.1667388733252758,0.1698460178258217
506,507,9.879538457627534,0.012121209504092035,36625.68961113172,181.5509825361061,0.17388972059381672,0.013684247777866643,9.868146899236969,9.868146899236969,9.888916123755582,36470.729058244,36470.729058244,36762.6729339253,0.1698460178258217,0.1667388733252758,0.1698460178258217
507,508,9.87953063424,0.012112481166384526,36625.646510921535,181.5175095942508,0.1738444766771262,0.013613665575920966,9.868146899236969,9.868146899236969,9.888916123755582,36470.729058244,36470.729058244,36762.6729339253,0.1698460178258217,0.1667388733252758,0.1698460178258217
508,509,9.87953063424,0.012112481166384526,36625.646510921535,181.5175095942508,0.1738444766771262,0.013613665575920966,9.868146899236969,9.868146899236969,9.888916123755582,36470.729058244,36470.729058244,36762.6729339253,0.1698460178258217,0.1667388733252758,0.1698460178258217
509,510,9.879491230436049,0.012084979149102509,36624.9753565219,180.883885618462,0.1738195475495761,0.013586169093987629,9.868146899236969,9.868146899236969,9.888916123755582,36470.729058244,36470.729058244,36762.6729339253,0.1698460178258217,0.1667388733252758,0.1698460178258217
510,511,9.879461100408204,0.012038500641244908,36625.237338515646,180.852826656981,0.17372662880372647,0.013473390231718578,9.868146899236969,9.868146899236969,9.888916123755582,36470.729058244,36470.729058244,36762.6729339253,0.1698460178258217,0.1667388733252758,0.1698460178258217
511,512,9.87943183232042,0.012030696586711107,36624.955004215466,180.87017901895894,0.1736670945821746,0.013405137843872372,9.868146899236969,9.868146899236969,9.888916123755582,36470.729058244,36470.729058244,36762.6729339253,0.1698460178258217,0.1667388733252758,0.1698460178258217
512,513,9.87943183232042,0.012030696586711107,36624.955004215466,180.87017901895894,0.1736670945821746,0.013405137843872372,9.868146899236969,9.868146899236969,9.888916123755582,36470.729058244,36470.729058244,36762.6729339253,0.1698460178258217,0.1667388733252758,0.1698460178258217
513,514,9.879423190325873,0.012020930307739494,36624.768129311335,180.6112075545072,0.1736231319390113,0.013372167788808818,9.868146899236969,9.868146899236969,9.888916123755582,36470.729058244,36470.729058244,36762.6729339253,0.1698460178258217,0.1667388733252758,0.1698460178258217
514,515,9.879394372555245,0.01201338362976417,36624.450655154025,180.6026702805314,0.17357519601703403,0.01329950524637991,9.868146899236969,9.868146899236969,9.888916123755582,36470.729058244,36470.729058244,36762.6729339253,0.1698460178258217,0.1667388733252758,0.1698460178258217
515,516,9.879365554784616,0.012005763036160322,36624.133180996716,180.59357450069564,0.17352726009505673,0.013226269788556629,9.868146899236969,9.868146899236969,9.888916123755582,36470.729058244,36470.729058244,36762.6729339253,0.1698460178258217,0.1667388733252758,0.1698460178258217
516,517,9.879329362621593,0.011985243517985845,36623.14843651125,178.66312752278455,0.17347325532042115,0.013153232701877104,9.868146899236969,9.868146899236969,9.888916123755582,36470.729058244,36470.729058244,36762.6729339253,0.1698460178258217,0.1667388733252758,0.1698460178258217
517,518,9.879252867342325,0.011939472357883943,36622.151847601235,177.98819555089685,0.17334354805462865,0.012976955988895835,9.868146899236969,9.868146899236969,9.888916123755582,36470.729058244,36470.729058244,36762.6729339253,0.1698460178258217,0.1667388733252758,0.1698460178258217
518,519,9.87921132889329,0.011941909510125555,36621.56795984987,178.00511846974666,0.17334976234362975,0.012974535448300002,9.868146899236969,9.868146899236969,9.888916123755582,36470.729058244,36470.729058244,36762.6729339253,0.1698460178258217,0.1667388733252758,0.1698460178258217
519,520,9.879182511122659,0.011933801270845935,36621.25048569256,177.99074829154353,0.17330182642165246,0.012898617370805046,9.868146899236969,9.868146899236969,9.888916123755582,36470.729058244,36470.729058244,36762.6729339253,0.1698460178258217,0.1667388733252758,0.1698460178258217
520,521,9.879163876543227,0.011903649144171838,36620.871275168596,177.3212612675656,0.17327379014960184,0.012869745136952762,9.868146899236969,9.868146899236969,9.888916123755582,36470.729058244,36470.729058244,36762.6729339253,0.1698460178258217,0.1667388733252758,0.1698460178258217
521,522,9.879135058772597,0.011895399868423088,36620.553801011294,177.305588221892,0.17322585422762454,0.012792920552986671,9.868146899236969,9.868146899236969,9.888916123755582,36470.729058244,36470.729058244,36762.6729339253,0.1698460178258217,0.1667388733252758,0.1698460178258217
522,523,9.879009282362038,0.011836052996077017,36618.127139470686,174.37041363898766,0.17310917197127665,0.012646332733915428,9.868146899236969,9.868146899236969,9.888916123755582,36470.729058244,36470.729058244,36762.6729339253,0.1698460178258217,0.1667388733252758,0.1698460178258217
523,524,9.878990054334169,0.011804619816537486,36617.58658432423,173.42591845513323,0.17308821612254052,0.012657029238206415,9.868146899236969,9.868146899236969,9.888916123755582,36470.729058244,36470.729058244,36762.6729339253,0.1698460178258217,0.1667388733252758,0.1698460178258217
524,525,9.87895042537164,0.011774397218598444,36616.93299985314,172.74523714279312,0.17305748784520317,0.012627528349544484,9.868146899236969,9.868146899236969,9.888916123755582,36470.729058244,36470.729058244,36762.6729339253,0.1698460178258217,0.1667388733252758,0.1698460178258217
525,526,9.878935452750289,0.01175188744869423,36616.20505938624,170.65722799674342,0.1730119742256416,0.01254703935611203,9.868146899236969,9.868146899236969,9.888916123755582,36470.729058244,36470.729058244,36762.6729339253,0.1698460178258217,0.1667388733252758,0.1698460178258217
526,527,9.878381674730088,0.01164482303847613,36618.55062079867,190.2302791815326,0.17280687893850102,0.01229817121147981,9.868146899236969,9.868146899236969,9.888916123755582,36470.729058244,36470.729058244,36762.6729339253,0.1698460178258217,0.1667388733252758,0.1698460178258217
527,528,9.878344440123488,0.011623758579560281,36618.028701808675,189.94638221220143,0.1727207795231477,0.01217498718659251,9.868146899236969,9.868146899236969,9.888916123755582,36470.729058244,36470.729058244,36762.6729339253,0.1698460178258217,0.1667388733252758,0.1698460178258217
528,529,9.878300424572931,0.011589426140853983,36617.00085711303,188.04568904081495,0.17262153083182158,0.012007460798509855,9.868146899236969,9.868146899236969,9.888916123755582,36470.729058244,36470.729058244,36762.6729339253,0.1698460178258217,0.1667388733252758,0.1698460178258217
529,530,9.878250244129346,0.011577508659445908,36616.23009445755,187.78814115739527,0.17258378247765938,0.011964574271424435,9.868146899236969,9.868146899236969,9.888916123755582,36470.729058244,36470.729058244,36762.6729339253,0.1698460178258217,0.1667388733252758,0.1698460178258217
530,531,9.87824205245195,0.011566896918989196,36616.0080796963,187.50419391974333,0.17255141813407068,0.011920801200145712,9.868146899236969,9.868146899236969,9.888916123755582,36470.729058244,36470.729058244,36762.6729339253,0.1698460178258217,0.1667388733252758,0.1698460178258217
531,532,9.878217104167334,0.0115562430595856,36616.67886370268,189.42097814841551,0.17260090846169002,0.012006084969376324,9.868146899236969,9.868146899236969,9.888916123755582,36470.729058244,36470.729058244,36762.6729339253,0.1698460178258217,0.1667388733252758,0.1698460178258217
532,533,9.87819610978424,0.01155544824949959,36616.40448975556,189.4334718765173,0.17259821645640328,0.012006400564400643,9.868146899236969,9.868146899236969,9.888916123755582,36470.729058244,36470.729058244,36762.6729339253,0.1698460178258217,0.1667388733252758,0.1698460178258217
533,534,9.878175340559721,0.011554826732550153,36616.11254587988,189.4327899534586,0.1726013236009038,0.012005285817250126,9.868146899236969,9.868146899236969,9.888916123755582,36470.729058244,36470.729058244,36762.6729339253,0.1698460178258217,0.1667388733252758,0.1698460178258217
534,535,9.878402374845077,0.011620343112127032,36610.039454380014,169.0790371918687,0.17274607370117598,0.012129196466203588,9.868146899236969,9.868146899236969,9.888916123755582,36470.729058244,36470.729058244,36762.6729339253,0.1698460178258217,0.1667388733252758,0.1698460178258217
535,536,9.878133576952106,0.011553259262582532,36615.54622805707,189.44290808749471,0.1726017387401176,0.012004486597567128,9.868146899236969,9.868146899236969,9.888916123755582,36470.729058244,36470.729058244,36762.6729339253,0.1698460178258217,0.1667388733252758,0.1698460178258217
536,537,9.878083621667098,0.011540792516418425,36614.75789547303,189.1684148250684,0.1725697895357427,0.011960107104765628,9.868146899236969,9.868146899236969,9.888916123755582,36470.729058244,36470.729058244,36762.6729339253,0.1698460178258217,0.1667388733252758,0.1698460178258217
537,538,9.87800386427067,0.011480053757914435,36612.71016643479,185.2986316492186,0.17242813436935558,0.011698615225036799,9.868146899236969,9.868146899236969,9.888916123755582,36470.729058244,36470.729058244,36762.6729339253,0.1698460178258217,0.1667388733252758,0.1698460178258217
538,539,9.877974821341466,0.011468368398761185,36612.41026220604,185.28306652566775,0.172374399297591,0.011611923441004056,9.868146899236969,9.868146899236969,9.888916123755582,36470.729058244,36470.729058244,36762.6729339253,0.1698460178258217,0.1667388733252758,0.1698460178258217
539,540,9.877954052116948,0.011467341379909903,36612.11831833036,185.2760756357188,0.17237750644209154,0.011610830715554965,9.868146899236969,9.868146899236969,9.888916123755582,36470.729058244,36470.729058244,36762.6729339253,0.1698460178258217,0.1667388733252758,0.1698460178258217
540,541,9.877912288509332,0.011464955886753354,36611.55200050755,185.27421221953466,0.17237792158130535,0.011610012345089694,9.868146899236969,9.868146899236969,9.888916123755582,36470.729058244,36470.729058244,36762.6729339253,0.1698460178258217,0.1667388733252758,0.1698460178258217
541,542,9.877851890322287,0.01142888331385733,36610.60647216078,184.60644617644215,0.1723503004484685,0.011574869781168435,9.868146899236969,9.868146899236969,9.888916123755582,36470.729058244,36470.729058244,36762.6729339253,0.1698460178258217,0.1667388733252758,0.1698460178258217
542,543,9.87785166516371,0.01142866311694345,36610.624042089345,184.6200816610765,0.1723445012986812,0.011576226919658593,9.868146899236969,9.868146899236969,9.888916123755582,36470.729058244,36470.729058244,36762.6729339253,0.1698460178258217,0.1667388733252758,0.1698460178258217
543,544,9.877830895939193,0.011427408696535711,36610.332098213665,184.61024094646743,0.17234760844318175,0.011575138849956368,9.868146899236969,9.868146899236969,9.888916123755582,36470.729058244,36470.729058244,36762.6729339253,0.1698460178258217,0.1667388733252758,0.1698460178258217
544,545,9.877830895939193,0.011427408696535711,36610.332098213665,184.61024094646743,0.17234760844318175,0.011575138849956368,9.868146899236969,9.868146899236969,9.888916123755582,36470.729058244,36470.729058244,36762.6729339253,0.1698460178258217,0.1667388733252758,0.1698460178258217
545,546,9.877830895939193,0.011427408696535711,36610.332098213665,184.61024094646743,0.17234760844318175,0.011575138849956368,9.868146899236969,9.868146899236969,9.888916123755582,36470.729058244,36470.729058244,36762.6729339253,0.1698460178258217,0.1667388733252758,0.1698460178258217
546,547,9.877810126714675,0.011426116386303888,36610.04015433798,184.5999380000705,0.17235071558768228,0.011574049843828059,9.868146899236969,9.868146899236969,9.888916123755582,36470.729058244,36470.729058244,36762.6729339253,0.1698460178258217,0.1667388733252758,0.1698460178258217
547,548,9.877802078168562,0.011415450825140326,36610.014624056355,184.57706018587112,0.17229967252120446,0.011485796490999105,9.868146899236969,9.868146899236969,9.888916123755582,36470.729058244,36470.729058244,36762.6729339253,0.1698460178258217,0.1667388733252758,0.1698460178258217
548,549,9.877801853009988,0.011415229386602216,36610.03219398492,184.59075417518466,0.17229387337141716,0.011487138594062585,9.868146899236969,9.868146899236969,9.888916123755582,36470.729058244,36470.729058244,36762.6729339253,0.1698460178258217,0.1667388733252758,0.1698460178258217
549,550,9.877737293393487,0.011376961296937427,36608.694835485025,182.56281186400093,0.17220353097437888,0.011303293293035211,9.868146899236969,9.868146899236969,9.888916123755582,36470.729058244,36470.729058244,36762.6729339253,0.1698460178258217,0.1667388733252758,0.1698460178258217
550,551,9.877695754944451,0.011373985305639064,36608.110947733665,182.53627023845337,0.17220974526337998,0.011301141155699029,9.868146899236969,9.868146899236969,9.888916123755582,36470.729058244,36470.729058244,36762.6729339253,0.1698460178258217,0.1667388733252758,0.1698460178258217
551,552,9.878094970965218,0.011527019494031922,36607.800076941756,170.7456398324846,0.17257023123307763,0.011922242286956975,9.868146899236969,9.868146899236969,9.888916123755582,36470.729058244,36470.729058244,36762.6729339253,0.1698460178258217,0.1667388733252758,0.1698460178258217
552,553,9.877674760561355,0.011372215330220968,36607.83657378654,182.53635701198925,0.1722070532580932,0.011301383261140857,9.868146899236969,9.868146899236969,9.888916123755582,36470.729058244,36470.729058244,36762.6729339253,0.1698460178258217,0.1667388733252758,0.1698460178258217
553,554,9.877674760561355,0.011372215330220968,36607.83657378654,182.53635701198925,0.1722070532580932,0.011301383261140857,9.868146899236969,9.868146899236969,9.888916123755582,36470.729058244,36470.729058244,36762.6729339253,0.1698460178258217,0.1667388733252758,0.1698460178258217
554,555,9.877674535402779,0.011371990528977778,36607.8541437151,182.55041371546773,0.17220125410830595,0.011302699741026018,9.868146899236969,9.868146899236969,9.888916123755582,36470.729058244,36470.729058244,36762.6729339253,0.1698460178258217,0.1667388733252758,0.1698460178258217
555,556,9.877653541019683,0.011370181062446008,36607.57976976798,182.55011450466617,0.17219856210301918,0.01130293979075715,9.868146899236969,9.868146899236969,9.888916123755582,36470.729058244,36470.729058244,36762.6729339253,0.1698460178258217,0.1667388733252758,0.1698460178258217
556,557,9.877653541019683,0.011370181062446008,36607.57976976798,182.55011450466617,0.17219856210301918,0.01130293979075715,9.868146899236969,9.868146899236969,9.888916123755582,36470.729058244,36470.729058244,36762.6729339253,0.1698460178258217,0.1667388733252758,0.1698460178258217
557,558,9.877653541019683,0.011370181062446008,36607.57976976798,182.55011450466617,0.17219856210301918,0.01130293979075715,9.868146899236969,9.868146899236969,9.888916123755582,36470.729058244,36470.729058244,36762.6729339253,0.1698460178258217,0.1667388733252758,0.1698460178258217
558,559,9.877653541019683,0.011370181062446008,36607.57976976798,182.55011450466617,0.17219856210301918,0.01130293979075715,9.868146899236969,9.868146899236969,9.888916123755582,36470.729058244,36470.729058244,36762.6729339253,0.1698460178258217,0.1667388733252758,0.1698460178258217
559,560,9.877632771795165,0.01136855824193299,36607.2878258923,182.53529330547747,0.17220166924751973,0.011301865532829553,9.868146899236969,9.868146899236969,9.888916123755582,36470.729058244,36470.729058244,36762.6729339253,0.1698460178258217,0.1667388733252758,0.1698460178258217
560,561,9.877569645514596,0.011362371940970633,36606.26821957131,182.2502697087849,0.17221227195454858,0.01134578584446446,9.868146899236969,9.868146899236969,9.888916123755582,36470.729058244,36470.729058244,36762.6729339253,0.1698460178258217,0.1667388733252758,0.1698460178258217
561,562,9.877520058519448,0.011347850193390175,36605.658801538324,182.19211939504686,0.17216744317707183,0.011252977046363383,9.868146899236969,9.868146899236969,9.888916123755582,36470.729058244,36470.729058244,36762.6729339253,0.1698460178258217,0.1667388733252758,0.1698460178258217
562,563,9.877499289294928,0.011345979837061614,36605.36685766264,182.17419064260696,0.17217055032157239,0.011251906611621863,9.868146899236969,9.868146899236969,9.888916123755582,36470.729058244,36470.729058244,36762.6729339253,0.1698460178258217,0.1667388733252758,0.1698460178258217
563,564,9.877499289294928,0.011345979837061614,36605.36685766264,182.17419064260696,0.17217055032157239,0.011251906611621863,9.868146899236969,9.868146899236969,9.888916123755582,36470.729058244,36470.729058244,36762.6729339253,0.1698460178258217,0.1667388733252758,0.1698460178258217
564,565,9.877499289294928,0.011345979837061614,36605.36685766264,182.17419064260696,0.17217055032157239,0.011251906611621863,9.868146899236969,9.868146899236969,9.888916123755582,36470.729058244,36470.729058244,36762.6729339253,0.1698460178258217,0.1667388733252758,0.1698460178258217
565,566,9.877471370836593,0.011329526267903263,36604.390073530245,180.16778344278043,0.1721733877632019,0.011249738614602982,9.868146899236969,9.868146899236969,9.888916123755582,36470.729058244,36470.729058244,36762.6729339253,0.1698460178258217,0.1667388733252758,0.1698460178258217
566,567,9.877471370836593,0.011329526267903263,36604.390073530245,180.16778344278043,0.1721733877632019,0.011249738614602982,9.868146899236969,9.868146899236969,9.888916123755582,36470.729058244,36470.729058244,36762.6729339253,0.1698460178258217,0.1667388733252758,0.1698460178258217
567,568,9.877435403832145,0.011301946427222435,36603.387759116216,178.10876479379152,0.17212518213835362,0.011155935527412165,9.868146899236969,9.868146899236969,9.888916123755582,36470.729058244,36470.729058244,36762.6729339253,0.1698460178258217,0.1667388733252758,0.1698460178258217
568,569,9.877435403832145,0.011301946427222435,36603.387759116216,178.10876479379152,0.17212518213835362,0.011155935527412165,9.868146899236969,9.868146899236969,9.888916123755582,36470.729058244,36470.729058244,36762.6729339253,0.1698460178258217,0.1667388733252758,0.1698460178258217
569,570,9.87743517867357,0.011301715459681885,36603.40532904478,178.123609730889,0.17211938298856633,0.011157226615364524,9.868146899236969,9.868146899236969,9.888916123755582,36470.729058244,36470.729058244,36762.6729339253,0.1698460178258217,0.1667388733252758,0.1698460178258217
570,571,9.877414041159192,0.011299038229310035,36602.934470618035,177.82547337316504,0.1721353697061687,0.011201339810492202,9.868146899236969,9.868146899236969,9.888916123755582,36470.729058244,36470.729058244,36762.6729339253,0.1698460178258217,0.1667388733252758,0.1698460178258217
571,572,9.877364085874182,0.01128310542336469,36602.14613803399,177.47700753762393,0.17210342050179375,0.011152429188174854,9.868146899236969,9.868146899236969,9.888916123755582,36470.729058244,36470.729058244,36762.6729339253,0.1698460178258217,0.1667388733252758,0.1698460178258217
572,573,9.877363860715606,0.011282872646931208,36602.16370796254,177.49202822123917,0.17209762135200646,0.01115370936747484,9.868146899236969,9.868146899236969,9.888916123755582,36470.729058244,36470.729058244,36762.6729339253,0.1698460178258217,0.1667388733252758,0.1698460178258217
573,574,9.877363635557028,0.011282639861201916,36602.1812778911,177.5070458947016,0.17209182220221916,0.011154986385050455,9.868146899236969,9.868146899236969,9.888916123755582,36470.729058244,36470.729058244,36762.6729339253,0.1698460178258217,0.1667388733252758,0.1698460178258217
574,575,9.87694551547361,0.011164380191388488,36591.79905592011,163.58747676581734,0.1719363510568489,0.01070066325488461,9.868146899236969,9.868146899236969,9.888916123755582,36470.729058244,36470.729058244,36762.6729339253,0.1698460178258217,0.1698460178258217,0.1698460178258217
575,576,9.876903977024572,0.01115840042233655,36591.215168168754,163.49752828103118,0.17194256534585,0.010698545083960856,9.868146899236969,9.868146899236969,9.888916123755582,36470.729058244,36470.729058244,36762.6729339253,0.1698460178258217,0.1698460178258217,0.1698460178258217
576,577,9.876858407609294,0.01111899200038327,36590.27474993789,162.38389363656557,0.17184278030979708,0.010544902512368774,9.868146899236969,9.868146899236969,9.888916123755582,36470.729058244,36470.729058244,36762.6729339253,0.1698460178258217,0.1698460178258217,0.1698460178258217
577,578,9.876787826231052,0.011097484093069642,36589.39095795778,162.22747221569784,0.1717952595270336,0.010443549796300414,9.868146899236969,9.868146899236969,9.888916123755582,36470.729058244,36470.729058244,36762.6729339253,0.1698460178258217,0.1698460178258217,0.1698460178258217
578,579,9.876787826231052,0.011097484093069642,36589.39095795778,162.22747221569784,0.1717952595270336,0.010443549796300414,9.868146899236969,9.868146899236969,9.888916123755582,36470.729058244,36470.729058244,36762.6729339253,0.1698460178258217,0.1698460178258217,0.1698460178258217
579,580,9.876787826231052,0.011097484093069642,36589.39095795778,162.22747221569784,0.1717952595270336,0.010443549796300414,9.868146899236969,9.868146899236969,9.888916123755582,36470.729058244,36470.729058244,36762.6729339253,0.1698460178258217,0.1698460178258217,0.1698460178258217
580,581,9.876746062623438,0.011090628330133672,36588.824640134975,162.1459849444416,0.17179567466624737,0.010442663095337317,9.868146899236969,9.868146899236969,9.888916123755582,36470.729058244,36470.729058244,36762.6729339253,0.1698460178258217,0.1698460178258217,0.1698460178258217
581,582,9.876654343730813,0.01106416396596658,36587.469989728124,161.60846681483702,0.17176414060108627,0.010388247020277934,9.868146899236969,9.868146899236969,9.888916123755582,36470.729058244,36470.729058244,36762.6729339253,0.1698460178258217,0.1698460178258217,0.1698460178258217
582,583,9.876633574506295,0.011060620157457155,36587.178045852444,161.55538891799424,0.17176724774558683,0.010387208113047223,9.868146899236969,9.868146899236969,9.888916123755582,36470.729058244,36470.729058244,36762.6729339253,0.1698460178258217,0.1698460178258217,0.1698460178258217
583,584,9.876604756735665,0.011045141828977948,36586.86057169514,161.47195467469615,0.17171931182360953,0.010284849720360282,9.868146899236969,9.868146899236969,9.888916123755582,36470.729058244,36470.729058244,36762.6729339253,0.1698460178258217,0.1698460178258217,0.1698460178258217
584,585,9.87658376235257,0.01104124486358103,36586.58619774802,161.43594000719546,0.17171661981832279,0.010284987382866836,9.868146899236969,9.868146899236969,9.888916123755582,36470.729058244,36470.729058244,36762.6729339253,0.1698460178258217,0.1698460178258217,0.1698460178258217
585,586,9.876547570189548,0.011009788647932653,36585.601453262556,159.04115298214924,0.17166261504368718,0.010181292502211652,9.868146899236969,9.868146899236969,9.888916123755582,36470.729058244,36470.729058244,36762.6729339253,0.1698460178258217,0.1698460178258217,0.1698460178258217
586,587,9.876547570189548,0.011009788647932653,36585.601453262556,159.04115298214924,0.17166261504368718,0.010181292502211652,9.868146899236969,9.868146899236969,9.888916123755582,36470.729058244,36470.729058244,36762.6729339253,0.1698460178258217,0.1698460178258217,0.1698460178258217
587,588,9.876547345030971,0.011009533393983365,36585.61902319111,159.05974222703136,0.17165681589389992,0.010182443728235157,9.868146899236969,9.868146899236969,9.888916123755582,36470.729058244,36470.729058244,36762.6729339253,0.1698460178258217,0.1698460178258217,0.1698460178258217
588,589,9.877015196562835,0.011166612330068845,36597.39617793556,176.11032095735362,0.17181086032940013,0.010614769251237121,9.868146899236969,9.868146899236969,9.888916123755582,36470.729058244,36470.729058244,36762.6729339253,0.1698460178258217,0.1675529184091495,0.1698460178258217
589,590,9.876547345030971,0.011009533393983365,36585.61902319111,159.05974222703136,0.17165681589389992,0.010182443728235157,9.868146899236969,9.868146899236969,9.888916123755582,36470.729058244,36470.729058244,36762.6729339253,0.1698460178258217,0.1698460178258217,0.1698460178258217
590,591,9.876497307718669,0.01098942044968291,36585.04474501525,158.95127763302088,0.17160038881684858,0.010078722155813322,9.868146899236969,9.868146899236969,9.888916123755582,36470.729058244,36470.729058244,36762.6729339253,0.1698460178258217,0.1698460178258217,0.1698460178258217
591,592,9.876468264789462,0.01097322612700742,36584.7448407865,158.88091942553814,0.171546653745084,0.009973507416000924,9.868146899236969,9.868146899236969,9.888916123755582,36470.729058244,36470.729058244,36762.6729339253,0.1698460178258217,0.1698460178258217,0.1698460178258217
592,593,9.876447495564944,0.01096930062517982,36584.452896910814,158.82192077486906,0.17154976088958454,0.00997249306505867,9.868146899236969,9.868146899236969,9.888916123755582,36470.729058244,36470.729058244,36762.6729339253,0.1698460178258217,0.1698460178258217,0.1698460178258217
593,594,9.876405957115907,0.010961327345887999,36583.869009159454,158.70224652943122,0.17155597517858565,0.009970461148703065,9.868146899236969,9.868146899236969,9.888916123755582,36470.729058244,36470.729058244,36762.6729339253,0.1698460178258217,0.1698460178258217,0.1698460178258217
594,595,9.876355531123432,0.010939331997230385,36583.8545405216,159.01137507529847,0.17155097685281617,0.009956460688627749,9.868146899236969,9.868146899236969,9.888916123755582,36470.729058244,36470.729058244,36762.6729339253,0.1698460178258217,0.1698460178258217,0.1698460178258217
595,596,9.876315085121742,0.010895147621292064,36583.84442807579,159.04744292673107,0.17153421346020328,0.009953400577778408,9.868146899236969,9.868146899236969,9.888916123755582,36470.729058244,36470.729058244,36762.6729339253,0.1698460178258217,0.1698460178258217,0.1698460178258217
596,597,9.876277850515141,0.010865551265632045,36583.322509085796,158.59360156528047,0.17144811404485,0.00978960312787485,9.868146899236969,9.868146899236969,9.888916123755582,36470.729058244,36470.729058244,36762.6729339253,0.1698460178258217,0.1698460178258217,0.1698460178258217
597,598,9.876215542841587,0.010852441260585674,36582.446677458756,158.40674072543666,0.17145743547835163,0.009786593472940159,9.868146899236969,9.868146899236969,9.888916123755582,36470.729058244,36470.729058244,36762.6729339253,0.1698460178258217,0.1698460178258217,0.1698460178258217
598,599,9.876194773617065,0.010847988210163305,36582.15473358307,158.34332824262742,0.17146054262285215,0.009785588075752341,9.868146899236969,9.868146899236969,9.888916123755582,36470.729058244,36470.729058244,36762.6729339253,0.1698460178258217,0.1698460178258217,0.1698460178258217
599,600,9.876194773617065,0.010847988210163305,36582.15473358307,158.34332824262742,0.17146054262285215,0.009785588075752341,9.868146899236969,9.868146899236969,9.888916123755582,36470.729058244,36470.729058244,36762.6729339253,0.1698460178258217,0.1698460178258217,0.1698460178258217
600,601,9.876186356781096,0.01083484135564722,36581.95028875039,157.97771388749726,0.17142237912947617,0.009729348184711172,9.868146899236969,9.868146899236969,9.888916123755582,36470.729058244,36470.729058244,36762.6729339253,0.1698460178258217,0.1698460178258217,0.1698460178258217
601,602,9.876186356781096,0.01083484135564722,36581.95028875039,157.97771388749726,0.17142237912947617,0.009729348184711172,9.868146899236969,9.868146899236969,9.888916123755582,36470.729058244,36470.729058244,36762.6729339253,0.1698460178258217,0.1698460178258217,0.1698460178258217
602,603,9.876144593173482,0.01082549914299909,36581.38397092758,157.86734371001668,0.17142279426868995,0.009728412299486814,9.868146899236969,9.868146899236969,9.888916123755582,36470.729058244,36470.729058244,36762.6729339253,0.1698460178258217,0.1698460178258217,0.1698460178258217
603,604,9.876107501698165,0.010795572143086555,36581.05853641721,157.7580928707524,0.17131801613044756,0.009506724324423016,9.868146899236969,9.868146899236969,9.888916123755582,36470.729058244,36470.729058244,36762.6729339253,0.1698460178258217,0.1698460178258217,0.1698460178258217
604,605,9.876065963249127,0.010786161191031393,36580.47464866585,157.6250378272902,0.17132423041944864,0.009504744353402976,9.868146899236969,9.868146899236969,9.888916123755582,36470.729058244,36470.729058244,36762.6729339253,0.1698460178258217,0.1698460178258217,0.1698460178258217
605,606,9.8760507654692,0.01075729900713078,36579.764278127506,155.1826827775545,0.1712729176500998,0.0093901600980447,9.868146899236969,9.868146899236969,9.888916123755582,36470.729058244,36470.729058244,36762.6729339253,0.1698460178258217,0.1698460178258217,0.1698460178258217
606,607,9.876584548833396,0.010877039114339323,36589.8185293596,164.96792053064905,0.1714034109964329,0.009775024130052884,9.868146899236969,9.868146899236969,9.888916123755582,36470.729058244,36470.729058244,36762.6729339253,0.1698460178258217,0.1698460178258217,0.1698460178258217
607,608,9.876021722539996,0.010739547194992378,36579.46437389875,155.10040509835878,0.1712191825783352,0.009275242486132738,9.868146899236969,9.868146899236969,9.888916123755582,36470.729058244,36470.729058244,36762.6729339253,0.1698460178258217,0.1698460178258217,0.1698460178258217
608,609,9.876021722539996,0.010739547194992378,36579.46437389875,155.10040509835878,0.1712191825783352,0.009275242486132738,9.868146899236969,9.868146899236969,9.888916123755582,36470.729058244,36470.729058244,36762.6729339253,0.1698460178258217,0.1698460178258217,0.1698460178258217
609,610,9.875964986311029,0.010700618879942513,36578.17011560905,152.46658097231634,0.17117408409798748,0.009155244834349388,9.868146899236969,9.868146899236969,9.888916123755582,36470.729058244,36470.729058244,36762.6729339253,0.1698460178258217,0.1698460178258217,0.1698460178258217
610,611,9.875964986311029,0.010700618879942513,36578.17011560905,152.46658097231634,0.17117408409798748,0.009155244834349388,9.868146899236969,9.868146899236969,9.888916123755582,36470.729058244,36470.729058244,36762.6729339253,0.1698460178258217,0.1698460178258217,0.1698460178258217
611,612,9.87595671260634,0.0106875646615847,36578.16215525599,152.45379738530784,0.17111724188172234,0.009037724635408174,9.868146899236969,9.868146899236969,9.888916123755582,36470.729058244,36470.729058244,36762.6729339253,0.1698460178258217,0.1698460178258217,0.1698460178258217
612,613,9.87595671260634,0.0106875646615847,36578.16215525599,152.45379738530784,0.17111724188172234,0.009037724635408174,9.868146899236969,9.868146899236969,9.888916123755582,36470.729058244,36470.729058244,36762.6729339253,0.1698460178258217,0.1698460178258217,0.1698460178258217
613,614,9.875956487447766,0.010687289263575558,36578.17972518454,152.47404699983457,0.17111144273193507,0.009038671608551542,9.868146899236969,9.868146899236969,9.888916123755582,36470.729058244,36470.729058244,36762.6729339253,0.1698460178258217,0.1698460178258217,0.1698460178258217
614,615,9.875956487447766,0.010687289263575558,36578.17972518454,152.47404699983457,0.17111144273193507,0.009038671608551542,9.868146899236969,9.868146899236969,9.888916123755582,36470.729058244,36470.729058244,36762.6729339253,0.1698460178258217,0.1698460178258217,0.1698460178258217
615,616,9.875956487447766,0.010687289263575558,36578.17972518454,152.47404699983457,0.17111144273193507,0.009038671608551542,9.868146899236969,9.868146899236969,9.888916123755582,36470.729058244,36470.729058244,36762.6729339253,0.1698460178258217,0.1698460178258217,0.1698460178258217
616,617,9.875956487447766,0.010687289263575558,36578.17972518454,152.47404699983457,0.17111144273193507,0.009038671608551542,9.868146899236969,9.868146899236969,9.888916123755582,36470.729058244,36470.729058244,36762.6729339253,0.1698460178258217,0.1698460178258217,0.1698460178258217
617,618,9.87591472384015,0.010676918841645693,36577.61340736174,152.34567423706415,0.17111185787114885,0.009037678484018045,9.868146899236969,9.868146899236969,9.888916123755582,36470.729058244,36470.729058244,36762.6729339253,0.1698460178258217,0.1698460178258217,0.1698460178258217
618,619,9.875885680910946,0.01065866248086211,36577.313503133,152.25762698763327,0.1710581227993843,0.008917249563210229,9.868146899236969,9.868146899236969,9.888916123755582,36470.729058244,36470.729058244,36762.6729339253,0.1698460178258217,0.1698460178258217,0.1698460178258217
619,620,9.875885680910946,0.01065866248086211,36577.313503133,152.25762698763327,0.1710581227993843,0.008917249563210229,9.868146899236969,9.868146899236969,9.888916123755582,36470.729058244,36470.729058244,36762.6729339253,0.1698460178258217,0.1698460178258217,0.1698460178258217
620,621,9.875885680910946,0.01065866248086211,36577.313503133,152.25762698763327,0.1710581227993843,0.008917249563210229,9.868146899236969,9.868146899236969,9.888916123755582,36470.729058244,36470.729058244,36762.6729339253,0.1698460178258217,0.1698460178258217,0.1698460178258217
621,622,9.875878674808412,0.010642568838154539,36576.82514735591,150.1265015654603,0.17103917437362418,0.008858356985123784,9.868146899236969,9.868146899236969,9.888916123755582,36470.729058244,36470.729058244,36762.6729339253,0.1698460178258217,0.1698460178258217,0.1698460178258217
622,623,9.87651195122299,0.010918730193213556,36586.00351896156,157.80111276764234,0.17182016822152485,0.010557512089131948,9.868146899236969,9.868146899236969,9.888916123755582,36470.729058244,36470.729058244,36762.6729339253,0.1698460178258217,0.1698460178258217,0.1698460178258217
623,624,9.876475984218542,0.01088694087987399,36585.00120454753,155.32750844282177,0.17177196259667657,0.01045587326671591,9.868146899236969,9.868146899236969,9.888916123755582,36470.729058244,36470.729058244,36762.6729339253,0.1698460178258217,0.1698460178258217,0.1698460178258217
624,625,9.87646502421449,0.010860389258169827,36585.45800672393,155.77824410629262,0.1718051965038225,0.010508177493756723,9.868146899236969,9.868146899236969,9.888916123755582,36470.729058244,36470.729058244,36762.6729339253,0.1698460178258217,0.1698460178258217,0.1698460178258217
625,626,9.876436880597575,0.010840274046121577,36584.4987925201,153.31965011712285,0.17180223479566475,0.010507150610696498,9.868146899236969,9.868146899236969,9.888916123755582,36470.729058244,36470.729058244,36762.6729339253,0.1698460178258217,0.1698460178258217,0.1698460178258217
626,627,9.876415661055901,0.010835716071398221,36584.24198850154,153.29693837278091,0.17179374364059072,0.010508497680518546,9.868146899236969,9.868146899236969,9.888916123755582,36470.729058244,36470.729058244,36762.6729339253,0.1698460178258217,0.1698460178258217,0.1698460178258217
627,628,9.876407612509793,0.010823431886674569,36584.21645821992,153.26509088118732,0.1717427005741129,0.010408484790518329,9.868146899236969,9.868146899236969,9.888916123755582,36470.729058244,36470.729058244,36762.6729339253,0.1698460178258217,0.1698460178258217,0.1698460178258217
628,629,9.876407612509793,0.010823431886674569,36584.21645821992,153.26509088118732,0.1717427005741129,0.010408484790518329,9.868146899236969,9.868146899236969,9.888916123755582,36470.729058244,36470.729058244,36762.6729339253,0.1698460178258217,0.1698460178258217,0.1698460178258217
629,630,9.876366074060753,0.010815197891075243,36583.63257046855,153.14017275155803,0.17174891486311397,0.0104064227885324,9.868146899236969,9.868146899236969,9.888916123755582,36470.729058244,36470.729058244,36762.6729339253,0.1698460178258217,0.1698460178258217,0.1698460178258217
630,631,9.876366074060753,0.010815197891075243,36583.63257046855,153.14017275155803,0.17174891486311397,0.0104064227885324,9.868146899236969,9.868146899236969,9.888916123755582,36470.729058244,36470.729058244,36762.6729339253,0.1698460178258217,0.1698460178258217,0.1698460178258217
631,632,9.876307701939774,0.010780583806042255,36582.63979305181,152.25734635216608,0.17167880216536305,0.010300371777756263,9.868146899236969,9.868146899236969,9.888916123755582,36470.729058244,36470.729058244,36762.6729339253,0.1698460178258217,0.1698460178258217,0.1698460178258217
632,633,9.876229072015422,0.010742275327082699,36581.730470790084,152.01361041771966,0.17158023831612174,0.010091892011025571,9.868146899236969,9.868146899236969,9.888916123755582,36470.729058244,36470.729058244,36762.6729339253,0.1698460178258217,0.1698460178258217,0.1698460178258217
633,634,9.876179259861695,0.010720445456805557,36581.13862268565,151.86542896868892,0.1715296103888577,0.009985700858957891,9.868146899236969,9.868146899236969,9.888916123755582,36470.729058244,36470.729058244,36762.6729339253,0.1698460178258217,0.1698460178258217,0.1698460178258217
634,635,9.876158490637177,0.010715867232614067,36580.84667880997,151.7967682474844,0.17153271753335822,0.009984693050492406,9.868146899236969,9.868146899236969,9.888916123755582,36470.729058244,36470.729058244,36762.6729339253,0.1698460178258217,0.1698460178258217,0.1698460178258217
635,636,9.876137496254081,0.010710975795858205,36580.57230486285,151.7475842274375,0.17153002552807145,0.009984784543607074,9.868146899236969,9.868146899236969,9.888916123755582,36470.729058244,36470.729058244,36762.6729339253,0.1698460178258217,0.1698460178258217,0.1698460178258217
636,637,9.876113575774326,0.01067327512631948,36580.478144089415,151.6290878987657,0.1713826954784253,0.009659369744160486,9.868146899236969,9.868146899236969,9.888916123755582,36470.729058244,36470.729058244,36762.6729339253,0.1698460178258217,0.1698460178258217,0.1698460178258217
637,638,9.87611335061575,0.010673002668793289,36580.495714017976,151.6491793080404,0.171376896328638,0.009660415132203825,9.868146899236969,9.868146899236969,9.888916123755582,36470.729058244,36470.729058244,36762.6729339253,0.1698460178258217,0.1698460178258217,0.1698460178258217
638,639,9.87604254407893,0.010645380872520694,36579.62949196642,151.44482781989288,0.17132357639608722,0.009548386449426577,9.868146899236969,9.868146899236969,9.888916123755582,36470.729058244,36470.729058244,36762.6729339253,0.1698460178258217,0.1698460178258217,0.1698460178258217
639,640,9.87604254407893,0.010645380872520694,36579.62949196642,151.44482781989288,0.17132357639608722,0.009548386449426577,9.868146899236969,9.868146899236969,9.888916123755582,36470.729058244,36470.729058244,36762.6729339253,0.1698460178258217,0.1698460178258217,0.1698460178258217
640,641,9.876027571457579,0.010616378170327477,36578.901551499526,148.87645522215192,0.17127806277652569,0.009433322585429308,9.868146899236969,9.868146899236969,9.888916123755582,36470.729058244,36470.729058244,36762.6729339253,0.1698460178258217,0.1698460178258217,0.1698460178258217
641,642,9.876027571457579,0.010616378170327477,36578.901551499526,148.87645522215192,0.17127806277652569,0.009433322585429308,9.868146899236969,9.868146899236969,9.888916123755582,36470.729058244,36470.729058244,36762.6729339253,0.1698460178258217,0.1698460178258217,0.1698460178258217
642,643,9.876006802233059,0.010611458161300493,36578.60960762384,148.80202638265885,0.1712811699210262,0.009432338620845323,9.868146899236969,9.868146899236969,9.888916123755582,36470.729058244,36470.729058244,36762.6729339253,0.1698460178258217,0.1698460178258217,0.1698460178258217
643,644,9.875985807849965,0.010606218320049092,36578.33523367672,148.74772581779388,0.17127847791573947,0.009432363680063924,9.868146899236969,9.868146899236969,9.888916123755582,36470.729058244,36470.729058244,36762.6729339253,0.1698460178258217,0.1698460178258217,0.1698460178258217
644,645,9.875943819083774,0.010595606068311714,36577.786485782475,148.6375457626658,0.17127309390516599,0.009432411493411,9.868146899236969,9.868146899236969,9.888916123755582,36470.729058244,36470.729058244,36762.6729339253,0.1698460178258217,0.1698460178258217,0.1698460178258217
645,646,9.875873237705532,0.010566926336872012,36576.90269380237,148.39228343771805,0.17122557312240247,0.009316061724018443,9.868146899236969,9.868146899236969,9.888916123755582,36470.729058244,36470.729058244,36762.6729339253,0.1698460178258217,0.1698460178258217,0.1698460178258217
646,647,9.875355670021497,0.010353497349527604,36569.823782220315,144.36055055361047,0.17079790238175768,0.008214030741018657,9.868146899236969,9.868146899236969,9.888916123755582,36470.729058244,36470.729058244,36762.6729339253,0.1698460178258217,0.1698460178258217,0.1698460178258217
647,648,9.875795058098332,0.010525161248660498,36575.95823168351,148.0647515698033,0.17113860757273575,0.009078194951374631,9.868146899236969,9.868146899236969,9.888916123755582,36470.729058244,36470.729058244,36762.6729339253,0.1698460178258217,0.1698460178258217,0.1698460178258217
648,649,9.875787009552221,0.010512039023557223,36575.932701401885,148.03034976817776,0.17108756450625792,0.008958502966479638,9.868146899236969,9.868146899236969,9.888916123755582,36470.729058244,36470.729058244,36762.6729339253,0.1698460178258217,0.1698460178258217,0.1698460178258217
649,650,9.875729005721103,0.010473949651125872,36575.11883853621,147.43260550629134,0.17100457223540516,0.008770813247804977,9.868146899236969,9.868146899236969,9.888916123755582,36470.729058244,36470.729058244,36762.6729339253,0.1698460178258217,0.1698460178258217,0.1698460178258217
650,651,9.87566647288897,0.010456791411682563,36574.260576837725,147.2042137221362,0.1710080945191195,0.008768833190360745,9.868146899236969,9.868146899236969,9.888916123755582,36470.729058244,36470.729058244,36762.6729339253,0.1698460178258217,0.1698460178258217,0.1698460178258217
651,652,9.87563728682848,0.010436989131800366,36573.76418812936,146.71474411111143,0.17097303817024403,0.008703087688186194,9.868146899236969,9.868146899236969,9.888916123755582,36470.729058244,36470.729058244,36762.6729339253,0.1698460178258217,0.1698460178258217,0.1698460178258217
652,653,9.875595523220865,0.01042509109534508,36573.197870306554,146.5642671157046,0.17097345330945782,0.008702062867839266,9.868146899236969,9.868146899236969,9.888916123755582,36470.729058244,36470.729058244,36762.6729339253,0.1698460178258217,0.1698460178258217,0.1698460178258217
653,654,9.875545342777281,0.010398796398241294,36572.42710765106,146.00262249295383,0.17093570495529561,0.008635588943234015,9.868146899236969,9.868146899236969,9.888916123755582,36470.729058244,36470.729058244,36762.6729339253,0.1698460178258217,0.1698460178258217,0.1698460178258217
654,655,9.875545342777281,0.010398796398241294,36572.42710765106,146.00262249295383,0.17093570495529561,0.008635588943234015,9.868146899236969,9.868146899236969,9.888916123755582,36470.729058244,36470.729058244,36762.6729339253,0.1698460178258217,0.1698460178258217,0.1698460178258217
655,656,9.875503804328243,0.010386778107528347,36571.843219899696,145.8242877150137,0.17094191924429672,0.008633684371329347,9.868146899236969,9.868146899236969,9.888916123755582,36470.729058244,36470.729058244,36762.6729339253,0.1698460178258217,0.1698460178258217,0.1698460178258217
656,657,9.875495755782133,0.010373254852683342,36571.817689618074,145.78863662107926,0.1708908761778189,0.008506560908977806,9.868146899236969,9.868146899236969,9.888916123755582,36470.729058244,36470.729058244,36762.6729339253,0.1698460178258217,0.1698460178258217,0.1698460178258217
657,658,9.875474986557615,0.010367154107758394,36571.52574574239,145.69843692957133,0.17089398332231942,0.008505611174106805,9.868146899236969,9.868146899236969,9.888916123755582,36470.729058244,36470.729058244,36762.6729339253,0.1698460178258217,0.1698460178258217,0.1698460178258217
658,659,9.875474986557615,0.010367154107758394,36571.52574574239,145.69843692957133,0.17089398332231942,0.008505611174106805,9.868146899236969,9.868146899236969,9.888916123755582,36470.729058244,36470.729058244,36762.6729339253,0.1698460178258217,0.1698460178258217,0.1698460178258217
659,660,9.875096023219552,0.010187454638168218,36566.51086145584,142.36885736887453,0.17056776953986472,0.007594812721676014,9.868146899236969,9.868146899236969,9.888916123755582,36470.729058244,36470.729058244,36762.6729339253,0.1698460178258217,0.1698460178258217,0.1698460178258217
660,661,9.875453767015943,0.010360418127547883,36571.26894172382,145.6516655073345,0.17088549216724538,0.008506368601376362,9.868146899236969,9.868146899236969,9.888916123755582,36470.729058244,36470.729058244,36762.6729339253,0.1698460178258217,0.1698460178258217,0.1698460178258217
661,662,9.875424580955452,0.010339830907444765,36570.77255301546,145.14673003315247,0.17085043581836992,0.00843806912680425,9.868146899236969,9.868146899236969,9.888916123755582,36470.729058244,36470.729058244,36762.6729339253,0.1698460178258217,0.1698460178258217,0.1698460178258217
662,663,9.875387346348852,0.010305423361816174,36570.25063402546,144.60210812977257,0.17076433640301664,0.008237075404408873,9.868146899236969,9.868146899236969,9.888916123755582,36470.729058244,36470.729058244,36762.6729339253,0.1698460178258217,0.1698460178258217,0.1698460178258217
663,664,9.8753868960317,0.010304827246958389,36570.285773882584,144.64672281194436,0.17075273810344205,0.008238652406447175,9.868146899236969,9.868146899236969,9.888916123755582,36470.729058244,36470.729058244,36762.6729339253,0.1698460178258217,0.1698460178258217,0.1698460178258217
664,665,9.875378622327013,0.010290806220842011,36570.27781352952,144.6328141182367,0.17069589588717693,0.008104902936035182,9.868146899236969,9.868146899236969,9.888916123755582,36470.729058244,36470.729058244,36762.6729339253,0.1698460178258217,0.1698460178258217,0.1698460178258217
665,666,9.87535002971496,0.01027094749151385,36569.94276944365,144.48012010101195,0.17065375911498695,0.007966118142558966,9.868146899236969,9.868146899236969,9.888916123755582,36470.729058244,36470.729058244,36762.6729339253,0.1698460178258217,0.1698460178258217,0.1698460178258217
666,667,9.87535002971496,0.01027094749151385,36569.94276944365,144.48012010101195,0.17065375911498695,0.007966118142558966,9.868146899236969,9.868146899236969,9.888916123755582,36470.729058244,36470.729058244,36762.6729339253,0.1698460178258217,0.1698460178258217,0.1698460178258217
667,668,9.875287496882827,0.01025113802563424,36569.08450774517,144.21625300873606,0.1706572813987013,0.007964093173763705,9.868146899236969,9.868146899236969,9.888916123755582,36470.729058244,36470.729058244,36762.6729339253,0.1698460178258217,0.1698460178258217,0.1698460178258217
668,669,9.875287496882827,0.01025113802563424,36569.08450774517,144.21625300873606,0.1706572813987013,0.007964093173763705,9.868146899236969,9.868146899236969,9.888916123755582,36470.729058244,36470.729058244,36762.6729339253,0.1698460178258217,0.1698460178258217,0.1698460178258217
669,670,9.875237459570526,0.010223369711440458,36568.51022956929,144.03070461877718,0.17060085432164995,0.007823839113622187,9.868146899236969,9.868146899236969,9.888916123755582,36470.729058244,36470.729058244,36762.6729339253,0.1698460178258217,0.1698460178258217,0.1698460178258217
670,671,9.875138938810654,0.010164874583218688,36567.274246752764,142.2013950711257,0.1704885365122742,0.007471572171228856,9.868146899236969,9.868146899236969,9.888916123755582,36470.729058244,36470.729058244,36762.6729339253,0.1698460178258217,0.1698460178258217,0.1698460178258217
671,672,9.87511794442756,0.010157610817596353,36566.99987280564,142.12269130981846,0.17048584450698742,0.007471318216882923,9.868146899236969,9.868146899236969,9.888916123755582,36470.729058244,36470.729058244,36762.6729339253,0.1698460178258217,0.1698460178258217,0.1698460178258217
672,673,9.875076405978524,0.01014355674877243,36566.415985054286,141.91715437542092,0.17049205879598853,0.007469491043627373,9.868146899236969,9.868146899236969,9.888916123755582,36470.729058244,36470.729058244,36762.6729339253,0.1698460178258217,0.1698460178258217,0.1698460178258217
673,674,9.875076405978524,0.01014355674877243,36566.415985054286,141.91715437542092,0.17049205879598853,0.007469491043627373,9.868146899236969,9.868146899236969,9.888916123755582,36470.729058244,36470.729058244,36762.6729339253,0.1698460178258217,0.1698460178258217,0.1698460178258217
674,675,9.875034867529484,0.01012931284065638,36565.83209730292,141.70891354137106,0.17049827308498963,0.007467658252019629,9.868146899236969,9.868146899236969,9.888916123755582,36470.729058244,36470.729058244,36762.6729339253,0.1698460178258217,0.1698460178258217,0.1698460178258217
675,676,9.875014098304966,0.010122119446834471,36565.54015342724,141.60377544022438,0.17050138022949016,0.007466739748041288,9.868146899236969,9.868146899236969,9.888916123755582,36470.729058244,36470.729058244,36762.6729339253,0.1698460178258217,0.1698460178258217,0.1698460178258217
676,677,9.87495179063141,0.010100252283187512,36564.664321800185,141.28427219530155,0.17051070166299181,0.007463975797179727,9.868146899236969,9.868146899236969,9.888916123755582,36470.729058244,36470.729058244,36762.6729339253,0.1698460178258217,0.1698460178258217,0.1698460178258217
677,678,9.87495179063141,0.010100252283187512,36564.664321800185,141.28427219530155,0.17051070166299181,0.007463975797179727,9.868146899236969,9.868146899236969,9.888916123755582,36470.729058244,36470.729058244,36762.6729339253,0.1698460178258217,0.1698460178258217,0.1698460178258217
678,679,9.874931021406892,0.010092867222481238,36564.37237792451,141.17640299211973,0.1705138088074923,0.007463051665514048,9.868146899236969,9.868146899236969,9.888916123755582,36470.729058244,36470.729058244,36762.6729339253,0.1698460178258217,0.1698460178258217,0.1698460178258217
679,680,9.874910252182373,0.010085433983516204,36564.080434048825,141.06784712108436,0.17051691595199286,0.00746212612562166,9.868146899236969,9.868146899236969,9.888916123755582,36470.729058244,36470.729058244,36749.49548750588,0.1698460178258217,0.1698460178258217,0.1698460178258217
680,681,9.874910252182373,0.010085433983516204,36564.080434048825,141.06784712108436,0.17051691595199286,0.00746212612562166,9.868146899236969,9.868146899236969,9.888916123755582,36470.729058244,36470.729058244,36749.49548750588,0.1698460178258217,0.1698460178258217,0.1698460178258217
681,682,9.874868488574759,0.010070105941122159,36563.51411622602,140.87241597238778,0.17051733109120668,0.00746095623031608,9.868146899236969,9.868146899236969,9.888916123755582,36470.729058244,36470.729058244,36745.10300536608,0.1698460178258217,0.1698460178258217,0.1698460178258217
682,683,9.87484771935024,0.010062526820525271,36563.22217235033,140.76184562227252,0.17052043823570723,0.007460028963399319,9.868146899236969,9.868146899236969,9.888916123755582,36470.729058244,36470.729058244,36745.10300536608,0.1698460178258217,0.1698460178258217,0.1698460178258217
683,684,9.87484771935024,0.010062526820525271,36563.22217235033,140.76184562227252,0.17052043823570723,0.007460028963399319,9.868146899236969,9.868146899236969,9.888916123755582,36470.729058244,36470.729058244,36745.10300536608,0.1698460178258217,0.1698460178258217,0.1698460178258217
684,685,9.87483967080413,0.010048041686671227,36563.19664206871,140.72334798350562,0.17046939516922938,0.00730958804878143,9.868146899236969,9.868146899236969,9.888916123755582,36470.729058244,36470.729058244,36745.10300536608,0.1698460178258217,0.1698460178258217,0.1698460178258217
685,686,9.87483967080413,0.010048041686671227,36563.19664206871,140.72334798350562,0.17046939516922938,0.00730958804878143,9.868146899236969,9.868146899236969,9.888916123755582,36470.729058244,36470.729058244,36745.10300536608,0.1698460178258217,0.1698460178258217,0.1698460178258217
686,687,9.87481890157961,0.010040386299338925,36562.90469819303,140.61200126413826,0.17047250231372993,0.0073086619565160766,9.868146899236969,9.868146899236969,9.888916123755582,36470.729058244,36470.729058244,36745.10300536608,0.1698460178258217,0.1698460178258217,0.1698460178258217
687,688,9.874798132355092,0.010032682075170558,36562.61275431734,140.49995967569572,0.17047560945823048,0.00730773442577579,9.868146899236969,9.868146899236969,9.888916123755582,36470.729058244,36470.729058244,36745.10300536608,0.1698460178258217,0.1698460178258217,0.1698460178258217
688,689,9.874777363130574,0.010024928901571833,36562.32081044166,140.3872215544746,0.17047871660273103,0.007306805456012765,9.868146899236969,9.868146899236969,9.888916123755582,36470.729058244,36470.729058244,36745.10300536608,0.1698460178258217,0.1698460178258217,0.1698460178258217
689,690,9.874876954450352,0.010030276716717693,36564.03059952999,142.33360158858972,0.1703238056409293,0.006905589979217358,9.868146899236969,9.868146899236969,9.888916123755582,36470.729058244,36470.729058244,36745.10300536608,0.1698460178258217,0.1698460178258217,0.1698460178258217
690,691,9.874748177070083,0.010001677647728347,36561.8244217333,139.83152022123855,0.17044366025385557,0.007225205162904102,9.868146899236969,9.868146899236969,9.888916123755582,36470.729058244,36470.729058244,36745.10300536608,0.1698460178258217,0.1698460178258217,0.1698460178258217
691,692,9.874706638621046,0.009985866143596003,36561.24053398193,139.60096562443945,0.17044987454285665,0.00722335202584226,9.868146899236969,9.868146899236969,9.888916123755582,36470.729058244,36470.729058244,36745.10300536608,0.1698460178258217,0.1698460178258217,0.1698460178258217
692,693,9.87466510017201,0.009969856499522357,36560.65664623057,139.3675834236815,0.17045608883185775,0.0072214930656788225,9.868146899236969,9.868146899236969,9.888916123755582,36470.729058244,36470.729058244,36745.10300536608,0.1698460178258217,0.1698460178258217,0.1698460178258217
693,694,9.87466510017201,0.009969856499522357,36560.65664623057,139.3675834236815,0.17045608883185775,0.0072214930656788225,9.868146899236969,9.868146899236969,9.888916123755582,36470.729058244,36470.729058244,36745.10300536608,0.1698460178258217,0.1698460178258217,0.1698460178258217
694,695,9.874623111405818,0.009952996018866645,36560.107898336326,139.180297486646,0.17045070482128427,0.00722094236112184,9.868146899236969,9.868146899236969,9.888916123755582,36470.729058244,36470.729058244,36745.10300536608,0.1698460178258217,0.1698460178258217,0.1698460178258217
695,696,9.87458157295678,0.0099365842497752,36559.524010584966,138.94144900061943,0.17045691911028535,0.007219082065738794,9.868146899236969,9.868146899236969,9.888916123755582,36470.729058244,36470.729058244,36745.10300536608,0.1698460178258217,0.1698460178258217,0.1698460178258217
696,697,9.874560578573684,0.009927974903148425,36559.24963663785,138.84558311155004,0.1704542271049986,0.007218807438316255,9.868146899236969,9.868146899236969,9.888916123755582,36470.729058244,36470.729058244,36745.10300536608,0.1698460178258217,0.1698460178258217,0.1698460178258217
697,698,9.87453958419059,0.009919313649339165,36558.97526269072,138.74910841751472,0.17045153509971187,0.007218531796516778,9.868146899236969,9.868146899236969,9.888916123755582,36470.729058244,36470.729058244,36745.10300536608,0.1698460178258217,0.1698460178258217,0.1698460178258217
698,699,9.87453958419059,0.009919313649339165,36558.97526269072,138.74910841751472,0.17045153509971187,0.007218531796516778,9.868146899236969,9.868146899236969,9.888916123755582,36470.729058244,36470.729058244,36745.10300536608,0.1698460178258217,0.1698460178258217,0.1698460178258217
699,700,9.874435287750842,0.009876222141304016,36557.55068316943,138.18269546457014,0.17045547252263998,0.007215189575684041,9.868146899236969,9.868146899236969,9.888916123755582,36470.729058244,36470.729058244,36745.10300536608,0.1698460178258217,0.1698460178258217,0.1698460178258217
700,701,9.874435287750842,0.009876222141304016,36557.55068316943,138.18269546457014,0.17045547252263998,0.007215189575684041,9.868146899236969,9.868146899236969,9.888916123755582,36470.729058244,36470.729058244,36745.10300536608,0.1698460178258217,0.1698460178258217,0.1698460178258217
701,702,9.874393524143228,0.009858557011938728,36556.98436534663,137.95637566916224,0.17045588766185377,0.007213983170497456,9.868146899236969,9.868146899236969,9.888916123755582,36470.729058244,36470.729058244,36745.10300536608,0.1698460178258217,0.1698460178258217,0.1698460178258217
702,703,9.874385332465835,0.009842883618166267,36556.762350585384,137.47396667408458,0.17042352331826507,0.007131499218488757,9.868146899236969,9.868146899236969,9.888916123755582,36470.729058244,36470.729058244,36745.10300536608,0.1698460178258217,0.1698460178258217,0.1698460178258217
703,704,9.87437714078844,0.009827178398539858,36556.54033582414,136.98949907688245,0.17039115897467633,0.007047901398353916,9.868146899236969,9.868146899236969,9.888916123755582,36470.729058244,36470.729058244,36745.10300536608,0.1698460178258217,0.1698460178258217,0.1698460178258217
704,705,9.874335602339402,0.009809514646613489,36555.95644807278,136.7315903043238,0.17039737326367743,0.0070460479334408434,9.868146899236969,9.868146899236969,9.888916123755582,36470.729058244,36470.729058244,36745.10300536608,0.1698460178258217,0.1698460178258217,0.1698460178258217
705,706,9.874294063890366,0.009791642816301252,36555.37256032141,136.47069600156414,0.1704035875526785,0.007044188498684381,9.868146899236969,9.868146899236969,9.888916123755582,36470.729058244,36470.729058244,36745.10300536608,0.1698460178258217,0.1698460178258217,0.1698460178258217
706,707,9.874294063890366,0.009791642816301252,36555.37256032141,136.47069600156414,0.1704035875526785,0.007044188498684381,9.868146899236969,9.868146899236969,9.888916123755582,36470.729058244,36470.729058244,36745.10300536608,0.1698460178258217,0.1698460178258217,0.1698460178258217
707,708,9.874315760543501,0.009740957666083594,36555.94182598927,136.23452655120124,0.17015193035988949,0.006284486442236744,9.868146899236969,9.868146899236969,9.888916123755582,36470.729058244,36470.729058244,36745.10300536608,0.1698460178258217,0.1698460178258217,0.1698460178258217
708,709,9.87423108074108,0.009763418734151772,36554.549438480055,136.1509235355658,0.17039551153681828,0.00704327988862349,9.868146899236969,9.868146899236969,9.888916123755582,36470.729058244,36470.729058244,36745.10300536608,0.1698460178258217,0.1698460178258217,0.1698460178258217
709,710,9.874189542292042,0.00974501685417294,36553.965550728695,135.88286863418392,0.17040172582581936,0.007041421365942879,9.868146899236969,9.868146899236969,9.888916123755582,36470.729058244,36470.729058244,36745.10300536608,0.1698460178258217,0.1698460178258217,0.1698460178258217
710,711,9.874189542292042,0.00974501685417294,36553.965550728695,135.88286863418392,0.17040172582581936,0.007041421365942879,9.868146899236969,9.868146899236969,9.888916123755582,36470.729058244,36470.729058244,36745.10300536608,0.1698460178258217,0.1698460178258217,0.1698460178258217
711,712,9.874160499362835,0.009719857754454315,36553.665646499954,135.7319060538251,0.1703479907540548,0.006880625280598487,9.868146899236969,9.868146899236969,9.888916123755582,36470.729058244,36470.729058244,36745.10300536608,0.1698460178258217,0.1698460178258217,0.1698460178258217
712,713,9.874131906750783,0.009695238307058015,36553.330602414084,135.5281258226997,0.1703058539818648,0.006714407770756121,9.868146899236969,9.868146899236969,9.888916123755582,36470.729058244,36470.729058244,36745.10300536608,0.1698460178258217,0.1698460178258217,0.1698460178258217
713,714,9.874110912367687,0.009685439795183395,36553.056228466965,135.4172956771629,0.17030316197657805,0.00671405193123795,9.868146899236969,9.868146899236969,9.888916123755582,36470.729058244,36470.729058244,36745.10300536608,0.1698460178258217,0.1698460178258217,0.1698460178258217
714,715,9.87409014314317,0.00967593343475552,36552.76428459128,135.27970038789837,0.1703062691210786,0.006713120623688946,9.868146899236969,9.868146899236969,9.888916123755582,36470.729058244,36470.729058244,36745.10300536608,0.1698460178258217,0.1698460178258217,0.1698460178258217
715,716,9.874040556148021,0.009640996814960051,36552.15486655829,134.95996581263844,0.17026144034360186,0.006541997931209212,9.868146899236969,9.868146899236969,9.888916123755582,36470.729058244,36470.729058244,36745.10300536608,0.1698460178258217,0.1698460178258217,0.1698460178258217
716,717,9.874040556148021,0.009640996814960051,36552.15486655829,134.95996581263844,0.17026144034360186,0.006541997931209212,9.868146899236969,9.868146899236969,9.888916123755582,36470.729058244,36470.729058244,36745.10300536608,0.1698460178258217,0.1698460178258217,0.1698460178258217
717,718,9.874032732760487,0.00962555324759061,36552.1117663481,134.89144033528632,0.17021619642691133,0.0063673130031569655,9.868146899236969,9.868146899236969,9.888916123755582,36470.729058244,36470.729058244,36745.10300536608,0.1698460178258217,0.1698460178258217,0.1698460178258217
718,719,9.873449039623873,0.009398508195699488,36545.17554364464,135.99032879171094,0.17040306166690256,0.006628215151413837,9.868146899236969,9.868146899236969,9.868146899236969,36470.729058244,36470.729058244,36470.729058244,0.1698460178258217,0.1698460178258217,0.1698460178258217
719,720,9.873449039623873,0.009398508195699488,36545.17554364464,135.99032879171094,0.17040306166690256,0.006628215151413837,9.868146899236969,9.868146899236969,9.868146899236969,36470.729058244,36470.729058244,36470.729058244,0.1698460178258217,0.1698460178258217,0.1698460178258217
720,721,9.873428045240777,0.009386872842005312,36544.901169697514,135.8634076308008,0.17040036966161579,0.0066278941666268265,9.868146899236969,9.868146899236969,9.868146899236969,36470.729058244,36470.729058244,36470.729058244,0.1698460178258217,0.1698460178258217,0.1698460178258217
721,722,9.873407276016257,0.009375551200773446,36544.60922582184,135.70872213181224,0.17040347680611634,0.006626905173623339,9.868146899236969,9.868146899236969,9.868146899236969,36470.729058244,36470.729058244,36470.729058244,0.1698460178258217,0.1698460178258217,0.1698460178258217
722,723,9.873365737567221,0.009352728440775815,36544.025338070474,135.39693251504147,0.17040969109511744,0.0066249223728654955,9.868146899236969,9.868146899236969,9.868146899236969,36470.729058244,36470.729058244,36470.729058244,0.1698460178258217,0.1698460178258217,0.1698460178258217
723,724,9.873344743184125,0.009340848836356538,36543.750964123356,135.26712154020066,0.1704069990898307,0.0066246039224982615,9.868146899236969,9.868146899236969,9.868146899236969,36470.729058244,36470.729058244,36470.729058244,0.1698460178258217,0.1698460178258217,0.1698460178258217
724,725,9.873344743184125,0.009340848836356538,36543.750964123356,135.26712154020066,0.1704069990898307,0.0066246039224982615,9.868146899236969,9.868146899236969,9.868146899236969,36470.729058244,36470.729058244,36470.729058244,0.1698460178258217,0.1698460178258217,0.1698460178258217
725,726,9.873344149735688,0.009339532123125162,36543.589619500846,134.85202918685692,0.17041407951314522,0.006704378830418271,9.868146899236969,9.868146899236969,9.868146899236969,36470.729058244,36470.729058244,36470.729058244,0.1698460178258217,0.1698460178258217,0.1698460178258217
726,727,9.873322930194016,0.009327207996020062,36543.33281548229,134.74826417505085,0.17040558835807118,0.006704731982997016,9.868146899236969,9.868146899236969,9.868146899236969,36470.729058244,36470.729058244,36470.729058244,0.1698460178258217,0.1698460178258217,0.1698460178258217
727,728,9.873294112423386,0.009298593333341314,36543.01534132498,134.54480183598605,0.1703576524360939,0.006535053752965224,9.868146899236969,9.868146899236969,9.868146899236969,36470.729058244,36470.729058244,36470.729058244,0.1698460178258217,0.1698460178258217,0.1698460178258217
728,729,9.873294112423386,0.009298593333341314,36543.01534132498,134.54480183598605,0.1703576524360939,0.006535053752965224,9.868146899236969,9.868146899236969,9.868146899236969,36470.729058244,36470.729058244,36470.729058244,0.1698460178258217,0.1698460178258217,0.1698460178258217
729,730,9.873273343198868,0.009286864550734951,36542.7233974493,134.38450177975562,0.17036075958059443,0.00653407102100363,9.868146899236969,9.868146899236969,9.868146899236969,36470.729058244,36470.729058244,36470.729058244,0.1698460178258217,0.1698460178258217,0.1698460178258217
730,731,9.87326619396505,0.009265848091804252,36542.03855719258,131.35254170323972,0.17036048987772343,0.00653210777913494,9.868146899236969,9.868146899236969,9.868146899236969,36470.729058244,36470.729058244,36470.729058244,0.1698460178258217,0.1698460178258217,0.1698460178258217
731,732,9.873265968806475,0.009265465054787087,36542.05612712114,131.38087479265448,0.17035469072793613,0.006532746196169041,9.868146899236969,9.868146899236969,9.868146899236969,36470.729058244,36470.729058244,36470.729058244,0.1698460178258217,0.1698460178258217,0.1698460178258217
732,733,9.87322420519886,0.009241350296336999,36541.489809298335,131.0758896086802,0.17035510586714991,0.006531420145088816,9.868146899236969,9.868146899236969,9.868146899236969,36470.729058244,36470.729058244,36470.729058244,0.1698460178258217,0.1698460178258217,0.1698460178258217
733,734,9.873203435974341,0.00922939145701181,36541.19786542265,130.90793984610193,0.17035821301165047,0.00653043807796705,9.868146899236969,9.868146899236969,9.868146899236969,36470.729058244,36470.729058244,36470.729058244,0.1698460178258217,0.1698460178258217,0.1698460178258217
734,735,9.873182666749823,0.009217370303537935,36540.905921546975,130.73912241690036,0.17036132015615102,0.0065294543845529724,9.868146899236969,9.868146899236969,9.868146899236969,36470.729058244,36470.729058244,36470.729058244,0.1698460178258217,0.1698460178258217,0.1698460178258217
735,736,9.873182666749823,0.009217370303537935,36540.905921546975,130.73912241690036,0.17036132015615102,0.0065294543845529724,9.868146899236969,9.868146899236969,9.868146899236969,36470.729058244,36470.729058244,36470.729058244,0.1698460178258217,0.1698460178258217,0.1698460178258217
736,737,9.873161897525303,0.009205286591787853,36540.613977671295,130.56943395557317,0.17036442730065154,0.006528469064111447,9.868146899236969,9.868146899236969,9.868146899236969,36470.729058244,36470.729058244,36470.729058244,0.1698460178258217,0.1698460178258217,0.1698460178258217
737,738,9.873541589209445,0.009328486093446876,36545.74500931366,131.69541743095502,0.17002818899192634,0.005594908321426623,9.868146899236969,9.868146899236969,9.888916123755582,36470.729058244,36470.729058244,36745.10300536608,0.1698460178258217,0.1698460178258217,0.1698460178258217
738,739,9.873104118852762,0.009145523284822878,36539.78254487706,129.64086268077946,0.1702872341795861,0.006258256719490737,9.868146899236969,9.868146899236969,9.868146899236969,36470.729058244,36470.729058244,36470.729058244,0.1698460178258217,0.1698460178258217,0.1698460178258217
739,740,9.873054163567753,0.009102208108268233,36538.99421229301,128.77644605719803,0.17025528497521117,0.006160709983020239,9.868146899236969,9.868146899236969,9.868146899236969,36470.729058244,36470.729058244,36470.729058244,0.1698460178258217,0.1698460178258217,0.1698460178258217
740,741,9.873033169184657,0.009089281464184936,36538.71983834588,128.62922325325258,0.17025259296992443,0.006160300062025274,9.868146899236969,9.868146899236969,9.868146899236969,36470.729058244,36470.729058244,36470.729058244,0.1698460178258217,0.1698460178258217,0.1698460178258217
741,742,9.873012399960139,0.009076685163791365,36538.42789447021,128.45177928183028,0.17025570011442498,0.006159310535883723,9.868146899236969,9.868146899236969,9.868146899236969,36470.729058244,36470.729058244,36470.729058244,0.1698460178258217,0.1698460178258217,0.1698460178258217
742,743,9.87299163073562,0.009064023768097174,36538.13595059452,128.27342540116368,0.1702588072589255,0.0061583192830523175,9.868146899236969,9.868146899236969,9.868146899236969,36470.729058244,36470.729058244,36470.729058244,0.1698460178258217,0.1698460178258217,0.1698460178258217
743,744,9.872941675450612,0.009019694252562736,36537.34761801048,127.38954163824579,0.1702268580545506,0.00605901396968619,9.868146899236969,9.868146899236969,9.868146899236969,36470.729058244,36470.729058244,36470.729058244,0.1698460178258217,0.1698460178258217,0.1698460178258217
744,745,9.872899686684422,0.008993010985475013,36536.79887011623,127.08401023579455,0.17022147404397708,0.006058153877873307,9.868146899236969,9.868146899236969,9.868146899236969,36470.729058244,36470.729058244,36470.729058244,0.1698460178258217,0.1698460178258217,0.1698460178258217
745,746,9.872878917459902,0.008979970932929305,36536.506926240545,126.89998642129335,0.17022458118847764,0.006057163627742797,9.868146899236969,9.868146899236969,9.868146899236969,36470.729058244,36470.729058244,36470.729058244,0.1698460178258217,0.1698460178258217,0.1698460178258217
746,747,9.872878467142748,0.008979161024423839,36536.54206609767,126.960162242043,0.17021298288890305,0.006058274753115791,9.868146899236969,9.868146899236969,9.868146899236969,36470.729058244,36470.729058244,36470.729058244,0.1698460178258217,0.1698460178258217,0.1698460178258217
747,748,9.8728288801476,0.00893478022734057,36535.932648064685,126.54131976024576,0.1701681541114263,0.0058673739945993095,9.868146899236969,9.868146899236969,9.868146899236969,36470.729058244,36470.729058244,36470.729058244,0.1698460178258217,0.1698460178258217,0.1698460178258217
748,749,9.8728288801476,0.00893478022734057,36535.932648064685,126.54131976024576,0.1701681541114263,0.0058673739945993095,9.868146899236969,9.868146899236969,9.868146899236969,36470.729058244,36470.729058244,36470.729058244,0.1698460178258217,0.1698460178258217,0.1698460178258217
749,750,9.872808110923081,0.008921490228013244,36535.640704189005,126.35450417904303,0.17017126125592685,0.0058663797817077555,9.868146899236969,9.868146899236969,9.868146899236969,36470.729058244,36470.729058244,36470.729058244,0.1698460178258217,0.1698460178258217,0.1698460178258217
750,751,9.872766572474044,0.008894705171040398,36535.05681643764,125.97801228113816,0.17017747554492793,0.00586438591146647,9.868146899236969,9.868146899236969,9.868146899236969,36470.729058244,36470.729058244,36470.729058244,0.1698460178258217,0.1698460178258217,0.1698460178258217
751,752,9.872745803249526,0.0088812094949545,36534.76487256196,125.78832740208591,0.17018058268942848,0.005863386252265325,9.868146899236969,9.868146899236969,9.868146899236969,36470.729058244,36470.729058244,36470.729058244,0.1698460178258217,0.1698460178258217,0.1698460178258217
752,753,9.872725034025006,0.008867644635721083,36534.47292868628,125.59767744854605,0.17018368983392904,0.005862384775772373,9.868146899236969,9.868146899236969,9.868146899236969,36470.729058244,36470.729058244,36470.729058244,0.1698460178258217,0.1698460178258217,0.1698460178258217
753,754,9.872725034025006,0.008867644635721083,36534.47292868628,125.59767744854605,0.17018368983392904,0.005862384775772373,9.868146899236969,9.868146899236969,9.868146899236969,36470.729058244,36470.729058244,36470.729058244,0.1698460178258217,0.1698460178258217,0.1698460178258217
754,755,9.872716985478895,0.008849273871187875,36534.447398404656,125.54868423282205,0.1701326467674512,0.005666676559079651,9.868146899236969,9.868146899236969,9.868146899236969,36470.729058244,36470.729058244,36470.729058244,0.1698460178258217,0.1698460178258217,0.1698460178258217
755,756,9.873154680994157,0.009057349051189774,36540.39229291268,127.8887061144472,0.16987940072957877,0.004915851291862319,9.868146899236969,9.868146899236969,9.868146899236969,36470.729058244,36470.729058244,36470.729058244,0.1698460178258217,0.1698460178258217,0.1698460178258217
756,757,9.872592144973208,0.008765703570925211,36532.71330507912,124.41468938235101,0.17014549048466715,0.005661110922319588,9.868146899236969,9.868146899236969,9.868146899236969,36470.729058244,36470.729058244,36470.729058244,0.1698460178258217,0.1698460178258217,0.1698460178258217
757,758,9.872571375748688,0.008751595035135824,36532.421361203444,124.21710960587203,0.1701485976291677,0.005660092920073126,9.868146899236969,9.868146899236969,9.868146899236969,36470.729058244,36470.729058244,36470.729058244,0.1698460178258217,0.1698460178258217,0.1698460178258217
758,759,9.872571375748688,0.008751595035135824,36532.421361203444,124.21710960587203,0.1701485976291677,0.005660092920073126,9.868146899236969,9.868146899236969,9.868146899236969,36470.729058244,36470.729058244,36470.729058244,0.1698460178258217,0.1698460178258217,0.1698460178258217
759,760,9.872529837299652,0.008723161160167647,36531.83747345208,123.81893918516106,0.1701548119181688,0.005658051247195609,9.868146899236969,9.868146899236969,9.868146899236969,36470.729058244,36470.729058244,36470.729058244,0.1698460178258217,0.1698460178258217,0.1698460178258217
760,761,9.872522013912118,0.008704731959364304,36531.79437324189,123.73716756371805,0.17010956800147828,0.005454249104040235,9.868146899236969,9.868146899236969,9.868146899236969,36470.729058244,36470.729058244,36470.729058244,0.1698460178258217,0.1698460178258217,0.1698460178258217
761,762,9.872522013912118,0.008704731959364304,36531.79437324189,123.73716756371805,0.17010956800147828,0.005454249104040235,9.868146899236969,9.868146899236969,9.868146899236969,36470.729058244,36470.729058244,36470.729058244,0.1698460178258217,0.1698460178258217,0.1698460178258217
762,763,9.87248047546308,0.008675908172828714,36531.210485490534,123.33447951652056,0.17011578229047936,0.00545217483429555,9.868146899236969,9.868146899236969,9.868146899236969,36470.729058244,36470.729058244,36470.729058244,0.1698460178258217,0.1698460178258217,0.1698460178258217
763,764,9.872472283785687,0.008656283962025457,36530.98847072928,122.7480321609358,0.17008341794689064,0.00534049845694387,9.868146899236969,9.868146899236969,9.868146899236969,36470.729058244,36470.729058244,36470.729058244,0.1698460178258217,0.1698460178258217,0.1698460178258217
764,765,9.872451514561167,0.008641708728548579,36530.69652685361,122.5436561983625,0.1700865250913912,0.005339455449234913,9.868146899236969,9.868146899236969,9.868146899236969,36470.729058244,36470.729058244,36470.729058244,0.1698460178258217,0.1698460178258217,0.1698460178258217
765,766,9.872451514561167,0.008641708728548579,36530.69652685361,122.5436561983625,0.1700865250913912,0.005339455449234913,9.868146899236969,9.868146899236969,9.868146899236969,36470.729058244,36470.729058244,36470.729058244,0.1698460178258217,0.1698460178258217,0.1698460178258217
766,767,9.872595227251917,0.008627140490898326,36531.75242105568,118.07197488039488,0.16979707524240273,0.0042365716291206884,9.868146899236969,9.868146899236969,9.868146899236969,36470.729058244,36470.729058244,36470.729058244,0.1698460178258217,0.1698460178258217,0.1698460178258217
767,768,9.872595227251917,0.008627140490898326,36531.75242105568,118.07197488039488,0.16979707524240273,0.0042365716291206884,9.868146899236969,9.868146899236969,9.868146899236969,36470.729058244,36470.729058244,36470.729058244,0.1698460178258217,0.1698460178258217,0.1698460178258217
768,769,9.872553463644303,0.008597978860966991,36531.186103232874,117.68294474055602,0.16979749038161654,0.004234581253546778,9.868146899236969,9.868146899236969,9.868146899236969,36470.729058244,36470.729058244,36470.729058244,0.1698460178258217,0.1698460178258217,0.1698460178258217
769,770,9.872511474878111,0.008568080391736618,36530.63735533864,117.32332924486418,0.16979210637104306,0.004232804398486518,9.868146899236969,9.868146899236969,9.868146899236969,36470.729058244,36470.729058244,36470.729058244,0.1698460178258217,0.1698460178258217,0.1698460178258217
770,771,9.87244894204598,0.008523524171386469,36529.77909364015,116.70954309582804,0.1697956286547574,0.00422970978506613,9.868146899236969,9.868146899236969,9.868146899236969,36470.729058244,36470.729058244,36470.729058244,0.1698460178258217,0.1698460178258217,0.1698460178258217
771,772,9.87240695327979,0.008492846868979094,36529.2303457459,116.34028264029877,0.1697902446441839,0.004227928511898821,9.868146899236969,9.868146899236969,9.868146899236969,36470.729058244,36470.729058244,36470.729058244,0.1698460178258217,0.1698460178258217,0.1698460178258217
772,773,9.872357141126065,0.008442697649294149,36528.63849764147,115.87876392790454,0.16973961671691987,0.003944878888542177,9.868146899236969,9.868146899236969,9.868146899236969,36470.729058244,36470.729058244,36470.729058244,0.1698460178258217,0.1698460178258217,0.1698460178258217
773,774,9.872315602677029,0.008412162065529442,36528.0546098901,115.4327067003221,0.16974583100592097,0.003942593632174753,9.868146899236969,9.868146899236969,9.868146899236969,36470.729058244,36470.729058244,36470.729058244,0.1698460178258217,0.1698460178258217,0.1698460178258217
774,775,9.872294608293933,0.008396326842442861,36527.780235942984,115.24239978407594,0.1697431390006342,0.003941605130173609,9.868146899236969,9.868146899236969,9.868146899236969,36470.729058244,36470.729058244,36470.729058244,0.1698460178258217,0.1698460178258217,0.1698460178258217
775,776,9.872273388752259,0.008379958925349288,36527.52343192443,115.08568896223305,0.16973464784556017,0.003940760376424702,9.868146899236969,9.868146899236969,9.868146899236969,36470.729058244,36470.729058244,36470.729058244,0.1698460178258217,0.1698460178258217,0.1698460178258217
776,777,9.872273388752259,0.008379958925349288,36527.52343192443,115.08568896223305,0.16973464784556017,0.003940760376424702,9.868146899236969,9.868146899236969,9.868146899236969,36470.729058244,36470.729058244,36470.729058244,0.1698460178258217,0.1698460178258217,0.1698460178258217
777,778,9.872252169210588,0.00836350513828134,36527.26662790586,114.92819063755859,0.16972615669048613,0.003939897141697742,9.868146899236969,9.868146899236969,9.868146899236969,36470.729058244,36470.729058244,36470.729058244,0.1698460178258217,0.1698460178258217,0.1698460178258217
778,779,9.872231399986068,0.008347871147655068,36526.974684030174,114.70041037357386,0.16972926383498668,0.003938765077736775,9.868146899236969,9.868146899236969,9.868146899236969,36470.729058244,36470.729058244,36470.729058244,0.1698460178258217,0.1698460178258217,0.1698460178258217
779,780,9.87221063076155,0.008332156052083477,36526.682740154494,114.47143230542893,0.16973237097948723,0.003937630236493217,9.868146899236969,9.868146899236969,9.868146899236969,36470.729058244,36470.729058244,36470.729058244,0.1698460178258217,0.1698460178258217,0.1698460178258217
780,781,9.872148097929418,0.008284060713680303,36525.82447845601,113.81245313718956,0.16973589326320157,0.003934356933397971,9.868146899236969,9.868146899236969,9.868146899236969,36470.729058244,36470.729058244,36470.729058244,0.1698460178258217,0.1698460178258217,0.1698460178258217
781,782,9.872148097929418,0.008284060713680303,36525.82447845601,113.81245313718956,0.16973589326320157,0.003934356933397971,9.868146899236969,9.868146899236969,9.868146899236969,36470.729058244,36470.729058244,36470.729058244,0.1698460178258217,0.1698460178258217,0.1698460178258217
782,783,9.8721273287049,0.008268015085141408,36525.53253458033,113.57872852056765,0.16973900040770212,0.0039332155832017,9.868146899236969,9.868146899236969,9.868146899236969,36470.729058244,36470.729058244,36470.729058244,0.1698460178258217,0.1698460178258217,0.1698460178258217
783,784,9.872063644607582,0.008294934473998114,36525.00355127908,116.71958809831902,0.16995769682545997,0.004850350133380627,9.868146899236969,9.868146899236969,9.868146899236969,36470.729058244,36470.729058244,36470.729058244,0.1698460178258217,0.1698460178258217,0.1698460178258217
784,785,9.872044026648249,0.008202526681132822,36524.382329006155,112.66721077986945,0.169745629835917,0.0039287847828430155,9.868146899236969,9.868146899236969,9.868146899236969,36470.729058244,36470.729058244,36470.729058244,0.1698460178258217,0.1698460178258217,0.1698460178258217
785,786,9.872002263040637,0.008169032448654958,36523.81601118335,112.22226600189919,0.16974604497513082,0.003926643835151023,9.868146899236969,9.868146899236969,9.868146899236969,36470.729058244,36470.729058244,36470.729058244,0.1698460178258217,0.1698460178258217,0.1698460178258217
786,787,9.872002263040637,0.008169032448654958,36523.81601118335,112.22226600189919,0.16974604497513082,0.003926643835151023,9.868146899236969,9.868146899236969,9.868146899236969,36470.729058244,36470.729058244,36470.729058244,0.1698460178258217,0.1698460178258217,0.1698460178258217
787,788,9.87198126865754,0.008151918070665388,36523.54163723623,112.01612382294053,0.16974335296984408,0.003925651463628427,9.868146899236969,9.868146899236969,9.868146899236969,36470.729058244,36470.729058244,36470.729058244,0.1698460178258217,0.1698460178258217,0.1698460178258217
788,789,9.871960274274445,0.008134713503637427,36523.26726328911,111.80892828350494,0.1697406609645573,0.003924656994676295,9.868146899236969,9.868146899236969,9.868146899236969,36470.729058244,36470.729058244,36470.729058244,0.1698460178258217,0.1698460178258217,0.1698460178258217
789,790,9.871939505049927,0.008117892178584626,36522.975319413425,111.56431508567712,0.16974376810905786,0.00392350904708419,9.868146899236969,9.868146899236969,9.868146899236969,36470.729058244,36470.729058244,36470.729058244,0.1698460178258217,0.1698460178258217,0.1698460178258217
790,791,9.871897966600889,0.008083984446591395,36522.39143166206,111.0711705459051,0.16974998239805897,0.003921204757450142,9.868146899236969,9.868146899236969,9.868146899236969,36470.729058244,36470.729058244,36470.729058244,0.1698460178258217,0.1698460178258217,0.1698460178258217
791,792,9.871897966600889,0.008083984446591395,36522.39143166206,111.0711705459051,0.16974998239805897,0.003921204757450142,9.868146899236969,9.868146899236969,9.868146899236969,36470.729058244,36470.729058244,36470.729058244,0.1698460178258217,0.1698460178258217,0.1698460178258217
792,793,9.871897741442313,0.008083507296809237,36522.409001590626,111.10778268421744,0.16974418324827167,0.00392136541609346,9.868146899236969,9.868146899236969,9.868146899236969,36470.729058244,36470.729058244,36470.729058244,0.1698460178258217,0.1698460178258217,0.1698460178258217
793,794,9.871897516283736,0.008083030112588473,36522.42657151918,111.144379984614,0.16973838409848438,0.0039215174923671456,9.868146899236969,9.868146899236969,9.868146899236969,36470.729058244,36470.729058244,36470.729058244,0.1698460178258217,0.1698460178258217,0.1698460178258217
794,795,9.871897516283736,0.008083030112588473,36522.42657151918,111.144379984614,0.16973838409848438,0.0039215174923671456,9.868146899236969,9.868146899236969,9.868146899236969,36470.729058244,36470.729058244,36470.729058244,0.1698460178258217,0.1698460178258217,0.1698460178258217
795,796,9.871814214227086,0.008013642031743625,36521.276365945014,110.1803114112446,0.16974501352669927,0.003917074502796072,9.868146899236969,9.868146899236969,9.868146899236969,36470.729058244,36470.729058244,36470.729058244,0.1698460178258217,0.1698460178258217,0.1698460178258217
796,797,9.871793445002568,0.007996186662526007,36520.984422069334,109.92678708456687,0.1697481206711998,0.003915920878805643,9.868146899236969,9.868146899236969,9.868146899236969,36470.729058244,36470.729058244,36470.729058244,0.1698460178258217,0.1698460178258217,0.1698460178258217
797,798,9.871793445002568,0.007996186662526007,36520.984422069334,109.92678708456687,0.1697481206711998,0.003915920878805643,9.868146899236969,9.868146899236969,9.868146899236969,36470.729058244,36470.729058244,36470.729058244,0.1698460178258217,0.1698460178258217,0.1698460178258217
798,799,9.871772675778049,0.007978639041190881,36520.69247819365,109.67189955653842,0.16975122781570035,0.003914764448722672,9.868146899236969,9.868146899236969,9.868146899236969,36470.729058244,36470.729058244,36470.729058244,0.1698460178258217,0.1698460178258217,0.1698460178258217
799,800,9.871743632848842,0.007939053877018046,36520.3925739649,109.39362145379259,0.16969749274393575,0.0036078887141545992,9.868146899236969,9.868146899236969,9.868146899236969,36470.729058244,36470.729058244,36470.729058244,0.1698460178258217,0.1698460178258217,0.1698460178258217
800,801,9.87174318253169,0.007938073363997338,36520.42771382202,109.46859444448053,0.16968589444436116,0.003608059878293296,9.868146899236969,9.868146899236969,9.868146899236969,36470.729058244,36470.729058244,36470.729058244,0.1698460178258217,0.1698460178258217,0.1698460178258217
801,802,9.87172241330717,0.007920265192200036,36520.13576994634,109.21114937645893,0.16968900158886172,0.0036068583472356978,9.868146899236969,9.868146899236969,9.868146899236969,36470.729058244,36470.729058244,36470.729058244,0.1698460178258217,0.1698460178258217,0.1698460178258217
802,803,9.871680874858134,0.007884364052718256,36519.55188219498,108.69207752969893,0.16969521587786282,0.0036044460481868966,9.868146899236969,9.868146899236969,9.868146899236969,36470.729058244,36470.729058244,36470.729058244,0.1698460178258217,0.1698460178258217,0.1698460178258217
803,804,9.87165988047504,0.00786577261978807,36519.27750824786,108.4684414732426,0.16969252387257605,0.003603326970405474,9.868146899236969,9.868146899236969,9.868146899236969,36470.729058244,36470.729058244,36470.729058244,0.1698460178258217,0.1698460178258217,0.1698460178258217
804,805,9.871597572801484,0.007810901738922003,36518.40167662081,107.67535730550088,0.1697018453060777,0.003599691221902688,9.868146899236969,9.868146899236969,9.868146899236969,36470.729058244,36470.729058244,36470.729058244,0.1698460178258217,0.1698460178258217,0.1698460178258217
805,806,9.871610717002728,0.007884296767609243,36518.28534885133,108.01839886813207,0.16993104004211154,0.004585970215069704,9.868146899236969,9.868146899236969,9.868146899236969,36470.729058244,36470.729058244,36470.729058244,0.1698460178258217,0.1698460178258217,0.1698460178258217
806,807,9.871576803576966,0.007792414873151245,36518.10973274513,107.40810756660207,0.16970495245057823,0.0035984731236251774,9.868146899236969,9.868146899236969,9.868146899236969,36470.729058244,36470.729058244,36470.729058244,0.1698460178258217,0.1698460178258217,0.1698460178258217
807,808,9.871556034352446,0.007773828555747065,36517.81778886944,107.13939568971418,0.1697080595950788,0.0035972519290658977,9.868146899236969,9.868146899236969,9.868146899236969,36470.729058244,36470.729058244,36470.729058244,0.1698460178258217,0.1698460178258217,0.1698460178258217
808,809,9.871514495903408,0.007736354695055376,36517.233901118074,106.59754123259425,0.1697142738840799,0.0035948002384719223,9.868146899236969,9.868146899236969,9.868146899236969,36470.729058244,36470.729058244,36470.729058244,0.1698460178258217,0.1698460178258217,0.1698460178258217
809,810,9.871443914525166,0.007656304118321894,36516.35010913797,105.75043164424264,0.1696667531013164,0.0032546974550683714,9.868146899236969,9.868146899236969,9.868146899236969,36470.729058244,36470.729058244,36470.729058244,0.1698460178258217,0.1698460178258217,0.1698460178258217
810,811,9.871423145300646,0.007637025180393659,36516.058165262286,105.47262634442549,0.16966986024581696,0.00325338370401342,9.868146899236969,9.868146899236969,9.868146899236969,36470.729058244,36470.729058244,36470.729058244,0.1698460178258217,0.1698460178258217,0.1698460178258217
811,812,9.871402376076128,0.007617640824975052,36515.766221386606,105.19327716439325,0.1696729673903175,0.003252066453558065,9.868146899236969,9.868146899236969,9.868146899236969,36470.729058244,36470.729058244,36470.729058244,0.1698460178258217,0.1698460178258217,0.1698460178258217
812,813,9.871381381693032,0.007597627281493641,36515.49184743948,104.95229042331626,0.16967027538503074,0.0032508076494352747,9.868146899236969,9.868146899236969,9.868146899236969,36470.729058244,36470.729058244,36470.729058244,0.1698460178258217,0.1698460178258217,0.1698460178258217
813,814,9.871195502437956,0.007420186111702972,36512.99055732373,102.86562417268524,0.16970275756179576,0.003068402804483763,9.868146899236969,9.868146899236969,9.868146899236969,36470.729058244,36470.729058244,36470.729058244,0.1698460178258217,0.1698460178258217,0.1698460178258217
814,815,9.87115396398892,0.007378887694819178,36512.40666957236,102.27358017478687,0.16970897185079684,0.0030655389380413226,9.868146899236969,9.868146899236969,9.868146899236969,36470.729058244,36470.729058244,36470.729058244,0.1698460178258217,0.1698460178258217,0.1698460178258217
815,816,9.871277310411864,0.0074980088072248985,36514.049697989634,103.56547090917331,0.16968001195774618,0.003244258551754705,9.868146899236969,9.868146899236969,9.868146899236969,36470.729058244,36470.729058244,36470.729058244,0.1698460178258217,0.1698460178258217,0.1698460178258217
816,817,9.871111975222728,0.007336021959533185,36511.85792167812,101.75835569969688,0.16970358784022332,0.0030629284180654225,9.868146899236969,9.868146899236969,9.868146899236969,36470.729058244,36470.729058244,36470.729058244,0.1698460178258217,0.1698460178258217,0.1698460178258217
817,818,9.8710831574521,0.007290872209970756,36511.540447520805,101.39027086869805,0.16965565191824603,0.0026585193248143592,9.868146899236969,9.868146899236969,9.868146899236969,36470.729058244,36470.729058244,36470.729058244,0.1698460178258217,0.1698460178258217,0.1698460178258217
818,819,9.871041619003062,0.0072481932914091685,36510.956559769445,100.78115989338626,0.16966186620724713,0.002655323646311367,9.868146899236969,9.868146899236969,9.868146899236969,36470.729058244,36470.729058244,36470.729058244,0.1698460178258217,0.1698460178258217,0.1698460178258217
819,820,9.87097908617093,0.007182683355765439,36510.09829807096,99.89701450958891,0.16966538849096147,0.0026505608731574987,9.868146899236969,9.868146899236969,9.868146899236969,36470.729058244,36470.729058244,36470.729058244,0.1698460178258217,0.1698460178258217,0.1698460178258217
820,821,9.87097908617093,0.007182683355765439,36510.09829807096,99.89701450958891,0.16966538849096147,0.0026505608731574987,9.868146899236969,9.868146899236969,9.868146899236969,36470.729058244,36470.729058244,36470.729058244,0.1698460178258217,0.1698460178258217,0.1698460178258217
821,822,9.870916778497374,0.007116593977427599,36509.22246644392,98.95410248187623,0.16967470992446312,0.002645711711622366,9.868146899236969,9.868146899236969,9.868146899236969,36470.729058244,36470.729058244,36470.729058244,0.1698460178258217,0.1698460178258217,0.1698460178258217
822,823,9.870916778497374,0.007116593977427599,36509.22246644392,98.95410248187623,0.16967470992446312,0.002645711711622366,9.868146899236969,9.868146899236969,9.868146899236969,36470.729058244,36470.729058244,36470.729058244,0.1698460178258217,0.1698460178258217,0.1698460178258217
823,824,9.870916778497374,0.007116593977427599,36509.22246644392,98.95410248187623,0.16967470992446312,0.002645711711622366,9.868146899236969,9.868146899236969,9.868146899236969,36470.729058244,36470.729058244,36470.729058244,0.1698460178258217,0.1698460178258217,0.1698460178258217
824,825,9.870916778497374,0.007116593977427599,36509.22246644392,98.95410248187623,0.16967470992446312,0.002645711711622366,9.868146899236969,9.868146899236969,9.868146899236969,36470.729058244,36470.729058244,36470.729058244,0.1698460178258217,0.1698460178258217,0.1698460178258217
825,826,9.870916553338796,0.007116020916113293,36509.240036372474,98.99753330318678,0.16966891077467583,0.0026457848372461166,9.868146899236969,9.868146899236969,9.868146899236969,36470.729058244,36470.729058244,36470.729058244,0.1698460178258217,0.1698460178258217,0.1698460178258217
826,827,9.870916553338796,0.007116020916113293,36509.240036372474,98.99753330318678,0.16966891077467583,0.0026457848372461166,9.868146899236969,9.868146899236969,9.868146899236969,36470.729058244,36470.729058244,36470.729058244,0.1698460178258217,0.1698460178258217,0.1698460178258217
827,828,9.870866966343648,0.0070461441843288775,36508.630618339484,98.29067967895593,0.16962408199719908,0.002162124380737969,9.868146899236969,9.868146899236969,9.868146899236969,36470.729058244,36470.729058244,36470.729058244,0.1698460178258217,0.1698460178258217,0.1698460178258217
828,829,9.870866966343648,0.0070461441843288775,36508.630618339484,98.29067967895593,0.16962408199719908,0.002162124380737969,9.868146899236969,9.868146899236969,9.868146899236969,36470.729058244,36470.729058244,36470.729058244,0.1698460178258217,0.1698460178258217,0.1698460178258217
829,830,9.870866966343648,0.0070461441843288775,36508.630618339484,98.29067967895593,0.16962408199719908,0.002162124380737969,9.868146899236969,9.868146899236969,9.868146899236969,36470.729058244,36470.729058244,36470.729058244,0.1698460178258217,0.1698460178258217,0.1698460178258217
830,831,9.87084619711913,0.007023485116909596,36508.33867446381,97.96872720758549,0.1696271891416996,0.002160207631193369,9.868146899236969,9.868146899236969,9.868146899236969,36470.729058244,36470.729058244,36470.729058244,0.1698460178258217,0.1698460178258217,0.1698460178258217
831,832,9.870825202736034,0.00700010560559161,36508.06430051668,97.68906471277263,0.16962449713641287,0.002158255011475855,9.868146899236969,9.868146899236969,9.868146899236969,36470.729058244,36470.729058244,36470.729058244,0.1698460178258217,0.1698460178258217,0.1698460178258217
832,833,9.870783664286996,0.006954102157668223,36507.480412765326,97.03581384091815,0.16963071142541394,0.0021544072434072662,9.868146899236969,9.868146899236969,9.868146899236969,36470.729058244,36470.729058244,36470.729058244,0.1698460178258217,0.1698460178258217,0.1698460178258217
833,834,9.87072135661344,0.006884050690091948,36506.60458113828,96.04095170467993,0.1696400328589156,0.0021485889716437315,9.868146899236969,9.868146899236969,9.868146899236969,36470.729058244,36470.729058244,36470.729058244,0.1698460178258217,0.1698460178258217,0.1698460178258217
834,835,9.870679818164405,0.006836635504388404,36506.02069338691,95.36747654794448,0.16964624714791668,0.002144678847290469,9.868146899236969,9.868146899236969,9.868146899236969,36470.729058244,36470.729058244,36470.729058244,0.1698460178258217,0.1698460178258217,0.1698460178258217
835,836,9.870637829398214,0.006787414971955964,36505.47194549267,94.77776508280466,0.1696408631373432,0.0021407880443036283,9.868146899236969,9.868146899236969,9.868146899236969,36470.729058244,36470.729058244,36470.729058244,0.1698460178258217,0.1698460178258217,0.1698460178258217
836,837,9.870617060173696,0.006763185590333927,36505.18000161699,94.43407352554836,0.16964397028184375,0.002138827795747768,9.868146899236969,9.868146899236969,9.868146899236969,36470.729058244,36470.729058244,36470.729058244,0.1698460178258217,0.1698460178258217,0.1698460178258217
837,838,9.870617060173696,0.006763185590333927,36505.18000161699,94.43407352554836,0.16964397028184375,0.002138827795747768,9.868146899236969,9.868146899236969,9.868146899236969,36470.729058244,36470.729058244,36470.729058244,0.1698460178258217,0.1698460178258217,0.1698460178258217
838,839,9.870596290949177,0.006738805082185917,36504.88805774131,94.08822066928963,0.16964707742634427,0.002136861230964534,9.868146899236969,9.868146899236969,9.868146899236969,36470.729058244,36470.729058244,36470.729058244,0.1698460178258217,0.1698460178258217,0.1698460178258217
839,840,9.870588242403066,0.006712060341202489,36504.86252745968,94.01477639532351,0.16959603435986645,0.0015016867851945616,9.868146899236969,9.868146899236969,9.868146899236969,36470.729058244,36470.729058244,36470.729058244,0.1698460178258217,0.1698460178258217,0.1698460178258217
840,841,9.870588242403066,0.006712060341202489,36504.86252745968,94.01477639532351,0.16959603435986645,0.0015016867851945616,9.868146899236969,9.868146899236969,9.868146899236969,36470.729058244,36470.729058244,36470.729058244,0.1698460178258217,0.1698460178258217,0.1698460178258217
841,842,9.870865247102328,0.0070412864580656175,36508.55712335979,97.88111427600941,0.1696021666715771,0.002397482786302264,9.868146899236969,9.868146899236969,9.868146899236969,36470.729058244,36470.729058244,36470.729058244,0.1698460178258217,0.1698460178258217,0.1698460178258217
842,843,9.870567248019972,0.006686782344720608,36504.58815351256,93.71313945277932,0.1695933423545797,0.0014988205856098138,9.868146899236969,9.868146899236969,9.868146899236969,36470.729058244,36470.729058244,36470.729058244,0.1698460178258217,0.1698460178258217,0.1698460178258217
843,844,9.870567248019972,0.006686782344720608,36504.58815351256,93.71313945277932,0.1695933423545797,0.0014988205856098138,9.868146899236969,9.868146899236969,9.868146899236969,36470.729058244,36470.729058244,36470.729058244,0.1698460178258217,0.1698460178258217,0.1698460178258217
844,845,9.870546253636876,0.0066613422595711205,36504.31377956544,93.4097225635733,0.16959065034929297,0.001495944050117712,9.868146899236969,9.868146899236969,9.868146899236969,36470.729058244,36470.729058244,36470.729058244,0.1698460178258217,0.1698460178258217,0.1698460178258217
845,846,9.870546253636876,0.0066613422595711205,36504.31377956544,93.4097225635733,0.16959065034929297,0.001495944050117712,9.868146899236969,9.868146899236969,9.868146899236969,36470.729058244,36470.729058244,36470.729058244,0.1698460178258217,0.1698460178258217,0.1698460178258217
846,847,9.870546253636876,0.0066613422595711205,36504.31377956544,93.4097225635733,0.16959065034929297,0.001495944050117712,9.868146899236969,9.868146899236969,9.868146899236969,36470.729058244,36470.729058244,36470.729058244,0.1698460178258217,0.1698460178258217,0.1698460178258217
847,848,9.870546253636876,0.0066613422595711205,36504.31377956544,93.4097225635733,0.16959065034929297,0.001495944050117712,9.868146899236969,9.868146899236969,9.868146899236969,36470.729058244,36470.729058244,36470.729058244,0.1698460178258217,0.1698460178258217,0.1698460178258217
848,849,9.870546028478298,0.006660717505228009,36504.331349493994,93.45665285083346,0.16958485119950567,0.0014957475044048583,9.868146899236969,9.868146899236969,9.868146899236969,36470.729058244,36470.729058244,36470.729058244,0.1698460178258217,0.1698460178258217,0.1698460178258217
849,850,9.870546028478298,0.006660717505228009,36504.331349493994,93.45665285083346,0.16958485119950567,0.0014957475044048583,9.868146899236969,9.868146899236969,9.868146899236969,36470.729058244,36470.729058244,36470.729058244,0.1698460178258217,0.1698460178258217,0.1698460178258217
850,851,9.870504490029262,0.006610599298319832,36503.747461742634,92.75010790633654,0.16959106548850675,0.0014903553990366645,9.868146899236969,9.868146899236969,9.868146899236969,36470.729058244,36470.729058244,36470.729058244,0.1698460178258217,0.1698460178258217,0.1698460178258217
851,852,9.870462951580224,0.006559835180547273,36503.16357399127,92.03443497615751,0.16959727977750785,0.001484917707876949,9.868146899236969,9.868146899236969,9.868146899236969,36470.729058244,36470.729058244,36470.729058244,0.1698460178258217,0.1698460178258217,0.1698460178258217
852,853,9.870442182355706,0.006534206208131472,36502.87163011558,91.6731088164499,0.1696003869220084,0.0014821816110011912,9.868146899236969,9.868146899236969,9.868146899236969,36470.729058244,36470.729058244,36470.729058244,0.1698460178258217,0.1698460178258217,0.1698460178258217
853,854,9.870421413131186,0.006508410038054445,36502.57968623991,91.30941942818205,0.16960349406650893,0.0014794339282711302,9.868146899236969,9.868146899236969,9.868146899236969,36470.729058244,36470.729058244,36470.729058244,0.1698460178258217,0.1698460178258217,0.1698460178258217
854,855,9.870400643906668,0.006482444674282815,36502.28774236423,90.94333845916138,0.16960660121100948,0.0014766745950125625,9.868146899236969,9.868146899236969,9.868146899236969,36470.729058244,36470.729058244,36470.729058244,0.1698460178258217,0.1698460178258217,0.1698460178258217
855,856,9.870628962245089,0.006758241338154651,36505.302640517104,94.09192410298037,0.16959110134439256,0.0018290984510872543,9.868146899236969,9.868146899236969,9.868146899236969,36470.729058244,36470.729058244,36470.729058244,0.1698460178258217,0.1698460178258217,0.1698460178258217
856,857,9.870400643906668,0.006482444674282815,36502.28774236423,90.94333845916138,0.16960660121100948,0.0014766745950125625,9.868146899236969,9.868146899236969,9.868146899236969,36470.729058244,36470.729058244,36470.729058244,0.1698460178258217,0.1698460178258217,0.1698460178258217
857,858,9.87037987468215,0.006456308075475736,36501.99579848854,90.57483691086834,0.16960970835551004,0.001473903545791715,9.868146899236969,9.868146899236969,9.868146899236969,36470.729058244,36470.729058244,36470.729058244,0.1698460178258217,0.1698460178258217,0.1698460178258217
858,859,9.870359105457633,0.006429998153529639,36501.70385461287,90.20388511760518,0.1696128155000106,0.0014711207144029233,9.868146899236969,9.868146899236969,9.868146899236969,36470.729058244,36470.729058244,36470.729058244,0.1698460178258217,0.1698460178258217,0.1698460178258217
859,860,9.870338336233113,0.006403512772062043,36501.41191073718,89.8304527247678,0.16961592264451114,0.0014683260338560534,9.868146899236969,9.868146899236969,9.868146899236969,36470.729058244,36470.729058244,36470.729058244,0.1698460178258217,0.1698460178258217,0.1698460178258217
860,861,9.870573802483335,0.006709099105814302,36504.52261888594,93.3074681944449,0.16962826924522284,0.0023731907124960546,9.868146899236969,9.868146899236969,9.868146899236969,36470.729058244,36470.729058244,36470.729058244,0.1698460178258217,0.1698460178258217,0.1698460178258217
861,862,9.870338336233113,0.006403512772062043,36501.41191073718,89.8304527247678,0.16961592264451114,0.0014683260338560534,9.868146899236969,9.868146899236969,9.868146899236969,36470.729058244,36470.729058244,36470.729058244,0.1698460178258217,0.1698460178258217,0.1698460178258217
862,863,9.870544984712707,0.006657371277455069,36504.20514472863,92.8808384696984,0.16958033332324554,0.0018196174684557778,9.868146899236969,9.868146899236969,9.868146899236969,36470.729058244,36470.729058244,36470.729058244,0.1698460178258217,0.1698460178258217,0.1698460178258217
863,864,9.870536936166596,0.006630235782603231,36504.17961444701,92.80625085014945,0.16952929025676772,0.0009965346780494851,9.868146899236969,9.868146899236969,9.868146899236969,36470.729058244,36470.729058244,36470.729058244,0.1698460178258217,0.1698460178258217,0.1698460178258217
864,865,9.870296797784077,0.006350006834088714,36500.828022985814,89.07602114054433,0.16962213693351222,0.0014627008533278198,9.868146899236969,9.868146899236969,9.868146899236969,36470.729058244,36470.729058244,36470.729058244,0.1698460178258217,0.1698460178258217,0.1698460178258217
865,866,9.870474403334462,0.006553742613063769,36503.32135274853,91.78201746599179,0.16953281254048208,0.0009842482311037762,9.868146899236969,9.868146899236969,9.868146899236969,36470.729058244,36470.729058244,36470.729058244,0.1698460178258217,0.1698460178258217,0.1698460178258217
866,867,9.870474403334462,0.006553742613063769,36503.32135274853,91.78201746599179,0.16953281254048208,0.0009842482311037762,9.868146899236969,9.868146899236969,9.868146899236969,36470.729058244,36470.729058244,36470.729058244,0.1698460178258217,0.1698460178258217,0.1698460178258217
867,868,9.870412095660908,0.00647638947730984,36502.44552112148,90.68940783848996,0.1695421339739837,0.0009723855690752696,9.868146899236969,9.868146899236969,9.868146899236969,36470.729058244,36470.729058244,36470.729058244,0.1698460178258217,0.1698460178258217,0.1698460178258217
868,869,9.87037055721187,0.006423967569756746,36501.861633370114,89.94889117980303,0.16954834826298482,0.000964346010423461,9.868146899236969,9.868146899236969,9.868146899236969,36470.729058244,36470.729058244,36470.729058244,0.1698460178258217,0.1698460178258217,0.1698460178258217
869,870,9.87037055721187,0.006423967569756746,36501.861633370114,89.94889117980303,0.16954834826298482,0.000964346010423461,9.868146899236969,9.868146899236969,9.868146899236969,36470.729058244,36470.729058244,36470.729058244,0.1698460178258217,0.1698460178258217,0.1698460178258217
870,871,9.870349787987353,0.006397494399603915,36501.569689494434,89.57490996917856,0.16955145540748534,0.0009602859111825548,9.868146899236969,9.868146899236969,9.868146899236969,36470.729058244,36470.729058244,36470.729058244,0.1698460178258217,0.1698460178258217,0.1698460178258217
871,872,9.870287480313797,0.00631699960675552,36500.69385786738,88.43769635058942,0.169560776840987,0.0009479401823113796,9.868146899236969,9.868146899236969,9.868146899236969,36470.729058244,36470.729058244,36470.729058244,0.1698460178258217,0.1698460178258217,0.1698460178258217
872,873,9.870287480313797,0.00631699960675552,36500.69385786738,88.43769635058942,0.169560776840987,0.0009479401823113796,9.868146899236969,9.868146899236969,9.868146899236969,36470.729058244,36470.729058244,36470.729058244,0.1698460178258217,0.1698460178258217,0.1698460178258217
873,874,9.87024594186476,0.0062624172689733516,36500.10997011602,87.66649825755559,0.16956699112998808,0.000939568208161391,9.868146899236969,9.868146899236969,9.868146899236969,36470.729058244,36470.729058244,36470.729058244,0.1698460178258217,0.1698460178258217,0.1698460178258217
874,875,9.87024594186476,0.0062624172689733516,36500.10997011602,87.66649825755559,0.16956699112998808,0.000939568208161391,9.868146899236969,9.868146899236969,9.868146899236969,36470.729058244,36470.729058244,36470.729058244,0.1698460178258217,0.1698460178258217,0.1698460178258217
875,876,9.870245716706183,0.0062617419142356944,36500.12754004458,87.71734338591692,0.16956119198020078,0.0009391091560224432,9.868146899236969,9.868146899236969,9.868146899236969,36470.729058244,36470.729058244,36470.729058244,0.1698460178258217,0.1698460178258217,0.1698460178258217
876,877,9.870245716706183,0.0062617419142356944,36500.12754004458,87.71734338591692,0.16956119198020078,0.0009391091560224432,9.868146899236969,9.868146899236969,9.868146899236969,36470.729058244,36470.729058244,36470.729058244,0.1698460178258217,0.1698460178258217,0.1698460178258217
877,878,9.870224947481665,0.006234164047824685,36499.8355961689,87.32800974682044,0.16956429912470133,0.000934896783474315,9.868146899236969,9.868146899236969,9.868146899236969,36470.729058244,36470.729058244,36470.729058244,0.1698460178258217,0.1698460178258217,0.1698460178258217
878,879,9.870204178257147,0.00620639414060285,36499.54365229322,86.93595216908578,0.1695674062692019,0.0009306549714486893,9.868146899236969,9.868146899236969,9.868146899236969,36470.729058244,36470.729058244,36470.729058244,0.1698460178258217,0.1698460178258217,0.1698460178258217
879,880,9.870183409032629,0.006178429603099377,36499.251708417534,86.5411336319168,0.16957051341370244,0.0009263833155448163,9.868146899236969,9.868146899236969,9.868146899236969,36470.729058244,36470.729058244,36470.729058244,0.1698460178258217,0.1698460178258217,0.1698460178258217
880,881,9.87014187058359,0.006121905949965483,36498.667820666175,85.7430608530009,0.16957672770270352,0.0009177488022947316,9.868146899236969,9.868146899236969,9.868146899236969,36470.729058244,36470.729058244,36470.729058244,0.1698460178258217,0.1698460178258217,0.1698460178258217
881,882,9.870100332134552,0.006064571021473323,36498.0839329148,84.93347578412863,0.16958294199170462,0.0009089897942944374,9.868146899236969,9.868146899236969,9.868146899236969,36470.729058244,36470.729058244,36470.729058244,0.1698460178258217,0.1698460178258217,0.1698460178258217
882,883,9.870079562910034,0.006035592116732894,36497.79198903912,84.52426295011036,0.16958604913620517,0.0009045624766148644,9.868146899236969,9.868146899236969,9.868146899236969,36470.729058244,36470.729058244,36470.729058244,0.1698460178258217,0.1698460178258217,0.1698460178258217
883,884,9.870079562910034,0.006035592116732894,36497.79198903912,84.52426295011036,0.16958604913620517,0.0009045624766148644,9.868146899236969,9.868146899236969,9.868146899236969,36470.729058244,36470.729058244,36470.729058244,0.1698460178258217,0.1698460178258217,0.1698460178258217
884,885,9.870079562910034,0.006035592116732894,36497.79198903912,84.52426295011036,0.16958604913620517,0.0009045624766148644,9.868146899236969,9.868146899236969,9.868146899236969,36470.729058244,36470.729058244,36470.729058244,0.1698460178258217,0.1698460178258217,0.1698460178258217
885,886,9.870058793685516,0.006006401585247889,36497.50004516344,84.11204600586372,0.1695891562807057,0.0009001026571307828,9.868146899236969,9.868146899236969,9.868146899236969,36470.729058244,36470.729058244,36470.729058244,0.1698460178258217,0.1698460178258217,0.1698460178258217
886,887,9.870017255236478,0.0059473731551455454,36496.91615741207,83.27842102249248,0.16959537056970678,0.0008910835571599155,9.868146899236969,9.868146899236969,9.868146899236969,36470.729058244,36470.729058244,36470.729058244,0.1698460178258217,0.1698460178258217,0.1698460178258217
887,888,9.86999648601196,0.005917528798926402,36496.62421353639,82.85692051164688,0.16959847771420733,0.0008865232648009656,9.868146899236969,9.868146899236969,9.868146899236969,36470.729058244,36470.729058244,36470.729058244,0.1698460178258217,0.1698460178258217,0.1698460178258217
888,889,9.86989241473079,0.005764120671465697,36495.18206408654,80.75687512840997,0.16960821428692277,0.0008630091555282295,9.868146899236969,9.868146899236969,9.868146899236969,36470.729058244,36470.729058244,36470.729058244,0.1698460178258217,0.1698460178258217,0.1698460178258217
889,890,9.86989241473079,0.005764120671465697,36495.18206408654,80.75687512840997,0.16960821428692277,0.0008630091555282295,9.868146899236969,9.868146899236969,9.868146899236969,36470.729058244,36470.729058244,36470.729058244,0.1698460178258217,0.1698460178258217,0.1698460178258217
890,891,9.86987164550627,0.005732870229981862,36494.89012021086,80.31584048820604,0.1696113214314233,0.0008582532150522446,9.868146899236969,9.868146899236969,9.868146899236969,36470.729058244,36470.729058244,36470.729058244,0.1698460178258217,0.1698460178258217,0.1698460178258217
891,892,9.869850651123175,0.005700615419056437,36494.61574626374,79.9283192697182,0.16960862942613655,0.0008532765284022414,9.868146899236969,9.868146899236969,9.868146899236969,36470.729058244,36470.729058244,36470.729058244,0.1698460178258217,0.1698460178258217,0.1698460178258217
892,893,9.869809112674139,0.005636853001527103,36494.03185851238,79.02928022189872,0.16961484371513766,0.0008436136099436274,9.868146899236969,9.868146899236969,9.868146899236969,36470.729058244,36470.729058244,36470.729058244,0.1698460178258217,0.1698460178258217,0.1698460178258217
893,894,9.869734534639331,0.0055415653418615,36492.85447343415,77.1611755732415,0.16968991365919228,0.0017278665612836357,9.868146899236969,9.868146899236969,9.868146899236969,36470.729058244,36470.729058244,36470.729058244,0.1698460178258217,0.1698460178258217,0.1698460178258217
894,895,9.869809112674139,0.005636853001527103,36494.03185851238,79.02928022189872,0.16961484371513766,0.0008436136099436274,9.868146899236969,9.868146899236969,9.868146899236969,36470.729058244,36470.729058244,36470.729058244,0.1698460178258217,0.1698460178258217,0.1698460178258217
895,896,9.869746805000583,0.0055392494760373645,36493.15602688533,77.65297824718157,0.1696241651486393,0.0008288206929836007,9.868146899236969,9.868146899236969,9.868146899236969,36470.729058244,36470.729058244,36470.729058244,0.1698460178258217,0.1698460178258217,0.1698460178258217
896,897,9.869746805000583,0.0055392494760373645,36493.15602688533,77.65297824718157,0.1696241651486393,0.0008288206929836007,9.868146899236969,9.868146899236969,9.868146899236969,36470.729058244,36470.729058244,36470.729058244,0.1698460178258217,0.1698460178258217,0.1698460178258217
897,898,9.869746805000583,0.0055392494760373645,36493.15602688533,77.65297824718157,0.1696241651486393,0.0008288206929836007,9.868146899236969,9.868146899236969,9.868146899236969,36470.729058244,36470.729058244,36470.729058244,0.1698460178258217,0.1698460178258217,0.1698460178258217
898,899,9.869746805000583,0.0055392494760373645,36493.15602688533,77.65297824718157,0.1696241651486393,0.0008288206929836007,9.868146899236969,9.868146899236969,9.868146899236969,36470.729058244,36470.729058244,36470.729058244,0.1698460178258217,0.1698460178258217,0.1698460178258217
899,900,9.869726035776065,0.005506173836160355,36492.864083009656,77.18654937988234,0.16962727229313984,0.0008238072568721764,9.868146899236969,9.868146899236969,9.868146899236969,36470.729058244,36470.729058244,36470.729058244,0.1698460178258217,0.1698460178258217,0.1698460178258217
900,901,9.869705041392969,0.00547202443555142,36492.58970906253,76.7759963105673,0.1696245802878531,0.000818673640016622,9.868146899236969,9.868146899236969,9.868146899236969,36470.729058244,36470.729058244,36470.729058244,0.1698460178258217,0.1698460178258217,0.1698460178258217
901,902,9.869705041392969,0.00547202443555142,36492.58970906253,76.7759963105673,0.1696245802878531,0.000818673640016622,9.868146899236969,9.868146899236969,9.868146899236969,36470.729058244,36470.729058244,36470.729058244,0.1698460178258217,0.1698460178258217,0.1698460178258217
902,903,9.869663502943931,0.005404447263448679,36492.00582131117,75.82399728303992,0.16963079457685415,0.0008084747190165918,9.868146899236969,9.868146899236969,9.868146899236969,36470.729058244,36470.729058244,36470.729058244,0.1698460178258217,0.1698460178258217,0.1698460178258217
903,904,9.869621964494895,0.00533569097100152,36491.4219335598,74.85533827766905,0.16963700886585525,0.0007980970986943072,9.868146899236969,9.868146899236969,9.868146899236969,36470.729058244,36470.729058244,36470.729058244,0.1698460178258217,0.1698460178258217,0.1698460178258217
904,905,9.869568155684604,0.00526775794695813,36490.53649235726,73.34266778852583,0.16970897166540932,0.0017077126202211426,9.868146899236969,9.868146899236969,9.868146899236969,36470.729058244,36470.729058244,36470.729058244,0.1698460178258217,0.1698460178258217,0.1698460178258217
905,906,9.869621964494895,0.00533569097100152,36491.4219335598,74.85533827766905,0.16963700886585525,0.0007980970986943072,9.868146899236969,9.868146899236969,9.868146899236969,36470.729058244,36470.729058244,36470.729058244,0.1698460178258217,0.1698460178258217,0.1698460178258217
906,907,9.869601195270375,0.005300856347165092,36491.12998968413,74.36455827427156,0.1696401160103558,0.0007928390881705353,9.868146899236969,9.868146899236969,9.868146899236969,36470.729058244,36470.729058244,36470.729058244,0.1698460178258217,0.1698460178258217,0.1698460178258217
907,908,9.869580426045857,0.005265709369796204,36490.83804580844,73.86936390370303,0.16964322315485633,0.0007875337147221103,9.868146899236969,9.868146899236969,9.868146899236969,36470.729058244,36470.729058244,36470.729058244,0.1698460178258217,0.1698460178258217,0.1698460178258217
908,909,9.869310876444269,0.00477901342082265,36487.007635567454,66.84426641256039,0.16969521433293805,0.0007129319165589848,9.868146899236969,9.868146899236969,9.868146899236969,36470.729058244,36470.729058244,36470.729058244,0.1698460178258217,0.1698460178258217,0.1698460178258217
909,910,9.86955965682134,0.0052302437418981175,36490.546101932756,73.36966578426521,0.16964633029935688,0.0007821800145893733,9.868146899236969,9.868146899236969,9.868146899236969,36470.729058244,36470.729058244,36470.729058244,0.1698460178258217,0.1698460178258217,0.1698460178258217
910,911,9.86929010721975,0.004738726309518127,36486.71569169178,66.27476409892398,0.16969832147743857,0.0007067850117549087,9.868146899236969,9.868146899236969,9.868146899236969,36470.729058244,36470.729058244,36470.729058244,0.1698460178258217,0.1698460178258217,0.1698460178258217
911,912,9.869269112836655,0.004697054826542637,36486.44131774465,65.77051500396345,0.16969562947215183,0.0007010675536520675,9.868146899236969,9.868146899236969,9.868146899236969,36470.729058244,36470.729058244,36470.729058244,0.1698460178258217,0.1698460178258217,0.1698460178258217
912,913,9.86953888759682,0.005194452936623365,36490.254158057076,72.86537125822359,0.16964943744385744,0.0007767769885418617,9.868146899236969,9.868146899236969,9.868146899236969,36470.729058244,36470.729058244,36470.729058244,0.1698460178258217,0.1698460178258217,0.1698460178258217
913,914,9.869206805163099,0.004572111631764286,36485.56548611761,64.00642523068278,0.16970495090565346,0.0006820919695287563,9.868146899236969,9.868146899236969,9.868146899236969,36470.729058244,36470.729058244,36470.729058244,0.1698460178258217,0.1698460178258217,0.1698460178258217
914,915,9.869206805163099,0.004572111631764286,36485.56548611761,64.00642523068278,0.16970495090565346,0.0006820919695287563,9.868146899236969,9.868146899236969,9.868146899236969,36470.729058244,36470.729058244,36470.729058244,0.1698460178258217,0.1698460178258217,0.1698460178258217
915,916,9.869165266714063,0.004486402974873572,36484.98159836625,62.79605648309803,0.16971116519465457,0.000669070552956931,9.868146899236969,9.868146899236969,9.868146899236969,36470.729058244,36470.729058244,36470.729058244,0.1698460178258217,0.1698460178258217,0.1698460178258217
916,917,9.869123277947873,0.004396594175172286,36484.432850472,61.709995645909984,0.16970578118408108,0.0006570239998298158,9.868146899236969,9.868146899236969,9.868146899236969,36470.729058244,36470.729058244,36470.729058244,0.1698460178258217,0.1698460178258217,0.1698460178258217
917,918,9.869102508723353,0.004351873797652351,36484.14090659632,61.08034529431932,0.1697088883285816,0.0006502983977209654,9.868146899236969,9.868146899236969,9.868146899236969,36470.729058244,36470.729058244,36470.729058244,0.1698460178258217,0.1698460178258217,0.1698460178258217
918,919,9.869102508723353,0.004351873797652351,36484.14090659632,61.08034529431932,0.1697088883285816,0.0006502983977209654,9.868146899236969,9.868146899236969,9.868146899236969,36470.729058244,36470.729058244,36470.729058244,0.1698460178258217,0.1698460178258217,0.1698460178258217
919,920,9.869081739498835,0.004306588909897613,36483.84896272064,60.44272609235317,0.16971199547308216,0.0006434875034611356,9.868146899236969,9.868146899236969,9.868146899236969,36470.729058244,36470.729058244,36470.729058244,0.1698460178258217,0.1698460178258217,0.1698460178258217
920,921,9.869081739498835,0.004306588909897613,36483.84896272064,60.44272609235317,0.16971199547308216,0.0006434875034611356,9.868146899236969,9.868146899236969,9.868146899236969,36470.729058244,36470.729058244,36470.729058244,0.1698460178258217,0.1698460178258217,0.1698460178258217
921,922,9.869081739498835,0.004306588909897613,36483.84896272064,60.44272609235317,0.16971199547308216,0.0006434875034611356,9.868146899236969,9.868146899236969,9.868146899236969,36470.729058244,36470.729058244,36470.729058244,0.1698460178258217,0.1698460178258217,0.1698460178258217
922,923,9.869040201049797,0.004214252585103378,36483.26507496928,59.14254697356083,0.16971820976208324,0.0006295987318072852,9.868146899236969,9.868146899236969,9.868146899236969,36470.729058244,36470.729058244,36470.729058244,0.1698460178258217,0.1698460178258217,0.1698460178258217
923,924,9.869040201049797,0.004214252585103378,36483.26507496928,59.14254697356083,0.16971820976208324,0.0006295987318072852,9.868146899236969,9.868146899236969,9.868146899236969,36470.729058244,36470.729058244,36470.729058244,0.1698460178258217,0.1698460178258217,0.1698460178258217
924,925,9.869019431825278,0.004167162004900686,36482.9731310936,58.479432549936035,0.1697213169065838,0.0006225148978489175,9.868146899236969,9.868146899236969,9.868146899236969,36470.729058244,36470.729058244,36470.729058244,0.1698460178258217,0.1698460178258217,0.1698460178258217
925,926,9.868977893376242,0.004071029311984876,36482.38924334224,57.12564206806399,0.16972753119558487,0.0006080520881167813,9.868146899236969,9.868146899236969,9.868146899236969,36470.729058244,36470.729058244,36470.729058244,0.1698460178258217,0.1698460178258217,0.1698460178258217
926,927,9.868957124151722,0.004021940553881275,36482.09729946655,56.43430484352529,0.16973063834008542,0.0006006660059733703,9.868146899236969,9.868146899236969,9.868146899236969,36470.729058244,36470.729058244,36470.729058244,0.1698460178258217,0.1698460178258217,0.1698460178258217
927,928,9.868936354927204,0.0039721366111320185,36481.80535559086,55.73286357439589,0.16973374548458597,0.0005931716875466405,9.868146899236969,9.868146899236969,9.868146899236969,36470.729058244,36470.729058244,36470.729058244,0.1698460178258217,0.1698460178258217,0.1698460178258217
928,929,9.868915585702686,0.0039215902354353275,36481.51341171519,55.02093182398327,0.16973685262908653,0.0005855649770844932,9.868146899236969,9.868146899236969,9.868146899236969,36470.729058244,36470.729058244,36470.729058244,0.1698460178258217,0.1698460178258217,0.1698460178258217
929,930,9.868894816478166,0.003870272338021426,36481.2214678395,54.29809695471386,0.16973995977358705,0.0005778414360143295,9.868146899236969,9.868146899236969,9.868146899236969,36470.729058244,36470.729058244,36470.729058244,0.1698460178258217,0.1698460178258217,0.1698460178258217
930,931,9.868894816478166,0.003870272338021426,36481.2214678395,54.29809695471386,0.16973995977358705,0.0005778414360143295,9.868146899236969,9.868146899236969,9.868146899236969,36470.729058244,36470.729058244,36470.729058244,0.1698460178258217,0.1698460178258217,0.1698460178258217
931,932,9.868874047253648,0.003818151810087147,36480.92952396382,53.56391756186718,0.1697430669180876,0.0005699963151357622,9.868146899236969,9.868146899236969,9.868146899236969,36470.729058244,36470.729058244,36470.729058244,0.1698460178258217,0.1698460178258217,0.1698460178258217
932,933,9.868790970355574,0.0036009383678148915,36479.7617484611,50.5037460662824,0.1697554954960898,0.0005372922935445666,9.868146899236969,9.868146899236969,9.868146899236969,36470.729058244,36470.729058244,36470.729058244,0.1698460178258217,0.1698460178258217,0.1698460178258217
933,934,9.868769975972478,0.003542964294872677,36479.48737451398,49.801894467395215,0.16975280349080304,0.000530039145880412,9.868146899236969,9.868146899236969,9.868146899236969,36470.729058244,36470.729058244,36470.729058244,0.1698460178258217,0.1698460178258217,0.1698460178258217
934,935,9.86874920674796,0.003485209547240634,36479.19543063829,48.99006132227303,0.16975591063530357,0.000521398845115956,9.868146899236969,9.868146899236969,9.868146899236969,36470.729058244,36470.729058244,36470.729058244,0.1698460178258217,0.1698460178258217,0.1698460178258217
935,936,9.868707668298923,0.003366344695797484,36478.61154288693,47.31923026252421,0.16976212492430465,0.000503616271234163,9.868146899236969,9.868146899236969,9.868146899236969,36470.729058244,36470.729058244,36470.729058244,0.1698460178258217,0.1698460178258217,0.1698460178258217
936,937,9.868686899074405,0.003305113922429276,36478.31959901124,46.45853614888225,0.1697652320688052,0.0004944559455530238,9.868146899236969,9.868146899236969,9.868146899236969,36470.729058244,36470.729058244,36470.729058244,0.1698460178258217,0.1698460178258217,0.1698460178258217
937,938,9.868686899074405,0.003305113922429276,36478.31959901124,46.45853614888225,0.1697652320688052,0.0004944559455530238,9.868146899236969,9.868146899236969,9.868146899236969,36470.729058244,36470.729058244,36470.729058244,0.1698460178258217,0.1698460178258217,0.1698460178258217
938,939,9.868666129849887,0.0032425941386756392,36478.02765513556,45.579722981860264,0.16976833921330575,0.0004851027796660959,9.868146899236969,9.868146899236969,9.868146899236969,36470.729058244,36470.729058244,36470.729058244,0.1698460178258217,0.1698460178258217,0.1698460178258217
939,940,9.868645360625367,0.00317870928754694,36477.73571125988,44.68172166172811,0.1697714463578063,0.0004755453951968375,9.868146899236969,9.868146899236969,9.868146899236969,36470.729058244,36470.729058244,36470.729058244,0.1698460178258217,0.1698460178258217,0.1698460178258217
940,941,9.868645360625367,0.00317870928754694,36477.73571125988,44.68172166172811,0.1697714463578063,0.0004755453951968375,9.868146899236969,9.868146899236969,9.868146899236969,36470.729058244,36470.729058244,36470.729058244,0.1698460178258217,0.1698460178258217,0.1698460178258217
941,942,9.868624591400849,0.0031133753387483708,36477.4437673842,43.763351011503566,0.16977455350230686,0.00046577122093594995,9.868146899236969,9.868146899236969,9.868146899236969,36470.729058244,36470.729058244,36470.729058244,0.1698460178258217,0.1698460178258217,0.1698460178258217
942,943,9.86860382217633,0.003046499063472969,36477.15182350852,42.82330055475525,0.16977766064680738,0.0004557663095463728,9.868146899236969,9.868146899236969,9.868146899236969,36470.729058244,36470.729058244,36470.729058244,0.1698460178258217,0.1698460178258217,0.1698460178258217
943,944,9.86860382217633,0.003046499063472969,36477.15182350852,42.82330055475525,0.16977766064680738,0.0004557663095463728,9.868146899236969,9.868146899236969,9.868146899236969,36470.729058244,36470.729058244,36470.729058244,0.1698460178258217,0.1698460178258217,0.1698460178258217
944,945,9.86860382217633,0.003046499063472969,36477.15182350852,42.82330055475525,0.16977766064680738,0.0004557663095463728,9.868146899236969,9.868146899236969,9.868146899236969,36470.729058244,36470.729058244,36470.729058244,0.1698460178258217,0.1698460178258217,0.1698460178258217
945,946,9.86872843752344,0.0034263555653547785,36478.9034867626,48.16277672358059,0.16975901777980415,0.0005125940952810269,9.868146899236969,9.868146899236969,9.868146899236969,36470.729058244,36470.729058244,36470.729058244,0.1698460178258217,0.1698460178258217,0.1698460178258217
946,947,9.868562283727293,0.0029076914326058296,36476.56793575714,40.87214259538247,0.1697838749358085,0.00043500023007642824,9.868146899236969,9.868146899236969,9.868146899236969,36470.729058244,36470.729058244,36470.729058244,0.1698460178258217,0.1698460178258217,0.1698460178258217
947,948,9.868562283727293,0.0029076914326058296,36476.56793575714,40.87214259538247,0.1697838749358085,0.00043500023007642824,9.868146899236969,9.868146899236969,9.868146899236969,36470.729058244,36470.729058244,36470.729058244,0.1698460178258217,0.1698460178258217,0.1698460178258217
948,949,9.868562283727293,0.0029076914326058296,36476.56793575714,40.87214259538247,0.1697838749358085,0.00043500023007642824,9.868146899236969,9.868146899236969,9.868146899236969,36470.729058244,36470.729058244,36470.729058244,0.1698460178258217,0.1698460178258217,0.1698460178258217
949,950,9.868562283727293,0.0029076914326058296,36476.56793575714,40.87214259538247,0.1697838749358085,0.00043500023007642824,9.868146899236969,9.868146899236969,9.868146899236969,36470.729058244,36470.729058244,36470.729058244,0.1698460178258217,0.1698460178258217,0.1698460178258217
950,951,9.868666129849887,0.0032425941386756392,36478.027655135564,45.579722981860264,0.16976833921330575,0.0004851027796660959,9.868146899236969,9.868146899236969,9.868146899236969,36470.729058244,36470.729058244,36470.729058244,0.1698460178258217,0.1698460178258217,0.1698460178258217
951,952,9.868520745278255,0.0027612916371256716,36475.98404800578,38.81426490942822,0.16979008922480957,0.0004130983377356933,9.868146899236969,9.868146899236969,9.868146899236969,36470.729058244,36470.729058244,36470.729058244,0.1698460178258217,0.1698460178258217,0.1698460178258217
952,953,9.868520745278255,0.0027612916371256716,36475.98404800578,38.81426490942822,0.16979008922480957,0.0004130983377356933,9.868146899236969,9.868146899236969,9.868146899236969,36470.729058244,36470.729058244,36470.729058244,0.1698460178258217,0.1698460178258217,0.1698460178258217
953,954,9.868520745278255,0.0027612916371256716,36475.98404800578,38.81426490942822,0.16979008922480957,0.0004130983377356933,9.868146899236969,9.868146899236969,9.868146899236969,36470.729058244,36470.729058244,36470.729058244,0.1698460178258217,0.1698460178258217,0.1698460178258217
954,955,9.868520745278255,0.0027612916371256716,36475.98404800578,38.81426490942822,0.16979008922480957,0.0004130983377356933,9.868146899236969,9.868146899236969,9.868146899236969,36470.729058244,36470.729058244,36470.729058244,0.1698460178258217,0.1698460178258217,0.1698460178258217
955,956,9.868686899074405,0.0033051139224292755,36478.319599011236,46.45853614888226,0.16976523206880523,0.0004944559455530238,9.868146899236969,9.868146899236969,9.868146899236969,36470.729058244,36470.729058244,36470.729058244,0.1698460178258217,0.1698460178258217,0.1698460178258217
956,957,9.868645360625367,0.00317870928754694,36477.73571125987,44.68172166172811,0.16977144635780633,0.0004755453951968375,9.868146899236969,9.868146899236969,9.868146899236969,36470.729058244,36470.729058244,36470.729058244,0.1698460178258217,0.1698460178258217,0.1698460178258217
957,958,9.868479206829218,0.0026060204638057183,36475.40016025442,36.63168615787271,0.16979630351381067,0.0003898692580056319,9.868146899236969,9.868146899236969,9.868146899236969,36470.729058244,36470.729058244,36470.729058244,0.1698460178258217,0.1698460178258217,0.1698460178258217
958,959,9.868416899155662,0.002352613222830856,36474.524328627376,33.06965176464794,0.1698056249473123,0.0003519586988276556,9.868146899236969,9.868146899236969,9.868146899236969,36470.729058244,36470.729058244,36470.729058244,0.1698460178258217,0.1698460178258217,0.1698460178258217
959,960,9.868520745278255,0.002761291637125672,36475.98404800578,38.81426490942822,0.1697900892248096,0.0004130983377356933,9.868146899236969,9.868146899236969,9.868146899236969,36470.729058244,36470.729058244,36470.729058244,0.1698460178258217,0.1698460178258217,0.1698460178258217
960,961,9.868499976053737,0.0026848591103080764,36475.692104130096,37.739886417961365,0.16979319636931015,0.0004016637795916812,9.868146899236969,9.868146899236969,9.868146899236969,36470.729058244,36470.729058244,36470.729058244,0.1698460178258217,0.1698460178258217,0.1698460178258217
961,962,9.868396129931144,0.002261462426464708,36474.2323847517,31.78838501640115,0.16980873209181285,0.00033832223900723035,9.868146899236969,9.868146899236969,9.868146899236969,36470.729058244,36470.729058244,36470.729058244,0.1698460178258217,0.1698460178258217,0.1698460178258217
962,963,9.86847920682922,0.002606020463805717,36475.400160254416,36.6316861578727,0.1697963035138107,0.00038986925800563193,9.868146899236969,9.868146899236969,9.868146899236969,36470.729058244,36470.729058244,36470.729058244,0.1698460178258217,0.1698460178258217,0.1698460178258217
963,964,9.868458437604701,0.0025245502870748786,36475.108216378736,35.486495632057625,0.16979941065831125,0.00037768105081663106,9.868146899236969,9.868146899236969,9.868146899236969,36470.729058244,36470.729058244,36470.729058244,0.1698460178258217,0.1698460178258217,0.1698460178258217
964,965,9.868458437604701,0.0025245502870748786,36475.108216378736,35.486495632057625,0.16979941065831125,0.00037768105081663106,9.868146899236969,9.868146899236969,9.868146899236969,36470.729058244,36470.729058244,36470.729058244,0.1698460178258217,0.1698460178258217,0.1698460178258217
965,966,9.868437668380182,0.0024401850185572656,36474.816272503056,34.30061007134001,0.1698025178028118,0.0003650597283461336,9.868146899236969,9.868146899236969,9.868146899236969,36470.729058244,36470.729058244,36470.729058244,0.1698460178258217,0.1698460178258217,0.1698460178258217
966,967,9.868416899155664,0.0023526132228308566,36474.52432862737,33.06965176464794,0.1698056249473123,0.0003519586988276556,9.868146899236969,9.868146899236969,9.868146899236969,36470.729058244,36470.729058244,36470.729058244,0.1698460178258217,0.1698460178258217,0.1698460178258217
967,968,9.868416899155664,0.0023526132228308566,36474.52432862737,33.06965176464794,0.1698056249473123,0.0003519586988276556,9.868146899236969,9.868146899236969,9.868146899236969,36470.729058244,36470.729058244,36470.729058244,0.1698460178258217,0.1698460178258217,0.1698460178258217
968,969,9.868396129931146,0.002261462426464708,36474.23238475169,31.78838501640115,0.16980873209181285,0.00033832223900723035,9.868146899236969,9.868146899236969,9.868146899236969,36470.729058244,36470.729058244,36470.729058244,0.1698460178258217,0.1698460178258217,0.1698460178258217
969,970,9.868375360706626,0.002166280894761917,36473.94044087602,30.450459990183017,0.1698118392363134,0.0003240827678840392,9.868146899236969,9.868146899236969,9.868146899236969,36470.729058244,36470.729058244,36470.729058244,0.1698460178258217,0.1698460178258217,0.1698460178258217
970,971,9.868354591482108,0.0020665117474466792,36473.64849700033,29.048048864311376,0.16981494638081396,0.000309156974331811,9.868146899236969,9.868146899236969,9.868146899236969,36470.729058244,36470.729058244,36470.729058244,0.1698460178258217,0.1698460178258217,0.1698460178258217
971,972,9.86833382225759,0.001961455064049532,36473.35655312464,27.57131316386671,0.16981805352531448,0.0002934401479394487,9.868146899236969,9.868146899236969,9.868146899236969,36470.729058244,36470.729058244,36470.729058244,0.1698460178258217,0.1698460178258217,0.1698460178258217
972,973,9.868292283808552,0.001731585440012645,36472.77266537328,24.34013672381277,0.1698242678143156,0.0002590508939002002,9.868146899236969,9.868146899236969,9.868146899236969,36470.729058244,36470.729058244,36470.729058244,0.1698460178258217,0.1698460178258217,0.1698460178258217
973,974,9.868271514584032,0.0016039436205464292,36472.4807214976,22.545931675830122,0.16982737495881614,0.00023995525664909816,9.868146899236969,9.868146899236969,9.868146899236969,36470.729058244,36470.729058244,36470.729058244,0.1698460178258217,0.1698460178258217,0.1698460178258217
974,975,9.868209206910477,0.00113586962946006,36471.604889870556,15.966420970415708,0.16983669639231777,0.00016992984352165084,9.868146899236969,9.868146899236969,9.868146899236969,36470.729058244,36470.729058244,36470.729058244,0.1698460178258217,0.1698460178258217,0.1698460178258217
975,976,9.868167668461439,0.0006564520747301007,36471.02100211919,9.22745876833229,0.16984291068131888,9.820739585349701e-05,9.868146899236969,9.868146899236969,9.868146899236969,36470.729058244,36470.729058244,36470.729058244,0.1698460178258217,0.1698460178258217,0.1698460178258217
976,977,9.86814689923692,3.552713678800501e-15,36470.729058243516,7.275957614183426e-12,0.16984601782581943,5.551115123125783e-17,9.868146899236969,9.868146899236969,9.868146899236969,36470.729058244,36470.729058244,36470.729058244,0.1698460178258217,0.1698460178258217,0.1698460178258217
