,min_xray_0+xray_1,avg_min_xray_0+xray_1,xray_0+xray_1_min_0_r_free_0,xray_0+xray_1_min_0_r_free_1,xray_0+xray_1_min_0_rmsd_avg_0,xray_0+xray_1_min_0_rmsd_avg_1,xray_0+xray_1_min_0_pdb
0,4.177996459717059,4.865334805028738,0.1510052823160816,0.1396081845294399,0.0399242690478956,0.0349864625668754,/wynton/group/sali/mhancock/xray/sample_bench/out/3ca7/111_synth_2_xray/0/output_224/pdbs/237.pdb
1,4.350866375220145,4.79352197492303,0.1863315395184072,0.1538087933810927,0.1009657360070557,0.0374057000140649,/wynton/group/sali/mhancock/xray/sample_bench/out/3ca7/111_synth_2_xray/1/output_741/pdbs/210.pdb
2,4.361515094029304,4.869594743539379,0.1643294686609778,0.1586826095545863,0.1767742572980067,0.0548267834434029,/wynton/group/sali/mhancock/xray/sample_bench/out/3ca7/111_synth_2_xray/2/output_738/pdbs/264.pdb
3,4.4198791618843485,4.951997348850537,0.1372249289760116,0.2634027575875518,0.1967891970221293,0.2838488368521165,/wynton/group/sali/mhancock/xray/sample_bench/out/3ca7/111_synth_2_xray/3/output_936/pdbs/278.pdb
4,4.369021002965039,4.747576663755833,0.1719071780718006,0.1729030384494309,0.1570889298955949,0.1543555234476581,/wynton/group/sali/mhancock/xray/sample_bench/out/3ca7/111_synth_2_xray/4/output_202/pdbs/260.pdb
5,4.83866337736165,5.102468223107525,0.2687448612419436,0.2360667215296186,0.3959046665811188,0.2739896055273786,/wynton/group/sali/mhancock/xray/sample_bench/out/3ca7/111_synth_2_xray/5/output_22/pdbs/256.pdb
6,4.993248894801152,5.302636799783093,0.3306942982520461,0.1962004095514566,0.4219255980269257,0.144791716871236,/wynton/group/sali/mhancock/xray/sample_bench/out/3ca7/111_synth_2_xray/6/output_188/pdbs/310.pdb
7,4.8985931515200525,5.486351446820025,0.1692971309578138,0.3304460000210392,0.2311404260989623,0.506980425917021,/wynton/group/sali/mhancock/xray/sample_bench/out/3ca7/111_synth_2_xray/7/output_36/pdbs/246.pdb
8,6.05091218141317,6.27423681312772,0.4205135930015343,0.5377424713455595,0.4357143614841449,1.185394417141282,/wynton/group/sali/mhancock/xray/sample_bench/out/3ca7/111_synth_2_xray/8/output_195/pdbs/40.pdb
