,pdb,ff,rmsd,w_0_0,w_0_1,w_1_0,w_1_1,xray_native_5_0,r_free_native_5_0,r_work_native_5_0,xray_native_5_1,r_free_native_5_1,r_work_native_5_1
0,/wynton/group/sali/mhancock/xray/sample_bench/out/266_decoys/0/output_178/pdbs/11.pdb,681.770276191291,0.14545287215007033,0.6166525404546669,0.2675051730356286,0.3833474595453331,0.7324948269643713,5.119596312727035,0.19934543467130794,0.2013544635210335,5.067772036832696,0.18873784973533408,0.19066527328841398
1,/wynton/group/sali/mhancock/xray/sample_bench/out/266_decoys/0/output_50/pdbs/15.pdb,566.9043010340006,0.19928974196404073,0.993388671076311,0.5715300078103351,0.006611328923689,0.4284699921896648,5.3522767822157,0.2578971541514824,0.263670303008293,5.308761118765863,0.2520869200539006,0.25345860164423806
2,/wynton/group/sali/mhancock/xray/sample_bench/out/266_decoys/0/output_127/pdbs/2.pdb,3772.156810414332,0.05375838596785737,0.7008728105651443,0.1720787002530748,0.2991271894348557,0.8279212997469252,4.308397606063595,0.08440819862485831,0.0887302680471893,4.301527475843042,0.08900150398878039,0.08732018147668391
3,/wynton/group/sali/mhancock/xray/sample_bench/out/266_decoys/0/output_240/pdbs/13.pdb,917.4178005676888,0.17060847527519507,0.5880341068813294,0.6384399126040301,0.4119658931186705,0.3615600873959698,5.234495531437544,0.22818118154126205,0.2292447076641664,5.250828225696966,0.23784872888076095,0.23724544678725282
4,/wynton/group/sali/mhancock/xray/sample_bench/out/266_decoys/0/output_110/pdbs/11.pdb,681.2212366780716,0.14288506445756632,0.7056245895059146,0.5457149143217893,0.2943754104940854,0.4542850856782107,5.113906605629208,0.19628022932802125,0.2000341354987569,5.122526805118066,0.20710491656496208,0.20530104249589995
5,/wynton/group/sali/mhancock/xray/sample_bench/out/266_decoys/0/output_37/pdbs/5.pdb,1637.2609108806519,0.09336879851106743,0.6709188009283455,0.5685486449103807,0.3290811990716544,0.4314513550896193,4.689695355353829,0.12178281566211392,0.1286984897307874,4.785475774853121,0.14817885216212165,0.14644616329990928
6,/wynton/group/sali/mhancock/xray/sample_bench/out/266_decoys/0/output_183/pdbs/3.pdb,4684.485390800942,0.13912665913945882,0.1392384291600091,0.5446060438598731,0.8607615708399909,0.4553939561401268,5.2333947309584135,0.22838114071723406,0.23873151400199985,4.628198463514502,0.1277554608473609,0.12362226916774423
7,/wynton/group/sali/mhancock/xray/sample_bench/out/266_decoys/0/output_193/pdbs/14.pdb,584.9036259170357,0.1877719162102483,0.5801513619187111,0.6268095377160114,0.4198486380812889,0.3731904622839886,5.283478570409035,0.24032240357112933,0.2415899575948414,5.285216757146479,0.24564202699102738,0.2454561908291707
8,/wynton/group/sali/mhancock/xray/sample_bench/out/266_decoys/0/output_140/pdbs/14.pdb,576.5524262486979,0.18085600262017526,0.6954861179294518,0.3192775982420581,0.3045138820705482,0.6807224017579419,5.270155413508531,0.23353909396300834,0.2381578860401019,5.236390754762822,0.22466103238531224,0.23187393993541663
9,/wynton/group/sali/mhancock/xray/sample_bench/out/266_decoys/0/output_248/pdbs/4.pdb,3002.2302738612743,0.1233641436807573,0.4837614764000963,0.7472424614653221,0.5162385235999037,0.2527575385346778,4.823303811749056,0.14602311790800773,0.15129124697662624,4.997539116907767,0.189585745931545,0.1843238690546409
10,/wynton/group/sali/mhancock/xray/sample_bench/out/266_decoys/0/output_12/pdbs/12.pdb,726.7258012755485,0.1722699272494017,0.5520675729162738,0.035979732739251,0.4479324270837262,0.964020267260749,5.204039774836322,0.21715607999937864,0.221473430961417,5.218767126463212,0.21699577290333935,0.22669498317824324
11,/wynton/group/sali/mhancock/xray/sample_bench/out/266_decoys/0/output_46/pdbs/5.pdb,1641.755513918189,0.0948265447375494,0.4892038657805884,0.4013329763463734,0.5107961342194115,0.5986670236536266,4.8748183951222765,0.15199715700651964,0.1588492349719573,4.600784865738049,0.11977068454126245,0.11804587641855512
12,/wynton/group/sali/mhancock/xray/sample_bench/out/266_decoys/0/output_108/pdbs/14.pdb,574.8056027990585,0.20926522992020075,0.5484386390988751,0.8646257893227549,0.4515613609011249,0.1353742106772451,5.295466266025426,0.2402052723314721,0.2445336182745465,5.3863274621701756,0.28113750474307864,0.2791747269878812
13,/wynton/group/sali/mhancock/xray/sample_bench/out/266_decoys/0/output_14/pdbs/9.pdb,1336.878693884192,0.15462117207266557,0.2700662989332483,0.5143095169255238,0.7299337010667516,0.4856904830744761,5.2407852932877965,0.2296988093365834,0.23543047028696376,4.995746104298562,0.17940625609633173,0.17836059984503042
14,/wynton/group/sali/mhancock/xray/sample_bench/out/266_decoys/0/output_243/pdbs/7.pdb,1512.372936641196,0.1038275230788802,0.9079838093588728,0.5243481961410146,0.092016190641127,0.4756518038589854,4.878536685095864,0.1560552173980362,0.1553849223287407,4.86934233225677,0.16006849928840586,0.1568497147435662
15,/wynton/group/sali/mhancock/xray/sample_bench/out/266_decoys/0/output_179/pdbs/9.pdb,1340.177465242405,0.11941965524405437,0.6161499144749497,0.3312224071307967,0.3838500855250502,0.6687775928692032,5.0002927151924546,0.17205617395997436,0.17787437471804413,4.929314933510006,0.15954775024696446,0.16477665089670027
16,/wynton/group/sali/mhancock/xray/sample_bench/out/266_decoys/0/output_119/pdbs/11.pdb,682.640093276478,0.1438488862429393,0.9808809614462034,0.2704256772074355,0.0191190385537965,0.7295743227925645,5.161932991904532,0.21095741682672697,0.21100425052823518,5.062286066998063,0.1863479022497499,0.18986567116971556
17,/wynton/group/sali/mhancock/xray/sample_bench/out/266_decoys/0/output_66/pdbs/14.pdb,590.8156198834572,0.18879758660198664,0.9320070185661704,0.1152748146694446,0.0679929814338297,0.8847251853305554,5.294182482887293,0.24637172983433425,0.2449242133397203,5.278553248715553,0.23578263192812385,0.24281984561893621
18,/wynton/group/sali/mhancock/xray/sample_bench/out/266_decoys/0/output_38/pdbs/11.pdb,669.5337431239313,0.1650595124834034,0.3060127925489782,0.2343688748688555,0.6939872074510217,0.7656311251311445,5.273454138906088,0.2381400299750332,0.24294336790082055,5.074286524669871,0.18902654898518953,0.19259020998984105
19,/wynton/group/sali/mhancock/xray/sample_bench/out/266_decoys/0/output_142/pdbs/15.pdb,568.6856833181284,0.19866432430358355,0.5801468796460012,0.5989591411848865,0.4198531203539988,0.4010408588151135,5.3226736560314745,0.25060439715886007,0.2534361043638425,5.315488155648641,0.2532887855594956,0.25450119302940266
20,/wynton/group/sali/mhancock/xray/sample_bench/out/266_decoys/0/output_202/pdbs/3.pdb,4702.631943598453,0.08856112417157591,0.5691180497159664,0.5876658512222657,0.4308819502840336,0.4123341487777344,4.6199867135093236,0.1167443002271233,0.1225985446310597,4.702679438675505,0.13799357356031275,0.13446958182409977
21,/wynton/group/sali/mhancock/xray/sample_bench/out/266_decoys/0/output_243/pdbs/19.pdb,834.3237782898568,0.262984094635543,0.8693438674547871,0.9553414409969204,0.1306561325452129,0.0446585590030796,5.449671190762976,0.29276349390506407,0.29618091720948875,5.516629704760694,0.33020592255273074,0.3285389123289847
22,/wynton/group/sali/mhancock/xray/sample_bench/out/266_decoys/0/output_226/pdbs/9.pdb,1330.751699033796,0.14128592756977137,0.9041731936137348,0.7457759012283554,0.095826806386265,0.2542240987716445,5.01676283156707,0.17905158621766698,0.1802342989707153,5.160605947423598,0.22034404245430766,0.21717614707857363
23,/wynton/group/sali/mhancock/xray/sample_bench/out/266_decoys/0/output_182/pdbs/15.pdb,574.2156087410099,0.206909931520293,0.4066493159914407,0.512960850474465,0.5933506840085594,0.4870391495255349,5.369522694236175,0.2619913748464717,0.26968946770889224,5.2946502132524005,0.2465632407455008,0.2488784926946911
24,/wynton/group/sali/mhancock/xray/sample_bench/out/266_decoys/0/output_189/pdbs/9.pdb,1331.1928537911272,0.13862972760855158,0.7154336461274392,0.739235415178242,0.2845663538725608,0.2607645848217581,4.985218211500113,0.17171216597266206,0.17386214709406303,5.159011984362183,0.2227660588734611,0.2153674033440137
25,/wynton/group/sali/mhancock/xray/sample_bench/out/266_decoys/0/output_128/pdbs/7.pdb,1505.5110482680523,0.11017117258055614,0.7362472118658139,0.602856895092913,0.263752788134186,0.3971431049070871,4.846735135031017,0.1424273625229243,0.1506487590646471,4.953425380092498,0.1700496750131223,0.17223520787859917
26,/wynton/group/sali/mhancock/xray/sample_bench/out/266_decoys/0/output_181/pdbs/5.pdb,1616.6272210310942,0.13447616581240068,0.2584393273323285,0.5566063782391285,0.7415606726676714,0.4433936217608715,5.1405351722727195,0.20763030975626648,0.21334778446076766,4.782728109037715,0.14961885863599397,0.1446827448410999
27,/wynton/group/sali/mhancock/xray/sample_bench/out/266_decoys/0/output_77/pdbs/1.pdb,7265.826317069913,0.122353651774115,0.0954124345956357,0.4152181279008277,0.9045875654043644,0.5847818720991722,5.25135664315431,0.23486056124260368,0.24402082788517931,4.128770734947172,0.0815455621085121,0.07366561829505267
28,/wynton/group/sali/mhancock/xray/sample_bench/out/266_decoys/0/output_94/pdbs/6.pdb,1970.0493614685702,0.14949956827845598,0.4837627729524407,0.8985613819501826,0.5162372270475594,0.1014386180498172,4.939355034500247,0.16529509285890098,0.16835161827164774,5.215473306177756,0.23301069196418617,0.23342374375274788
29,/wynton/group/sali/mhancock/xray/sample_bench/out/266_decoys/0/output_66/pdbs/3.pdb,4718.639776778306,0.06857873035041992,0.6198927147172727,0.1515884386397459,0.3801072852827274,0.8484115613602541,4.536700973232539,0.10769296639256175,0.11171330976570795,4.461534891457165,0.10422244295831844,0.10290643103939283
30,/wynton/group/sali/mhancock/xray/sample_bench/out/266_decoys/0/output_182/pdbs/8.pdb,881.4048462442279,0.10673964963104551,0.8845641737014001,0.3276757224553195,0.1154358262985999,0.6723242775446804,4.9464677874408585,0.1624025986058601,0.16726129094986053,4.859805333835865,0.14944979976232922,0.15294178959717378
31,/wynton/group/sali/mhancock/xray/sample_bench/out/266_decoys/0/output_234/pdbs/1.pdb,7253.706568850071,0.03918713344351117,0.8944876593521023,0.2415745899791676,0.1055123406478977,0.7584254100208323,4.141008678820644,0.07074449953058753,0.07567236114195248,3.997024509636932,0.06697051074917285,0.06374714988884836
32,/wynton/group/sali/mhancock/xray/sample_bench/out/266_decoys/0/output_181/pdbs/17.pdb,586.6198531835503,0.2569556498652826,0.1606468444493603,0.7865123507212102,0.8393531555506397,0.2134876492787898,5.498970799715138,0.31439109783883046,0.31744054223439033,5.426328974762952,0.2969739583648659,0.2911901851899699
33,/wynton/group/sali/mhancock/xray/sample_bench/out/266_decoys/0/output_26/pdbs/1.pdb,7242.350958854299,0.05793570326493146,0.628949061814788,0.4876920344736772,0.3710509381852119,0.5123079655263227,4.2833626754364795,0.0830885041930301,0.08728561404074213,4.329079222224625,0.09526069141065237,0.0919224268836022
34,/wynton/group/sali/mhancock/xray/sample_bench/out/266_decoys/0/output_44/pdbs/16.pdb,772.7067934818731,0.20825265895261127,0.910207974794921,0.6511436685708588,0.0897920252050789,0.3488563314291413,5.372676279514558,0.26803049832720155,0.2687523901190178,5.3663276342606965,0.27256919340036817,0.2703900157095882
35,/wynton/group/sali/mhancock/xray/sample_bench/out/266_decoys/0/output_226/pdbs/13.pdb,920.2077598671262,0.17718800667956697,0.5986827758426647,0.6749703116390626,0.4013172241573352,0.3250296883609373,5.230079134937288,0.23057806320254987,0.2272159702499522,5.268048141682172,0.24745844842650977,0.24192138233747215
36,/wynton/group/sali/mhancock/xray/sample_bench/out/266_decoys/0/output_140/pdbs/10.pdb,1339.6790789600857,0.1358806283261168,0.9545089622433922,0.4849056098310748,0.0454910377566077,0.5150943901689253,5.10321886461248,0.1951382338823418,0.1982188159286472,5.040204906532596,0.18455792073635888,0.18719761135361063
37,/wynton/group/sali/mhancock/xray/sample_bench/out/266_decoys/0/output_99/pdbs/5.pdb,1636.7024250984698,0.12869498456681613,0.2752769823764992,0.529621342105803,0.7247230176235008,0.4703786578941969,5.124109199569649,0.20589171291746441,0.2100221680441626,4.735004362233209,0.14075304899062996,0.13746970445489987
38,/wynton/group/sali/mhancock/xray/sample_bench/out/266_decoys/0/output_135/pdbs/18.pdb,547.209151177605,0.2455410758166387,0.3484880107329849,0.38120323313783,0.651511989267015,0.61879676686217,5.46668415796092,0.29596387932682466,0.3042787228752798,5.385269120132286,0.2688156231719918,0.2762770766196182
39,/wynton/group/sali/mhancock/xray/sample_bench/out/266_decoys/0/output_154/pdbs/4.pdb,3009.982715159379,0.1407742794946947,0.2082982189663465,0.613553352016443,0.7917017810336534,0.3864466479835571,5.173993726231929,0.21541642150920248,0.22289285968023012,4.807348314349306,0.15302800376683667,0.15058741560343242
40,/wynton/group/sali/mhancock/xray/sample_bench/out/266_decoys/0/output_209/pdbs/17.pdb,582.2995414717132,0.22784814582280988,0.9125682157509948,0.1202485530074816,0.0874317842490052,0.8797514469925183,5.400921455824798,0.27374290608955215,0.27820773379115055,5.3796909891448745,0.2682812460626989,0.2738765794304213
41,/wynton/group/sali/mhancock/xray/sample_bench/out/266_decoys/0/output_113/pdbs/11.pdb,676.0917809991056,0.13923608835931045,0.7843448399021641,0.3297649502416429,0.2156551600978359,0.6702350497583571,5.105624568804453,0.19255191332748953,0.1981084282232526,5.0656311349099346,0.18524475391315293,0.19082853874816405
42,/wynton/group/sali/mhancock/xray/sample_bench/out/266_decoys/0/output_151/pdbs/7.pdb,1501.9253594950246,0.12807642437492037,0.4235887658708386,0.1235359160442637,0.5764112341291613,0.8764640839557363,5.04025547869561,0.18328208888361222,0.18807830891781976,4.858892631226271,0.14684039273408786,0.15281746318044928
43,/wynton/group/sali/mhancock/xray/sample_bench/out/266_decoys/0/output_41/pdbs/14.pdb,596.3853016511202,0.19779275228771792,0.4971441201724321,0.7203937043940773,0.5028558798275679,0.2796062956059226,5.302689576632159,0.2472640513160197,0.24876580760264047,5.323957758605882,0.25907641646689994,0.2585491572713808
44,/wynton/group/sali/mhancock/xray/sample_bench/out/266_decoys/0/output_75/pdbs/9.pdb,1345.9935500469862,0.16499421690740057,0.3310872432800915,0.7262844527300417,0.6689127567199086,0.2737155472699582,5.190353423878438,0.2175893655943077,0.22177860156565474,5.139080963790722,0.21073751534242097,0.21147658263100205
45,/wynton/group/sali/mhancock/xray/sample_bench/out/266_decoys/0/output_120/pdbs/13.pdb,924.8721093483291,0.21368078655000586,0.1483379723405044,0.039756211656902,0.8516620276594955,0.960243788343098,5.4145641695000934,0.2803773041844884,0.2878815622368341,5.250189213748397,0.2296892428797932,0.2354499387041084
46,/wynton/group/sali/mhancock/xray/sample_bench/out/266_decoys/0/output_103/pdbs/18.pdb,555.2346302720634,0.2603564452775943,0.201059374503023,0.288912657882152,0.798940625496977,0.711087342117848,5.504504247678425,0.3080423167267211,0.3188911407880257,5.383102697990793,0.2681042375689458,0.27571447028853174
47,/wynton/group/sali/mhancock/xray/sample_bench/out/266_decoys/0/output_130/pdbs/15.pdb,568.8769205547694,0.2009461006190918,0.5563807440622484,0.639701539321246,0.4436192559377515,0.360298460678754,5.331314123711393,0.25319785154193963,0.2557385311448362,5.326768478993737,0.2585985990843013,0.25886942109983746
48,/wynton/group/sali/mhancock/xray/sample_bench/out/266_decoys/0/output_214/pdbs/18.pdb,548.3668681792392,0.2480077825177445,0.4943564491078314,0.8111276522991256,0.5056435508921686,0.1888723477008743,5.433204795512187,0.2847794110948552,0.2909115739069027,5.456050163632352,0.3068268951155166,0.302127608796322
49,/wynton/group/sali/mhancock/xray/sample_bench/out/266_decoys/0/output_152/pdbs/6.pdb,1967.5179930033903,0.12994780971994643,0.4337758314110062,0.6804000578172615,0.5662241685889937,0.3195999421827384,4.9873774500292924,0.17424560109717316,0.17853551711289653,4.9886414965875625,0.17987677567127616,0.18058246589174687
50,/wynton/group/sali/mhancock/xray/sample_bench/out/266_decoys/0/output_121/pdbs/16.pdb,788.7759469018431,0.21380512985708383,0.7511898598408411,0.1385924721574297,0.2488101401591589,0.8614075278425702,5.347934654355431,0.25933107004894107,0.26068656095358006,5.345074985119898,0.2578566670298181,0.2623961449611229
51,/wynton/group/sali/mhancock/xray/sample_bench/out/266_decoys/0/output_184/pdbs/14.pdb,584.6724289945525,0.1869315919320201,0.7248513552535718,0.1639605708901403,0.2751486447464282,0.8360394291098596,5.270457618579609,0.23509823754358938,0.23892626961825578,5.260025503348277,0.22883430317052086,0.2369195099658045
52,/wynton/group/sali/mhancock/xray/sample_bench/out/266_decoys/0/output_10/pdbs/12.pdb,724.8012580403038,0.15466774330071884,0.937862754971078,0.4282570680273651,0.0621372450289219,0.5717429319726349,5.2028489283194315,0.218377896707277,0.22100125151029018,5.135455037762303,0.20590808299888613,0.20715389454263144
53,/wynton/group/sali/mhancock/xray/sample_bench/out/266_decoys/0/output_119/pdbs/7.pdb,1526.4387642961096,0.15572814356150644,0.1049488348184947,0.4291500319229298,0.8950511651815052,0.5708499680770703,5.311140620801451,0.2554362043159416,0.2584342530037514,4.789662207668812,0.13886645783464924,0.14375243763173878
54,/wynton/group/sali/mhancock/xray/sample_bench/out/266_decoys/0/output_40/pdbs/1.pdb,7251.110564995961,0.09958046720362869,0.4687989392217874,0.6459136571362293,0.5312010607782125,0.3540863428637706,4.680205358697846,0.12987923027914872,0.13175411644715812,4.722269549441986,0.14057012700964838,0.13853824118608055
55,/wynton/group/sali/mhancock/xray/sample_bench/out/266_decoys/0/output_118/pdbs/17.pdb,579.2808151411441,0.22592981997923378,0.5449233272880574,0.3793612185263624,0.4550766727119427,0.6206387814736376,5.399110662841852,0.27211145093475486,0.2782157618325323,5.355443663097077,0.26141268454530153,0.2664230623046344
56,/wynton/group/sali/mhancock/xray/sample_bench/out/266_decoys/0/output_138/pdbs/14.pdb,590.2045492334066,0.21934220532247622,0.2140904713863573,0.6786720048999659,0.7859095286136426,0.3213279951000341,5.414061837938614,0.28000613091048904,0.2867237191341287,5.301298648551776,0.25099198672858547,0.2513790414566438
57,/wynton/group/sali/mhancock/xray/sample_bench/out/266_decoys/0/output_218/pdbs/5.pdb,1622.4476527552113,0.10620647729437399,0.6135536726855255,0.6530083246928762,0.3864463273144745,0.3469916753071239,4.720971841098338,0.12830216653611232,0.13455143229500008,4.904634712282942,0.16876044866260137,0.16551657387247568
58,/wynton/group/sali/mhancock/xray/sample_bench/out/266_decoys/0/output_90/pdbs/19.pdb,829.1942351362843,0.2486405210845856,0.5565543352611467,0.6025717004050994,0.4434456647388533,0.3974282995949006,5.446111905998499,0.29117313949675194,0.295356983389784,5.429785749381868,0.2952678702970059,0.29214351594613625
59,/wynton/group/sali/mhancock/xray/sample_bench/out/266_decoys/0/output_106/pdbs/2.pdb,3753.1764556946873,0.1413858714198198,0.2298116219113704,0.6870027572591106,0.7701883780886296,0.3129972427408893,5.113551982554417,0.20351206131063893,0.2082968051743268,4.834985633974202,0.15788606496401406,0.15593907603818907
60,/wynton/group/sali/mhancock/xray/sample_bench/out/266_decoys/0/output_31/pdbs/14.pdb,585.0703243490668,0.1895377604199413,0.4537601292095539,0.4310819155846216,0.546239870790446,0.5689180844153783,5.314466356981848,0.24748692269006037,0.2524870093039574,5.232357818527982,0.22698487728702563,0.23120848204092317
61,/wynton/group/sali/mhancock/xray/sample_bench/out/266_decoys/0/output_178/pdbs/12.pdb,725.8621445772674,0.15358390407821884,0.7920868038618423,0.4245227427709962,0.2079131961381577,0.5754772572290038,5.15934650634089,0.20971932318176487,0.21062119651900912,5.1292688931706225,0.20925440159341765,0.2044198001611636
62,/wynton/group/sali/mhancock/xray/sample_bench/out/266_decoys/0/output_36/pdbs/11.pdb,681.7598557989604,0.15479437603346302,0.6917335037523329,0.0273512386368134,0.3082664962476671,0.9726487613631866,5.11299712035987,0.19770134023165356,0.20064715690405446,5.1716012275274235,0.20525071956154334,0.21396659546253036
63,/wynton/group/sali/mhancock/xray/sample_bench/out/266_decoys/0/output_151/pdbs/6.pdb,1965.6569837472912,0.09731405693348127,0.6527509458713944,0.5304904358795697,0.3472490541286057,0.4695095641204304,4.793042261392694,0.13787980661357493,0.14236932977008565,4.811284215078984,0.15006368822321328,0.14821339666530403
64,/wynton/group/sali/mhancock/xray/sample_bench/out/266_decoys/0/output_203/pdbs/7.pdb,1503.7013431393134,0.15433173828385854,0.4029410303838031,0.8161540553642773,0.597058969616197,0.1838459446357226,5.061231282060099,0.18745144284624723,0.19314877512152037,5.164713664073135,0.2235776631287435,0.219273466889141
65,/wynton/group/sali/mhancock/xray/sample_bench/out/266_decoys/0/output_246/pdbs/14.pdb,587.4969281068775,0.20745794408731583,0.3100411179023685,0.1759354190164283,0.6899588820976315,0.8240645809835717,5.3756028273821554,0.2651229674946593,0.27161458020467905,5.260523667982165,0.2277204084451615,0.237410317920606
66,/wynton/group/sali/mhancock/xray/sample_bench/out/266_decoys/0/output_93/pdbs/13.pdb,909.1754449989112,0.18631082288506057,0.5565079203198383,0.0131825895145325,0.4434920796801617,0.9868174104854674,5.244953266207455,0.22837714558847205,0.23246579954493113,5.267435349906445,0.23080099033581436,0.23815410060072095
67,/wynton/group/sali/mhancock/xray/sample_bench/out/266_decoys/0/output_162/pdbs/15.pdb,568.4751941474335,0.20696975675091933,0.3547882889418134,0.2815808615677647,0.6452117110581866,0.7184191384322353,5.382633410224819,0.2709760382853569,0.27397346492444397,5.2815668245438046,0.24207550871567707,0.244279497299788
68,/wynton/group/sali/mhancock/xray/sample_bench/out/266_decoys/0/output_184/pdbs/6.pdb,1975.4284473592666,0.13417516822304956,0.2107585328653985,0.3950320610059744,0.7892414671346014,0.6049679389940256,5.207808081086325,0.22465772035863946,0.23007839366345972,4.6947862060772385,0.12802915518458935,0.12960089826112195
69,/wynton/group/sali/mhancock/xray/sample_bench/out/266_decoys/0/output_235/pdbs/8.pdb,893.120026343743,0.10661351594196018,0.825801102182809,0.2300099659419764,0.174198897817191,0.7699900340580235,4.908183199135189,0.1544151301500474,0.16047704452303638,4.869019633246552,0.1503975557600343,0.15401590700754567
70,/wynton/group/sali/mhancock/xray/sample_bench/out/266_decoys/0/output_65/pdbs/18.pdb,557.991682542523,0.2449363417768357,0.6199802659975068,0.819119854261864,0.3800197340024932,0.180880145738136,5.418309137628577,0.2829018228996499,0.2845947061377625,5.462846828989613,0.30679281435436545,0.3061740239513468
71,/wynton/group/sali/mhancock/xray/sample_bench/out/266_decoys/0/output_192/pdbs/7.pdb,1504.2417643787828,0.13490562411736703,0.2762497089650799,0.4191705401357498,0.7237502910349201,0.5808294598642502,5.172870242910065,0.21209900688391037,0.21997564964472943,4.8023958900375385,0.14421727666847262,0.14526959056090896
72,/wynton/group/sali/mhancock/xray/sample_bench/out/266_decoys/0/output_104/pdbs/7.pdb,1492.3244623714268,0.12348689166175603,0.4689525831380646,0.5724670289977071,0.5310474168619354,0.427532971002293,5.000392077478636,0.17388488642703576,0.17909690113534787,4.9123793888470635,0.16695524266605388,0.16486302676384332
73,/wynton/group/sali/mhancock/xray/sample_bench/out/266_decoys/0/output_29/pdbs/14.pdb,578.6341049651776,0.17950660884381997,0.6943302582072407,0.2924732204183447,0.3056697417927592,0.7075267795816552,5.273906104655231,0.23557749579902693,0.23993892393545616,5.238075660313344,0.2231066995099048,0.2323470801359212
74,/wynton/group/sali/mhancock/xray/sample_bench/out/266_decoys/0/output_63/pdbs/19.pdb,824.0772689497464,0.2502952049180112,0.912911614974856,0.5262563801163279,0.0870883850251439,0.4737436198836721,5.457567352150776,0.28994531050802097,0.2992216564545327,5.422521978036282,0.2873735858516736,0.28879714998876954
75,/wynton/group/sali/mhancock/xray/sample_bench/out/266_decoys/0/output_174/pdbs/1.pdb,7244.196217460431,0.08493958833308927,0.5274573396036141,0.000600082305633,0.4725426603963859,0.999399917694367,4.5481050729133345,0.1111141295370033,0.11480954044532704,4.600493834855421,0.11706794349102018,0.1208084565017917
76,/wynton/group/sali/mhancock/xray/sample_bench/out/266_decoys/0/output_200/pdbs/17.pdb,579.7479356471854,0.24908166300748952,0.1283889467718854,0.6277016598808192,0.8716110532281146,0.3722983401191808,5.504845830894796,0.314563236622928,0.3205071700673474,5.379767230339097,0.2740449611607,0.2754211165746386
77,/wynton/group/sali/mhancock/xray/sample_bench/out/266_decoys/0/output_69/pdbs/12.pdb,729.427576563188,0.1744258889917779,0.3897634013474908,0.6184637341583437,0.6102365986525092,0.3815362658416563,5.265209126700377,0.2364116335373387,0.23916773760369345,5.197779843882886,0.22825797802237263,0.22238561026363057
78,/wynton/group/sali/mhancock/xray/sample_bench/out/266_decoys/0/output_244/pdbs/8.pdb,877.5834532789877,0.11089056028338032,0.8894251552206711,0.5356167601869783,0.1105748447793288,0.4643832398130217,4.931883268557631,0.1597058618118619,0.16523653419476514,4.941201167864231,0.17266169387103766,0.16995332936380583
79,/wynton/group/sali/mhancock/xray/sample_bench/out/266_decoys/0/output_186/pdbs/1.pdb,7245.731726402625,0.05455423007565284,0.698962182291192,0.0750897710653068,0.301037817708808,0.9249102289346932,4.124072903349867,0.07017429542209606,0.07368135795270443,4.416710746422362,0.09783744098421845,0.10005218559344285
80,/wynton/group/sali/mhancock/xray/sample_bench/out/266_decoys/0/output_168/pdbs/8.pdb,865.9853713177611,0.15771534408069804,0.2731617125525355,0.6414663547892878,0.7268382874474645,0.3585336452107122,5.213220772868693,0.22201742186526713,0.22904435828818562,5.035090112744367,0.19154501841397875,0.18750938390884378
81,/wynton/group/sali/mhancock/xray/sample_bench/out/266_decoys/0/output_145/pdbs/5.pdb,1625.654224333794,0.08711872896590739,0.7984518393273479,0.5335433697650408,0.2015481606726522,0.4664566302349591,4.656230758581645,0.12096175085478045,0.12423283634875827,4.748012490183035,0.1463475867936757,0.13859192175023494
82,/wynton/group/sali/mhancock/xray/sample_bench/out/266_decoys/0/output_191/pdbs/3.pdb,4709.696061622601,0.10336714799974837,0.3648896440292547,0.497697958140547,0.6351103559707453,0.5023020418594529,4.955705194313969,0.16779123534049548,0.1753718607246664,4.527228147765439,0.11392135447378038,0.11129986961792883
83,/wynton/group/sali/mhancock/xray/sample_bench/out/266_decoys/0/output_128/pdbs/6.pdb,1967.5995176747033,0.10613611151442955,0.4598225947819513,0.4400839513248199,0.5401774052180486,0.5599160486751801,4.964104943424167,0.16695792200955312,0.17410559618156007,4.734204722901812,0.12953877678433262,0.13584023859979358
84,/wynton/group/sali/mhancock/xray/sample_bench/out/266_decoys/0/output_230/pdbs/19.pdb,836.631967128443,0.24772009548703766,0.5585076338553387,0.4070383925556258,0.4414923661446613,0.5929616074443742,5.44746075551538,0.2914131431479117,0.294489343319125,5.406591783853667,0.28244249911358377,0.2833761166940591
85,/wynton/group/sali/mhancock/xray/sample_bench/out/266_decoys/0/output_172/pdbs/7.pdb,1507.3245644005706,0.14005290926942396,0.2679340904871368,0.484951913166417,0.7320659095128631,0.515048086833583,5.186534396421381,0.2160035126994451,0.22331188852460843,4.845797317295588,0.15553767357547735,0.15227799054978858
86,/wynton/group/sali/mhancock/xray/sample_bench/out/266_decoys/0/output_131/pdbs/5.pdb,1637.1755463831328,0.09809603966588532,0.6033796138860976,0.5811620095356106,0.3966203861139024,0.4188379904643894,4.745459731798119,0.1346151972468751,0.13750480794801237,4.81787756419137,0.15635506576203165,0.1499527325302124
87,/wynton/group/sali/mhancock/xray/sample_bench/out/266_decoys/0/output_106/pdbs/18.pdb,562.5572618538874,0.25345450757781474,0.3943256335024757,0.1069499156075679,0.6056743664975243,0.893050084392432,5.4468569712009405,0.288688223651517,0.29636220484313563,5.416143033291453,0.27398986781667645,0.2864575197321479
88,/wynton/group/sali/mhancock/xray/sample_bench/out/266_decoys/0/output_91/pdbs/10.pdb,1332.7591443547567,0.14090877660050297,0.4965665131953205,0.3602080607830329,0.5034334868046795,0.6397919392169671,5.130914408352332,0.19976885864366947,0.20479221543671317,5.009387814431421,0.17416475450905983,0.17975748013983933
89,/wynton/group/sali/mhancock/xray/sample_bench/out/266_decoys/0/output_76/pdbs/8.pdb,892.7863201654961,0.10742406505251098,0.6442768506813229,0.3693849551758806,0.3557231493186772,0.6306150448241193,4.933755745975007,0.16148313653608456,0.16514513190997648,4.866609588094098,0.15244612972213256,0.1545371578824412
90,/wynton/group/sali/mhancock/xray/sample_bench/out/266_decoys/0/output_87/pdbs/6.pdb,1956.5229418851454,0.11760243732068007,0.3599947146941703,0.4261096263797695,0.6400052853058298,0.5738903736202304,5.076204323837985,0.19176615707865458,0.1975802535265829,4.74135355249694,0.1376826339910608,0.13655555668957442
91,/wynton/group/sali/mhancock/xray/sample_bench/out/266_decoys/0/output_15/pdbs/16.pdb,780.8524678009196,0.23772338476796168,0.2030404759034647,0.1778324680594147,0.7969595240965353,0.8221675319405852,5.462680853327068,0.296528159877803,0.30326990419056543,5.335354233512837,0.25408461588683245,0.26036765506928966
92,/wynton/group/sali/mhancock/xray/sample_bench/out/266_decoys/0/output_34/pdbs/7.pdb,1505.5733440862327,0.10895457657218532,0.5624077180036419,0.2131888402263126,0.4375922819963581,0.7868111597736874,4.922690939387704,0.15664177187833547,0.16401063784014905,4.796742857111251,0.14104345209733588,0.1432940777675721
93,/wynton/group/sali/mhancock/xray/sample_bench/out/266_decoys/0/output_7/pdbs/19.pdb,820.56007366839,0.2661081000635642,0.3026238151432799,0.6849374658823522,0.69737618485672,0.3150625341176478,5.493509246336646,0.3085409637337161,0.3135872583651373,5.451224064356258,0.3034479803863027,0.30041914238562173
94,/wynton/group/sali/mhancock/xray/sample_bench/out/266_decoys/0/output_39/pdbs/6.pdb,1956.9051482317504,0.09334953613017072,0.585028824595608,0.4024005377925064,0.414971175404392,0.5975994622074936,4.846058350314857,0.14555854473467988,0.15195207200316624,4.705301507623032,0.13255864523667288,0.13084527630879528
95,/wynton/group/sali/mhancock/xray/sample_bench/out/266_decoys/0/output_180/pdbs/16.pdb,791.7829962296792,0.2324386100596025,0.3935153592288561,0.0666159504549492,0.6064846407711438,0.9333840495450508,5.399751348099916,0.27604542023780715,0.27856515749469457,5.362175714310514,0.26199071578702254,0.2675934207750856
96,/wynton/group/sali/mhancock/xray/sample_bench/out/266_decoys/0/output_104/pdbs/15.pdb,566.4464242824013,0.20016067441504695,0.6865037278176042,0.1614976219876311,0.3134962721823959,0.8385023780123688,5.3125003575188545,0.24862719477229228,0.2503311641449916,5.3021303733007725,0.24363639633866502,0.24955151721026977
97,/wynton/group/sali/mhancock/xray/sample_bench/out/266_decoys/0/output_35/pdbs/2.pdb,3759.4791600481108,0.054874820696806534,0.6263668672927877,0.3839545077584432,0.3736331327072124,0.6160454922415568,4.436260449868519,0.09602024590646707,0.10148690231168847,4.222693541482932,0.0851201258299664,0.08016817967845462
98,/wynton/group/sali/mhancock/xray/sample_bench/out/266_decoys/0/output_192/pdbs/19.pdb,835.502790514367,0.26246721894184305,0.266144708928087,0.5036414310707776,0.733855291071913,0.4963585689292223,5.500335268319841,0.3090908346793621,0.31857891203806005,5.414249439903967,0.287015289891892,0.28691611440307974
99,/wynton/group/sali/mhancock/xray/sample_bench/out/266_decoys/0/output_119/pdbs/16.pdb,791.5054261205466,0.24924867865540973,0.0507969300253201,0.2709091457713958,0.9492030699746798,0.7290908542286042,5.513937648059547,0.32005761238277114,0.3254379464110656,5.3168626713972955,0.25293205152957526,0.2538621046503024
100,/wynton/group/sali/mhancock/xray/sample_bench/out/266_decoys/0/output_152/pdbs/14.pdb,580.8436597432908,0.1952001598725988,0.5026527510537022,0.7078684921418172,0.4973472489462978,0.2921315078581827,5.297718680359984,0.24424723050025107,0.2469384742685158,5.314702716137785,0.2556774439592925,0.25571298451390545
101,/wynton/group/sali/mhancock/xray/sample_bench/out/266_decoys/0/output_196/pdbs/1.pdb,7240.040447509468,0.1141144532154233,0.2338799331762275,0.5115437780635472,0.7661200668237725,0.4884562219364528,5.092238705945256,0.19658632247202554,0.20426342541408263,4.396734484025787,0.10548267900776363,0.09874542170400849
102,/wynton/group/sali/mhancock/xray/sample_bench/out/266_decoys/0/output_230/pdbs/14.pdb,583.3336651683605,0.22779684775588988,0.027807605421862,0.4377436541297965,0.972192394578138,0.5622563458702035,5.488380962384835,0.3106068843727469,0.3162581649226149,5.231794324788182,0.22795740886823215,0.23091189254082808
103,/wynton/group/sali/mhancock/xray/sample_bench/out/266_decoys/0/output_28/pdbs/16.pdb,785.4314710832964,0.21729522864352419,0.4850736485414944,0.4214463924304402,0.5149263514585056,0.5785536075695599,5.3779454751055855,0.26742857981836515,0.27101110094396,5.316244092559222,0.2511112520484196,0.2540671097266946
104,/wynton/group/sali/mhancock/xray/sample_bench/out/266_decoys/0/output_97/pdbs/9.pdb,1320.4985836236915,0.12874749289685922,0.5193214038456412,0.2961984168995716,0.4806785961543588,0.7038015831004284,5.067177198175179,0.18309300299517137,0.19184890149853429,4.934547844558647,0.1593520667485114,0.16561462751085113
105,/wynton/group/sali/mhancock/xray/sample_bench/out/266_decoys/0/output_6/pdbs/3.pdb,4715.910895035004,0.13940409715950638,0.2635272179181639,0.695007406186901,0.736472782081836,0.3049925938130989,5.092072498769973,0.19756553162130666,0.20349255796074947,4.88777846228495,0.16766282616154976,0.16389057948787306
106,/wynton/group/sali/mhancock/xray/sample_bench/out/266_decoys/0/output_109/pdbs/17.pdb,590.4866579834832,0.2433355635139354,0.6539638045953664,0.9762367988183518,0.3460361954046335,0.0237632011816482,5.385274903344352,0.27024906754568306,0.27234759771583933,5.490378919885619,0.31818649551754336,0.31686593629973653
107,/wynton/group/sali/mhancock/xray/sample_bench/out/266_decoys/0/output_95/pdbs/2.pdb,3774.6966610292175,0.08074220297034099,0.4076814581018023,0.3477044025746905,0.5923185418981978,0.6522955974253095,4.849531752920815,0.15325463872036169,0.15712186005869144,4.1833600024735125,0.08004467462005085,0.07700094127551711
108,/wynton/group/sali/mhancock/xray/sample_bench/out/266_decoys/0/output_85/pdbs/4.pdb,3015.9442110974314,0.09449480969126953,0.4993648414239959,0.5237212696298563,0.500635158576004,0.4762787303701436,4.801699593576644,0.1436939668631475,0.14854296612553786,4.653548148118485,0.1269172174454497,0.12779370976732513
109,/wynton/group/sali/mhancock/xray/sample_bench/out/266_decoys/0/output_53/pdbs/3.pdb,4700.037777084426,0.11676222256467622,0.4622251573358913,0.7113844022035016,0.5377748426641087,0.2886155977964983,4.790990666829302,0.14442722725796966,0.14708639622374303,4.911657017158365,0.1718553613327957,0.16821523540981081
110,/wynton/group/sali/mhancock/xray/sample_bench/out/266_decoys/0/output_6/pdbs/12.pdb,724.001799269213,0.18363189971298782,0.33160744199217,0.6713765660565125,0.6683925580078299,0.3286234339434873,5.296699306337892,0.24324481842520942,0.24806283490699166,5.228466711600854,0.23609583329966308,0.2312642975685919
111,/wynton/group/sali/mhancock/xray/sample_bench/out/266_decoys/0/output_127/pdbs/4.pdb,3005.925207266185,0.1241757488379298,0.2329064968058431,0.4935229598268883,0.7670935031941568,0.5064770401731117,5.1437544592289495,0.20896643504228546,0.21542284723137858,4.611205139020068,0.1226348728350973,0.12081982277539074
112,/wynton/group/sali/mhancock/xray/sample_bench/out/266_decoys/0/output_168/pdbs/6.pdb,1945.6212425455055,0.10416049588755266,0.5776889879428173,0.5456206388748498,0.4223110120571827,0.4543793611251501,4.848200742626064,0.14424105427838604,0.1522909209820523,4.833139299704124,0.1513029822738092,0.1520951860951777
113,/wynton/group/sali/mhancock/xray/sample_bench/out/266_decoys/0/output_207/pdbs/11.pdb,673.8340350528442,0.1435698601937198,0.7459273446761742,0.4983031506883,0.2540726553238258,0.5016968493116999,5.104531761370075,0.19480015058299407,0.19874822069841475,5.0940581979904715,0.19804395901726288,0.19871515278086152
114,/wynton/group/sali/mhancock/xray/sample_bench/out/266_decoys/0/output_54/pdbs/2.pdb,3739.1488755702876,0.11692308696781264,0.3023893569168017,0.5829094929433108,0.6976106430831982,0.4170905070566891,5.020124225408979,0.18173535816075717,0.1881668575986186,4.634444103258593,0.1320377922302545,0.12606451989541434
115,/wynton/group/sali/mhancock/xray/sample_bench/out/266_decoys/0/output_152/pdbs/8.pdb,886.7431376423887,0.17669865665477788,0.0063474141490604,0.4826501786480812,0.9936525858509396,0.5173498213519188,5.402588356319981,0.28256139781398204,0.28844032249239066,4.9068370271580415,0.15916908258361262,0.1623036861225485
116,/wynton/group/sali/mhancock/xray/sample_bench/out/266_decoys/0/output_208/pdbs/18.pdb,560.2905762570713,0.23363187600109248,0.8079838689848222,0.4618105456147271,0.1920161310151778,0.538189454385273,5.414403365186011,0.27727889989374316,0.2833994721181779,5.383071999101368,0.2727651459568653,0.2756972059404195
117,/wynton/group/sali/mhancock/xray/sample_bench/out/266_decoys/0/output_76/pdbs/17.pdb,577.205270825571,0.21561051887916233,0.706199847490796,0.5285308089438955,0.293800152509204,0.4714691910561044,5.376642259562607,0.2689763439759215,0.27005227499670226,5.358968825273595,0.26827636536076555,0.26845822282777204
118,/wynton/group/sali/mhancock/xray/sample_bench/out/266_decoys/0/output_196/pdbs/15.pdb,555.0861439354126,0.20266791011736401,0.4854504120442426,0.3926587176337857,0.5145495879557574,0.6073412823662142,5.344587348060272,0.25688600477868107,0.26050951008770523,5.275129627364806,0.23897012151849606,0.24243511531357864
119,/wynton/group/sali/mhancock/xray/sample_bench/out/266_decoys/0/output_160/pdbs/18.pdb,559.9881055660458,0.24626461472304917,0.5302847199056089,0.7999503558142512,0.4697152800943912,0.2000496441857489,5.426561575078694,0.2862609439641477,0.28873591459709075,5.456352971594204,0.3034687637928602,0.30293824856208945
120,/wynton/group/sali/mhancock/xray/sample_bench/out/266_decoys/0/output_134/pdbs/14.pdb,596.241096349107,0.1950455161527426,0.4082797684157513,0.5388902189050597,0.5917202315842486,0.4611097810949403,5.330802569129283,0.2528082571764431,0.2568579901436607,5.25275072407412,0.234880717348079,0.23647780421702955
121,/wynton/group/sali/mhancock/xray/sample_bench/out/266_decoys/0/output_155/pdbs/3.pdb,4700.465284204634,0.08196440636823854,0.4849171900751751,0.4352962012194965,0.5150828099248247,0.5647037987805034,4.763127172952938,0.1387567862246065,0.14287101268728045,4.436964658902319,0.10274672533886109,0.10168738112323304
122,/wynton/group/sali/mhancock/xray/sample_bench/out/266_decoys/0/output_158/pdbs/5.pdb,1624.0810138568663,0.11458465560340161,0.3295663621250616,0.231166588288924,0.6704336378749384,0.768833411711076,5.061286711036972,0.18943538559839124,0.19547338517486007,4.594425074983196,0.11349695530987158,0.11631489465711047
123,/wynton/group/sali/mhancock/xray/sample_bench/out/266_decoys/0/output_92/pdbs/5.pdb,1624.5564663335356,0.15482239547709603,0.1701678996760644,0.6533827463690051,0.8298321003239356,0.3466172536309949,5.232579477125413,0.23061004570743804,0.23708159696389505,4.913174943772293,0.16912471215471359,0.16685970878728834
124,/wynton/group/sali/mhancock/xray/sample_bench/out/266_decoys/0/output_227/pdbs/15.pdb,568.5349457919328,0.2036189526259214,0.4809268616912955,0.2152530674807441,0.5190731383087045,0.7847469325192558,5.3471313824250695,0.2583859179236128,0.2621099685122647,5.294069121190497,0.2400822596409641,0.24731998651075193
125,/wynton/group/sali/mhancock/xray/sample_bench/out/266_decoys/0/output_201/pdbs/19.pdb,842.6655063526337,0.25869557629198625,0.6477266169128082,0.8408438593220242,0.3522733830871918,0.1591561406779758,5.439571185804927,0.28573560461380154,0.293404664141202,5.482826188652358,0.31550513935085067,0.3138902587733258
126,/wynton/group/sali/mhancock/xray/sample_bench/out/266_decoys/0/output_132/pdbs/14.pdb,585.8651239437236,0.1948783459208016,0.4887098507705755,0.6672627478634752,0.5112901492294244,0.3327372521365248,5.299598200345902,0.24220336906858073,0.24721789741136427,5.295279715002172,0.25033257815863197,0.24980462464235653
127,/wynton/group/sali/mhancock/xray/sample_bench/out/266_decoys/0/output_157/pdbs/16.pdb,788.7404554812836,0.2312884521134797,0.333144638681187,0.0572649533333481,0.666855361318813,0.942735046666652,5.425685484541893,0.28269509442781066,0.2876551871285594,5.372818808467447,0.2618140578695572,0.27107196273016576
128,/wynton/group/sali/mhancock/xray/sample_bench/out/266_decoys/0/output_105/pdbs/14.pdb,581.9775662097718,0.18702617798112503,0.4851213788708732,0.3296239147377259,0.5148786211291267,0.6703760852622741,5.304653315117064,0.24524014970622482,0.2491927376352895,5.225683790224439,0.22243063211742742,0.22848436093880622
129,/wynton/group/sali/mhancock/xray/sample_bench/out/266_decoys/0/output_10/pdbs/11.pdb,683.04925030599,0.14205990779926383,0.766468878068758,0.4969363156847982,0.233531121931242,0.5030636843152018,5.11059357770515,0.19478579699576465,0.19950449757663133,5.100176722117597,0.20074715343457136,0.19942509193072597
130,/wynton/group/sali/mhancock/xray/sample_bench/out/266_decoys/0/output_41/pdbs/7.pdb,1511.973758227392,0.12355322844999267,0.4443661123327503,0.1283755118412229,0.5556338876672497,0.871624488158777,5.016169709450339,0.17474441368783664,0.18287955012970405,4.856691005911423,0.14670064898076932,0.1520862036924137
131,/wynton/group/sali/mhancock/xray/sample_bench/out/266_decoys/0/output_65/pdbs/7.pdb,1505.6617699098183,0.10103600385872252,0.6465958638220548,0.2783402967424391,0.3534041361779452,0.7216597032575608,4.870391225115366,0.14895084203735906,0.15475438202175165,4.785038840914993,0.13646867661916876,0.1409904710199892
132,/wynton/group/sali/mhancock/xray/sample_bench/out/266_decoys/0/output_232/pdbs/12.pdb,719.9641608284528,0.225437886117312,0.0543242603264985,0.7786470284302133,0.9456757396735014,0.2213529715697867,5.448721078921699,0.2916940158173448,0.30014268998019644,5.2826278572436465,0.2509803379943927,0.24701762729765203
133,/wynton/group/sali/mhancock/xray/sample_bench/out/266_decoys/0/output_55/pdbs/4.pdb,3025.9919610509155,0.08299769531922319,0.6737046722515474,0.5505697267712824,0.3262953277484526,0.4494302732287176,4.572419113512448,0.11150190836096832,0.11449376159097834,4.694579036121222,0.13787120856143933,0.1325545786699
134,/wynton/group/sali/mhancock/xray/sample_bench/out/266_decoys/0/output_5/pdbs/16.pdb,778.7851092282378,0.21879937270925043,0.5364199748120428,0.7182212818893939,0.4635800251879572,0.281778718110606,5.363537453434996,0.2629933603117152,0.2672644891837064,5.379034664025862,0.2747657430065184,0.2753336576857429
135,/wynton/group/sali/mhancock/xray/sample_bench/out/266_decoys/0/output_111/pdbs/6.pdb,1971.9751412048247,0.15530170063764714,0.1615290527514443,0.6018656836523517,0.8384709472485556,0.3981343163476483,5.256627456023273,0.23938683970748506,0.24339655300044014,4.891121398251013,0.16466149926016904,0.16219850899479563
136,/wynton/group/sali/mhancock/xray/sample_bench/out/266_decoys/0/output_211/pdbs/6.pdb,1956.6877125510737,0.14271032238255815,0.5370483966911677,0.8798975148852294,0.4629516033088324,0.1201024851147706,4.872256593342646,0.15279997990085414,0.1573363306376626,5.200516064001528,0.23325195069353316,0.2292135005015405
137,/wynton/group/sali/mhancock/xray/sample_bench/out/266_decoys/0/output_67/pdbs/2.pdb,3765.597419843968,0.09033119582413787,0.5609567271112522,0.6390765888724013,0.4390432728887477,0.3609234111275987,4.560628881722549,0.11121179613273696,0.11535518612313629,4.754057043754837,0.1479649257906172,0.14260433084776974
138,/wynton/group/sali/mhancock/xray/sample_bench/out/266_decoys/0/output_186/pdbs/18.pdb,563.563890240622,0.23452924060947825,0.7118054411514728,0.2316824500445599,0.2881945588485271,0.7683175499554401,5.41808876002235,0.2812046406611344,0.2843479031122168,5.393268056316984,0.27229380743865755,0.2789032839931412
139,/wynton/group/sali/mhancock/xray/sample_bench/out/266_decoys/0/output_132/pdbs/8.pdb,884.9904531637401,0.1541743038102037,0.1663959743963317,0.3800435992145567,0.8336040256036683,0.6199564007854432,5.290796888115181,0.24370263984163468,0.2512063569978507,4.854457369032937,0.1514154640257804,0.15283116111964437
140,/wynton/group/sali/mhancock/xray/sample_bench/out/266_decoys/0/output_196/pdbs/4.pdb,3007.06676232316,0.07496372140329328,0.9512226555784932,0.4480401335772768,0.0487773444215067,0.5519598664227232,4.662781854982193,0.12233719834613459,0.1260510056936839,4.5496028437947595,0.11517090760055912,0.11338092610475027
141,/wynton/group/sali/mhancock/xray/sample_bench/out/266_decoys/0/output_50/pdbs/9.pdb,1321.8823045171678,0.17188854127308664,0.211901959787218,0.6578571874894518,0.788098040212782,0.3421428125105483,5.285035984055704,0.23922059458243763,0.24767808679752215,5.095801981366264,0.2046678139563616,0.20130878945577035
142,/wynton/group/sali/mhancock/xray/sample_bench/out/266_decoys/0/output_7/pdbs/3.pdb,4711.143959876423,0.15600553694192376,0.0443507806850296,0.5822951563074967,0.9556492193149704,0.4177048436925032,5.32035622932789,0.25174821251286716,0.26415502346808767,4.702595138796278,0.13784772510615725,0.1340508350832631
143,/wynton/group/sali/mhancock/xray/sample_bench/out/266_decoys/0/output_52/pdbs/4.pdb,3013.258388206471,0.14019127288325897,0.2398038298093556,0.6492669696482483,0.7601961701906444,0.3507330303517517,5.135979398715368,0.20880901910550137,0.21373505224391112,4.8610655190800784,0.16366896676799528,0.15730173602686845
144,/wynton/group/sali/mhancock/xray/sample_bench/out/266_decoys/0/output_123/pdbs/11.pdb,678.9245885122664,0.14214816910620381,0.6817640794226869,0.3502051433807579,0.318235920577313,0.6497948566192422,5.121888160978564,0.20057673793507116,0.2016969766732188,5.072976144417938,0.1902029301893931,0.19223553628409562
145,/wynton/group/sali/mhancock/xray/sample_bench/out/266_decoys/0/output_56/pdbs/19.pdb,829.2612137560941,0.24115335140565897,0.7650427473237574,0.6568301157564664,0.2349572526762426,0.3431698842435335,5.442550910178766,0.287236378475828,0.2927982256995691,5.440748318656233,0.29810118340569186,0.2956467152148586
146,/wynton/group/sali/mhancock/xray/sample_bench/out/266_decoys/0/output_195/pdbs/13.pdb,914.5675615138923,0.16205937136977056,0.6822292139541172,0.330657713252227,0.3177707860458829,0.669342286747773,5.224935429707431,0.22308081911972197,0.22579479436560726,5.185701258565811,0.21317050864665382,0.21890963564764812
147,/wynton/group/sali/mhancock/xray/sample_bench/out/266_decoys/0/output_209/pdbs/15.pdb,575.4542217381043,0.19248835337017456,0.8017192562616888,0.465181121014381,0.1982807437383111,0.534818878985619,5.311413287667782,0.24693235866085575,0.25047377707300905,5.28143320603339,0.24319339674605273,0.24400958679674267
148,/wynton/group/sali/mhancock/xray/sample_bench/out/266_decoys/0/output_130/pdbs/3.pdb,4691.730373960263,0.14311013435276182,0.497006525739086,0.9539432100653044,0.502993474260914,0.0460567899346956,4.7518286488856765,0.1337642589926011,0.1409177130647851,5.213106082631159,0.2384996169299497,0.234719464435357
149,/wynton/group/sali/mhancock/xray/sample_bench/out/266_decoys/0/output_166/pdbs/10.pdb,1350.0756537240093,0.13818843591076213,0.5195991204878206,0.2479643070421334,0.4804008795121795,0.7520356929578665,5.1127810611250055,0.1937714205203604,0.20100570513358687,5.014852240277262,0.17315681480905273,0.1802525027016782
150,/wynton/group/sali/mhancock/xray/sample_bench/out/266_decoys/0/output_184/pdbs/5.pdb,1645.5090826847452,0.11280980349359154,0.41313739396727,0.5258169286311823,0.5868626060327299,0.4741830713688175,4.9581949502154465,0.17050780725724798,0.17407667435780846,4.734745989742812,0.13825599621740264,0.13726816281413065
151,/wynton/group/sali/mhancock/xray/sample_bench/out/266_decoys/0/output_149/pdbs/15.pdb,566.3266214689991,0.24892570889439655,0.0199173429479639,0.0636259203456321,0.980082657052036,0.936374079654368,5.507849851843011,0.31547134546453004,0.3236239108655176,5.3296894743914915,0.24833999624360942,0.25703882256322036
152,/wynton/group/sali/mhancock/xray/sample_bench/out/266_decoys/0/output_31/pdbs/1.pdb,7230.80820279231,0.07406388272596318,0.4559723385627496,0.4378748728806501,0.5440276614372503,0.5621251271193499,4.710518300675774,0.1306467128009243,0.13575061979045627,4.19018661395227,0.08573096162599259,0.07914439959326453
153,/wynton/group/sali/mhancock/xray/sample_bench/out/266_decoys/0/output_242/pdbs/14.pdb,581.2371844316042,0.19747978031571845,0.6471227826924637,0.8098502869780958,0.3528772173075363,0.1901497130219042,5.273050113526066,0.23417054274333138,0.24009296479727885,5.365160404568994,0.27489214466302747,0.2712819536417463
154,/wynton/group/sali/mhancock/xray/sample_bench/out/266_decoys/0/output_187/pdbs/17.pdb,591.6288277212018,0.22703758623323123,0.5072913819278302,0.6870731849452951,0.4927086180721699,0.3129268150547049,5.3990243727443135,0.2747927239906498,0.2782147237356783,5.392488722991002,0.28005198868674147,0.27969651149998714
155,/wynton/group/sali/mhancock/xray/sample_bench/out/266_decoys/0/output_53/pdbs/4.pdb,2996.9109075162037,0.11195108411662158,0.3380873466283854,0.5051502523388544,0.6619126533716145,0.4948497476611456,5.012210779896122,0.1829348288697344,0.18670308142677675,4.630035984343824,0.1275267168132087,0.12296170400552776
156,/wynton/group/sali/mhancock/xray/sample_bench/out/266_decoys/0/output_199/pdbs/10.pdb,1335.8124795694957,0.16580656620224088,0.2374748994210693,0.4840184500238255,0.7625251005789306,0.5159815499761744,5.300298754001197,0.24364513079311423,0.2511605770633003,5.046683507601446,0.189993028615185,0.18819214850979582
157,/wynton/group/sali/mhancock/xray/sample_bench/out/266_decoys/0/output_101/pdbs/10.pdb,1328.7602528107602,0.1572006216852241,0.2920162921440039,0.4277932530306898,0.7079837078559962,0.5722067469693101,5.260048880855756,0.2340476599412707,0.23801246592551953,5.0215564627715406,0.18026846115551423,0.18244635476773427
158,/wynton/group/sali/mhancock/xray/sample_bench/out/266_decoys/0/output_82/pdbs/8.pdb,881.9673381976446,0.10994696703529924,0.9702741895001292,0.3675090588416937,0.0297258104998708,0.6324909411583062,4.979455106411298,0.17031345486743737,0.17381202562285222,4.852400800021537,0.14961309744709575,0.15164689929791086
159,/wynton/group/sali/mhancock/xray/sample_bench/out/266_decoys/0/output_7/pdbs/15.pdb,556.923095378691,0.19223614685358756,0.7920686898477812,0.3655112087690673,0.2079313101522186,0.6344887912309327,5.320264827167435,0.2525150157966901,0.2514569006817421,5.277105230070027,0.24146065671689204,0.24298341280398278
160,/wynton/group/sali/mhancock/xray/sample_bench/out/266_decoys/0/output_155/pdbs/1.pdb,7233.667991742595,0.1198156194156752,0.6997537780538634,0.9898008138816196,0.3002462219461365,0.0101991861183804,4.115656875179981,0.07014750918444165,0.07394831164776809,5.2322105396206755,0.24092350517917513,0.24066804552144094
161,/wynton/group/sali/mhancock/xray/sample_bench/out/266_decoys/0/output_6/pdbs/14.pdb,580.4056158961919,0.19282526112913922,0.5992926382006524,0.6973420547709587,0.4007073617993476,0.3026579452290412,5.277360522036333,0.23743671149822543,0.24007355328220936,5.3146121413791025,0.2558648305388889,0.255193621770793
162,/wynton/group/sali/mhancock/xray/sample_bench/out/266_decoys/0/output_0/pdbs/2.pdb,3750.003672356553,0.18157441124049412,0.0823487870119576,0.8266727215606353,0.9176512129880424,0.1733272784393646,5.2742069220445895,0.24068595288233513,0.25063330294112285,5.058836608164496,0.20434679562696514,0.197929613411408
163,/wynton/group/sali/mhancock/xray/sample_bench/out/266_decoys/0/output_100/pdbs/2.pdb,3766.468169834591,0.06255883500844428,0.6615950995433049,0.1080994287706775,0.3384049004566951,0.8919005712293225,4.365530137045121,0.09070347950992544,0.09404304350480923,4.445620445321568,0.10133899418819317,0.1011653854504443
164,/wynton/group/sali/mhancock/xray/sample_bench/out/266_decoys/0/output_243/pdbs/18.pdb,571.8832434967837,0.23353894829634997,0.648622395538307,0.4057095195789587,0.3513776044616928,0.5942904804210413,5.416616858496892,0.28189731255827416,0.2844665660570544,5.38501698637196,0.2770857966714144,0.2761428767578222
165,/wynton/group/sali/mhancock/xray/sample_bench/out/266_decoys/0/output_249/pdbs/17.pdb,580.7814343031844,0.24144144602300527,0.4524280545174756,0.8784054042953302,0.5475719454825244,0.1215945957046697,5.412493174065238,0.2800716785713891,0.2840902127043432,5.459126290248636,0.3069979016117167,0.3054102825977121
166,/wynton/group/sali/mhancock/xray/sample_bench/out/266_decoys/0/output_238/pdbs/4.pdb,3014.7887988043303,0.0947737891222502,0.7340541099584155,0.7017416970010143,0.2659458900415846,0.2982583029989856,4.543001744444022,0.107237847655104,0.11162523601716832,4.929973246843035,0.1757201480073825,0.17105207260090025
167,/wynton/group/sali/mhancock/xray/sample_bench/out/266_decoys/0/output_211/pdbs/7.pdb,1501.838055795576,0.14899836056719448,0.7232766398933318,0.9730680705236546,0.2767233601066683,0.0269319294763454,4.833019577667575,0.14381041694062013,0.1483176632786845,5.2977023631697255,0.2595074481103195,0.255985428068552
168,/wynton/group/sali/mhancock/xray/sample_bench/out/266_decoys/0/output_221/pdbs/16.pdb,784.4378627870676,0.2222565935510107,0.3454001153285788,0.4969424451571956,0.6545998846714212,0.5030575548428043,5.412953741247486,0.28096114994317023,0.2839383727944591,5.3265566711299766,0.25381793248446965,0.25721007933858814
169,/wynton/group/sali/mhancock/xray/sample_bench/out/266_decoys/0/output_158/pdbs/2.pdb,3761.5305339045876,0.13961749933234524,0.2431424244304094,0.6922150808202102,0.7568575755695905,0.3077849191797898,5.097539457882286,0.1989789581593516,0.20520792415854008,4.849678129705965,0.1627976480954817,0.15751743898572002
170,/wynton/group/sali/mhancock/xray/sample_bench/out/266_decoys/0/output_50/pdbs/14.pdb,578.4288588283391,0.18739476993032025,0.5293860921799448,0.3811636983001762,0.4706139078200551,0.6188363016998237,5.29821439246945,0.2412266549770614,0.24634689407887478,5.2360504025647,0.22818281602100307,0.23193660138679148
171,/wynton/group/sali/mhancock/xray/sample_bench/out/266_decoys/0/output_124/pdbs/6.pdb,1973.9290502528024,0.13446568465426303,0.3828623857508594,0.6527295406791348,0.6171376142491405,0.3472704593208651,5.043732883477749,0.1844657500256538,0.19066216363517732,4.951453440684127,0.17551172724531408,0.1734078219980732
172,/wynton/group/sali/mhancock/xray/sample_bench/out/266_decoys/0/output_100/pdbs/19.pdb,822.6592824451225,0.25648854231048823,0.8820947200067999,0.8964926458280241,0.1179052799932,0.1035073541719758,5.455203245174098,0.2909609742412632,0.29717706687369233,5.502314469734577,0.32168695711337947,0.3216645933077323
173,/wynton/group/sali/mhancock/xray/sample_bench/out/266_decoys/0/output_248/pdbs/11.pdb,684.300599645718,0.17844936398712946,0.1936637614147913,0.4643551099407054,0.8063362385852086,0.5356448900592945,5.3471152424961845,0.26220464331412213,0.26461426308204156,5.088210561197187,0.19607776031969792,0.19634296075085453
174,/wynton/group/sali/mhancock/xray/sample_bench/out/266_decoys/0/output_17/pdbs/10.pdb,1335.51610926889,0.16101694717012177,0.3232309038522687,0.1914302178898115,0.6767690961477314,0.8085697821101885,5.2458642791501555,0.23099204775944823,0.2355338987993296,5.044470509812233,0.17943379446930124,0.18536356318794983
175,/wynton/group/sali/mhancock/xray/sample_bench/out/266_decoys/0/output_113/pdbs/2.pdb,3759.6074087759125,0.04708480981780016,0.6874913217749032,0.30155085815641,0.3125086782250967,0.69844914184359,4.33239239009422,0.08580142895369491,0.09108986361152148,4.159286328331709,0.07706111653640674,0.07586318955806008
176,/wynton/group/sali/mhancock/xray/sample_bench/out/266_decoys/0/output_36/pdbs/2.pdb,3789.27734210047,0.06593676324613698,0.9035567173635852,0.0935962122484616,0.0964432826364148,0.9064037877515384,4.3530307692679,0.08968563143981848,0.09305807701948986,4.47497378404924,0.10280892716668127,0.1053876437939238
177,/wynton/group/sali/mhancock/xray/sample_bench/out/266_decoys/0/output_144/pdbs/7.pdb,1518.8377995897467,0.11823650713494835,0.6970845101766591,0.6698734073485039,0.3029154898233409,0.3301265926514962,4.83351885679746,0.14432645590618315,0.14863709126925492,5.009693714225068,0.18830285807053046,0.18381217648435016
178,/wynton/group/sali/mhancock/xray/sample_bench/out/266_decoys/0/output_57/pdbs/14.pdb,582.2009063160244,0.22826433234486748,0.0313723489799442,0.3128954117651885,0.9686276510200555,0.6871045882348116,5.488283015874682,0.3079120791909308,0.31545448061096343,5.231318127464134,0.22545242782465819,0.22998613683702762
179,/wynton/group/sali/mhancock/xray/sample_bench/out/266_decoys/0/output_158/pdbs/13.pdb,923.5707712034125,0.17564308362794168,0.5517937404334836,0.6274047648673436,0.4482062595665164,0.3725952351326563,5.244569628722544,0.22727156465097165,0.2326205001880361,5.244598145524864,0.24160929585768517,0.2344099508342775
180,/wynton/group/sali/mhancock/xray/sample_bench/out/266_decoys/0/output_57/pdbs/4.pdb,3015.074171178913,0.11215125599693297,0.2714646710360523,0.4142732847814691,0.7285353289639477,0.5857267152185309,5.0966901422369775,0.19923188349795573,0.20452944633784506,4.510656545165779,0.11117239198090761,0.10813470728397641
181,/wynton/group/sali/mhancock/xray/sample_bench/out/266_decoys/0/output_142/pdbs/4.pdb,3010.639233310444,0.08180855964430259,0.5318026605778374,0.4269967715098006,0.4681973394221626,0.5730032284901994,4.749451511582428,0.13615197359970888,0.1396522552496952,4.531728712771539,0.11310041669457334,0.11133853706446804
182,/wynton/group/sali/mhancock/xray/sample_bench/out/266_decoys/0/output_66/pdbs/15.pdb,575.6689145207531,0.2123228029076663,0.2944930246657795,0.5258318003694916,0.7055069753342205,0.4741681996305083,5.40789931645529,0.2806071096291055,0.28256706776667995,5.293781022416635,0.24905146108951312,0.2484392270975828
183,/wynton/group/sali/mhancock/xray/sample_bench/out/266_decoys/0/output_159/pdbs/15.pdb,569.0289104895339,0.2011142663765398,0.5685919748142731,0.6164035125722268,0.4314080251857268,0.3835964874277733,5.330754278217277,0.2522552899767641,0.2564767510057056,5.32222299358044,0.2561196006618067,0.25652000534679786
184,/wynton/group/sali/mhancock/xray/sample_bench/out/266_decoys/0/output_144/pdbs/1.pdb,7286.529542748233,0.08071392675407717,0.8549381058654275,0.7261109068670103,0.1450618941345724,0.2738890931329896,4.071850993200555,0.06722762329322896,0.07033485516364837,4.87507697336698,0.1648205718320316,0.16324922176582052
185,/wynton/group/sali/mhancock/xray/sample_bench/out/266_decoys/0/output_187/pdbs/13.pdb,929.2195414931032,0.19086543495473163,0.239274179458764,0.4018041986946584,0.7607258205412359,0.5981958013053414,5.381393427472062,0.2697538517241093,0.27531034138195565,5.180794979649466,0.2155742731464342,0.2179722290543803
186,/wynton/group/sali/mhancock/xray/sample_bench/out/266_decoys/0/output_210/pdbs/2.pdb,3762.4285256858884,0.1245732174876126,0.4862261103593181,0.8220091835502559,0.5137738896406819,0.1779908164497441,4.713461636827543,0.12965925350043578,0.1357727990166905,5.0482907196268245,0.19524404097791592,0.1959580448483734
187,/wynton/group/sali/mhancock/xray/sample_bench/out/266_decoys/0/output_66/pdbs/16.pdb,777.0233600148092,0.21881833340457696,0.4338650835627498,0.6361016721359063,0.5661349164372502,0.3638983278640936,5.391601244403048,0.27488608036507073,0.27577101732635845,5.356514171944545,0.2679694413281794,0.2678727212108308
188,/wynton/group/sali/mhancock/xray/sample_bench/out/266_decoys/0/output_100/pdbs/6.pdb,1975.2725670618456,0.08331545250594127,0.7159986057832707,0.2590075393695069,0.2840013942167294,0.7409924606304931,4.756022865560834,0.13169035916580588,0.13665790642261516,4.688511340502722,0.12341981656141086,0.1277057816639548
189,/wynton/group/sali/mhancock/xray/sample_bench/out/266_decoys/0/output_85/pdbs/15.pdb,566.4290345999348,0.21493009669566043,0.3352852609056772,0.4834768820403291,0.6647147390943228,0.5165231179596709,5.397629882011778,0.27657757987464066,0.27849394356508056,5.291468723235702,0.24557186392832764,0.24708957259488576
190,/wynton/group/sali/mhancock/xray/sample_bench/out/266_decoys/0/output_2/pdbs/10.pdb,1335.7637519901548,0.13848531890773463,0.5186988007677352,0.4563543937882046,0.4813011992322648,0.5436456062117954,5.116735142403538,0.195961451057469,0.20139945922286584,5.025976008736022,0.18334848770010345,0.18425557332617354
191,/wynton/group/sali/mhancock/xray/sample_bench/out/266_decoys/0/output_42/pdbs/19.pdb,833.2502299028931,0.24709422897926037,0.8661994258657487,0.4636248397650606,0.1338005741342512,0.5363751602349394,5.4502868395151856,0.29192585822607287,0.2960766324999639,5.4115782403807104,0.28517037654747435,0.28485150219977406
192,/wynton/group/sali/mhancock/xray/sample_bench/out/266_decoys/0/output_111/pdbs/4.pdb,2999.8925864500297,0.13531001590538488,0.2557987132583262,0.6195301916149301,0.7442012867416737,0.38046980838507,5.119941334029517,0.2053208280931169,0.21033820344367007,4.807756874580985,0.1521255620265969,0.15001404096790363
193,/wynton/group/sali/mhancock/xray/sample_bench/out/266_decoys/0/output_151/pdbs/2.pdb,3753.392722880558,0.10979026918008475,0.5573126252738468,0.775588488432924,0.4426873747261531,0.2244115115670759,4.570793526041369,0.11167998913962819,0.11594931650910503,4.981573239787364,0.18699648108635178,0.18244395057709487
194,/wynton/group/sali/mhancock/xray/sample_bench/out/266_decoys/0/output_161/pdbs/1.pdb,7243.11723584897,0.06888132942663222,0.8582352123899534,0.638995992021361,0.1417647876100466,0.361004007978639,4.062450296468498,0.0674710768252817,0.0692821052331114,4.703290808198319,0.1429150958766476,0.1355760298809257
195,/wynton/group/sali/mhancock/xray/sample_bench/out/266_decoys/0/output_79/pdbs/8.pdb,881.0783201257507,0.17212492839459873,0.0117161823869091,0.415898573354775,0.9882838176130908,0.584101426645225,5.400759262804704,0.2789203676928862,0.28684486784705143,4.878651802394339,0.15582396011334793,0.15668313791020128
196,/wynton/group/sali/mhancock/xray/sample_bench/out/266_decoys/0/output_126/pdbs/9.pdb,1337.5652078308594,0.14897409404076828,0.2711419291736135,0.4099926454045743,0.7288580708263865,0.5900073545954256,5.241640727887905,0.2268856316677851,0.23686084217811965,4.940193060564147,0.1636127080639533,0.16716451126109982
197,/wynton/group/sali/mhancock/xray/sample_bench/out/266_decoys/0/output_239/pdbs/11.pdb,684.2049436313271,0.1793093616796936,0.2575989895566599,0.6491037850893754,0.74240101044334,0.3508962149106246,5.310104298428546,0.2484884105752076,0.25362808016982297,5.168739853083928,0.2200280679438895,0.21657379340492752
198,/wynton/group/sali/mhancock/xray/sample_bench/out/266_decoys/0/output_161/pdbs/5.pdb,1638.2669995010763,0.09906074729372494,0.5863283002534446,0.5848730410680797,0.4136716997465554,0.4151269589319203,4.759058174648689,0.13547816434156323,0.13984497573413118,4.809424466435645,0.15389262289179967,0.14905196592653583
199,/wynton/group/sali/mhancock/xray/sample_bench/out/266_decoys/0/output_104/pdbs/10.pdb,1338.6788040929973,0.19899721289204303,0.0632297487496295,0.6860795815345905,0.9367702512503704,0.3139204184654094,5.4025030527382905,0.27893816954000183,0.2847223357785838,5.157040335811711,0.22164152011845906,0.2146863532829075
200,/wynton/group/sali/mhancock/xray/sample_bench/out/266_decoys/0/output_221/pdbs/3.pdb,4698.674273547818,0.16204194377809267,0.0997728012216858,0.6840564549476643,0.9002271987783141,0.3159435450523357,5.268110908187666,0.24087802794707464,0.24889901972154752,4.875057102123726,0.1657976862480512,0.16138315838897538
201,/wynton/group/sali/mhancock/xray/sample_bench/out/266_decoys/0/output_32/pdbs/8.pdb,875.2522558935805,0.11956714299359031,0.7840824169659184,0.0667081024905389,0.2159175830340816,0.933291897509461,4.911833650084555,0.15456020722670263,0.16156778844587047,4.989875394147947,0.16861765605719203,0.17532111325664573
202,/wynton/group/sali/mhancock/xray/sample_bench/out/266_decoys/0/output_73/pdbs/5.pdb,1638.5223819360115,0.13907773039538865,0.5038249021589472,0.8374366895569864,0.4961750978410528,0.1625633104430137,4.853144551678606,0.1533716412176191,0.15513327248749295,5.136318556510128,0.21670395760310207,0.21377458486327966
203,/wynton/group/sali/mhancock/xray/sample_bench/out/266_decoys/0/output_242/pdbs/16.pdb,775.4903504593583,0.2511392704741504,0.095193351105713,0.0888241583150594,0.904806648894287,0.9111758416849406,5.50167664225048,0.3139837017055188,0.3194053957122608,5.358993485752564,0.2617144906123602,0.2669381114898778
204,/wynton/group/sali/mhancock/xray/sample_bench/out/266_decoys/0/output_64/pdbs/4.pdb,3008.104245448752,0.16636459428686284,0.0246659801860107,0.0028613064605009,0.9753340198139892,0.997138693539499,5.343409203641437,0.2610933341139574,0.2712839990647425,4.783559914421475,0.141744600557706,0.1443318656135497
205,/wynton/group/sali/mhancock/xray/sample_bench/out/266_decoys/0/output_36/pdbs/4.pdb,3022.6881828723,0.0886309661701491,0.538328784099406,0.514436313553624,0.461671215900594,0.485563686446376,4.741425286110912,0.13440879503509717,0.13890098931718084,4.632002006958136,0.12940636361341906,0.12359508203641904
206,/wynton/group/sali/mhancock/xray/sample_bench/out/266_decoys/0/output_209/pdbs/8.pdb,882.30013010826,0.13878083874120312,0.5754921082119342,0.7345712487740511,0.4245078917880658,0.2654287512259488,4.966297611823493,0.1681961182340516,0.1707778327159021,5.115932139097818,0.2071075332615032,0.2070016173993085
207,/wynton/group/sali/mhancock/xray/sample_bench/out/266_decoys/0/output_88/pdbs/17.pdb,566.3147798217874,0.22889834588665303,0.4214191692133017,0.4035770336502469,0.5785808307866983,0.596422966349753,5.419322580308637,0.28012416044799765,0.2862602564556681,5.354813070879238,0.26406679677318956,0.2656791391140375
208,/wynton/group/sali/mhancock/xray/sample_bench/out/266_decoys/0/output_0/pdbs/1.pdb,7234.594276630478,0.036837317579929675,0.8028062421976119,0.1844466080590746,0.197193757802388,0.8155533919409254,4.013320717760255,0.06223561283954164,0.06606778979484344,4.127623747768049,0.07675809736173994,0.07311222480312599
209,/wynton/group/sali/mhancock/xray/sample_bench/out/266_decoys/0/output_201/pdbs/6.pdb,1961.7537932237358,0.10890216994000172,0.6482154955617055,0.6561264008643256,0.3517845044382945,0.3438735991356743,4.798938408271183,0.13970680860919316,0.1436180275355159,4.964713783502011,0.18005614332373748,0.17499933620259137
210,/wynton/group/sali/mhancock/xray/sample_bench/out/266_decoys/0/output_159/pdbs/7.pdb,1503.3837750574608,0.16071017608543176,0.1094914992793087,0.5238317053184035,0.8905085007206913,0.4761682946815965,5.319985186659147,0.25231446232299803,0.26043108021373573,4.864758120616771,0.15555042065450594,0.1563942109508546
211,/wynton/group/sali/mhancock/xray/sample_bench/out/266_decoys/0/output_202/pdbs/18.pdb,566.8521918128183,0.272873312669219,0.0120892979339973,0.3806965970121427,0.9879107020660026,0.6193034029878574,5.560364072018721,0.3340538456569818,0.3459434664457504,5.384341063305186,0.2737263736924763,0.275641773845914
212,/wynton/group/sali/mhancock/xray/sample_bench/out/266_decoys/0/output_88/pdbs/11.pdb,676.5474722442063,0.14016686930751293,0.6916637797165832,0.4326843687264457,0.3083362202834169,0.5673156312735543,5.108701631766991,0.19662741636678518,0.19891588099689053,5.081832735793959,0.1941804948274805,0.1944918194930602
213,/wynton/group/sali/mhancock/xray/sample_bench/out/266_decoys/0/output_18/pdbs/19.pdb,825.8033287850799,0.25589724842746503,0.5214786042630039,0.1957794470072807,0.4785213957369961,0.8042205529927192,5.455397321354579,0.2945348093936883,0.2974623788308402,5.428724334235413,0.28568992409392563,0.2901508849597593
214,/wynton/group/sali/mhancock/xray/sample_bench/out/266_decoys/0/output_8/pdbs/6.pdb,1956.6542924938576,0.15147983886126762,0.4764822485513653,0.8897155322753908,0.5235177514486347,0.1102844677246092,4.9366864873339935,0.16292002988254506,0.1686512476668222,5.2058934187248065,0.2338451784961862,0.23135833921793023
215,/wynton/group/sali/mhancock/xray/sample_bench/out/266_decoys/0/output_106/pdbs/19.pdb,831.4311633535651,0.2453146446578163,0.6735151934044215,0.4058571288663939,0.3264848065955786,0.594142871133606,5.435454337616807,0.28490612236096013,0.29185783061483633,5.409373434292653,0.2818710303083764,0.2852884281812269
216,/wynton/group/sali/mhancock/xray/sample_bench/out/266_decoys/0/output_177/pdbs/8.pdb,873.4511040130272,0.15004899446806727,0.4293588382768947,0.7260136262633952,0.5706411617231052,0.2739863737366049,5.087154505904063,0.19127283584828003,0.19726779178045026,5.114647451960736,0.20996413881193315,0.207275723454557
217,/wynton/group/sali/mhancock/xray/sample_bench/out/266_decoys/0/output_108/pdbs/8.pdb,878.5552441618167,0.11045828294971244,0.8870425855445752,0.2593340484771959,0.1129574144554248,0.740665951522804,4.941738540070388,0.16036885282844857,0.16527336549120475,4.873235645871833,0.14841815691954596,0.1543564386951914
218,/wynton/group/sali/mhancock/xray/sample_bench/out/266_decoys/0/output_243/pdbs/15.pdb,581.7196259917425,0.19898903457002698,0.9735890949896736,0.2087191177646788,0.0264109050103262,0.7912808822353211,5.347662033254307,0.26059727875467553,0.2622462167512398,5.293371582977828,0.24553882222499454,0.24729251723980386
219,/wynton/group/sali/mhancock/xray/sample_bench/out/266_decoys/0/output_161/pdbs/4.pdb,3004.188108518244,0.12786837745453933,0.4924908880334274,0.7996555261768122,0.5075091119665727,0.2003444738231877,4.807601917995378,0.1451103315083119,0.148948609068172,5.058241665020122,0.20171449405246528,0.19690284617359097
220,/wynton/group/sali/mhancock/xray/sample_bench/out/266_decoys/0/output_161/pdbs/7.pdb,1505.803829277606,0.14008213880665357,0.4252271019055393,0.7077275713106123,0.5747728980944606,0.2922724286893876,5.042922192158856,0.18316407588330091,0.18885269512453112,5.047841427812379,0.195984553511589,0.1920109302938722
221,/wynton/group/sali/mhancock/xray/sample_bench/out/266_decoys/0/output_20/pdbs/13.pdb,913.9857225526282,0.1939123645319611,0.2573327551439929,0.5702220625711414,0.742667244856007,0.4297779374288586,5.367638059903559,0.2647310666189935,0.2704311991020693,5.226628353147563,0.23097101074411538,0.23001577564372652
222,/wynton/group/sali/mhancock/xray/sample_bench/out/266_decoys/0/output_95/pdbs/10.pdb,1329.3625683941827,0.13032504724280955,0.7703970416770503,0.5259191331283158,0.2296029583229497,0.4740808668716841,5.048894493997919,0.18098860634854397,0.18627746496553216,5.05817065879234,0.18957233714288577,0.1909225101508781
223,/wynton/group/sali/mhancock/xray/sample_bench/out/266_decoys/0/output_195/pdbs/9.pdb,1330.2986952803258,0.11270092460584938,0.7825822280272925,0.3021783615239773,0.2174177719727074,0.6978216384760227,4.985596903280561,0.16926189812609604,0.1731921691063672,4.944789586708541,0.1596791502616825,0.16677064132149502
224,/wynton/group/sali/mhancock/xray/sample_bench/out/266_decoys/0/output_238/pdbs/16.pdb,788.2745112208347,0.233175314070444,0.3226037308779326,0.763030192671622,0.6773962691220674,0.236969807328378,5.422087634959127,0.28121153930361265,0.2871613478093313,5.39725709208403,0.28068542392495127,0.282181236211666
225,/wynton/group/sali/mhancock/xray/sample_bench/out/266_decoys/0/output_74/pdbs/15.pdb,562.0490899226761,0.19422434180139309,0.908031139790818,0.579427524929296,0.0919688602091821,0.420572475070704,5.328984773019414,0.2504338461422034,0.2553193124567371,5.303873043561221,0.24966278468907357,0.25139608389751933
226,/wynton/group/sali/mhancock/xray/sample_bench/out/266_decoys/0/output_44/pdbs/14.pdb,575.5760755052465,0.2234096382362528,0.273343544765525,0.8711523491675282,0.726656455234475,0.1288476508324718,5.388881801813113,0.27168320076319025,0.27685076605717646,5.392546958729679,0.2807780474258413,0.2814639512961014
227,/wynton/group/sali/mhancock/xray/sample_bench/out/266_decoys/0/output_197/pdbs/3.pdb,4714.7686322475665,0.1744386060456839,0.3211270697742066,0.999660959412874,0.6788729302257934,0.0003390405871258,5.007840066764577,0.18200995684595855,0.18615650582630378,5.269049726420758,0.25362944846924795,0.2496215689572364
228,/wynton/group/sali/mhancock/xray/sample_bench/out/266_decoys/0/output_174/pdbs/14.pdb,587.5434341085258,0.20033179187530784,0.2896133976851013,0.4515335988788003,0.7103866023148987,0.5484664011211996,5.378996254013839,0.2689149278599097,0.27299931482562984,5.231575575401137,0.2278901369043097,0.2314505309164119
229,/wynton/group/sali/mhancock/xray/sample_bench/out/266_decoys/0/output_184/pdbs/19.pdb,828.8283745777562,0.2485696722676422,0.8195743605261159,0.2635615683603594,0.1804256394738842,0.7364384316396406,5.451838441603479,0.2881902192146556,0.2960641845742091,5.417202152878674,0.2780746817588127,0.2868928161053015
230,/wynton/group/sali/mhancock/xray/sample_bench/out/266_decoys/0/output_71/pdbs/7.pdb,1514.1070126112604,0.12371280071238741,0.6199594132707171,0.6886672594556534,0.3800405867292828,0.3113327405443465,4.875377529454429,0.14871309411108377,0.156355234462272,5.034421928319126,0.19033380101017996,0.18889157424866876
231,/wynton/group/sali/mhancock/xray/sample_bench/out/266_decoys/0/output_52/pdbs/6.pdb,1977.1639336629805,0.0848068023439823,0.8191258301627178,0.4060038843699327,0.1808741698372822,0.5939961156300674,4.755397042799291,0.1359540863652019,0.13698722802405436,4.712915992426809,0.1325949568292604,0.13158665224866295
232,/wynton/group/sali/mhancock/xray/sample_bench/out/266_decoys/0/output_92/pdbs/4.pdb,3003.771523327462,0.13224977065879562,0.962437560031716,0.9119967236001396,0.037562439968284,0.0880032763998605,4.693598673593227,0.12920763243150973,0.1302004842069765,5.193703320287928,0.23306459520311043,0.22919877556722798
233,/wynton/group/sali/mhancock/xray/sample_bench/out/266_decoys/0/output_78/pdbs/12.pdb,722.8387046401988,0.17262248971029714,0.5628275720993894,0.0197540634401478,0.4371724279006105,0.980245936559852,5.193225063632638,0.21393918791615854,0.21841266838635046,5.21863121144641,0.21536836612929494,0.22619465444318376
234,/wynton/group/sali/mhancock/xray/sample_bench/out/266_decoys/0/output_245/pdbs/7.pdb,1504.3113013837537,0.1326983238796775,0.9753152922894222,0.7760667575360987,0.0246847077105777,0.2239332424639013,4.928435171253042,0.16180038836276733,0.16432931737582254,5.1239141475180014,0.21157500614194494,0.2092990963757844
235,/wynton/group/sali/mhancock/xray/sample_bench/out/266_decoys/0/output_35/pdbs/3.pdb,4701.816668458001,0.13778983020882518,0.374094468342919,0.7845404823327206,0.625905531657081,0.2154595176672794,4.943279787267232,0.16709070317158325,0.17265785965641056,5.021041415161624,0.19078725130368246,0.18959954344921223
236,/wynton/group/sali/mhancock/xray/sample_bench/out/266_decoys/0/output_38/pdbs/19.pdb,824.5700322699572,0.2568613634355609,0.3449352158628013,0.3677118433416447,0.6550647841371988,0.6322881566583554,5.482072727219656,0.302710781549155,0.3091242882507525,5.408376686808452,0.2799811206178051,0.2834533970885924
237,/wynton/group/sali/mhancock/xray/sample_bench/out/266_decoys/0/output_112/pdbs/13.pdb,928.6390294955027,0.21121541816903328,0.1710641966291741,0.1309754018999294,0.828935803370826,0.8690245981000705,5.409772833108296,0.28208191480921324,0.285561728456653,5.2283468038620295,0.22022137701281017,0.2288107767057706
238,/wynton/group/sali/mhancock/xray/sample_bench/out/266_decoys/0/output_47/pdbs/5.pdb,1633.5697164404673,0.14304843566134054,0.485392902061283,0.8637558347368863,0.514607097938717,0.1362441652631136,4.881903199802234,0.15254013011641315,0.15989996098001916,5.160467017801449,0.22401851404230264,0.22005750889124243
239,/wynton/group/sali/mhancock/xray/sample_bench/out/266_decoys/0/output_247/pdbs/3.pdb,4711.804773842057,0.060141482593715725,0.9294852402791828,0.3198952432955136,0.0705147597208171,0.6801047567044864,4.5377129491354875,0.10737965137721983,0.11080058318401288,4.312989323971873,0.08795059344849622,0.08795138993060941
240,/wynton/group/sali/mhancock/xray/sample_bench/out/266_decoys/0/output_99/pdbs/14.pdb,582.5697075230885,0.19031096949031512,0.5031060855354886,0.6071146142833439,0.4968939144645113,0.3928853857166561,5.300591891160597,0.243429034534705,0.2479510646388391,5.274024845872791,0.24454650014982504,0.24350548432637856
241,/wynton/group/sali/mhancock/xray/sample_bench/out/266_decoys/0/output_57/pdbs/6.pdb,1983.4014704678584,0.15798884383675882,0.1370065836915327,0.620699166234978,0.8629934163084673,0.379300833765022,5.273168029632699,0.24143379559350314,0.2475095691484143,4.9174332221518,0.16912819103956883,0.16656719521909016
242,/wynton/group/sali/mhancock/xray/sample_bench/out/266_decoys/0/output_198/pdbs/1.pdb,7232.905007143612,0.11836971620316201,0.0806381442904451,0.2332020295495879,0.9193618557095548,0.7667979704504121,5.26898716345093,0.23864097194365622,0.24924063326496093,4.021029263211863,0.06820973792384936,0.06550163936769396
243,/wynton/group/sali/mhancock/xray/sample_bench/out/266_decoys/0/output_182/pdbs/2.pdb,3762.434724112686,0.12421829761341267,0.3345888523214884,0.6746115968073606,0.6654111476785116,0.3253884031926394,4.9724391139652715,0.17150312813942423,0.17894063229846113,4.817310618074205,0.1574648657350139,0.15226887295154076
244,/wynton/group/sali/mhancock/xray/sample_bench/out/266_decoys/0/output_1/pdbs/4.pdb,3009.277947814961,0.13932156573805163,0.1571165014591631,0.545678756408481,0.8428834985408369,0.454321243591519,5.228515429220282,0.22823568290914548,0.23670584363715977,4.689300301335857,0.1361656690507745,0.13210658415860593
245,/wynton/group/sali/mhancock/xray/sample_bench/out/266_decoys/0/output_112/pdbs/6.pdb,1958.6425453865108,0.2040624107868202,0.0628406872982727,0.8897683335986648,0.9371593127017273,0.1102316664013352,5.339041600448188,0.2623643413542232,0.2682799399990673,5.209383512988722,0.23422173439192726,0.2317225316442958
246,/wynton/group/sali/mhancock/xray/sample_bench/out/266_decoys/0/output_167/pdbs/4.pdb,3019.57066313095,0.07341033621861931,0.6257557179085729,0.4434423296242366,0.3742442820914271,0.5565576703757634,4.6301095180083705,0.11749843534637332,0.1228675408018645,4.540030214297927,0.11201537978652813,0.1128591521580612
247,/wynton/group/sali/mhancock/xray/sample_bench/out/266_decoys/0/output_196/pdbs/19.pdb,821.2844538754484,0.25054799988046494,0.5445494527016829,0.5002393236671057,0.4554505472983172,0.4997606763328943,5.449666201761285,0.2909920802068205,0.2963542302310548,5.414254048697638,0.28490457893880755,0.2860154873835714
248,/wynton/group/sali/mhancock/xray/sample_bench/out/266_decoys/0/output_233/pdbs/1.pdb,7268.655505962794,0.07221788839735098,0.7076950210633017,0.6604292183833295,0.2923049789366982,0.3395707816166705,4.102816052248256,0.070362677294327,0.07271994151532742,4.750364413119295,0.14808167365933136,0.142658131460923
249,/wynton/group/sali/mhancock/xray/sample_bench/out/266_decoys/0/output_144/pdbs/13.pdb,915.8353414672581,0.16873995041524598,0.8212433958766289,0.5207202950344284,0.1787566041233711,0.4792797049655715,5.228859179353694,0.2272297441968817,0.2278287964025457,5.206387793541308,0.22754324543641724,0.22436999071418737
250,/wynton/group/sali/mhancock/xray/sample_bench/out/266_decoys/0/output_148/pdbs/18.pdb,552.8125233962203,0.24706432751302781,0.3740002597396545,0.6118582550018967,0.6259997402603454,0.3881417449981033,5.454702242559092,0.2926769252650661,0.29862994897892203,5.4058407580258745,0.2840970302639016,0.28320466126869126
251,/wynton/group/sali/mhancock/xray/sample_bench/out/266_decoys/0/output_202/pdbs/5.pdb,1622.8456670669234,0.1583052423561691,0.4432837428019315,0.9476602083416664,0.5567162571980685,0.0523397916583336,4.929793741154974,0.1629009471412373,0.16944810378275144,5.2428608505296515,0.24606667275419836,0.2416878908293318
252,/wynton/group/sali/mhancock/xray/sample_bench/out/266_decoys/0/output_3/pdbs/13.pdb,912.7901228090118,0.18270636222473946,0.4453698323167973,0.6024070166622211,0.5546301676832026,0.397592983337779,5.284094744472835,0.2383130795894519,0.2429114440880523,5.229564610969649,0.231832302832475,0.2313671690507381
253,/wynton/group/sali/mhancock/xray/sample_bench/out/266_decoys/0/output_90/pdbs/10.pdb,1349.5300563844426,0.16056850913309625,0.4303680832946296,0.6936618699629782,0.5696319167053704,0.3063381300370218,5.163094910347492,0.2100923138680844,0.21469501772862395,5.163748894150006,0.22227726964664704,0.21581878759610934
254,/wynton/group/sali/mhancock/xray/sample_bench/out/266_decoys/0/output_147/pdbs/18.pdb,548.9005032578827,0.2512082976697201,0.3495818578511951,0.7770489542692319,0.6504181421488049,0.2229510457307681,5.465823679258259,0.29891653371319166,0.30392640400545273,5.448232432152539,0.3027027501192334,0.2993002836208475
255,/wynton/group/sali/mhancock/xray/sample_bench/out/266_decoys/0/output_204/pdbs/5.pdb,1630.076405631596,0.11278727476420312,0.3515389001313805,0.39430847702358,0.6484610998686196,0.60569152297642,5.040624633598455,0.18302090756814995,0.19095978746012135,4.61076399029772,0.11860094350735348,0.11997599227895288
256,/wynton/group/sali/mhancock/xray/sample_bench/out/266_decoys/0/output_178/pdbs/6.pdb,1969.3236547253578,0.11736544985114941,0.9481968764744018,0.7026387360536114,0.0518031235255982,0.2973612639463885,4.828336672407286,0.14861755411576605,0.14798933709529555,5.00940127700812,0.19094064524521234,0.18443424971641098
257,/wynton/group/sali/mhancock/xray/sample_bench/out/266_decoys/0/output_27/pdbs/3.pdb,4717.003463140398,0.0729963008651757,0.8105522657053572,0.0474939323563623,0.1894477342946427,0.9525060676436377,4.421009326806062,0.09567661949820659,0.0980598919634274,4.640064742711393,0.12306755548193775,0.12388780256986884
258,/wynton/group/sali/mhancock/xray/sample_bench/out/266_decoys/0/output_138/pdbs/13.pdb,931.4527232295545,0.17464112796624987,0.5352482663107783,0.27342901695306,0.4647517336892217,0.72657098304694,5.250503684440567,0.2296381782481177,0.23321078311597024,5.184424942345185,0.2103005538153962,0.21828546367147664
259,/wynton/group/sali/mhancock/xray/sample_bench/out/266_decoys/0/output_63/pdbs/3.pdb,4715.616636828204,0.06742442332039092,0.5688460148690413,0.2526418046829947,0.4311539851309586,0.7473581953170052,4.618048171398322,0.11595253832500335,0.12205979672873377,4.340038056851055,0.09077602697252718,0.08982912102510746
260,/wynton/group/sali/mhancock/xray/sample_bench/out/266_decoys/0/output_236/pdbs/13.pdb,917.8488924049859,0.21434151917863709,0.0047276796748046,0.3394592445410407,0.9952723203251952,0.6605407554589593,5.479712220633942,0.30667626590702646,0.31161562964237194,5.179159101097864,0.21041351879905923,0.2172745686378561
261,/wynton/group/sali/mhancock/xray/sample_bench/out/266_decoys/0/output_20/pdbs/15.pdb,567.2604701194434,0.2038039865863745,0.7773935793882769,0.7747252447040481,0.222606420611723,0.2252747552959519,5.313409903231019,0.24751151083984765,0.25006447525228487,5.375766258199917,0.2766669383286933,0.27441457884801285
262,/wynton/group/sali/mhancock/xray/sample_bench/out/266_decoys/0/output_108/pdbs/9.pdb,1328.6288602510717,0.1799536577877216,0.0565953844383653,0.5046157348335787,0.9434046155616346,0.4953842651664213,5.390585428412224,0.27045485159514526,0.28191150419344074,4.992716257113035,0.1757697377163753,0.17765867845270875
263,/wynton/group/sali/mhancock/xray/sample_bench/out/266_decoys/0/output_224/pdbs/13.pdb,919.6183264110907,0.1651825808009578,0.6164593109814817,0.4782678822823829,0.3835406890185183,0.5217321177176171,5.2328338153225005,0.22344028810680056,0.22906376469917072,5.2008070992397215,0.22189917203747778,0.22213724460786718
264,/wynton/group/sali/mhancock/xray/sample_bench/out/266_decoys/0/output_19/pdbs/5.pdb,1636.4789211926445,0.12508584623614238,0.3853346184571061,0.6131062847646451,0.6146653815428939,0.3868937152353548,4.991304909221065,0.1756375389814861,0.18147013304558002,4.852935392347863,0.15986265674645556,0.15662441742311972
265,/wynton/group/sali/mhancock/xray/sample_bench/out/266_decoys/0/output_107/pdbs/9.pdb,1341.840582843208,0.1341320087476325,0.6426534971908117,0.6632011523899047,0.3573465028091883,0.3367988476100952,5.007494926399359,0.17437359291987936,0.17756159348954317,5.097640014064116,0.2023033752238751,0.20158970853037622
266,/wynton/group/sali/mhancock/xray/sample_bench/out/266_decoys/0/output_42/pdbs/1.pdb,7254.37781442568,0.09067649848652602,0.2856845947356688,0.3702267769235227,0.7143154052643312,0.6297732230764772,5.016420581868364,0.18143190129315717,0.18785589491964644,4.018122075828276,0.07173263186239041,0.06498490797065753
267,/wynton/group/sali/mhancock/xray/sample_bench/out/266_decoys/0/output_82/pdbs/11.pdb,680.3236725461259,0.17980938443732794,0.4555343279338375,0.8413590783993015,0.5444656720661626,0.1586409216006985,5.192427648208529,0.21426872683619694,0.2200443156205156,5.295068465537201,0.2532497332778459,0.2516881869806293
268,/wynton/group/sali/mhancock/xray/sample_bench/out/266_decoys/0/output_202/pdbs/13.pdb,910.6465126698988,0.21224783285965862,0.2009509643432308,0.0031052848233736,0.7990490356567691,0.9968947151766264,5.402233291428131,0.2794284861359092,0.2808099129372334,5.284006772963847,0.2357116407432579,0.244084751215753
269,/wynton/group/sali/mhancock/xray/sample_bench/out/266_decoys/0/output_77/pdbs/11.pdb,695.0621204176452,0.21417711896301417,0.1390008470805256,0.8778214681597766,0.8609991529194744,0.1221785318402234,5.376735311188181,0.2685383858874756,0.27549086568558717,5.315613951314102,0.26338387820242437,0.2587284593896367
270,/wynton/group/sali/mhancock/xray/sample_bench/out/266_decoys/0/output_6/pdbs/15.pdb,566.956208000897,0.19641439131712018,0.9035334362418788,0.554638208723032,0.0964665637581211,0.4453617912769679,5.331300432228277,0.2546328176150235,0.25580634442649497,5.301062511576326,0.24969754433749014,0.2502361621247981
271,/wynton/group/sali/mhancock/xray/sample_bench/out/266_decoys/0/output_54/pdbs/13.pdb,911.0031035389588,0.19196023098950876,0.3593392783401646,0.6597674121881419,0.6406607216598353,0.3402325878118581,5.317243858015828,0.25205324700788806,0.2534841066776434,5.263033274104675,0.24294137063266905,0.2406019836929081
272,/wynton/group/sali/mhancock/xray/sample_bench/out/266_decoys/0/output_212/pdbs/11.pdb,682.5097937611852,0.20957079008398932,0.1590110685251045,0.8586220121663466,0.8409889314748956,0.1413779878336533,5.3654139930041485,0.2651474976399917,0.2723340825895232,5.300363649562588,0.2600542120784061,0.25354974403402264
273,/wynton/group/sali/mhancock/xray/sample_bench/out/266_decoys/0/output_124/pdbs/4.pdb,3008.1368210280943,0.07351143562492811,0.972260747410772,0.2475396569050757,0.0277392525892279,0.7524603430949242,4.6931980766675325,0.12666747015729674,0.12999162321428612,4.4855445424359175,0.10428345229745671,0.10453913085031745
274,/wynton/group/sali/mhancock/xray/sample_bench/out/266_decoys/0/output_66/pdbs/19.pdb,820.3510135669676,0.2475416105896584,0.8540019903298215,0.6685926168307207,0.1459980096701784,0.3314073831692793,5.45138625337174,0.29292617567792034,0.29560424821475667,5.444563531200734,0.2999121767600776,0.2972450626418119
275,/wynton/group/sali/mhancock/xray/sample_bench/out/266_decoys/0/output_205/pdbs/1.pdb,7270.828689818052,0.07553399252150564,0.9225664275453648,0.6398866164583316,0.077433572454635,0.3601133835416684,4.211797965400496,0.07943742754830102,0.08179443118095694,4.709496438009893,0.14138992554345758,0.13651144463097276
276,/wynton/group/sali/mhancock/xray/sample_bench/out/266_decoys/0/output_239/pdbs/12.pdb,726.1968192458676,0.16890493809222973,0.4002125016208683,0.4971403870388313,0.5997874983791317,0.5028596129611685,5.2641589175955685,0.23390927872911074,0.23868954809000936,5.145661580099541,0.2094755886788757,0.20949378180173236
277,/wynton/group/sali/mhancock/xray/sample_bench/out/266_decoys/0/output_205/pdbs/9.pdb,1325.3192231215937,0.1226879448021057,0.7068358248075755,0.4781536916756257,0.2931641751924245,0.5218463083243743,4.983498419545201,0.16448006029965848,0.17426433891639395,4.971594345246544,0.16946902313576995,0.1743011566894595
278,/wynton/group/sali/mhancock/xray/sample_bench/out/266_decoys/0/output_42/pdbs/14.pdb,586.1628581736963,0.18949604142238868,0.5230327497769313,0.5232102357725316,0.4769672502230686,0.4767897642274684,5.296890267973624,0.24339575070481315,0.24587060786824505,5.254068657220032,0.2361610116027035,0.2367725762174811
279,/wynton/group/sali/mhancock/xray/sample_bench/out/266_decoys/0/output_41/pdbs/5.pdb,1638.6017525718019,0.1462572734770886,0.0941582905559408,0.457123720423526,0.9058417094440592,0.542876279576474,5.298288750477474,0.2487491034770563,0.25590529100018783,4.656004426807596,0.1251822502085171,0.12596164360539935
280,/wynton/group/sali/mhancock/xray/sample_bench/out/266_decoys/0/output_151/pdbs/4.pdb,3004.084359238903,0.12157676485191798,0.3249367672445662,0.5807887179312629,0.6750632327554338,0.4192112820687371,5.039328216465824,0.18651230347759543,0.19148693085521906,4.746186742346254,0.1418479301411596,0.1403667383244894
281,/wynton/group/sali/mhancock/xray/sample_bench/out/266_decoys/0/output_23/pdbs/8.pdb,890.6459785258539,0.11255464702958853,0.7872976235781913,0.158582515259634,0.2127023764218087,0.8414174847403659,4.907660807031027,0.15779994732305686,0.1601052889335092,4.913420575957596,0.15935640599576134,0.1623870178207416
282,/wynton/group/sali/mhancock/xray/sample_bench/out/266_decoys/0/output_49/pdbs/18.pdb,551.8652614965804,0.2610026013051881,0.1911136004884317,0.2587179406990468,0.8088863995115683,0.7412820593009531,5.506655193333836,0.3140399979828505,0.31976394202904324,5.386324692237578,0.2711718609148161,0.2759699691328452
283,/wynton/group/sali/mhancock/xray/sample_bench/out/266_decoys/0/output_245/pdbs/12.pdb,715.3581507132994,0.15577216453892925,0.8884073946291808,0.2429759614613172,0.1115926053708192,0.7570240385386828,5.1907095267858665,0.21426788561050295,0.21765679567995277,5.14465087007809,0.19934343519870346,0.2082055699055485
284,/wynton/group/sali/mhancock/xray/sample_bench/out/266_decoys/0/output_104/pdbs/19.pdb,823.7001731375428,0.2535112567912242,0.9043148731554944,0.6615415186029194,0.0956851268445056,0.3384584813970806,5.457170866591929,0.29404079672527833,0.29840044448543146,5.442062850441,0.30080886513137395,0.29610410028794076
285,/wynton/group/sali/mhancock/xray/sample_bench/out/266_decoys/0/output_80/pdbs/7.pdb,1504.4507485766608,0.10283647701168641,0.6516677445416565,0.3191475837072683,0.3483322554583434,0.6808524162927316,4.866323053006827,0.1467903396850029,0.15385870299523013,4.77662424427886,0.1345686590649991,0.13976175644030825
286,/wynton/group/sali/mhancock/xray/sample_bench/out/266_decoys/0/output_135/pdbs/5.pdb,1640.0922073454242,0.10484656893627436,0.4176805263570919,0.4405511180114699,0.582319473642908,0.55944888198853,4.959727534793815,0.16970470436894583,0.1751586129904287,4.641271762891629,0.1262070903898052,0.12431690527256038
287,/wynton/group/sali/mhancock/xray/sample_bench/out/266_decoys/0/output_73/pdbs/3.pdb,4705.666126148631,0.12159173787350513,0.5902000312247707,0.8463590526822949,0.4097999687752293,0.153640947317705,4.588204802631304,0.11600741563180383,0.11849941019628857,5.1008617604102815,0.20985374243964647,0.20664924599242768
288,/wynton/group/sali/mhancock/xray/sample_bench/out/266_decoys/0/output_107/pdbs/13.pdb,926.0916188960825,0.20048449885064787,0.5447333586318658,0.9370620700318192,0.4552666413681342,0.0629379299681809,5.24587467639198,0.2289021383113133,0.23219495224925868,5.393020811741145,0.28311089394441646,0.2825922590063021
289,/wynton/group/sali/mhancock/xray/sample_bench/out/266_decoys/0/output_2/pdbs/8.pdb,873.0698369402542,0.11050811241205788,0.630915330813736,0.3993463679592995,0.369084669186264,0.6006536320407005,4.944247989007165,0.16152167005792045,0.1665328748452001,4.866448885166534,0.15243890437253266,0.15507695071168964
290,/wynton/group/sali/mhancock/xray/sample_bench/out/266_decoys/0/output_237/pdbs/19.pdb,813.8286827016964,0.24949525837106462,0.8796363944497467,0.6470556004196213,0.1203636055502533,0.3529443995803787,5.456043332286251,0.29401096515424685,0.2968818327118284,5.443002126890911,0.2992766570864042,0.2966986731423153
291,/wynton/group/sali/mhancock/xray/sample_bench/out/266_decoys/0/output_249/pdbs/1.pdb,7270.24400593474,0.1584915084103823,0.2459420157226911,0.8494063215965294,0.7540579842773089,0.1505936784034705,5.073054765374784,0.19418240456317415,0.20032755437791885,5.063321778784514,0.20209305595661703,0.19964934263255252
292,/wynton/group/sali/mhancock/xray/sample_bench/out/266_decoys/0/output_237/pdbs/17.pdb,572.9596436403106,0.2525048975359301,0.1477478657888416,0.6479032935812705,0.8522521342111583,0.3520967064187295,5.49991938760584,0.31247768816501076,0.31651349233887255,5.392341961349608,0.280912353255545,0.2790067785314874
293,/wynton/group/sali/mhancock/xray/sample_bench/out/266_decoys/0/output_78/pdbs/1.pdb,7253.434506563095,0.06578791081456281,0.962213113983048,0.5337423516398019,0.0377868860169519,0.4662576483601982,4.304801840547098,0.08819743618637733,0.0899427641922815,4.451354008255727,0.11041969507505497,0.10401779403749178
294,/wynton/group/sali/mhancock/xray/sample_bench/out/266_decoys/0/output_52/pdbs/7.pdb,1517.0295965477478,0.1511148915446537,0.1728803553027728,0.5156581507191513,0.8271196446972272,0.4843418492808486,5.265992823075885,0.23881257847905854,0.2449714677215176,4.870704867643669,0.1568214133541145,0.15647813026215013
295,/wynton/group/sali/mhancock/xray/sample_bench/out/266_decoys/0/output_93/pdbs/8.pdb,867.4230599661316,0.11087780550004127,0.6579670911859743,0.3128571374277022,0.3420329088140257,0.687142862572298,4.926382509853082,0.16011786331023176,0.16391953149351138,4.851260421316297,0.14666841950352752,0.15138469458758727
296,/wynton/group/sali/mhancock/xray/sample_bench/out/266_decoys/0/output_204/pdbs/16.pdb,788.3048751753593,0.2209894187705032,0.5628962485442772,0.073085246890911,0.4371037514557228,0.9269147531090888,5.360410057907103,0.26298517343521677,0.26522414272773487,5.35828404584406,0.2586841775831792,0.2673583187595174
297,/wynton/group/sali/mhancock/xray/sample_bench/out/266_decoys/0/output_82/pdbs/17.pdb,589.1375438264397,0.23389918249587227,0.5593867315875599,0.814042633901895,0.4406132684124401,0.1859573660981049,5.387789460930644,0.2693912809040939,0.27467488201750634,5.43715577934415,0.3005933194082786,0.29519881584036173
298,/wynton/group/sali/mhancock/xray/sample_bench/out/266_decoys/0/output_206/pdbs/2.pdb,3769.758758449575,0.17799128150947016,0.2158685248928736,0.9439489562351494,0.7841314751071262,0.0560510437648506,5.134577427511062,0.20395462700665237,0.2138496992528635,5.195766924485329,0.23236562528823546,0.23038697548610107
299,/wynton/group/sali/mhancock/xray/sample_bench/out/266_decoys/0/output_89/pdbs/10.pdb,1341.9849528745344,0.1298772819635223,0.7732188961647682,0.4244222266009445,0.2267811038352318,0.5755777733990556,5.059892537460329,0.1835552537383849,0.18896528201650653,5.018337328568957,0.18069832090832505,0.1821368558433481
300,/wynton/group/sali/mhancock/xray/sample_bench/out/266_decoys/0/output_80/pdbs/9.pdb,1329.6326699010278,0.1349407450027182,0.5409254759580204,0.57874910878104,0.4590745240419795,0.42125089121896,5.049571085740819,0.1801140631807043,0.18751495337138152,5.030475008266961,0.18729360312097615,0.186383263212452
301,/wynton/group/sali/mhancock/xray/sample_bench/out/266_decoys/0/output_189/pdbs/2.pdb,3769.7780299401284,0.052732902831306716,0.666052183601965,0.215125563917326,0.333947816398035,0.7848744360826739,4.356752495089101,0.09160159224608497,0.09327099329042135,4.243231350057528,0.08895405415397313,0.0812071303013852
302,/wynton/group/sali/mhancock/xray/sample_bench/out/266_decoys/0/output_36/pdbs/1.pdb,7239.195753546977,0.05657269880233157,0.8710115118478855,0.5339523926245996,0.1289884881521145,0.4660476073754004,4.088634865185883,0.06774100564547585,0.07159452332126356,4.441526779871706,0.10858811915175721,0.10360953513267665
303,/wynton/group/sali/mhancock/xray/sample_bench/out/266_decoys/0/output_68/pdbs/7.pdb,1506.686366806194,0.12342391460220312,0.3939683041647064,0.4053127128628049,0.6060316958352936,0.5946872871371951,5.074328078405757,0.1887410336099688,0.19641382570603264,4.786883133940335,0.14053932309346287,0.14245117656829595
304,/wynton/group/sali/mhancock/xray/sample_bench/out/266_decoys/0/output_227/pdbs/19.pdb,819.359561764961,0.24437757182076614,0.8891066603864124,0.4702877499430233,0.1108933396135875,0.5297122500569768,5.456756678501347,0.2934845503602536,0.2987902683701687,5.417049345944024,0.28784789275385453,0.287287267925016
305,/wynton/group/sali/mhancock/xray/sample_bench/out/266_decoys/0/output_159/pdbs/12.pdb,723.3586538502257,0.16012300918964578,0.6693187690941523,0.1753625933408413,0.3306812309058475,0.8246374066591586,5.1821744915250125,0.20977469742333443,0.21565205135412155,5.165970827029045,0.20559375161079704,0.21214076348323924
306,/wynton/group/sali/mhancock/xray/sample_bench/out/266_decoys/0/output_120/pdbs/18.pdb,554.8299035281659,0.23486382298354735,0.5424835567034504,0.3727069590085655,0.4575164432965495,0.6272930409914346,5.420308523186258,0.2825703973865568,0.2855556074388567,5.3766606637535475,0.27057873401565,0.27293805867473564
307,/wynton/group/sali/mhancock/xray/sample_bench/out/266_decoys/0/output_61/pdbs/11.pdb,678.6652975123291,0.1465716760763623,0.5701368391871898,0.4248745602537224,0.4298631608128102,0.5751254397462776,5.142194133261109,0.20375825652842397,0.20678731882152673,5.078243774205236,0.1944690145611063,0.19335601669603636
308,/wynton/group/sali/mhancock/xray/sample_bench/out/266_decoys/0/output_217/pdbs/19.pdb,805.4840010550774,0.2495402681288354,0.6290882976887935,0.5965058979548069,0.3709117023112064,0.4034941020451932,5.441588800076697,0.2850032051643894,0.2932455083456224,5.428204544567523,0.2917191958561592,0.2909094400661885
309,/wynton/group/sali/mhancock/xray/sample_bench/out/266_decoys/0/output_241/pdbs/2.pdb,3766.1779134420217,0.07215755548839112,0.4854162904618995,0.3777209919606339,0.5145837095381004,0.622279008039366,4.711463479140001,0.12824702366070947,0.13521752856624009,4.19807290154701,0.08189819880582028,0.07977893022325196
310,/wynton/group/sali/mhancock/xray/sample_bench/out/266_decoys/0/output_228/pdbs/6.pdb,1972.3571619420795,0.10169119408038017,0.987281394900198,0.5474181435421677,0.012718605099802,0.4525818564578324,4.859988129973778,0.15283192209556196,0.15373162416865632,4.833383679295873,0.15763083387600557,0.15243178414837952
311,/wynton/group/sali/mhancock/xray/sample_bench/out/266_decoys/0/output_90/pdbs/13.pdb,918.3817918617792,0.20195874825642227,0.1837917493850427,0.1670161045478511,0.8162082506149572,0.8329838954521489,5.402364940642411,0.2804114575795449,0.2836811240482718,5.211741407691083,0.21956992499743866,0.2253041833535874
312,/wynton/group/sali/mhancock/xray/sample_bench/out/266_decoys/0/output_148/pdbs/9.pdb,1336.797070298497,0.12187330408082374,0.57633417669672,0.2686351201166781,0.4236658233032798,0.7313648798833218,5.029208554188267,0.17669291716391877,0.1825731250124788,4.934258686561261,0.15904224660224567,0.16585621625313482
313,/wynton/group/sali/mhancock/xray/sample_bench/out/266_decoys/0/output_123/pdbs/5.pdb,1623.2562144310943,0.0907599152719157,0.6861078556189684,0.5590329652456054,0.3138921443810316,0.4409670347543946,4.682776917001518,0.1246189922535516,0.12816044293959164,4.789820581595378,0.14786845589026176,0.14635953578498387
314,/wynton/group/sali/mhancock/xray/sample_bench/out/266_decoys/0/output_159/pdbs/14.pdb,584.9880782600619,0.20612199918286567,0.7348422015636512,0.8955176453554865,0.2651577984363488,0.1044823546445134,5.276456420675422,0.23497265993852365,0.24044872523014296,5.404363764494511,0.28465611747703745,0.285242109817425
315,/wynton/group/sali/mhancock/xray/sample_bench/out/266_decoys/0/output_32/pdbs/9.pdb,1331.8283403856994,0.12238360358400341,0.6646878592837291,0.493558020336763,0.3353121407162708,0.5064419796632369,4.998307043771978,0.16910867303535979,0.1768967134010741,4.9859916012819285,0.1736276890904205,0.1763467960322974
316,/wynton/group/sali/mhancock/xray/sample_bench/out/266_decoys/0/output_113/pdbs/10.pdb,1339.7322806510708,0.13792831381091544,0.4990776706267892,0.3525250168354668,0.5009223293732107,0.6474749831645332,5.120411554513758,0.19676195402322727,0.2026619843837474,5.000157753180389,0.17355703582128246,0.17812023062301693
317,/wynton/group/sali/mhancock/xray/sample_bench/out/266_decoys/0/output_45/pdbs/4.pdb,3015.666133836364,0.19643110894322569,0.1606673657046616,0.988221659465782,0.8393326342953383,0.011778340534218,5.2240451655109075,0.22772443250867902,0.23596376688614062,5.263103819454621,0.2509350617765858,0.24716493720229668
318,/wynton/group/sali/mhancock/xray/sample_bench/out/266_decoys/0/output_7/pdbs/6.pdb,1977.6666262954145,0.12513070355283057,0.3003802650339647,0.189754795476471,0.6996197349660352,0.810245204523529,5.129925218477515,0.20030998237096886,0.2092430408373579,4.733466123005529,0.1299324986428505,0.1339955399373466
319,/wynton/group/sali/mhancock/xray/sample_bench/out/266_decoys/0/output_249/pdbs/3.pdb,4726.907403859101,0.1454360348192965,0.5528194192979604,0.999368945352618,0.4471805807020395,0.0006310546473818,4.643998041167727,0.11881759632461616,0.1254734264259334,5.261623566180542,0.2498245182185599,0.24811895645766288
320,/wynton/group/sali/mhancock/xray/sample_bench/out/266_decoys/0/output_104/pdbs/5.pdb,1621.8593197346795,0.11550516995215143,0.3008872990918749,0.3725536321646095,0.6991127009081252,0.6274463678353905,5.098355962414029,0.19546979236134984,0.20325830609556536,4.579430618256774,0.11561282346412043,0.11497782079595069
321,/wynton/group/sali/mhancock/xray/sample_bench/out/266_decoys/0/output_241/pdbs/17.pdb,570.2062066447393,0.2552629341080577,0.0944898056057147,0.5254060307915865,0.9055101943942852,0.4745939692084134,5.521070321149947,0.32030568471368676,0.3283762736100252,5.363974576470989,0.27025677938470777,0.27004976331857866
322,/wynton/group/sali/mhancock/xray/sample_bench/out/266_decoys/0/output_18/pdbs/3.pdb,4692.739805737373,0.08449053289948874,0.8465662629257689,0.6436840021523124,0.1534337370742312,0.3563159978476876,4.443645722982121,0.09925551195402345,0.10099688085340036,4.806024510942561,0.15525391335003524,0.14944289317300888
323,/wynton/group/sali/mhancock/xray/sample_bench/out/266_decoys/0/output_227/pdbs/4.pdb,3013.4551572990895,0.12384431765557827,0.2534931912890271,0.5254927269202287,0.7465068087109729,0.4745072730797712,5.120425488276157,0.20406592959637676,0.21001819903206645,4.658964461502815,0.1287069742801458,0.1274576010853374
324,/wynton/group/sali/mhancock/xray/sample_bench/out/266_decoys/0/output_93/pdbs/9.pdb,1318.7308381985902,0.14192376435385237,0.5318258661736704,0.042053787318967,0.4681741338263295,0.9579462126810327,5.050608350444536,0.18178461225794826,0.18798041636059365,5.047469102640224,0.17943775557169897,0.18612125347476122
325,/wynton/group/sali/mhancock/xray/sample_bench/out/266_decoys/0/output_96/pdbs/11.pdb,679.9313309994045,0.19313156573035895,0.0789305462188245,0.3296674756413217,0.9210694537811754,0.6703325243586784,5.411486379888261,0.2826347014349563,0.2881986922537752,5.067744262049245,0.1890582076739802,0.19079681466826678
326,/wynton/group/sali/mhancock/xray/sample_bench/out/266_decoys/0/output_46/pdbs/7.pdb,1517.8962490661065,0.10001404715052858,0.9980772046509484,0.3232832646510526,0.0019227953490514,0.6767167353489473,4.936566345815187,0.16126784014798284,0.16574921662384973,4.762741712539994,0.1346578962338316,0.13829555638499286
327,/wynton/group/sali/mhancock/xray/sample_bench/out/266_decoys/0/output_83/pdbs/15.pdb,582.2869427321168,0.24184272008681273,0.0510853234159119,0.6557448664743257,0.948914676584088,0.3442551335256743,5.503241874080874,0.31305623780168024,0.3213267388059046,5.3309487036893435,0.2619463081423363,0.2600864707473024
328,/wynton/group/sali/mhancock/xray/sample_bench/out/266_decoys/0/output_141/pdbs/6.pdb,1978.2386812401373,0.0958658392622978,0.5293898043171686,0.3654020987536373,0.4706101956828313,0.6345979012463627,4.87523291721859,0.15558871385915116,0.15792419882331257,4.678481925582353,0.1307861959212261,0.12744450465152762
329,/wynton/group/sali/mhancock/xray/sample_bench/out/266_decoys/0/output_94/pdbs/10.pdb,1346.0258160103317,0.13227011400993333,0.918810777565997,0.5485227642931313,0.0811892224340029,0.4514772357068687,5.090534096147234,0.1951746493322771,0.19509635378410195,5.067649859846567,0.19659648154438092,0.19347163685717267
330,/wynton/group/sali/mhancock/xray/sample_bench/out/266_decoys/0/output_200/pdbs/15.pdb,574.045747166321,0.23766885094839746,0.0034575838035516,0.5599825318641791,0.9965424161964485,0.4400174681358209,5.515152198355368,0.31897372934862017,0.32646419872386795,5.295632806540802,0.24731006947095674,0.24962173266025514
331,/wynton/group/sali/mhancock/xray/sample_bench/out/266_decoys/0/output_90/pdbs/15.pdb,574.8242462764292,0.2192003704864932,0.2102288348710482,0.3894553003313529,0.7897711651289517,0.6105446996686472,5.438633970039311,0.29339047797119183,0.2951774471457357,5.274804308484143,0.2426544646832884,0.2424705420654149
332,/wynton/group/sali/mhancock/xray/sample_bench/out/266_decoys/0/output_30/pdbs/10.pdb,1325.1027856637634,0.17585222360175984,0.4838396830196573,0.9193369218397048,0.5161603169803427,0.0806630781602951,5.136348203837313,0.20148338611393965,0.2062513882312208,5.321953702469829,0.2667233857303998,0.26048771776824503
333,/wynton/group/sali/mhancock/xray/sample_bench/out/266_decoys/0/output_88/pdbs/9.pdb,1326.0329379242976,0.14226007222024284,0.4192874837143501,0.5644121980506713,0.5807125162856499,0.4355878019493286,5.129002172680005,0.19954514896124995,0.2065286707091755,5.0303712136357825,0.18866525811640386,0.1856770763265254
334,/wynton/group/sali/mhancock/xray/sample_bench/out/266_decoys/0/output_85/pdbs/7.pdb,1505.754814799437,0.13558926886057523,0.2757002027704871,0.2781965781522527,0.724299797229513,0.7218034218477473,5.181945715505903,0.21750579403037978,0.2219379609809981,4.770736906129982,0.13356316574123914,0.14013357126873316
335,/wynton/group/sali/mhancock/xray/sample_bench/out/266_decoys/0/output_1/pdbs/19.pdb,823.6420337823456,0.24632352416853026,0.6022385562457665,0.31798247848429,0.3977614437542335,0.6820175215157099,5.4421518685377075,0.287357364628488,0.2938502252976629,5.409066101304868,0.2797486123646792,0.28397377591871664
336,/wynton/group/sali/mhancock/xray/sample_bench/out/266_decoys/0/output_186/pdbs/10.pdb,1334.5450059890607,0.1478796921907689,0.5186005966781668,0.6410686256137025,0.4813994033218332,0.3589313743862976,5.1220899453755715,0.19470808913611154,0.2035751654947201,5.134469481585627,0.21272292744559942,0.20958018798266292
337,/wynton/group/sali/mhancock/xray/sample_bench/out/266_decoys/0/output_94/pdbs/12.pdb,720.0741769125937,0.15954247854630882,0.9253166486374848,0.6240572688610143,0.0746833513625151,0.3759427311389857,5.201267520139168,0.22048180241299803,0.22081946898296057,5.201210559192125,0.22795821309059675,0.2239125632428462
338,/wynton/group/sali/mhancock/xray/sample_bench/out/266_decoys/0/output_235/pdbs/17.pdb,572.8608945054536,0.24635649148645006,0.5287150803661037,0.9852279370030558,0.4712849196338962,0.0147720629969442,5.4006403550560655,0.27588335924153157,0.27814964198379644,5.490706310069809,0.3263075425505251,0.3176290102126679
339,/wynton/group/sali/mhancock/xray/sample_bench/out/266_decoys/0/output_184/pdbs/16.pdb,784.762834963147,0.23729443279099394,0.2123634922422453,0.5935450482120025,0.7876365077577546,0.4064549517879975,5.459237278160344,0.29668666280603534,0.3023322863018621,5.349299752165976,0.26366069274436155,0.26452593016592946
340,/wynton/group/sali/mhancock/xray/sample_bench/out/266_decoys/0/output_162/pdbs/14.pdb,583.5375910435885,0.1991775842466888,0.3687203910606832,0.6015937519531549,0.6312796089393168,0.3984062480468451,5.3461670216832955,0.26081524736219264,0.2623200495193827,5.276911248342476,0.24638553076868625,0.24460567713907108
341,/wynton/group/sali/mhancock/xray/sample_bench/out/266_decoys/0/output_222/pdbs/13.pdb,909.5292566036924,0.19643580382830628,0.736204418039197,0.955209846647672,0.263795581960803,0.0447901533523279,5.2180122661033055,0.2260081990879851,0.22484568426852808,5.405498627187519,0.2932131781658632,0.2864107616409626
342,/wynton/group/sali/mhancock/xray/sample_bench/out/266_decoys/0/output_26/pdbs/16.pdb,793.8870259497794,0.2294623654893571,0.3273287858671025,0.7216866487506972,0.6726712141328974,0.2783133512493028,5.419281947065131,0.2845909708466655,0.2858890048412649,5.38441036169348,0.27915107000711764,0.2767517274236012
343,/wynton/group/sali/mhancock/xray/sample_bench/out/266_decoys/0/output_2/pdbs/2.pdb,3767.5378015042616,0.07096737179208716,0.6274053985974355,0.5331057116590819,0.3725946014025645,0.466894288340918,4.426256524560924,0.09793878828805869,0.10025001509876909,4.523470745421984,0.11714905263351505,0.11272196646129394
344,/wynton/group/sali/mhancock/xray/sample_bench/out/266_decoys/0/output_5/pdbs/9.pdb,1332.795666237672,0.1434785216996653,0.5846146835433512,0.7358661641177968,0.4153853164566488,0.2641338358822032,5.030776726455102,0.17848427264591002,0.18340600783735073,5.157412778180834,0.21922893015747918,0.216560300330111
345,/wynton/group/sali/mhancock/xray/sample_bench/out/266_decoys/0/output_56/pdbs/5.pdb,1636.351189754044,0.14260279495959544,0.7504837401283004,0.9966706891225948,0.2495162598716996,0.0033293108774052,4.650204521352534,0.1197286716440019,0.12332760970516808,5.285626758070074,0.2557283759198386,0.2532354216940863
346,/wynton/group/sali/mhancock/xray/sample_bench/out/266_decoys/0/output_47/pdbs/18.pdb,559.3450897271582,0.2320246395509008,0.6608550055945084,0.5005558804929237,0.3391449944054916,0.4994441195070764,5.413884474400021,0.2775185224441513,0.2835670402599241,5.392849946019455,0.2770104494132718,0.2787783798362708
347,/wynton/group/sali/mhancock/xray/sample_bench/out/266_decoys/0/output_2/pdbs/1.pdb,7236.841338237253,0.09852881877582706,0.3322610231235861,0.4958804795677298,0.6677389768764138,0.5041195204322702,4.946657383781991,0.16914458580795413,0.17410498266550598,4.34463266593558,0.0995574083329104,0.09365052276780894
348,/wynton/group/sali/mhancock/xray/sample_bench/out/266_decoys/0/output_157/pdbs/5.pdb,1642.5364954211168,0.08327279030505712,0.719226330304431,0.4961233905540768,0.280773669695569,0.5038766094459232,4.6513368571421765,0.12090481144138161,0.12353203841807038,4.694401817211989,0.13643809832658468,0.1309434156130475
349,/wynton/group/sali/mhancock/xray/sample_bench/out/266_decoys/0/output_14/pdbs/10.pdb,1338.9253597016495,0.12869794910999355,0.8681769905018839,0.411718092578098,0.1318230094981161,0.588281907421902,5.07113223177225,0.18658137733622757,0.19132732858274237,5.01464205386063,0.17919524256826405,0.1813829421623382
350,/wynton/group/sali/mhancock/xray/sample_bench/out/266_decoys/0/output_141/pdbs/9.pdb,1316.9506732427758,0.1508248840214295,0.253868128391779,0.4255021676113493,0.7461318716082209,0.5744978323886507,5.246925695171465,0.23373293421160507,0.23763214502611413,4.946545915005494,0.16864300240717953,0.1687301145550302
351,/wynton/group/sali/mhancock/xray/sample_bench/out/266_decoys/0/output_133/pdbs/15.pdb,566.7459394998,0.20109385499428162,0.4704281264707102,0.3649981967940537,0.5295718735292898,0.6350018032059461,5.34509599785012,0.25842157969489177,0.2619106662327471,5.275527607703528,0.23983209210761294,0.24167258359596977
352,/wynton/group/sali/mhancock/xray/sample_bench/out/266_decoys/0/output_62/pdbs/15.pdb,572.9775568017667,0.20096011932161462,0.5091314943235855,0.5280014036157303,0.4908685056764144,0.4719985963842697,5.336267379659131,0.2597492840372308,0.2576292056247669,5.293825626272114,0.2493888189123841,0.24820750208869882
353,/wynton/group/sali/mhancock/xray/sample_bench/out/266_decoys/0/output_87/pdbs/11.pdb,685.8684956237139,0.2129608437209208,0.130497320120519,0.8375662724368536,0.869502679879481,0.1624337275631464,5.391509959148796,0.2721079721531755,0.280345498284112,5.29540198760867,0.2579816158059972,0.25118594746456846
354,/wynton/group/sali/mhancock/xray/sample_bench/out/266_decoys/0/output_22/pdbs/16.pdb,788.57196452995,0.2351568302788694,0.2615085262120609,0.7603253152373465,0.738491473787939,0.2396746847626534,5.442212978917757,0.2912788321947696,0.29519863103333754,5.392411455188159,0.28126635739063083,0.28089670351051604
355,/wynton/group/sali/mhancock/xray/sample_bench/out/266_decoys/0/output_236/pdbs/19.pdb,829.9509295654784,0.2562470447755473,0.330480392862316,0.4016256331509383,0.669519607137684,0.5983743668490618,5.480742027920348,0.3024264992448871,0.30899921261200475,5.407265967119054,0.2814529368027215,0.2840380567942532
356,/wynton/group/sali/mhancock/xray/sample_bench/out/266_decoys/0/output_37/pdbs/1.pdb,7250.624486234666,0.07739126533073534,0.5594223889004112,0.5698233976330473,0.4405776110995888,0.4301766023669526,4.475327850084382,0.10200865131487395,0.10615569148980293,4.539226810499098,0.11997354716671453,0.1146697045210891
357,/wynton/group/sali/mhancock/xray/sample_bench/out/266_decoys/0/output_245/pdbs/9.pdb,1328.6210262554448,0.13535728795130064,0.9751970724145144,0.0317963542795977,0.0248029275854855,0.9682036457204024,5.055477704487001,0.18439076104259253,0.18791423145660802,5.066023927917856,0.1757834756534039,0.19088561866726794
358,/wynton/group/sali/mhancock/xray/sample_bench/out/266_decoys/0/output_169/pdbs/13.pdb,912.4262880922745,0.17188824294364535,0.5800726750866603,0.578130792029426,0.4199273249133398,0.421869207970574,5.245563695700283,0.22896705387915645,0.2306011441100724,5.227732791068891,0.2280401514947311,0.23092613878418536
359,/wynton/group/sali/mhancock/xray/sample_bench/out/266_decoys/0/output_70/pdbs/11.pdb,687.5062746336241,0.1492811947976317,0.5308361826522512,0.4852969332533479,0.4691638173477488,0.5147030667466521,5.157868017427845,0.20576718369350327,0.2104899898572242,5.094311504979239,0.1986168731120778,0.1987686323043372
360,/wynton/group/sali/mhancock/xray/sample_bench/out/266_decoys/0/output_76/pdbs/7.pdb,1520.9457581189301,0.13231101122259814,0.3372854391143677,0.5132316640915718,0.6627145608856322,0.4867683359084281,5.1179142664187065,0.19936003822824222,0.20623089110372847,4.877118790445344,0.16022349813386513,0.1581216300659005
361,/wynton/group/sali/mhancock/xray/sample_bench/out/266_decoys/0/output_138/pdbs/1.pdb,7247.358221002246,0.0511643502853807,0.6917357195041534,0.4855177140784228,0.3082642804958467,0.5144822859215771,4.135465379364388,0.07178187212053291,0.07447035655906371,4.3140717946159475,0.094130276629428,0.09042350108018653
362,/wynton/group/sali/mhancock/xray/sample_bench/out/266_decoys/0/output_7/pdbs/1.pdb,7250.0114026911,0.06929352092732176,0.6366299019296837,0.5797448523890761,0.3633700980703162,0.4202551476109238,4.272019721999527,0.08150855157757456,0.08577054979755283,4.5779742102745224,0.1256794526613385,0.11842783102250644
363,/wynton/group/sali/mhancock/xray/sample_bench/out/266_decoys/0/output_161/pdbs/14.pdb,580.3572721461119,0.18162325583868627,0.6905884591804364,0.3052285559709607,0.3094115408195635,0.6947714440290392,5.264856346339892,0.23504128076338576,0.23725815242453324,5.233781267141002,0.22644248392899172,0.2306410146362725
364,/wynton/group/sali/mhancock/xray/sample_bench/out/266_decoys/0/output_215/pdbs/9.pdb,1329.8864879207545,0.12249920772975073,0.5386390073160076,0.323526284940691,0.4613609926839924,0.676473715059309,5.047358750300372,0.17856393502346118,0.1862653530396024,4.922559138144286,0.15880058762056393,0.16403179462672055
365,/wynton/group/sali/mhancock/xray/sample_bench/out/266_decoys/0/output_226/pdbs/8.pdb,868.1814681879429,0.11990356010828365,0.8638309311234623,0.0375231990421303,0.1361690688765376,0.9624768009578696,4.930717916243061,0.16202875758844196,0.1645344245249545,4.992235955553091,0.17076390863387114,0.17662630941194588
366,/wynton/group/sali/mhancock/xray/sample_bench/out/266_decoys/0/output_174/pdbs/11.pdb,694.4275972434536,0.16349961242969951,0.3053785122120466,0.3543409690841181,0.6946214877879534,0.6456590309158817,5.277963158025083,0.23884365429098584,0.24307597920064297,5.061744354451695,0.188087357845765,0.19101351734003089
367,/wynton/group/sali/mhancock/xray/sample_bench/out/266_decoys/0/output_69/pdbs/17.pdb,581.5260652469547,0.215533428625976,0.6813696934987821,0.573856508790577,0.3186303065012178,0.4261434912094229,5.374950290874603,0.2676470828930022,0.26990277565797177,5.368471960797667,0.27353772846169233,0.2709954801860656
368,/wynton/group/sali/mhancock/xray/sample_bench/out/266_decoys/0/output_192/pdbs/12.pdb,731.31249855389,0.2277610717530291,0.1848438254523262,0.9983758431476768,0.8151561745476739,0.0016241568523232,5.376370452815203,0.26426553589237234,0.2738685980002766,5.406726969954875,0.2951730157544784,0.2875931772339802
369,/wynton/group/sali/mhancock/xray/sample_bench/out/266_decoys/0/output_194/pdbs/1.pdb,7243.088901458187,0.1204715490654035,0.8812189241072955,0.9917091147895432,0.1187810758927045,0.0082908852104568,4.10764068210071,0.07027121619137569,0.07317472293154113,5.2320944642340095,0.24216411849225206,0.24042316351563994
370,/wynton/group/sali/mhancock/xray/sample_bench/out/266_decoys/0/output_106/pdbs/14.pdb,586.4522721065555,0.19748010596972235,0.4924525070610704,0.0964185374927768,0.5075474929389295,0.9035814625072232,5.297283592843341,0.2430724700368056,0.24696305794262802,5.280074377503175,0.23188372757435008,0.24286339017926797
371,/wynton/group/sali/mhancock/xray/sample_bench/out/266_decoys/0/output_191/pdbs/15.pdb,567.8800297477737,0.21586783112703667,0.2869850378226158,0.6223433915479347,0.7130149621773841,0.3776566084520653,5.4062798565971955,0.27813622577816205,0.2829068471371887,5.3151625624365195,0.25605184621641774,0.2544164261437133
372,/wynton/group/sali/mhancock/xray/sample_bench/out/266_decoys/0/output_54/pdbs/10.pdb,1334.2940906558238,0.1612301460468012,0.3812717650709474,0.6549247689328636,0.6187282349290526,0.3450752310671364,5.197224093139285,0.2179130303908174,0.22212882340113277,5.136215379150941,0.21253864566202435,0.20949442997956494
373,/wynton/group/sali/mhancock/xray/sample_bench/out/266_decoys/0/output_162/pdbs/4.pdb,3026.181228026887,0.08519497986574578,0.8980236765977738,0.5696825864629306,0.1019763234022262,0.4303174135370694,4.609623696745133,0.11916579912856033,0.11940930385181621,4.725691165520823,0.14094642462622972,0.1373929092400017
374,/wynton/group/sali/mhancock/xray/sample_bench/out/266_decoys/0/output_166/pdbs/16.pdb,785.787058920321,0.2105387994782384,0.5493162429016385,0.4194732349341641,0.4506837570983615,0.5805267650658359,5.360313722707192,0.26432383915512125,0.26550813569679976,5.316269208360089,0.25121020065859684,0.2538316877624203
375,/wynton/group/sali/mhancock/xray/sample_bench/out/266_decoys/0/output_127/pdbs/8.pdb,882.3196178917516,0.14265946569417848,0.9380141562909562,0.8280030340387526,0.0619858437090437,0.1719969659612474,4.9754406223551495,0.16640710837731645,0.17267731622282212,5.202783780549831,0.22860661490336534,0.22855734101290134
376,/wynton/group/sali/mhancock/xray/sample_bench/out/266_decoys/0/output_143/pdbs/15.pdb,580.3066458702497,0.19223784512856645,0.9578983439025174,0.3191982540105002,0.0421016560974826,0.6808017459894998,5.342124953367976,0.25624141826778646,0.26016161952141015,5.277917702279998,0.23872031911043817,0.2425668123578973
377,/wynton/group/sali/mhancock/xray/sample_bench/out/266_decoys/0/output_10/pdbs/17.pdb,581.0004341167432,0.22461861260861898,0.5055083972650539,0.4585503886971214,0.494491602734946,0.5414496113028787,5.4033259558537745,0.2767043722559189,0.27949954788790576,5.356510359599437,0.2639180224518396,0.2671812502653601
378,/wynton/group/sali/mhancock/xray/sample_bench/out/266_decoys/0/output_22/pdbs/9.pdb,1324.8750142026154,0.12304880524590127,0.630679068340887,0.2299775085947668,0.3693209316591129,0.7700224914052333,5.008979412941791,0.17334553195690436,0.17775251033442988,4.953773973596874,0.15771581727979236,0.16830947952664294
379,/wynton/group/sali/mhancock/xray/sample_bench/out/266_decoys/0/output_193/pdbs/13.pdb,913.5759599891514,0.18782198268888475,0.3169669738969371,0.5706314062196042,0.6830330261030629,0.4293685937803958,5.340916492566588,0.2582481017537583,0.26068023163805487,5.22551259500812,0.2315594410602325,0.22904071335373713
380,/wynton/group/sali/mhancock/xray/sample_bench/out/266_decoys/0/output_8/pdbs/5.pdb,1625.3166160533094,0.16140616225846482,0.0067763710082857,0.4962957852875825,0.9932236289917142,0.5037042147124174,5.363908183500173,0.2699383768318025,0.276756198366776,4.694307433002938,0.133098086803537,0.1314861179787557
381,/wynton/group/sali/mhancock/xray/sample_bench/out/266_decoys/0/output_187/pdbs/4.pdb,2999.5280522653597,0.1284409617277299,0.2142019515682203,0.5242377491624891,0.7857980484317796,0.4757622508375109,5.173207586830102,0.2148865069905477,0.22238103862048453,4.652172860539483,0.13114064488163696,0.12679581031479017
382,/wynton/group/sali/mhancock/xray/sample_bench/out/266_decoys/0/output_54/pdbs/14.pdb,583.0465841143734,0.18811789590657296,0.8301259997824558,0.1560255037921637,0.1698740002175442,0.8439744962078363,5.279819989310156,0.23812692918227116,0.24103288086593963,5.25601840178893,0.2297277506879702,0.23704129396091417
383,/wynton/group/sali/mhancock/xray/sample_bench/out/266_decoys/0/output_30/pdbs/12.pdb,712.0948543342042,0.17221601064616232,0.3436670167630115,0.4196124407902887,0.6563329832369886,0.5803875592097112,5.296279429728401,0.24456685998132424,0.2482000170198046,5.140614879561089,0.2064305440193882,0.20839386937129076
384,/wynton/group/sali/mhancock/xray/sample_bench/out/266_decoys/0/output_50/pdbs/12.pdb,722.1988059680352,0.18181343455219007,0.3872048759886657,0.6773905612257985,0.6127951240113343,0.3226094387742014,5.275956373147702,0.2358671073931027,0.24068549159103528,5.2338679344624,0.23631908405043375,0.23313870306511586
385,/wynton/group/sali/mhancock/xray/sample_bench/out/266_decoys/0/output_66/pdbs/8.pdb,883.289748665656,0.12477160811301712,0.4852522304720658,0.5145340939675108,0.5147477695279342,0.4854659060324892,5.027051278615047,0.1790224795865997,0.1849933165677541,4.918213879258558,0.16301480021996204,0.1651341861393005
386,/wynton/group/sali/mhancock/xray/sample_bench/out/266_decoys/0/output_94/pdbs/17.pdb,590.4510504304919,0.233140761500134,0.3628267999417048,0.4007003912227212,0.6371732000582951,0.5992996087772787,5.435516297110214,0.2861605150121982,0.2911250860571995,5.349869849820088,0.2621860964280355,0.2641578212406071
387,/wynton/group/sali/mhancock/xray/sample_bench/out/266_decoys/0/output_217/pdbs/11.pdb,687.024450201541,0.19702595234726988,0.1399573433438093,0.0604946933673357,0.8600426566561906,0.9395053066326644,5.37980947253169,0.2681323455797286,0.2767021711942846,5.1585837812316635,0.2042152389539373,0.2098806775841429
388,/wynton/group/sali/mhancock/xray/sample_bench/out/266_decoys/0/output_232/pdbs/7.pdb,1502.7617392813293,0.1777658443657014,0.0092151777941979,0.5415357436782965,0.990784822205802,0.4584642563217034,5.390902784274145,0.2785724946078008,0.2844060399922452,4.887592544001476,0.1637278672328129,0.16024772482221766
389,/wynton/group/sali/mhancock/xray/sample_bench/out/266_decoys/0/output_11/pdbs/12.pdb,728.0436848193613,0.1666194380553632,0.4197731380913619,0.5051310303765292,0.580226861908638,0.4948689696234709,5.254026849501829,0.22949725265658713,0.23530769818327943,5.1494003869882325,0.20846480754301128,0.21046756721062773
390,/wynton/group/sali/mhancock/xray/sample_bench/out/266_decoys/0/output_75/pdbs/8.pdb,892.0195563216599,0.12598920159825044,0.5589813196260774,0.5965198636396005,0.4410186803739225,0.4034801363603994,4.970866827849867,0.16679520105467213,0.17237948552522778,4.982050259622734,0.1758306844282611,0.1776772080409292
391,/wynton/group/sali/mhancock/xray/sample_bench/out/266_decoys/0/output_241/pdbs/5.pdb,1622.707854182197,0.12293829488524946,0.4142225341748524,0.615539075262448,0.5857774658251476,0.3844609247375519,4.965321159089104,0.16796075907727065,0.17556739048309994,4.855141877322368,0.15691013614619387,0.1568497643983317
392,/wynton/group/sali/mhancock/xray/sample_bench/out/266_decoys/0/output_66/pdbs/13.pdb,925.9410534523606,0.2161634369043085,0.0642761486594337,0.6660732500515729,0.9357238513405662,0.3339267499484271,5.457684547641636,0.29960840328580296,0.30372952762438404,5.260964140326794,0.2432098620394685,0.24033489897913585
393,/wynton/group/sali/mhancock/xray/sample_bench/out/266_decoys/0/output_236/pdbs/2.pdb,3752.532764540355,0.13177854289449292,0.2607364047980558,0.6518733440203496,0.7392635952019442,0.3481266559796504,5.068650520987714,0.19501566297913758,0.1990703654343252,4.779570633627487,0.15119072015672402,0.14742441028354397
394,/wynton/group/sali/mhancock/xray/sample_bench/out/266_decoys/0/output_111/pdbs/17.pdb,576.8504851338264,0.27082726394575807,0.0107921695296538,0.1249309649799426,0.989207830470346,0.8750690350200574,5.5443156690023,0.331078291114281,0.3383124618822224,5.3814790166101565,0.2666289092649151,0.27486830019946007
395,/wynton/group/sali/mhancock/xray/sample_bench/out/266_decoys/0/output_160/pdbs/15.pdb,573.0178745073244,0.19771128257370574,0.535716149600908,0.4200654337258438,0.4642838503990921,0.5799345662741562,5.333439156489368,0.2539685099515409,0.2575681299659986,5.282947724562426,0.24209650425819698,0.24565444503851017
396,/wynton/group/sali/mhancock/xray/sample_bench/out/266_decoys/0/output_107/pdbs/8.pdb,888.1784943188902,0.1367277043743476,0.3787348155025944,0.5374198965941014,0.6212651844974055,0.4625801034058985,5.115498377457055,0.19937599941459977,0.2043783998982135,4.946029723607351,0.16977643393790365,0.1696016894522844
397,/wynton/group/sali/mhancock/xray/sample_bench/out/266_decoys/0/output_85/pdbs/11.pdb,661.0113438993599,0.2200074826387465,0.1551508577185826,0.9100862930429384,0.8448491422814175,0.0899137069570616,5.372197371341497,0.26930731427146476,0.2736909564992806,5.338665382884289,0.270052344259814,0.26523281938113397
398,/wynton/group/sali/mhancock/xray/sample_bench/out/266_decoys/0/output_61/pdbs/1.pdb,7259.881700790072,0.11953000167647285,0.3788423540733796,0.7027694557054462,0.6211576459266204,0.2972305442945537,4.867141009721627,0.1559190450715181,0.16033506105500916,4.834468098594953,0.16187107588026578,0.15577347216435972
399,/wynton/group/sali/mhancock/xray/sample_bench/out/266_decoys/0/output_199/pdbs/13.pdb,912.1265577033582,0.18687754120560965,0.3408496518936505,0.5501770490394486,0.6591503481063495,0.4498229509605513,5.334526396464742,0.25493708886909894,0.25842674923061837,5.223628676305355,0.2317543329422791,0.22924284052248467
400,/wynton/group/sali/mhancock/xray/sample_bench/out/266_decoys/0/output_162/pdbs/13.pdb,909.0815542396886,0.2013996176737472,0.140646223868423,0.4702684535186758,0.8593537761315769,0.529731546481324,5.421959976314874,0.28877459001144756,0.2899092401773618,5.193381030268609,0.22127691932666396,0.22157764288468007
401,/wynton/group/sali/mhancock/xray/sample_bench/out/266_decoys/0/output_219/pdbs/1.pdb,7247.880188473651,0.07766567028540121,0.5446507043082944,0.5596336782352678,0.4553492956917056,0.4403663217647323,4.515581475711628,0.10619271624891574,0.1108614638751466,4.5134459334183,0.11537774763123868,0.11161998034072057
402,/wynton/group/sali/mhancock/xray/sample_bench/out/266_decoys/0/output_221/pdbs/18.pdb,557.380587306177,0.23619109527398008,0.52892543059393,0.4396639017205792,0.4710745694060699,0.5603360982794208,5.421822819066559,0.2819799815794952,0.28675022266174666,5.38213242710896,0.2724447514623478,0.27474217624982905
403,/wynton/group/sali/mhancock/xray/sample_bench/out/266_decoys/0/output_19/pdbs/18.pdb,546.9323947369267,0.257860745227676,0.2018890029882709,0.4028234589838614,0.7981109970117292,0.5971765410161386,5.506371154570431,0.3067481166766888,0.319739008567173,5.381924055363138,0.2709919312482792,0.27530023429507566
404,/wynton/group/sali/mhancock/xray/sample_bench/out/266_decoys/0/output_94/pdbs/11.pdb,677.8394168018988,0.15766611021057267,0.4051653134267467,0.4395903098144991,0.5948346865732532,0.5604096901855008,5.223919127827654,0.2232221076009216,0.2272061856235914,5.076199662787236,0.19562706477645905,0.1941809437878335
405,/wynton/group/sali/mhancock/xray/sample_bench/out/266_decoys/0/output_72/pdbs/3.pdb,4690.291406872196,0.05734230618410091,0.690918060681663,0.3583804727852454,0.3090819393183371,0.6416195272147546,4.463404748977892,0.0998189847136044,0.10314873910200174,4.333849612604925,0.09311638579648096,0.08974642259767865
406,/wynton/group/sali/mhancock/xray/sample_bench/out/266_decoys/0/output_11/pdbs/1.pdb,7225.143145224861,0.09302672677806109,0.5659205372965629,0.6893594566542239,0.434079462703437,0.310640543345776,4.457286524266357,0.10072103309195618,0.10478907066096078,4.802637116586697,0.1537624146336976,0.15120774223755445
407,/wynton/group/sali/mhancock/xray/sample_bench/out/266_decoys/0/output_187/pdbs/11.pdb,684.518518261664,0.16169917714693408,0.3569417855141233,0.4478015792507376,0.6430582144858767,0.5521984207492625,5.253669669833195,0.23277237802726305,0.23674508810072412,5.077139344848087,0.19445721718611955,0.19430231608067555
408,/wynton/group/sali/mhancock/xray/sample_bench/out/266_decoys/0/output_221/pdbs/1.pdb,7255.550212727373,0.1364290660719165,0.0630311060475777,0.5020877100187634,0.9369688939524222,0.4979122899812366,5.283342264930022,0.2437522528311334,0.25348809734538336,4.370051405191185,0.10305479373268696,0.09589872610358507
409,/wynton/group/sali/mhancock/xray/sample_bench/out/266_decoys/0/output_129/pdbs/9.pdb,1333.4696740260672,0.13079181649657137,0.5662573013693165,0.538200507996507,0.4337426986306835,0.4617994920034929,5.031463900934198,0.17656346897034664,0.18365824443746195,4.999014582945707,0.17996718579136997,0.18009535117501257
410,/wynton/group/sali/mhancock/xray/sample_bench/out/266_decoys/0/output_231/pdbs/7.pdb,1510.565139585808,0.10175791694299327,0.6372871978267082,0.451726441818523,0.3627128021732918,0.5482735581814769,4.860483865652947,0.1495661119604136,0.15334786921732088,4.8140939451953235,0.1449511075511291,0.14738939262916556
411,/wynton/group/sali/mhancock/xray/sample_bench/out/266_decoys/0/output_222/pdbs/11.pdb,676.7232080123197,0.17235704691370765,0.2330540071321541,0.2066775678568777,0.7669459928678459,0.7933224321431223,5.319506436237907,0.249285760925649,0.2572740747871919,5.083691343866402,0.18966930533377863,0.1948465369325503
412,/wynton/group/sali/mhancock/xray/sample_bench/out/266_decoys/0/output_117/pdbs/2.pdb,3777.048176981306,0.15814864390989433,0.085925512329762,0.6582380916538857,0.914074487670238,0.3417619083461143,5.2741400777777345,0.24097098582703724,0.25016055670884274,4.785979381894939,0.15070362881227645,0.14816381099518333
413,/wynton/group/sali/mhancock/xray/sample_bench/out/266_decoys/0/output_59/pdbs/15.pdb,571.1149397914301,0.19561760225876668,0.7372387709370917,0.5289805585151588,0.2627612290629083,0.4710194414848411,5.310828253880587,0.24618235118219445,0.25039841019908615,5.295572713697205,0.24764207911915218,0.2492594790146777
414,/wynton/group/sali/mhancock/xray/sample_bench/out/266_decoys/0/output_35/pdbs/1.pdb,7234.12343279922,0.050088579597937534,0.7574282166369377,0.5204284383582641,0.2425717833630623,0.4795715616417358,4.033501394162132,0.06268802694049457,0.06715221583877685,4.4127166629216825,0.10633672823679204,0.1006271310338217
415,/wynton/group/sali/mhancock/xray/sample_bench/out/266_decoys/0/output_67/pdbs/14.pdb,582.8275803099975,0.22449767144667276,0.092790654928574,0.1815562190048733,0.907209345071426,0.8184437809951267,5.463410237532339,0.3008198613360938,0.30511040732848405,5.253339272204142,0.23137639784181221,0.23603817332401847
416,/wynton/group/sali/mhancock/xray/sample_bench/out/266_decoys/0/output_186/pdbs/2.pdb,3778.1873552965494,0.10994429804520892,0.1974873285005165,0.2012660271112896,0.8025126714994835,0.7987339728887103,5.153192720741798,0.21035349619025062,0.21836188321114797,4.257421646508349,0.08486879871480406,0.08378271722400588
417,/wynton/group/sali/mhancock/xray/sample_bench/out/266_decoys/0/output_248/pdbs/10.pdb,1340.8409881513496,0.14696361705657252,0.4085336946722794,0.438611185986403,0.5914663053277205,0.561388814013597,5.182864844098848,0.21284829555748505,0.21852026950071304,5.024362853272188,0.18270962691005174,0.18307210233474444
418,/wynton/group/sali/mhancock/xray/sample_bench/out/266_decoys/0/output_101/pdbs/16.pdb,774.5449113321449,0.22487521737394606,0.3061876767999432,0.3610092788657721,0.6938123232000567,0.6389907211342278,5.4313590592909415,0.28835368659714916,0.29082923593405285,5.322409284246658,0.2524839641421488,0.2564348627145803
419,/wynton/group/sali/mhancock/xray/sample_bench/out/266_decoys/0/output_183/pdbs/5.pdb,1618.6057850182424,0.08338692801771616,0.7175830189848812,0.1602393501636606,0.2824169810151188,0.8397606498363394,4.664051038276516,0.12130880530129215,0.12585928535494448,4.677855205228495,0.1223524943146635,0.12766773527110176
420,/wynton/group/sali/mhancock/xray/sample_bench/out/266_decoys/0/output_103/pdbs/10.pdb,1333.1088191302504,0.1340241382464265,0.6360972635748668,0.4857462779711657,0.3639027364251332,0.5142537220288342,5.065040260785296,0.1829514510231387,0.19060639959733017,5.03536517761651,0.18627266752606997,0.18618091323481337
421,/wynton/group/sali/mhancock/xray/sample_bench/out/266_decoys/0/output_119/pdbs/14.pdb,582.8192660569364,0.22847309987828535,0.058982342641607,0.632122891466926,0.9410176573583928,0.3678771085330738,5.474924554160009,0.30556050874561475,0.31078211141746065,5.282608721350064,0.2509535615119733,0.24542048522416457
422,/wynton/group/sali/mhancock/xray/sample_bench/out/266_decoys/0/output_87/pdbs/8.pdb,873.4818006140156,0.14131467657854385,0.388572921684589,0.6000469813075937,0.611427078315411,0.3999530186924063,5.123946438157308,0.2000103936978761,0.2065203635102221,5.01046015681378,0.1867474555692581,0.18221517711038998
423,/wynton/group/sali/mhancock/xray/sample_bench/out/266_decoys/0/output_32/pdbs/12.pdb,719.6029346992755,0.15700675561102223,0.8837438376329697,0.5464338651918693,0.1162561623670302,0.4535661348081307,5.187924990509265,0.2141567216098251,0.21817329345338582,5.173313063930061,0.2153153775542154,0.21681519362982415
424,/wynton/group/sali/mhancock/xray/sample_bench/out/266_decoys/0/output_92/pdbs/1.pdb,7257.600935999372,0.06220602092267413,0.4913712626129751,0.3452094712434541,0.508628737387025,0.6547905287565459,4.63836573470166,0.12188650857275744,0.12600993072218009,3.979992929948632,0.06975117281010973,0.062453556117601616
425,/wynton/group/sali/mhancock/xray/sample_bench/out/266_decoys/0/output_86/pdbs/13.pdb,922.8216668681973,0.206488231551762,0.2430768779238903,0.0044299802406468,0.7569231220761097,0.9955700197593532,5.3727575331018045,0.27022268243512143,0.27337635714490116,5.275280792922315,0.2379406395957272,0.24277416257165854
426,/wynton/group/sali/mhancock/xray/sample_bench/out/266_decoys/0/output_62/pdbs/16.pdb,789.34960649914,0.23978369641744177,0.4321878446663985,0.9178065438230067,0.5678121553336015,0.0821934561769932,5.388589986532731,0.2739617524277447,0.2752495421934314,5.45262717617746,0.3030643314592782,0.3020529389572407
427,/wynton/group/sali/mhancock/xray/sample_bench/out/266_decoys/0/output_207/pdbs/6.pdb,1966.0208842792485,0.09858045133830368,0.5127038961500071,0.2832975430212532,0.4872961038499929,0.7167024569787468,4.89859363328409,0.15810376737899998,0.16219721572612453,4.676804728218442,0.12722768331263473,0.12729646375579623
428,/wynton/group/sali/mhancock/xray/sample_bench/out/266_decoys/0/output_164/pdbs/11.pdb,680.1067669387562,0.1516084728910802,0.5701900968177194,0.5432487626029422,0.4298099031822807,0.4567512373970577,5.149016822190722,0.20485178344968072,0.20772304791615837,5.125639658993184,0.2047705003313635,0.20515885234754866
429,/wynton/group/sali/mhancock/xray/sample_bench/out/266_decoys/0/output_162/pdbs/1.pdb,7242.208455596437,0.13485938844074674,0.0854416238868463,0.5123303900786564,0.9145583761131536,0.4876696099213435,5.262751168524183,0.2363085877451821,0.24731727317945007,4.389833431339894,0.10281879863199106,0.09824276596493454
430,/wynton/group/sali/mhancock/xray/sample_bench/out/266_decoys/0/output_21/pdbs/3.pdb,4703.009042271968,0.16628414833899474,0.2130866390123248,0.8386598441327741,0.7869133609876752,0.1613401558672259,5.1542690746801805,0.2110370993749117,0.21869686045501513,5.092907778294618,0.21014663274373516,0.20437739935564747
431,/wynton/group/sali/mhancock/xray/sample_bench/out/266_decoys/0/output_40/pdbs/18.pdb,551.4588539500846,0.24200824484537187,0.3475520231822342,0.4757620515785661,0.6524479768177658,0.5242379484214338,5.456621664775602,0.29772117544587456,0.3000736954480363,5.382582579030403,0.2718677895350158,0.2753583997713087
432,/wynton/group/sali/mhancock/xray/sample_bench/out/266_decoys/0/output_76/pdbs/14.pdb,591.7564734744278,0.21259204080435593,0.1659753064653425,0.4742895879175635,0.8340246935346576,0.5257104120824365,5.432263455156947,0.2852157442049627,0.2931670294433421,5.240372479947017,0.2338536307664303,0.23368176308203492
433,/wynton/group/sali/mhancock/xray/sample_bench/out/266_decoys/0/output_16/pdbs/9.pdb,1341.1926663808342,0.11621402585042932,0.8846687951771011,0.3172429006556497,0.1153312048228989,0.6827570993443502,5.005739114595285,0.17572410082925458,0.1781846372559051,4.9395910520985975,0.16125300428290038,0.16689480695708248
434,/wynton/group/sali/mhancock/xray/sample_bench/out/266_decoys/0/output_55/pdbs/6.pdb,1975.0295533383571,0.11422906340552536,0.4326695812019019,0.5128211877099116,0.5673304187980981,0.4871788122900884,4.985033928800394,0.16856892028971351,0.17785288387335185,4.787602231543538,0.1482405717206976,0.14433883385234675
435,/wynton/group/sali/mhancock/xray/sample_bench/out/266_decoys/0/output_27/pdbs/9.pdb,1322.6984252484845,0.1395199524939808,0.4258224226598406,0.1809716162342192,0.5741775773401594,0.8190283837657808,5.128217689401387,0.20540321138432127,0.20539785376652916,4.972019571309567,0.16870030904935707,0.17286526314488654
436,/wynton/group/sali/mhancock/xray/sample_bench/out/266_decoys/0/output_3/pdbs/8.pdb,871.5174877304821,0.14776513803374858,0.3274754074157585,0.6103363101930211,0.6725245925842416,0.3896636898069788,5.167798211229239,0.20954214875555002,0.21717463737718576,4.996511807056493,0.1853260494515205,0.18020179384829743
437,/wynton/group/sali/mhancock/xray/sample_bench/out/266_decoys/0/output_62/pdbs/13.pdb,918.5881214279934,0.16607461340717933,0.6534389678686254,0.4548222122778812,0.3465610321313744,0.5451777877221188,5.2263796945274,0.22817015859832537,0.22651701827813722,5.190351126796732,0.21905194335261255,0.22076197735761025
438,/wynton/group/sali/mhancock/xray/sample_bench/out/266_decoys/0/output_204/pdbs/11.pdb,687.0433949808407,0.17723929218272721,0.4977951672007929,0.8388563286635414,0.5022048327992071,0.1611436713364585,5.174263861072506,0.2062249281822852,0.21503014163379466,5.290904682696775,0.25442116880517607,0.2504426157476649
439,/wynton/group/sali/mhancock/xray/sample_bench/out/266_decoys/0/output_18/pdbs/9.pdb,1331.4828810698011,0.1814132963712776,0.3180203277395289,0.8733271796877459,0.6819796722604711,0.1266728203122541,5.207977288980384,0.22083993684662384,0.2265484661506671,5.261571592902857,0.24770007652162954,0.2437333663634098
440,/wynton/group/sali/mhancock/xray/sample_bench/out/266_decoys/0/output_93/pdbs/3.pdb,4712.841847070073,0.07891093881301511,0.5912858513716321,0.1099486507179002,0.4087141486283679,0.8900513492820997,4.586681449345409,0.11307359817998362,0.1176965671466495,4.531474254066111,0.10878897758599364,0.11102141460181326
441,/wynton/group/sali/mhancock/xray/sample_bench/out/266_decoys/0/output_31/pdbs/15.pdb,568.9017327381075,0.2011893301566083,0.4511357780031052,0.4669937018538172,0.5488642219968948,0.5330062981461827,5.347997506150698,0.2587230854399034,0.26220761946134513,5.280646367051871,0.24191903383165014,0.24437465038556905
442,/wynton/group/sali/mhancock/xray/sample_bench/out/266_decoys/0/output_56/pdbs/10.pdb,1338.5058849554903,0.13944665963405725,0.4297007300460578,0.2339892965297476,0.5702992699539422,0.7660107034702524,5.1627228383460695,0.2064796057463199,0.2133628610587368,5.0159462253737,0.17371162425458014,0.1806629774505917
443,/wynton/group/sali/mhancock/xray/sample_bench/out/266_decoys/0/output_136/pdbs/7.pdb,1502.5896005828617,0.13148199779678843,0.8150258220620885,0.820230891573527,0.1849741779379115,0.1797691084264729,4.8387994123654385,0.1441485986365358,0.14882514548423034,5.1617399537422495,0.2226461887243722,0.21891817197304322
444,/wynton/group/sali/mhancock/xray/sample_bench/out/266_decoys/0/output_95/pdbs/18.pdb,568.4835017975083,0.24252664475854477,0.4652899165432658,0.6334638536517382,0.5347100834567342,0.3665361463482617,5.436551088368172,0.2856103779435369,0.290850383775152,5.413078712407456,0.28747439264251834,0.28632406753386924
445,/wynton/group/sali/mhancock/xray/sample_bench/out/266_decoys/0/output_18/pdbs/11.pdb,683.3258094598634,0.16895204665497665,0.7430170467054745,0.8529022441400302,0.2569829532945255,0.1470977558599697,5.115592630415359,0.1973102541116458,0.20061459359105047,5.300145283476797,0.2581092729268312,0.2533099610567896
446,/wynton/group/sali/mhancock/xray/sample_bench/out/266_decoys/0/output_130/pdbs/4.pdb,2997.459860151057,0.08446327997029435,0.5232409314602422,0.4609836211489694,0.4767590685397577,0.5390163788510306,4.770838362709217,0.13545469488999898,0.1430560714868328,4.564561119144477,0.11544035186475717,0.11587338678970455
447,/wynton/group/sali/mhancock/xray/sample_bench/out/266_decoys/0/output_97/pdbs/12.pdb,720.5979592307447,0.171200043954308,0.3995926599036979,0.5271083558397066,0.6004073400963021,0.4728916441602934,5.270074649378189,0.23288589999719309,0.24009150866078927,5.161162293050145,0.21284316987226792,0.21392334989614395
448,/wynton/group/sali/mhancock/xray/sample_bench/out/266_decoys/0/output_9/pdbs/3.pdb,4691.583019476369,0.13505935963714405,0.1454148558813512,0.5193888617523584,0.8545851441186488,0.4806111382476414,5.225278473712281,0.22745834097120696,0.23683515045857195,4.581412976252794,0.11894418070711901,0.11789651841039532
449,/wynton/group/sali/mhancock/xray/sample_bench/out/266_decoys/0/output_28/pdbs/6.pdb,1955.026520382289,0.10468678668020358,0.4674723683438819,0.3896430442121545,0.532527631656118,0.6103569557878454,4.950935554783217,0.16421907041561024,0.17268330405874135,4.7017867250231316,0.13069611957333335,0.1305506204350279
450,/wynton/group/sali/mhancock/xray/sample_bench/out/266_decoys/0/output_98/pdbs/8.pdb,882.6829541080665,0.15412332323356234,0.1746026971927526,0.4832635827529071,0.8253973028072473,0.5167364172470928,5.292630829526813,0.24512105480837607,0.2519656911069509,4.897031598272245,0.15819492642499894,0.16084281594185015
451,/wynton/group/sali/mhancock/xray/sample_bench/out/266_decoys/0/output_48/pdbs/13.pdb,911.1456676728228,0.20264190686759165,0.4791831598288373,0.9105432889751888,0.5208168401711627,0.0894567110248111,5.2726766877122015,0.23822290797472798,0.2393677424409853,5.381159942341735,0.28514371333486604,0.278103138181786
452,/wynton/group/sali/mhancock/xray/sample_bench/out/266_decoys/0/output_192/pdbs/15.pdb,570.4669139051066,0.24139742394123476,0.2145267021894736,0.9081438765159652,0.7854732978105264,0.0918561234840347,5.434291440471096,0.2854014619958865,0.29354918771906935,5.427930691455086,0.2973298863521128,0.2930774008141264
453,/wynton/group/sali/mhancock/xray/sample_bench/out/266_decoys/0/output_120/pdbs/9.pdb,1331.530930139446,0.12225934016161838,0.5977217588608095,0.2523213082422272,0.4022782411391905,0.7476786917577728,5.018993197817369,0.17459376007354738,0.1814536040164171,4.9348563667147705,0.15917998045495144,0.16605353667294995
454,/wynton/group/sali/mhancock/xray/sample_bench/out/266_decoys/0/output_63/pdbs/12.pdb,718.8233809703365,0.17437665359886811,0.5819055751782397,0.7564424693195458,0.4180944248217604,0.2435575306804541,5.190045994256084,0.2136976307372951,0.2176018414661646,5.27512037223742,0.2486688879438549,0.244567557462785
455,/wynton/group/sali/mhancock/xray/sample_bench/out/266_decoys/0/output_169/pdbs/2.pdb,3775.2301138341127,0.13016781691462936,0.3471340922355388,0.7239081423896622,0.6528659077644613,0.2760918576103379,4.947936642779428,0.16807946055801862,0.17428622977508534,4.900035575719277,0.1714868917553973,0.16689806866735696
456,/wynton/group/sali/mhancock/xray/sample_bench/out/266_decoys/0/output_105/pdbs/19.pdb,825.0480613215627,0.27414666661763676,0.2735564834171822,0.8721048806946907,0.7264435165828177,0.1278951193053093,5.500554723786252,0.30784769239769644,0.31695749710753607,5.494642696923789,0.31919834206397263,0.31956260173817314
457,/wynton/group/sali/mhancock/xray/sample_bench/out/266_decoys/0/output_210/pdbs/17.pdb,572.1368395876616,0.22266981558814472,0.5628782805322653,0.3069941273408832,0.4371217194677347,0.6930058726591167,5.3905759624947684,0.27255004202378447,0.2753024499304985,5.351258496958983,0.26019681883546364,0.26369595433343035
458,/wynton/group/sali/mhancock/xray/sample_bench/out/266_decoys/0/output_31/pdbs/19.pdb,822.6834847719954,0.258134332098214,0.5018751294699064,0.119712536226039,0.4981248705300936,0.8802874637739609,5.450996771025878,0.2891778171311414,0.29713468178616487,5.43233376489472,0.28370000820959024,0.29255227773486187
459,/wynton/group/sali/mhancock/xray/sample_bench/out/266_decoys/0/output_81/pdbs/7.pdb,1509.4138941654692,0.09800697287829163,0.7210973805906423,0.419910532118167,0.2789026194093577,0.5800894678818329,4.840239930601801,0.14434305740223782,0.14904795706678892,4.795944960945561,0.1412569990533804,0.14389679664911154
460,/wynton/group/sali/mhancock/xray/sample_bench/out/266_decoys/0/output_34/pdbs/1.pdb,7245.914201552518,0.09839301831456335,0.3220029147658688,0.4817353213594956,0.677997085234131,0.5182646786405045,4.96219233995049,0.17218908540028802,0.17711987601891235,4.304364099027448,0.09479562498512345,0.08993780801078262
461,/wynton/group/sali/mhancock/xray/sample_bench/out/266_decoys/0/output_93/pdbs/10.pdb,1323.0113373504137,0.144566651554966,0.5251938130457122,0.5469690491464139,0.4748061869542878,0.4530309508535861,5.108111895512818,0.19479772312611504,0.19992287687782553,5.070803418066476,0.19684830615722076,0.19358056896207995
462,/wynton/group/sali/mhancock/xray/sample_bench/out/266_decoys/0/output_35/pdbs/4.pdb,3018.2135383646896,0.07789982530534612,0.5960029742318433,0.1726660207872341,0.4039970257681567,0.8273339792127659,4.666513831707892,0.12300348264923071,0.12732276671862855,4.548313948614754,0.11221379480950573,0.11174926165642297
463,/wynton/group/sali/mhancock/xray/sample_bench/out/266_decoys/0/output_61/pdbs/16.pdb,797.6229930522832,0.2277218394548985,0.310280302713195,0.6464182705108283,0.689719697286805,0.3535817294891716,5.4277956777477,0.2831054447012437,0.2895610711853046,5.3573854726207655,0.2692693265325666,0.267909882545249
464,/wynton/group/sali/mhancock/xray/sample_bench/out/266_decoys/0/output_158/pdbs/14.pdb,578.4216742539506,0.21722010725809826,0.117624485289833,0.4421244396031289,0.882375514710167,0.557875560396871,5.453165195612212,0.29204467565244274,0.3018775561062104,5.233749996153808,0.22971984897821374,0.23060872046718645
465,/wynton/group/sali/mhancock/xray/sample_bench/out/266_decoys/0/output_224/pdbs/18.pdb,553.683943739936,0.23943139392392437,0.5464214895976184,0.7043920971422153,0.4535785104023817,0.2956079028577846,5.425690960822331,0.28068717223442763,0.28756396008193535,5.427235978812866,0.2905341638681318,0.29212539245123165
466,/wynton/group/sali/mhancock/xray/sample_bench/out/266_decoys/0/output_32/pdbs/17.pdb,580.2407606815727,0.24223025692101713,0.251993031534779,0.5671977315020701,0.7480069684652211,0.4328022684979299,5.467553325782352,0.299654011591135,0.30500730410071075,5.372443818052968,0.27106094727154034,0.2725670781636566
467,/wynton/group/sali/mhancock/xray/sample_bench/out/266_decoys/0/output_49/pdbs/5.pdb,1626.7821785610622,0.1234419870288451,0.3066057775565514,0.5160387515330125,0.6933942224434485,0.4839612484669874,5.0893752205457155,0.19479773644503648,0.2016496479608213,4.724286635243532,0.13772049944750792,0.1359981916447274
468,/wynton/group/sali/mhancock/xray/sample_bench/out/266_decoys/0/output_39/pdbs/4.pdb,3014.0482484696186,0.09367130241091681,0.5905372650223824,0.60169666475939,0.4094627349776176,0.39830333524061,4.682607564415273,0.12432229030511657,0.12986559059274064,4.77661120209722,0.1470698406250973,0.14498767974340887
469,/wynton/group/sali/mhancock/xray/sample_bench/out/266_decoys/0/output_171/pdbs/11.pdb,680.0166388257583,0.1507209421442604,0.5127258354139469,0.4112658249935934,0.4872741645860531,0.5887341750064066,5.169531901238981,0.20914474273843556,0.21360083997467444,5.081410876018406,0.1953988847328321,0.19494111352428786
470,/wynton/group/sali/mhancock/xray/sample_bench/out/266_decoys/0/output_217/pdbs/5.pdb,1627.9064300859702,0.16682023867948143,0.0344258479721409,0.5933785335451309,0.9655741520278592,0.406621466454869,5.343518810862125,0.26061946506000117,0.2705205740903647,4.82495825324039,0.15480629380037014,0.151979736311447
471,/wynton/group/sali/mhancock/xray/sample_bench/out/266_decoys/0/output_213/pdbs/10.pdb,1336.0250697835663,0.14238037437709483,0.5465900969656975,0.1659882336425877,0.4534099030343025,0.8340117663574123,5.100495553805714,0.19028116597981634,0.1983852354962559,5.049743208867382,0.17556261015851019,0.18647961043672515
472,/wynton/group/sali/mhancock/xray/sample_bench/out/266_decoys/0/output_203/pdbs/14.pdb,585.3287232585421,0.18045177467761866,0.786748009270507,0.3887913315348026,0.2132519907294929,0.6112086684651974,5.270936458089787,0.2360512249699458,0.24005370101121185,5.232089356475871,0.22918164901844182,0.23103731216468382
473,/wynton/group/sali/mhancock/xray/sample_bench/out/266_decoys/0/output_89/pdbs/6.pdb,1968.9304555098754,0.1068935339119718,0.4409498219500862,0.2872294204582934,0.5590501780499136,0.7127705795417066,4.983451141971759,0.17008934706431628,0.17837082217150843,4.686790075211497,0.12794464939249145,0.12748860828057057
474,/wynton/group/sali/mhancock/xray/sample_bench/out/266_decoys/0/output_10/pdbs/19.pdb,813.6535269300039,0.2751728827270856,0.1450355381183974,0.2666866871959257,0.8549644618816026,0.7333133128040742,5.536706524762557,0.32445892173752366,0.33306445926125117,5.415175007636892,0.28002921336170944,0.28628771892754856
475,/wynton/group/sali/mhancock/xray/sample_bench/out/266_decoys/0/output_43/pdbs/8.pdb,877.9304264789114,0.16857249090744367,0.1519986332933992,0.0587540246811063,0.8480013667066008,0.9412459753188936,5.306951111574805,0.25114605113218547,0.2560499744274709,4.990677379026913,0.171209891013821,0.17592337704765224
476,/wynton/group/sali/mhancock/xray/sample_bench/out/266_decoys/0/output_236/pdbs/8.pdb,876.2269187740837,0.1973781195805815,0.1498426052062167,0.8853701999257025,0.8501573947937833,0.1146298000742974,5.2996282826817325,0.2475506422974379,0.2535464848742181,5.247036052456145,0.2442953819155393,0.24087841140400357
477,/wynton/group/sali/mhancock/xray/sample_bench/out/266_decoys/0/output_214/pdbs/6.pdb,1961.2314590387803,0.17462157525872374,0.2909299557149489,0.92378599061717,0.7090700442850512,0.07621400938283,5.135585007114657,0.2068228845877531,0.21136855877701174,5.2339931365426615,0.2396336415509059,0.2382223931354236
478,/wynton/group/sali/mhancock/xray/sample_bench/out/266_decoys/0/output_77/pdbs/7.pdb,1514.2565090502894,0.10129316417584985,0.6347991364488451,0.4159109701055718,0.3652008635511549,0.5840890298944282,4.869126014976872,0.147326196219686,0.15485033299351497,4.790898446424302,0.14214352066144625,0.14317171243057858
479,/wynton/group/sali/mhancock/xray/sample_bench/out/266_decoys/0/output_91/pdbs/14.pdb,593.0621311769034,0.1963236659968694,0.7475054446322459,0.0351655807760665,0.2524945553677541,0.9648344192239334,5.267531531074756,0.2354225572161196,0.23861724927705077,5.303393353493941,0.24143955406939716,0.24931052079014582
480,/wynton/group/sali/mhancock/xray/sample_bench/out/266_decoys/0/output_118/pdbs/19.pdb,815.5359925938774,0.2561073170293865,0.4255528952495285,0.4980516250306204,0.5744471047504714,0.5019483749693796,5.472224525761189,0.29577673413225203,0.30483081243373616,5.418915839673954,0.28633485335365416,0.28858275802136524
481,/wynton/group/sali/mhancock/xray/sample_bench/out/266_decoys/0/output_232/pdbs/10.pdb,1338.0499747421045,0.18925432831257696,0.1610037737918953,0.0724335688045974,0.8389962262081049,0.9275664311954026,5.346316798488778,0.2575791934048948,0.26555142100255846,5.094112609183896,0.19008368001843148,0.19708989153009898
482,/wynton/group/sali/mhancock/xray/sample_bench/out/266_decoys/0/output_47/pdbs/19.pdb,836.83172375455,0.24703689566048437,0.5273935312698186,0.3884476970989737,0.4726064687301816,0.6115523029010261,5.449652463030295,0.2898735158054196,0.29678030647343745,5.409629500988584,0.28065329085363777,0.28433315310488455
483,/wynton/group/sali/mhancock/xray/sample_bench/out/266_decoys/0/output_51/pdbs/5.pdb,1626.2422970443683,0.13858887201147435,0.1986182750530356,0.5265417581186668,0.8013817249469645,0.4734582418813332,5.204041092079312,0.22073693271399786,0.22971768659772238,4.739475908206088,0.1389942926765153,0.13765266106519766
484,/wynton/group/sali/mhancock/xray/sample_bench/out/266_decoys/0/output_35/pdbs/17.pdb,597.115508810999,0.21843228883067778,0.6562822420499754,0.3598926191487707,0.3437177579500246,0.6401073808512291,5.385336333230869,0.2687771253182317,0.27136206885990743,5.350403029314344,0.25764726632605456,0.26386215929677376
485,/wynton/group/sali/mhancock/xray/sample_bench/out/266_decoys/0/output_41/pdbs/12.pdb,725.0002205923056,0.20766693916448697,0.2973249401926233,0.9184470648897644,0.7026750598073767,0.0815529351102356,5.317815893737616,0.25004758140693245,0.2552153427544205,5.362296793768424,0.2767477522549019,0.2726340409834804
486,/wynton/group/sali/mhancock/xray/sample_bench/out/266_decoys/0/output_172/pdbs/14.pdb,584.9863179491665,0.21125391697882,0.3527102717667977,0.760461981748692,0.6472897282332023,0.239538018251308,5.35393231702537,0.26099914514535677,0.2646289813311744,5.338325596171324,0.26756374966015,0.26327188830810144
487,/wynton/group/sali/mhancock/xray/sample_bench/out/266_decoys/0/output_26/pdbs/11.pdb,670.7238763164257,0.14030286911814083,0.855686009341446,0.2823502950999721,0.144313990658554,0.7176497049000279,5.12694323110165,0.1986975809050724,0.20370473602649772,5.0735955962217245,0.18656029866899984,0.19298682512829
488,/wynton/group/sali/mhancock/xray/sample_bench/out/266_decoys/0/output_38/pdbs/1.pdb,7256.379884331847,0.137441231434506,0.1402067241239445,0.591991524213759,0.8597932758760554,0.408008475786241,5.203798242638119,0.22284979614095182,0.2314568181045034,4.601168280755571,0.1274126222360223,0.12205718328233756
489,/wynton/group/sali/mhancock/xray/sample_bench/out/266_decoys/0/output_165/pdbs/1.pdb,7247.400052075973,0.046931964882889324,0.7510857570655738,0.4894118690498519,0.2489142429344262,0.510588130950148,4.048181342002481,0.06524879095705659,0.06868240955246561,4.33101661374625,0.09779730895132142,0.09206398582142938
490,/wynton/group/sali/mhancock/xray/sample_bench/out/266_decoys/0/output_102/pdbs/19.pdb,820.0251740504218,0.24850703231230997,0.5950911563840969,0.3951683315200044,0.404908843615903,0.6048316684799955,5.445216835539023,0.2898297035605727,0.294978815839987,5.409478622201265,0.2842689617041884,0.28452479395094193
491,/wynton/group/sali/mhancock/xray/sample_bench/out/266_decoys/0/output_234/pdbs/8.pdb,899.2223097479467,0.10850752904108199,0.7818739946396225,0.3786072991591497,0.2181260053603775,0.6213927008408503,4.897874807864635,0.15461065887476572,0.1582985869141577,4.859313845228635,0.1499517033212504,0.15320253162129274
492,/wynton/group/sali/mhancock/xray/sample_bench/out/266_decoys/0/output_145/pdbs/19.pdb,828.7716175948758,0.24906643789165345,0.5220613451279765,0.538744175690339,0.4779386548720236,0.4612558243096609,5.449982408229978,0.28905877424625614,0.29657248338581443,5.415507875222843,0.2846602142567065,0.2863899633349827
493,/wynton/group/sali/mhancock/xray/sample_bench/out/266_decoys/0/output_155/pdbs/17.pdb,579.4568241152124,0.23607640663930896,0.4751008110026484,0.7882900779493258,0.5248991889973514,0.2117099220506742,5.411061229248557,0.2777582806976683,0.282952789963849,5.434089564611709,0.29329447181675034,0.29419204250647446
494,/wynton/group/sali/mhancock/xray/sample_bench/out/266_decoys/0/output_141/pdbs/3.pdb,4708.895110739678,0.06220720980200044,0.6857211119958299,0.4287993823995563,0.3142788880041701,0.5712006176004436,4.444103245772168,0.09861806981793875,0.10098775945846104,4.414702715554096,0.10402340736959403,0.09762634000295305
495,/wynton/group/sali/mhancock/xray/sample_bench/out/266_decoys/0/output_70/pdbs/4.pdb,3006.83204353659,0.06935073390061733,0.7495031111071718,0.473298747556495,0.2504968888928281,0.5267012524435051,4.543560106672006,0.11007101319537979,0.11216780538428525,4.588835895433635,0.1199915392331718,0.11826281391471606
496,/wynton/group/sali/mhancock/xray/sample_bench/out/266_decoys/0/output_111/pdbs/14.pdb,575.1724159710373,0.19684743311859138,0.3934891382924443,0.5441549371421933,0.6065108617075556,0.4558450628578067,5.338967890645067,0.25543157025149693,0.25994508550091483,5.255226666677391,0.23758319449253468,0.23847191782780594
497,/wynton/group/sali/mhancock/xray/sample_bench/out/266_decoys/0/output_91/pdbs/5.pdb,1613.4351496304334,0.08347239516874563,0.9577101902718924,0.3302004535615362,0.0422898097281077,0.6697995464384638,4.773292044674653,0.13970691392133675,0.14104930807446334,4.585409255179377,0.11505756541817719,0.11606570926969076
498,/wynton/group/sali/mhancock/xray/sample_bench/out/266_decoys/0/output_66/pdbs/4.pdb,3013.2708705066857,0.08693990946463127,0.4396316039974785,0.3091343347288715,0.5603683960025214,0.6908656652711285,4.876313282388415,0.15611112665026172,0.16049143422222448,4.433702402221302,0.10016355901699707,0.0988087434710988
499,/wynton/group/sali/mhancock/xray/sample_bench/out/266_decoys/0/output_187/pdbs/1.pdb,7240.090993619623,0.06719640060284675,0.4485453818398268,0.3389441307383843,0.5514546181601732,0.6610558692616157,4.733666877661028,0.13374074762377477,0.1393040816080526,3.9643050417660417,0.06824953592654753,0.061939604708248885
500,/wynton/group/sali/mhancock/xray/sample_bench/out/266_decoys/0/output_114/pdbs/14.pdb,593.9247314097729,0.18453402114465434,0.6496324619854892,0.3894843742048616,0.3503675380145107,0.6105156257951384,5.277430904236173,0.23613511192232153,0.24054390597169983,5.238584640251842,0.22965250486122665,0.2322026612286442
501,/wynton/group/sali/mhancock/xray/sample_bench/out/266_decoys/0/output_239/pdbs/17.pdb,588.6732090892217,0.2209210092584425,0.6258163074337961,0.4736968675773648,0.3741836925662039,0.526303132422635,5.378935038018783,0.2694049853718998,0.2711427054694101,5.351221379178842,0.26492160707023393,0.26496436938983925
502,/wynton/group/sali/mhancock/xray/sample_bench/out/266_decoys/0/output_129/pdbs/10.pdb,1337.0741304140656,0.13689985310461528,0.6102367288410202,0.5168882853544683,0.3897632711589798,0.4831117146455316,5.073326981847826,0.18564206697193242,0.1911853992382367,5.046541652509572,0.18855088389517793,0.18872093056200395
503,/wynton/group/sali/mhancock/xray/sample_bench/out/266_decoys/0/output_84/pdbs/7.pdb,1504.2394798381447,0.2172133194803432,0.0108779048971104,0.947417569626422,0.9891220951028896,0.0525824303735778,5.389682070920746,0.2742933600562412,0.28441076863398934,5.278727020831049,0.2567680808696232,0.24968941495076874
504,/wynton/group/sali/mhancock/xray/sample_bench/out/266_decoys/0/output_235/pdbs/13.pdb,911.6804208594822,0.20885151566523033,0.22693287789321,0.0293114701455944,0.77306712210679,0.9706885298544056,5.378624480021244,0.26933719724191846,0.27433370935955803,5.263479816073496,0.22779126052472268,0.23858563767847865
505,/wynton/group/sali/mhancock/xray/sample_bench/out/266_decoys/0/output_88/pdbs/5.pdb,1625.4922342754262,0.08232398469081445,0.859609185651626,0.4519078295140492,0.1403908143483739,0.5480921704859508,4.693400301657759,0.12609839752413354,0.1289566371828499,4.662800937841988,0.12723076134191458,0.12651028685484358
506,/wynton/group/sali/mhancock/xray/sample_bench/out/266_decoys/0/output_146/pdbs/5.pdb,1620.7713785543067,0.1977190247649271,0.0926780470194987,0.9130144273556854,0.9073219529805012,0.0869855726443145,5.300991761419516,0.250202903481915,0.25739377609480046,5.20664310629676,0.23537140992379213,0.23147222364071737
507,/wynton/group/sali/mhancock/xray/sample_bench/out/266_decoys/0/output_121/pdbs/18.pdb,560.9216477288915,0.2407052686804912,0.5487090600938827,0.2358840562071598,0.4512909399061173,0.7641159437928402,5.421558698523021,0.28353059259208774,0.28575230681383196,5.3899198600495914,0.2715088017806471,0.27735826802626623
508,/wynton/group/sali/mhancock/xray/sample_bench/out/266_decoys/0/output_52/pdbs/5.pdb,1645.5256807010292,0.13173679320111273,0.6088210084895106,0.8623234229728504,0.3911789915104893,0.1376765770271495,4.738924545777353,0.1320422461455565,0.13646635067955085,5.163170068379786,0.22448787726129688,0.21941905429351813
509,/wynton/group/sali/mhancock/xray/sample_bench/out/266_decoys/0/output_96/pdbs/3.pdb,4699.847176907894,0.11751265321053281,0.4127445649815509,0.6661524568195545,0.5872554350184491,0.3338475431804455,4.888898424170634,0.15793429892263874,0.16339423568907566,4.836493661971031,0.1557383817022029,0.1550020828033183
510,/wynton/group/sali/mhancock/xray/sample_bench/out/266_decoys/0/output_27/pdbs/15.pdb,562.5008058801939,0.19526688164009548,0.9364447390088554,0.4939184150272929,0.0635552609911446,0.506081584972707,5.341846644626675,0.26110716772285925,0.25912285008529096,5.292896817209868,0.24865091149749305,0.2481694168458774
511,/wynton/group/sali/mhancock/xray/sample_bench/out/266_decoys/0/output_206/pdbs/17.pdb,582.9562184750789,0.22056238800034222,0.5166678385247039,0.4656403573786922,0.4833321614752961,0.5343596426213078,5.396464576625575,0.2726649866972587,0.27708261205896334,5.352003528077195,0.26392288593917673,0.2651711745859202
512,/wynton/group/sali/mhancock/xray/sample_bench/out/266_decoys/0/output_97/pdbs/15.pdb,564.0649506550578,0.21364273367030992,0.5191352424984828,0.0413776710404657,0.4808647575015173,0.9586223289595344,5.338365836501558,0.25357886344705205,0.2585777290073254,5.341321364642428,0.253463328212711,0.26165949243203646
513,/wynton/group/sali/mhancock/xray/sample_bench/out/266_decoys/0/output_83/pdbs/7.pdb,1518.5336290930545,0.10127384696411804,0.8726204849026443,0.4832145575889185,0.1273795150973556,0.5167854424110814,4.8608722951038645,0.14839589175102472,0.15215280905862053,4.843125287691136,0.14831812490960358,0.15183529773789164
514,/wynton/group/sali/mhancock/xray/sample_bench/out/266_decoys/0/output_137/pdbs/15.pdb,565.0668012439203,0.20921922438110163,0.8049665888231885,0.0174606925620227,0.1950334111768115,0.9825393074379772,5.318417552260262,0.25150930286461176,0.2514559118175569,5.349441863395924,0.2576414549726844,0.2645262446460478
515,/wynton/group/sali/mhancock/xray/sample_bench/out/266_decoys/0/output_90/pdbs/5.pdb,1621.9961239451602,0.09961690202679704,0.4694779517160903,0.2074243197137027,0.5305220482839096,0.7925756802862973,4.896995398576845,0.15862089838033178,0.1631813769458216,4.625576710199303,0.11963547933415714,0.11976265963192452
516,/wynton/group/sali/mhancock/xray/sample_bench/out/266_decoys/0/output_112/pdbs/18.pdb,563.3030761463926,0.2584144164715389,0.2986514154043121,0.7060614739170464,0.7013485845956878,0.2939385260829535,5.474632584615674,0.3019236565556936,0.3080963096926475,5.428927677192022,0.29498084758455473,0.29253937399625096
517,/wynton/group/sali/mhancock/xray/sample_bench/out/266_decoys/0/output_237/pdbs/15.pdb,566.9678399107879,0.2080576512770772,0.7548245904313623,0.8474363837021044,0.2451754095686378,0.1525636162978957,5.3148749338984045,0.24735531260040416,0.2500463113991982,5.402480298291303,0.28755552054952577,0.28406401723159447
518,/wynton/group/sali/mhancock/xray/sample_bench/out/266_decoys/0/output_95/pdbs/14.pdb,585.0979026805182,0.2281382796891091,0.0291525903584298,0.437713705679675,0.97084740964157,0.562286294320325,5.493192165214025,0.3108493427502732,0.3173025944282282,5.2394708960527625,0.22886471520478166,0.23221379771462933
519,/wynton/group/sali/mhancock/xray/sample_bench/out/266_decoys/0/output_199/pdbs/11.pdb,680.622202759994,0.16756661101824333,0.3739288357151376,0.5986788269945599,0.6260711642848624,0.4013211730054402,5.250043379762191,0.23045722842452707,0.23418559653019444,5.1532412124921105,0.2158971680158746,0.21224749473783885
520,/wynton/group/sali/mhancock/xray/sample_bench/out/266_decoys/0/output_206/pdbs/10.pdb,1353.421237748341,0.136405195394118,0.9636447564771546,0.1386817512902325,0.0363552435228453,0.8613182487097675,5.101623713671102,0.1944958274195898,0.1982404701943866,5.066616253402401,0.17781006940539376,0.18935677006407148
521,/wynton/group/sali/mhancock/xray/sample_bench/out/266_decoys/0/output_32/pdbs/1.pdb,7264.378193011395,0.03995191385049033,0.6699580748263638,0.3388193785823853,0.3300419251736362,0.6611806214176147,4.192162869734208,0.0758065885941395,0.07937910781367077,3.9645885428309344,0.06706347939167198,0.061975568179774614
522,/wynton/group/sali/mhancock/xray/sample_bench/out/266_decoys/0/output_124/pdbs/18.pdb,564.6599625083898,0.25335445160355957,0.2228529320479888,0.5188735796960123,0.7771470679520112,0.4811264203039876,5.4962841731303245,0.3110314037057194,0.31684719470762435,5.390736225536142,0.27923689823982734,0.2781167730330884
523,/wynton/group/sali/mhancock/xray/sample_bench/out/266_decoys/0/output_43/pdbs/12.pdb,719.8976565690916,0.16886273266113336,0.4645852025493041,0.1881665269140193,0.5354147974506959,0.8118334730859806,5.238591300638458,0.228212352433251,0.23098643166416666,5.1595608671975555,0.20407657890012545,0.21097662921434493
524,/wynton/group/sali/mhancock/xray/sample_bench/out/266_decoys/0/output_68/pdbs/12.pdb,729.0913869746234,0.15382301790759406,0.7986371459689676,0.2645738415673517,0.2013628540310323,0.7354261584326482,5.175728892841812,0.2103444751855133,0.2144873868840321,5.134240479573344,0.19828237445779162,0.20589405534217656
525,/wynton/group/sali/mhancock/xray/sample_bench/out/266_decoys/0/output_35/pdbs/5.pdb,1642.1147389531818,0.13399401964160224,0.2592282282883212,0.0680526943881722,0.7407717717116789,0.9319473056118278,5.1440413923726656,0.21011117145877453,0.21413211554248984,4.77155026406751,0.13971672993533427,0.14163282819198034
526,/wynton/group/sali/mhancock/xray/sample_bench/out/266_decoys/0/output_25/pdbs/3.pdb,4710.047694490847,0.13539622544465973,0.4827315883577071,0.8703422514973248,0.5172684116422929,0.1296577485026751,4.768641917126204,0.13962693516852484,0.14389906813195263,5.126314058861349,0.2146178927310309,0.21319119150892063
527,/wynton/group/sali/mhancock/xray/sample_bench/out/266_decoys/0/output_128/pdbs/11.pdb,687.6355340687987,0.14271904420127893,0.6633170723116704,0.4780150317339227,0.3366829276883297,0.5219849682660772,5.122985611490008,0.19782748246972165,0.2024118166150559,5.093915319646767,0.1942589947743337,0.1975384318716711
528,/wynton/group/sali/mhancock/xray/sample_bench/out/266_decoys/0/output_142/pdbs/18.pdb,562.6303557966,0.246769261300701,0.7286594299697126,0.8595371891303367,0.2713405700302874,0.1404628108696632,5.418341381020097,0.27735239857247396,0.2829813144753798,5.475718034747728,0.3078439450044735,0.31025566379733666
529,/wynton/group/sali/mhancock/xray/sample_bench/out/266_decoys/0/output_30/pdbs/15.pdb,569.0673338396425,0.2368796775281205,0.0561692876505135,0.6242745191854405,0.9438307123494863,0.3757254808145594,5.498774076639799,0.315919043943285,0.3193503123875528,5.327460450795462,0.2597728599028354,0.2578849926128012
530,/wynton/group/sali/mhancock/xray/sample_bench/out/266_decoys/0/output_32/pdbs/19.pdb,828.3553415220108,0.2759609942439012,0.1813374822227318,0.7553047658885932,0.8186625177772682,0.2446952341114068,5.522850795264645,0.3209001116533486,0.3280409518591447,5.463503957522118,0.3058758025752756,0.30545045477072263
531,/wynton/group/sali/mhancock/xray/sample_bench/out/266_decoys/0/output_15/pdbs/4.pdb,3017.2215903228025,0.11688663251254862,0.3006142579661859,0.5043443751652126,0.6993857420338141,0.4956556248347874,5.070910427969283,0.19180223865101306,0.19822571126328423,4.62190669909863,0.12790524238971956,0.12313687086024507
532,/wynton/group/sali/mhancock/xray/sample_bench/out/266_decoys/0/output_185/pdbs/6.pdb,1963.8018090625555,0.10969448054891481,0.6229967881485963,0.6324843256576327,0.3770032118514036,0.3675156743423673,4.807553125156364,0.1369291900150581,0.1455176593063629,4.934180932944094,0.17319486971344664,0.17009275006713043
533,/wynton/group/sali/mhancock/xray/sample_bench/out/266_decoys/0/output_0/pdbs/4.pdb,3008.229153795104,0.09050719209053108,0.4878741168747905,0.4813388790136483,0.5121258831252097,0.5186611209863516,4.809993430748216,0.14424941437881306,0.14955918841553226,4.597923126680099,0.12064086231814727,0.11994192336778052
534,/wynton/group/sali/mhancock/xray/sample_bench/out/266_decoys/0/output_126/pdbs/16.pdb,783.434296943765,0.2074153547113811,0.6464606536876282,0.6087029989710738,0.3535393463123718,0.3912970010289262,5.348311419063516,0.25768345816095645,0.26207779161080713,5.345043661303176,0.26342442437837665,0.26386223190167524
535,/wynton/group/sali/mhancock/xray/sample_bench/out/266_decoys/0/output_148/pdbs/8.pdb,886.0506695623462,0.18181764811323345,0.009364871469478,0.0780158620794301,0.990635128530522,0.9219841379205698,5.400244756426679,0.28085095232551516,0.28669749066367034,4.964782959318468,0.1664717483305025,0.1708236051367317
536,/wynton/group/sali/mhancock/xray/sample_bench/out/266_decoys/0/output_44/pdbs/2.pdb,3746.8395346322413,0.12521590058819365,0.6015750654592149,0.9256253842081114,0.3984249345407852,0.0743746157918886,4.481333790624797,0.10153504976353729,0.10676528252832031,5.1785634891588135,0.2280244143618828,0.2258249657629286
537,/wynton/group/sali/mhancock/xray/sample_bench/out/266_decoys/0/output_35/pdbs/12.pdb,724.9942682299823,0.1961010237305358,0.1248574780373083,0.5211555189855556,0.8751425219626916,0.4788444810144443,5.408800216583819,0.28082886835131854,0.28536811003659046,5.15671331073506,0.210650399536226,0.2121369142620966
538,/wynton/group/sali/mhancock/xray/sample_bench/out/266_decoys/0/output_224/pdbs/14.pdb,579.3437161716463,0.19310498038543278,0.3995130766111553,0.3992575803881478,0.6004869233888446,0.6007424196118522,5.3410282164446015,0.2523196956148814,0.2605257770138113,5.240694917072665,0.22988910769573362,0.23121010444107817
539,/wynton/group/sali/mhancock/xray/sample_bench/out/266_decoys/0/output_70/pdbs/17.pdb,585.747493994199,0.22962239317890648,0.3739136106542887,0.5072171868261737,0.6260863893457113,0.4927828131738263,5.430781774043018,0.2860307768136438,0.2894641010172893,5.3608631669686275,0.2673139089301708,0.2684308448337831
540,/wynton/group/sali/mhancock/xray/sample_bench/out/266_decoys/0/output_18/pdbs/13.pdb,912.4781736067432,0.1770106174653201,0.4998352925338,0.2700999796840537,0.5001647074662,0.7299000203159463,5.26901104561253,0.23539941683825996,0.23800327635612575,5.192693663103712,0.21280100626192983,0.22004227411803315
541,/wynton/group/sali/mhancock/xray/sample_bench/out/266_decoys/0/output_158/pdbs/8.pdb,885.8459828058583,0.14098889224094618,0.4139711973951662,0.6233552494273471,0.5860288026048337,0.3766447505726529,5.088690536813791,0.192728888779924,0.1983407180657341,5.0193356869719175,0.187690387737695,0.18414316893441365
542,/wynton/group/sali/mhancock/xray/sample_bench/out/266_decoys/0/output_121/pdbs/17.pdb,585.7804083311705,0.22905443826931948,0.4513955490206354,0.3042784165011092,0.5486044509793645,0.6957215834988908,5.4122853831234465,0.2825665598881854,0.28223446560750187,5.35096091320662,0.2613500272798733,0.2646478215234846
543,/wynton/group/sali/mhancock/xray/sample_bench/out/266_decoys/0/output_205/pdbs/14.pdb,574.1931087177866,0.18769719374099145,0.5513734537405536,0.4265849549564388,0.4486265462594463,0.5734150450435613,5.284323229541203,0.23732975376585413,0.24350686148034836,5.234138524329683,0.23062865185093062,0.2311917166499699
544,/wynton/group/sali/mhancock/xray/sample_bench/out/266_decoys/0/output_184/pdbs/9.pdb,1344.5971174624701,0.15123837976205462,0.3326560015064273,0.572426116125482,0.6673439984935728,0.4275738838745179,5.191898661960496,0.216893873791409,0.2218996405837887,5.02951730674655,0.18643891872894605,0.18592526208535864
545,/wynton/group/sali/mhancock/xray/sample_bench/out/266_decoys/0/output_156/pdbs/17.pdb,589.6343826766042,0.23280435875158006,0.8625793322567564,0.0355512905034301,0.1374206677432435,0.9644487094965698,5.393105852112973,0.2737684470904061,0.2752048869854742,5.40125958293467,0.2758386203021331,0.28174269216355646
546,/wynton/group/sali/mhancock/xray/sample_bench/out/266_decoys/0/output_45/pdbs/15.pdb,572.4406905487679,0.21643474531477724,0.4166029047699166,0.7437208339418815,0.5833970952300834,0.2562791660581184,5.364758102923316,0.26492509761298494,0.26743722058596964,5.361161884040768,0.26878500332450617,0.2697065644086737
547,/wynton/group/sali/mhancock/xray/sample_bench/out/266_decoys/0/output_91/pdbs/7.pdb,1499.6335284171691,0.1145145146202023,0.589737345722638,0.5586399757788371,0.4102626542773621,0.4413600242211629,4.903709656330362,0.15698759445593985,0.1606621398837228,4.913112927514134,0.16577502896046079,0.16502774140835183
548,/wynton/group/sali/mhancock/xray/sample_bench/out/266_decoys/0/output_171/pdbs/14.pdb,589.4318907765498,0.18109015748263085,0.833612335752149,0.3041312618774003,0.1663876642478509,0.6958687381225996,5.276332094263147,0.24068166537076716,0.24013197907276096,5.237468669432739,0.2248153066003024,0.2319894908016308
549,/wynton/group/sali/mhancock/xray/sample_bench/out/266_decoys/0/output_152/pdbs/11.pdb,683.5748586577179,0.14189362358523103,0.650833409460342,0.4868917129909792,0.349166590539658,0.5131082870090208,5.118050845887295,0.19615146762619137,0.2015999241466188,5.093773656791688,0.19667977745347492,0.19836593571640268
550,/wynton/group/sali/mhancock/xray/sample_bench/out/266_decoys/0/output_53/pdbs/1.pdb,7252.576803416507,0.127850843414988,0.4573955221627173,0.8368408424084143,0.5426044778372827,0.1631591575915856,4.706361395743357,0.13176287417501908,0.1350519913538151,5.048738136551736,0.1999659225687248,0.19614969780807395
551,/wynton/group/sali/mhancock/xray/sample_bench/out/266_decoys/0/output_1/pdbs/13.pdb,922.1377442645462,0.19887459284800899,0.1676857863966096,0.509524284203553,0.8323142136033904,0.4904757157964471,5.4147139792521495,0.2791593431563868,0.28726516399441576,5.206910742067273,0.22557762772466863,0.22459355884167437
552,/wynton/group/sali/mhancock/xray/sample_bench/out/266_decoys/0/output_125/pdbs/14.pdb,583.7280510952455,0.21910706773438504,0.1356354814342502,0.1882295350589376,0.8643645185657498,0.8117704649410624,5.4510819444570675,0.2943198275784108,0.3008414134955391,5.2576555816880015,0.22885291453912512,0.23680003106728068
553,/wynton/group/sali/mhancock/xray/sample_bench/out/266_decoys/0/output_190/pdbs/9.pdb,1330.5192518477554,0.12299822809979623,0.7672654749194292,0.5717411800953964,0.2327345250805708,0.4282588199046036,4.970631206544775,0.16631181720322516,0.1720476658812415,5.024043815577927,0.18804456338830258,0.18504185374460505
554,/wynton/group/sali/mhancock/xray/sample_bench/out/266_decoys/0/output_149/pdbs/18.pdb,552.6618657456695,0.2541279134734255,0.5057789846892097,0.8949857142853583,0.4942210153107904,0.1050142857146416,5.427548420204791,0.28241096180265995,0.28821866718334566,5.485399699442396,0.3151041187775269,0.3139182926254024
555,/wynton/group/sali/mhancock/xray/sample_bench/out/266_decoys/0/output_207/pdbs/15.pdb,559.8327933436158,0.2026636059615118,0.8134364119214706,0.6958433448043678,0.1865635880785293,0.3041566551956321,5.3124926332407645,0.2467318228143711,0.25058474237087774,5.343233767152086,0.26554762862191844,0.26511163843342594
556,/wynton/group/sali/mhancock/xray/sample_bench/out/266_decoys/0/output_186/pdbs/4.pdb,3001.8290962461474,0.09340472174640216,0.4164990142358271,0.2444912079259061,0.583500985764173,0.7555087920740937,4.915531338310549,0.16217306309567792,0.1668783544202116,4.47197167268755,0.101508686194955,0.1037251989630318
557,/wynton/group/sali/mhancock/xray/sample_bench/out/266_decoys/0/output_188/pdbs/10.pdb,1338.2886012430345,0.14601783021288434,0.4911532843443122,0.495108218285748,0.5088467156556877,0.504891781714252,5.1328273738231305,0.2004794152187123,0.20555045834256588,5.039744438293893,0.18846534214808336,0.18707238958161782
558,/wynton/group/sali/mhancock/xray/sample_bench/out/266_decoys/0/output_183/pdbs/4.pdb,2987.7224506108187,0.09345659459933353,0.7906337321776004,0.6710527523350343,0.2093662678223995,0.3289472476649657,4.538690002619394,0.10712735168993427,0.11040075174446246,4.889821505354098,0.16506966564713402,0.16319556558736853
559,/wynton/group/sali/mhancock/xray/sample_bench/out/266_decoys/0/output_136/pdbs/15.pdb,572.6777076880767,0.21883130335482562,0.3218220834705682,0.7247044366473888,0.6781779165294318,0.2752955633526112,5.396234808575642,0.2748126728416457,0.2797384477488675,5.355104388716625,0.2695724580417974,0.2671364328621705
560,/wynton/group/sali/mhancock/xray/sample_bench/out/266_decoys/0/output_82/pdbs/3.pdb,4732.356247358397,0.07326740444808932,0.7285305568887678,0.0582357658274692,0.2714694431112323,0.9417642341725307,4.425838215212181,0.09480881827564269,0.0991855252570514,4.6342428294578,0.1256276270849572,0.12310279405401872
561,/wynton/group/sali/mhancock/xray/sample_bench/out/266_decoys/0/output_158/pdbs/10.pdb,1345.896340991441,0.1339410522683529,0.7149218981251246,0.5614716499016613,0.2850781018748754,0.4385283500983387,5.050790209642992,0.18196455756668645,0.18791619242822366,5.076840496796578,0.19629377977696735,0.1953400872463554
562,/wynton/group/sali/mhancock/xray/sample_bench/out/266_decoys/0/output_215/pdbs/6.pdb,1974.012005884255,0.14879510432137405,0.0984370573381574,0.457906846524642,0.9015629426618426,0.5420931534753579,5.306352472149508,0.24895389228379952,0.25865242867054855,4.739048828621639,0.13774845998823043,0.1370609581156309
563,/wynton/group/sali/mhancock/xray/sample_bench/out/266_decoys/0/output_128/pdbs/2.pdb,3773.262006744887,0.12293840676607558,0.3714728773339606,0.7009457629575022,0.6285271226660393,0.2990542370424978,4.917658547024269,0.16120920312644413,0.16820679386379406,4.86412362567012,0.16337608704998188,0.16076088846334685
564,/wynton/group/sali/mhancock/xray/sample_bench/out/266_decoys/0/output_196/pdbs/12.pdb,712.3193862766905,0.20099337255986333,0.450256142061969,0.9555855410677276,0.549743857938031,0.0444144589322723,5.240606622526372,0.22677254971120359,0.2314003127163804,5.377848291104258,0.2815173471788799,0.27736468259785185
565,/wynton/group/sali/mhancock/xray/sample_bench/out/266_decoys/0/output_31/pdbs/10.pdb,1341.6127051164037,0.17337988521401332,0.3579956322567909,0.7835241093701184,0.6420043677432091,0.2164758906298815,5.208924135957543,0.219079928211362,0.22535711862237878,5.221440423597291,0.23438286123798385,0.2316909894197167
566,/wynton/group/sali/mhancock/xray/sample_bench/out/266_decoys/0/output_198/pdbs/14.pdb,590.9721281549312,0.21364218077116853,0.5820890042539152,0.9266793659456004,0.4179109957460847,0.0733206340543997,5.291899607769254,0.24134445406340704,0.24423338985694756,5.416069212205485,0.2936844434262542,0.2907935631919996
567,/wynton/group/sali/mhancock/xray/sample_bench/out/266_decoys/0/output_4/pdbs/16.pdb,777.9657395842103,0.22953759571651924,0.5983727009616386,0.9462979184195563,0.4016272990383613,0.0537020815804436,5.354697828215058,0.259774898913475,0.26400249819985644,5.464949435774513,0.31097767491579525,0.3070232016027936
568,/wynton/group/sali/mhancock/xray/sample_bench/out/266_decoys/0/output_70/pdbs/2.pdb,3736.17443531612,0.058467299870930495,0.5923623506979007,0.2233555815289812,0.4076376493020993,0.7766444184710187,4.490981970933693,0.1037303057995367,0.10783081427250782,4.216311585871733,0.08353521570111892,0.08029428287684363
569,/wynton/group/sali/mhancock/xray/sample_bench/out/266_decoys/0/output_167/pdbs/11.pdb,680.613927107797,0.18148498202115837,0.4856031449636255,0.8886675908687446,0.5143968550363744,0.1113324091312554,5.178188398418915,0.21091994467268094,0.21694191003011645,5.323651522797673,0.26971082441331,0.26000162368087887
570,/wynton/group/sali/mhancock/xray/sample_bench/out/266_decoys/0/output_72/pdbs/9.pdb,1335.5536983662214,0.13769249853359125,0.4357010672918223,0.512692190325486,0.5642989327081777,0.4873078096745139,5.121379015518319,0.19867351038564957,0.2049256112227015,4.993243047986911,0.1795520460947271,0.17797068531684465
571,/wynton/group/sali/mhancock/xray/sample_bench/out/266_decoys/0/output_139/pdbs/14.pdb,592.2352084619308,0.18705150953025765,0.5934582414937043,0.1823615198468114,0.4065417585062957,0.8176384801531886,5.280723526696282,0.23728615391270783,0.24237029996572504,5.256270713838733,0.22722476878075104,0.23632220297402284
572,/wynton/group/sali/mhancock/xray/sample_bench/out/266_decoys/0/output_150/pdbs/8.pdb,874.4953162931229,0.11310905528532961,0.6361799359150274,0.1729777086072091,0.3638200640849726,0.8270222913927908,4.933672589052457,0.16168489137372133,0.16585565114437018,4.909688761030542,0.15626342932936055,0.1613239742010648
573,/wynton/group/sali/mhancock/xray/sample_bench/out/266_decoys/0/output_178/pdbs/15.pdb,569.6901377337574,0.2709013412077644,0.0015943004433817,0.983658900870785,0.9984056995566182,0.0163410991292149,5.516124587242817,0.32086610230322127,0.3268611766488257,5.451256230848865,0.3066971047011102,0.30216711791994066
574,/wynton/group/sali/mhancock/xray/sample_bench/out/266_decoys/0/output_30/pdbs/2.pdb,3763.8754394525095,0.06770155026913624,0.6148188992502089,0.5018742839050607,0.3851811007497911,0.4981257160949393,4.454185398592865,0.09991633542120565,0.103675804273297,4.462689439050281,0.11058242398108514,0.10547185695287141
575,/wynton/group/sali/mhancock/xray/sample_bench/out/266_decoys/0/output_99/pdbs/11.pdb,686.9461788548251,0.16557070747756503,0.5236001009653778,0.0209397277104674,0.4763998990346222,0.9790602722895324,5.159030542312795,0.20744889701930105,0.21134690672026374,5.175496986077064,0.20765321379450297,0.21558241992094856
576,/wynton/group/sali/mhancock/xray/sample_bench/out/266_decoys/0/output_195/pdbs/4.pdb,3011.6991217974683,0.1175762705687494,0.8469404946304133,0.8570350533325392,0.1530595053695867,0.1429649466674609,4.558275490562607,0.10985771346472678,0.11257710239797253,5.130706894989849,0.217576517009438,0.21341987561760706
577,/wynton/group/sali/mhancock/xray/sample_bench/out/266_decoys/0/output_104/pdbs/9.pdb,1321.894114274435,0.13584382206777576,0.521273135613217,0.5876749616426782,0.4787268643867829,0.4123250383573217,5.062719087448467,0.1861467320053682,0.1902171962482468,5.038920476806672,0.1924010312407115,0.18790327809460813
578,/wynton/group/sali/mhancock/xray/sample_bench/out/266_decoys/0/output_134/pdbs/11.pdb,690.160835985808,0.16247394447605196,0.5545914469759217,0.715264534084362,0.4454085530240783,0.284735465915638,5.1442545305271805,0.20224498651856593,0.2075001410364602,5.211109127584169,0.23012805888308016,0.22799686600538038
579,/wynton/group/sali/mhancock/xray/sample_bench/out/266_decoys/0/output_123/pdbs/2.pdb,3739.8073442580635,0.10611989287505572,0.4400063025880336,0.6401444295344837,0.5599936974119665,0.3598555704655162,4.7902229886127365,0.14376783234796517,0.1476283396887473,4.7558582036541095,0.14613062441946817,0.14351051542866933
580,/wynton/group/sali/mhancock/xray/sample_bench/out/266_decoys/0/output_101/pdbs/17.pdb,583.2239452154397,0.24283745120480968,0.9044244420037496,0.9711808608098752,0.0955755579962503,0.0288191391901248,5.405908039572584,0.2749075767311696,0.2787441913659539,5.492064546804004,0.3166943720935397,0.3180465169687893
581,/wynton/group/sali/mhancock/xray/sample_bench/out/266_decoys/0/output_56/pdbs/11.pdb,682.4880554733184,0.13747146522781997,0.5944599182229915,0.3507471415064532,0.4055400817770085,0.6492528584935469,5.133655984848266,0.20038866605305586,0.20343445697353563,5.06595452880102,0.1882291043670673,0.191075862358935
582,/wynton/group/sali/mhancock/xray/sample_bench/out/266_decoys/0/output_41/pdbs/18.pdb,566.4881159627516,0.24285423998228345,0.686113857016751,0.8232429270762571,0.313886142983249,0.1767570729237429,5.411636434511489,0.27762194359623876,0.28209910875537775,5.459906796703278,0.3049779230472755,0.3040585294933056
583,/wynton/group/sali/mhancock/xray/sample_bench/out/266_decoys/0/output_195/pdbs/2.pdb,3776.1841274806043,0.0672247589487613,0.8235622013267652,0.5821319864008369,0.1764377986732348,0.4178680135991632,4.258832316609263,0.08080924734479718,0.08405764869240877,4.6314969783368785,0.12974008191950942,0.12567620437315988
584,/wynton/group/sali/mhancock/xray/sample_bench/out/266_decoys/0/output_244/pdbs/9.pdb,1329.9825152567616,0.14555893619176563,0.3234915026042121,0.4789329585354469,0.6765084973957878,0.5210670414645532,5.204113510532455,0.22015592654083582,0.22474773912378776,4.969789390647685,0.17619291107045548,0.17427404517057343
585,/wynton/group/sali/mhancock/xray/sample_bench/out/266_decoys/0/output_114/pdbs/9.pdb,1334.343430758528,0.14280906540153682,0.4867962364659965,0.0967068424984569,0.5132037635340034,0.903293157501543,5.085473200062555,0.18840614878708764,0.19585975451384624,5.0187959569586384,0.17162647239416023,0.18098778943097343
586,/wynton/group/sali/mhancock/xray/sample_bench/out/266_decoys/0/output_44/pdbs/1.pdb,7224.79744116625,0.06158704921058833,0.7071906475284767,0.5876581801619396,0.2928093524715232,0.4123418198380604,4.111151602277348,0.06846468532533623,0.07318405919803637,4.590560963639513,0.12446696407188029,0.1202889034084174
587,/wynton/group/sali/mhancock/xray/sample_bench/out/266_decoys/0/output_143/pdbs/9.pdb,1339.9344186563803,0.149655852116005,0.6376771555379556,0.8363627945857578,0.3623228444620444,0.1636372054142421,4.9996983847065115,0.1698537943528246,0.17737013550150058,5.228380731775328,0.23736638246622463,0.23479541427528489
588,/wynton/group/sali/mhancock/xray/sample_bench/out/266_decoys/0/output_107/pdbs/4.pdb,3001.9884582338473,0.10678797067405445,0.4406173541398953,0.5685157619554299,0.5593826458601046,0.4314842380445702,4.881892964008032,0.1587341201223113,0.16119238983926576,4.733632040544473,0.1409525387936492,0.1379228085397946
589,/wynton/group/sali/mhancock/xray/sample_bench/out/266_decoys/0/output_0/pdbs/18.pdb,564.6433982065053,0.2648060576153815,0.1189296873944942,0.6038042124032639,0.8810703126055058,0.3961957875967361,5.526710838210114,0.32306384372060354,0.3294674669235359,5.4060207153549085,0.281834451084022,0.28375107664842836
590,/wynton/group/sali/mhancock/xray/sample_bench/out/266_decoys/0/output_67/pdbs/6.pdb,1958.6332404105551,0.0986333307158273,0.5037673715617095,0.3949403379785545,0.4962326284382904,0.6050596620214456,4.910510730452151,0.1609209350649729,0.16423045246238796,4.692732029102707,0.12910977441431615,0.12994618733629992
591,/wynton/group/sali/mhancock/xray/sample_bench/out/266_decoys/0/output_237/pdbs/14.pdb,574.0645735647854,0.21643220219903303,0.1188016948376065,0.4451189135573645,0.8811983051623934,0.5548810864426355,5.452655873595118,0.2914599961414675,0.2997297627036378,5.239878010880721,0.22920898996831612,0.23251495557465776
592,/wynton/group/sali/mhancock/xray/sample_bench/out/266_decoys/0/output_78/pdbs/10.pdb,1339.8186750668062,0.16733528390471508,0.2502398276169622,0.5623007847249516,0.7497601723830378,0.4376992152750484,5.2780165795135146,0.23740742019071082,0.24494340450270405,5.0829208400466825,0.19846565933990584,0.196369463295219
593,/wynton/group/sali/mhancock/xray/sample_bench/out/266_decoys/0/output_96/pdbs/16.pdb,775.273596740414,0.2165291174287248,0.5987358362195752,0.6564157496341891,0.4012641637804247,0.3435842503658108,5.361733059461733,0.26457778283420114,0.26453269095759835,5.361500672950271,0.270964581080759,0.2693474683114129
594,/wynton/group/sali/mhancock/xray/sample_bench/out/266_decoys/0/output_85/pdbs/9.pdb,1328.2602710559606,0.16398608568677997,0.2901761151704656,0.0521465201043434,0.7098238848295343,0.9478534798956564,5.230132836664645,0.22696459451533504,0.2322526425369903,5.044492069105809,0.17656723652895928,0.18689766957993267
595,/wynton/group/sali/mhancock/xray/sample_bench/out/266_decoys/0/output_3/pdbs/10.pdb,1337.6992013846334,0.1541362374299065,0.3702203110297803,0.5255713695117261,0.6297796889702196,0.4744286304882739,5.208010642327993,0.21736160666570614,0.2250482865896003,5.047483137080874,0.1904200101441652,0.18966222240887315
596,/wynton/group/sali/mhancock/xray/sample_bench/out/266_decoys/0/output_21/pdbs/16.pdb,779.8521498179164,0.21781983508062452,0.5148363493305786,0.6835769520664107,0.4851636506694212,0.3164230479335893,5.369631521194919,0.26572711800947835,0.2669161237270605,5.367683254713647,0.27042819171194304,0.2718261512368871
597,/wynton/group/sali/mhancock/xray/sample_bench/out/266_decoys/0/output_83/pdbs/16.pdb,794.9759349123983,0.21550423701429006,0.4994631439253169,0.5293946777277894,0.500536856074683,0.4706053222722107,5.374790271427519,0.26675944161222853,0.2699277252040026,5.3328447214177475,0.25920514428086194,0.2599806314497231
598,/wynton/group/sali/mhancock/xray/sample_bench/out/266_decoys/0/output_149/pdbs/6.pdb,1970.8196697186868,0.15835299966794586,0.2359207005319075,0.7325646761670863,0.7640792994680925,0.2674353238329136,5.178445349995319,0.21716330967093475,0.22228113937858415,5.047702128088493,0.19649521650743199,0.19272387758681997
599,/wynton/group/sali/mhancock/xray/sample_bench/out/266_decoys/0/output_8/pdbs/10.pdb,1323.5310157078463,0.14744692773392165,0.4107419801193912,0.3266032448304909,0.5892580198806088,0.673396755169509,5.1769598260269545,0.2113647594895341,0.2159023778914349,5.004165512053408,0.17298791684429315,0.17861224849801538
600,/wynton/group/sali/mhancock/xray/sample_bench/out/266_decoys/0/output_208/pdbs/5.pdb,1608.1113428597084,0.13183260025549218,0.9366632526343954,0.8947732287799168,0.0633367473656045,0.1052267712200831,4.733101393433376,0.13298806880663452,0.13486299264289964,5.187332466625688,0.23328630151265137,0.2268499938224631
601,/wynton/group/sali/mhancock/xray/sample_bench/out/266_decoys/0/output_95/pdbs/8.pdb,868.2596159501895,0.11282867731256521,0.873397272602376,0.559919607295241,0.126602727397624,0.4400803927047589,4.9328821015710425,0.1614344674633025,0.16372893971481764,4.962153646388504,0.1730062306229131,0.1732085262973982
602,/wynton/group/sali/mhancock/xray/sample_bench/out/266_decoys/0/output_54/pdbs/15.pdb,567.348920277042,0.20417682770213041,0.5727352307665424,0.6460955788547438,0.4272647692334575,0.3539044211452563,5.323556227164976,0.25184143667549286,0.25359336897432666,5.3300729348955205,0.2598401959374139,0.2595744362072436
603,/wynton/group/sali/mhancock/xray/sample_bench/out/266_decoys/0/output_114/pdbs/11.pdb,682.1033237257232,0.15976452492429544,0.4313157141627789,0.4757318622674809,0.568684285837221,0.5242681377325191,5.210164236911667,0.21781351156229856,0.22437792051662306,5.094929414241093,0.19635992859870546,0.19808849877251833
604,/wynton/group/sali/mhancock/xray/sample_bench/out/266_decoys/0/output_182/pdbs/14.pdb,589.8378092639948,0.20605220254856588,0.2968673120142613,0.5812332744151399,0.7031326879857386,0.4187667255848599,5.382041783354493,0.2665729906128419,0.27485174834197357,5.273041264253664,0.2415400494433998,0.24296458745256735
605,/wynton/group/sali/mhancock/xray/sample_bench/out/266_decoys/0/output_28/pdbs/14.pdb,582.5780604249351,0.20610382740167688,0.9902742873303234,0.8344085490249677,0.0097257126696766,0.1655914509750322,5.3144552001976555,0.24651026326292133,0.25199790968448743,5.373384017550078,0.27845321459249295,0.2747629392738375
606,/wynton/group/sali/mhancock/xray/sample_bench/out/266_decoys/0/output_27/pdbs/13.pdb,906.7487009303868,0.16716763186816574,0.8469535661346433,0.4979831224244723,0.1530464338653566,0.5020168775755277,5.234453848393531,0.23097319816050985,0.2291927979325446,5.207332206062969,0.2276638336651639,0.22476238178131666
607,/wynton/group/sali/mhancock/xray/sample_bench/out/266_decoys/0/output_141/pdbs/7.pdb,1509.2646549171882,0.126355014418965,0.5945325812410814,0.7193082949034139,0.4054674187589185,0.2806917050965861,4.884184239018778,0.1555428980411765,0.1580092181185899,5.068288884400832,0.20070809915897792,0.1960020943639573
608,/wynton/group/sali/mhancock/xray/sample_bench/out/266_decoys/0/output_58/pdbs/12.pdb,724.6541260876818,0.1794615735456524,0.3069524524947268,0.5111226926783833,0.6930475475052732,0.4888773073216166,5.31170180232463,0.24842640997627277,0.252593509781846,5.160685661653528,0.2127363336815352,0.21278903326398035
609,/wynton/group/sali/mhancock/xray/sample_bench/out/266_decoys/0/output_37/pdbs/9.pdb,1334.365169836065,0.12878019313987338,0.5250057977543964,0.4606010961589423,0.4749942022456037,0.5393989038410577,5.058267307275234,0.17952220110094058,0.18961042199742517,4.953457231510241,0.16813519878726904,0.17066968861486745
610,/wynton/group/sali/mhancock/xray/sample_bench/out/266_decoys/0/output_107/pdbs/11.pdb,689.0934638643832,0.15590754220386854,0.6904621226708443,0.719606580966372,0.3095378773291558,0.2803934190336281,5.1139193831496526,0.19824517637110028,0.1994798641601687,5.215410992457928,0.23204571968837046,0.2291217625824424
611,/wynton/group/sali/mhancock/xray/sample_bench/out/266_decoys/0/output_220/pdbs/10.pdb,1346.0954201946463,0.14589081981732643,0.627993369565579,0.6887996032014824,0.372006630434421,0.3112003967985177,5.06448555805232,0.18332233819255545,0.19040847015594306,5.1524708129217585,0.21845637783255448,0.21356895145715696
612,/wynton/group/sali/mhancock/xray/sample_bench/out/266_decoys/0/output_189/pdbs/3.pdb,4719.267994579088,0.12726085583704733,0.499967438158817,0.8237249108571514,0.5000325618411829,0.1762750891428485,4.733246695508767,0.13643718940415075,0.13831823789265577,5.07270860482542,0.2034872708951328,0.2002784339711582
613,/wynton/group/sali/mhancock/xray/sample_bench/out/266_decoys/0/output_233/pdbs/13.pdb,911.4514784332744,0.17344019360155666,0.9863092097171764,0.4854988787877345,0.0136907902828235,0.5145011212122655,5.269956086658519,0.23627494868662022,0.24061518763456724,5.207460515398436,0.22086107990959028,0.22499244261533596
614,/wynton/group/sali/mhancock/xray/sample_bench/out/266_decoys/0/output_134/pdbs/9.pdb,1327.7298142893762,0.18600667813356642,0.0294507212703675,0.5644327076274689,0.9705492787296324,0.4355672923725311,5.404873427230932,0.2798904505433563,0.2873318851821382,5.022342522699086,0.1848201528136343,0.18445407690467025
615,/wynton/group/sali/mhancock/xray/sample_bench/out/266_decoys/0/output_139/pdbs/7.pdb,1516.8553461112124,0.11035819484075085,0.7633278875599657,0.6465473620814307,0.2366721124400342,0.3534526379185693,4.828379408339341,0.14101927478714144,0.14737668147209002,4.983572799489584,0.17944275844433039,0.1784071145860712
616,/wynton/group/sali/mhancock/xray/sample_bench/out/266_decoys/0/output_215/pdbs/15.pdb,569.9563801116944,0.19128747070570826,0.8798704842878647,0.3373431021766148,0.1201295157121354,0.6626568978233851,5.325605849937323,0.25023723736267556,0.25486280207548,5.269034150572475,0.23613927258401424,0.2406918904164451
617,/wynton/group/sali/mhancock/xray/sample_bench/out/266_decoys/0/output_27/pdbs/16.pdb,773.6877638921849,0.2159956783326481,0.4720294008342775,0.2967471509364698,0.5279705991657224,0.7032528490635301,5.3834728122127515,0.27550891999272575,0.27179281879509204,5.320892728499956,0.2528205206373666,0.2557080856821653
618,/wynton/group/sali/mhancock/xray/sample_bench/out/266_decoys/0/output_85/pdbs/10.pdb,1327.2044930883378,0.1843724555586101,0.0770113100075156,0.3500730634192927,0.9229886899924842,0.6499269365807073,5.396158825800316,0.2773689965555121,0.28338435605786627,5.006814163769383,0.17402256964925927,0.17957327981597926
619,/wynton/group/sali/mhancock/xray/sample_bench/out/266_decoys/0/output_37/pdbs/11.pdb,683.6869121047691,0.14095933706772001,0.8654010915410332,0.3551856414743768,0.1345989084589668,0.6448143585256231,5.128603624773262,0.19940271649293356,0.20414150258913924,5.062449892935839,0.18873602902356848,0.1907509747320935
620,/wynton/group/sali/mhancock/xray/sample_bench/out/266_decoys/0/output_157/pdbs/4.pdb,3014.7609256560036,0.13249022945150538,0.1064585687419593,0.3736689113262353,0.8935414312580408,0.6263310886737645,5.278368285093959,0.2437855161515197,0.25155926604194234,4.4695134389631574,0.10585330246732463,0.10341771438137531
621,/wynton/group/sali/mhancock/xray/sample_bench/out/266_decoys/0/output_226/pdbs/11.pdb,680.6346682287249,0.15812678447172626,0.505380291408344,0.6231724835122974,0.4946197085916559,0.3768275164877026,5.163889064769141,0.21014329218228298,0.21236621481929266,5.157931322284098,0.21875517298843797,0.21424495305665145
622,/wynton/group/sali/mhancock/xray/sample_bench/out/266_decoys/0/output_128/pdbs/1.pdb,7236.929411266558,0.05491223716324399,0.7319588584179055,0.5459998146359545,0.2680411415820945,0.4540001853640455,4.073288761705416,0.06487994251138259,0.06963029752910603,4.484589075309543,0.11149607734412927,0.10825774907064882
623,/wynton/group/sali/mhancock/xray/sample_bench/out/266_decoys/0/output_186/pdbs/7.pdb,1505.335715004793,0.10178732738086667,0.7677946464164322,0.5185029144092571,0.2322053535835676,0.4814970855907429,4.847650470011831,0.14421743170155119,0.1496991421104974,4.872650644723981,0.1539575914778528,0.15789482634735755
624,/wynton/group/sali/mhancock/xray/sample_bench/out/266_decoys/0/output_227/pdbs/8.pdb,876.5815387615792,0.1424731559893444,0.28330295954897,0.4450454197806873,0.71669704045103,0.5549545802193125,5.199160094272261,0.2171587250100477,0.22573812046106348,4.885104837458764,0.15566650057828146,0.15813301471870625
625,/wynton/group/sali/mhancock/xray/sample_bench/out/266_decoys/0/output_51/pdbs/12.pdb,721.9374884088529,0.1648717546078448,0.4545830787331661,0.3424248345872481,0.5454169212668339,0.6575751654127518,5.238723225243334,0.2275010270920833,0.23073624094174794,5.124951835940139,0.19874691031349767,0.20417248681492461
626,/wynton/group/sali/mhancock/xray/sample_bench/out/266_decoys/0/output_187/pdbs/19.pdb,825.146854959758,0.24977185890681453,0.6847761847332373,0.1491502256617549,0.3152238152667626,0.850849774338245,5.435946627913551,0.28591129090342043,0.29125859588374015,5.429984023819015,0.2846302436552024,0.29099692756169976
627,/wynton/group/sali/mhancock/xray/sample_bench/out/266_decoys/0/output_214/pdbs/17.pdb,576.5003110096841,0.23429974048132202,0.4325809153543468,0.2069474878521346,0.5674190846456532,0.7930525121478652,5.418902655279731,0.2808669241369498,0.285880672074553,5.366333562158856,0.2654262911807491,0.2706029315933396
628,/wynton/group/sali/mhancock/xray/sample_bench/out/266_decoys/0/output_148/pdbs/7.pdb,1519.5168785422516,0.10391269428994784,0.6370384950103286,0.4840442004345863,0.3629615049896714,0.5159557995654138,4.867434563396265,0.14815385700603373,0.15446539407378676,4.837410718316051,0.15137412613433227,0.15154914875215686
629,/wynton/group/sali/mhancock/xray/sample_bench/out/266_decoys/0/output_202/pdbs/15.pdb,570.451127418025,0.21472709791092875,0.2851939443409607,0.3440237822847821,0.7148060556590393,0.6559762177152179,5.416315227553637,0.282234910181474,0.28519281881591985,5.281676091934027,0.2400817849959513,0.24439488689479227
630,/wynton/group/sali/mhancock/xray/sample_bench/out/266_decoys/0/output_23/pdbs/2.pdb,3751.050425048007,0.07646477608964736,0.4393957055992045,0.2703999275384145,0.5606042944007954,0.7296000724615854,4.796466744894537,0.14305490157862322,0.14794991227382392,4.175167664232933,0.07878864476782547,0.0765814151947876
631,/wynton/group/sali/mhancock/xray/sample_bench/out/266_decoys/0/output_125/pdbs/19.pdb,818.28091923176,0.2516414953789792,0.6100583743096046,0.7180897743216643,0.3899416256903954,0.2819102256783357,5.446903821130995,0.2881185948522329,0.2946086552704255,5.4563719109762285,0.3004405805369362,0.3013542279305079
632,/wynton/group/sali/mhancock/xray/sample_bench/out/266_decoys/0/output_198/pdbs/13.pdb,920.9039647661014,0.2231185100894298,0.1535577661301289,0.8162940173774133,0.846442233869871,0.1837059826225867,5.425484128860045,0.28348550373233644,0.2913017345726951,5.3383254747771165,0.26676148167603503,0.2645544108352623
633,/wynton/group/sali/mhancock/xray/sample_bench/out/266_decoys/0/output_152/pdbs/12.pdb,726.4665992591799,0.15986755290867297,0.5031741076370835,0.2684485761899951,0.4968258923629165,0.7315514238100049,5.213774278849043,0.2205168562122363,0.22447052164746328,5.131130995623616,0.19770167941030128,0.20523101903382523
634,/wynton/group/sali/mhancock/xray/sample_bench/out/266_decoys/0/output_180/pdbs/1.pdb,7259.558873161735,0.0751196624146822,0.4458547468415651,0.1498508703800775,0.5541452531584349,0.8501491296199225,4.736311187129776,0.13542125438344216,0.139466032228102,4.230329039835632,0.08326263080839631,0.0811627507605544
635,/wynton/group/sali/mhancock/xray/sample_bench/out/266_decoys/0/output_64/pdbs/2.pdb,3777.128936384995,0.06649426790551602,0.5204014785436385,0.3626030689083636,0.4795985214563615,0.6373969310916364,4.646995956852851,0.12017671697494989,0.12640965597914242,4.18749510828579,0.08128535127958177,0.07804014201637417
636,/wynton/group/sali/mhancock/xray/sample_bench/out/266_decoys/0/output_221/pdbs/4.pdb,3018.917412355728,0.06769683757038618,0.6878831985941113,0.3915684502396836,0.3121168014058887,0.6084315497603163,4.576808602006684,0.11157468768417197,0.1153497575883051,4.4912713875159636,0.10763909095586786,0.10536346804732614
637,/wynton/group/sali/mhancock/xray/sample_bench/out/266_decoys/0/output_234/pdbs/17.pdb,590.8097875666213,0.2393996950894007,0.2229754232790103,0.3581102095833837,0.7770245767209897,0.6418897904166164,5.478204836569049,0.30157369829471814,0.30912579747251884,5.345081063234723,0.25990930000458284,0.262318612010384
638,/wynton/group/sali/mhancock/xray/sample_bench/out/266_decoys/0/output_141/pdbs/18.pdb,550.1716807160526,0.23194769018412298,0.8226676821461617,0.5946678212906776,0.1773323178538382,0.4053321787093223,5.415819220945927,0.28131117640371217,0.28324533438299954,5.403027295159826,0.28248644570437403,0.2827011279193389
639,/wynton/group/sali/mhancock/xray/sample_bench/out/266_decoys/0/output_182/pdbs/17.pdb,583.2357191255219,0.2626389665065109,0.0398670695961123,0.6316953353564215,0.9601329304038876,0.3683046646435785,5.5398663983918635,0.3245261455937127,0.3367350534081467,5.3883151433968095,0.2754379959484795,0.27835450963817254
640,/wynton/group/sali/mhancock/xray/sample_bench/out/266_decoys/0/output_63/pdbs/8.pdb,871.9632533104943,0.12491228434207638,0.4531867815077861,0.4140277396531248,0.5468132184922139,0.5859722603468752,5.055745506389435,0.1840267842336411,0.190971713845754,4.877561520247292,0.15613608153615666,0.15637006365250525
641,/wynton/group/sali/mhancock/xray/sample_bench/out/266_decoys/0/output_216/pdbs/6.pdb,1961.2388838791157,0.0916197157904691,0.7881472574789573,0.4834519103896397,0.2118527425210427,0.5165480896103604,4.752455406639988,0.13008300691714966,0.1363543412346261,4.772574119227952,0.14138501107614326,0.14176853080390017
642,/wynton/group/sali/mhancock/xray/sample_bench/out/266_decoys/0/output_24/pdbs/17.pdb,577.952739795372,0.2455253492409783,0.4961004640220627,0.9403975794496174,0.5038995359779375,0.0596024205503825,5.404934491033308,0.2800011404491982,0.28029311473080565,5.477389583895422,0.3157796686776921,0.3115472955796302
643,/wynton/group/sali/mhancock/xray/sample_bench/out/266_decoys/0/output_50/pdbs/8.pdb,870.3664298476814,0.10642604890956735,0.7641535152898701,0.3663241129326618,0.2358464847101299,0.6336758870673381,4.907109085513047,0.15244174401769203,0.15978601259615907,4.859113256551935,0.15061091337027488,0.1531505832269104
644,/wynton/group/sali/mhancock/xray/sample_bench/out/266_decoys/0/output_163/pdbs/19.pdb,833.9363721595319,0.24756591856109694,0.5864951180349535,0.5206720910913837,0.4135048819650465,0.4793279089086164,5.445793686390969,0.28931285450322863,0.29536583704753494,5.41510387555969,0.2857114204450481,0.28686170905699426
645,/wynton/group/sali/mhancock/xray/sample_bench/out/266_decoys/0/output_242/pdbs/19.pdb,824.2110022876036,0.25238780280418727,0.4704702663073711,0.5541373647305685,0.5295297336926289,0.4458626352694315,5.460548543525489,0.2940979856016955,0.3006240000313965,5.424916189840073,0.2928384586343221,0.2903501745759923
646,/wynton/group/sali/mhancock/xray/sample_bench/out/266_decoys/0/output_19/pdbs/19.pdb,816.245042654331,0.24593367682774592,0.6527924378466886,0.3832144343548703,0.3472075621533114,0.6167855656451297,5.445077605574276,0.2844630528575838,0.29360460108934067,5.407430968415132,0.2781053648028713,0.2841851629422025
647,/wynton/group/sali/mhancock/xray/sample_bench/out/266_decoys/0/output_147/pdbs/9.pdb,1331.8135818708713,0.11706571520966902,0.6443949936548693,0.4136684905823358,0.3556050063451307,0.5863315094176641,4.995637241073833,0.17221522250692992,0.17602710266002372,4.944178382737009,0.16424462118933322,0.16754074353859033
648,/wynton/group/sali/mhancock/xray/sample_bench/out/266_decoys/0/output_132/pdbs/15.pdb,566.0273467086299,0.2111531704822223,0.380074904647729,0.6557424993280809,0.619925095352271,0.344257500671919,5.368498366320131,0.26513088389549805,0.26858609133884076,5.326294452838425,0.2582316070125937,0.25846692511509756
649,/wynton/group/sali/mhancock/xray/sample_bench/out/266_decoys/0/output_27/pdbs/12.pdb,719.5493366785506,0.1572824282241988,0.6195654983140204,0.4352988407164956,0.3804345016859796,0.5647011592835044,5.183930667428479,0.21554940607422082,0.2161860595252626,5.142047893676001,0.20791187112259132,0.2087952049203841
650,/wynton/group/sali/mhancock/xray/sample_bench/out/266_decoys/0/output_149/pdbs/3.pdb,4719.919731701532,0.11286975942914253,0.9235591535575708,0.8362877233561158,0.0764408464424291,0.1637122766438842,4.519464466009998,0.1066551719297995,0.10940695676591825,5.085958190729583,0.20663775520628438,0.20285529002198832
651,/wynton/group/sali/mhancock/xray/sample_bench/out/266_decoys/0/output_129/pdbs/8.pdb,884.9510707789157,0.10795178104017346,0.8856791164563231,0.3205095071136456,0.1143208835436768,0.6794904928863543,4.937797050993423,0.1623080116118546,0.1659600950694106,4.844398159070282,0.1470099729446194,0.1505942051681454
652,/wynton/group/sali/mhancock/xray/sample_bench/out/266_decoys/0/output_240/pdbs/17.pdb,581.7652610542793,0.23276242604179892,0.3028610374133419,0.3820152225320826,0.6971389625866581,0.6179847774679176,5.450224650315886,0.29180947972348736,0.29623591444483216,5.347201980422041,0.260564557344369,0.2635777711506808
653,/wynton/group/sali/mhancock/xray/sample_bench/out/266_decoys/0/output_148/pdbs/14.pdb,577.0653202884937,0.20621445705040664,0.50356127458268,0.8362174118310294,0.49643872541732,0.1637825881689706,5.300738996223751,0.24339169767322197,0.2464702737731156,5.366556152616488,0.2739260400267866,0.2726111953325425
654,/wynton/group/sali/mhancock/xray/sample_bench/out/266_decoys/0/output_59/pdbs/6.pdb,1970.3493198451174,0.09862748995484566,0.5814734821767009,0.193347137788511,0.418526517823299,0.806652862211489,4.844331173226056,0.1489034192068897,0.1514890330156437,4.734005060180508,0.13525747474423053,0.13501724159473935
655,/wynton/group/sali/mhancock/xray/sample_bench/out/266_decoys/0/output_161/pdbs/2.pdb,3781.7272963734767,0.05759286450705153,0.8071294689718591,0.5093784041690373,0.1928705310281409,0.4906215958309627,4.24470848104201,0.08100423044803616,0.08319734323697558,4.467092542780955,0.11226185853909815,0.10567692415384969
656,/wynton/group/sali/mhancock/xray/sample_bench/out/266_decoys/0/output_199/pdbs/19.pdb,831.2232222015375,0.24964807199319955,0.4767202800548016,0.54770296591147,0.5232797199451983,0.4522970340885299,5.458359865074605,0.29177668586800865,0.2993515418776267,5.422014930455897,0.28804178694560545,0.2895152745796605
657,/wynton/group/sali/mhancock/xray/sample_bench/out/266_decoys/0/output_211/pdbs/12.pdb,715.0011457550868,0.17557446875778648,0.4792722394467117,0.6929217514676198,0.5207277605532883,0.3070782485323801,5.227570304970466,0.22529846774852735,0.22825493519371048,5.24391330909477,0.23986265691788106,0.23541688353646129
658,/wynton/group/sali/mhancock/xray/sample_bench/out/266_decoys/0/output_212/pdbs/7.pdb,1513.1650431244038,0.16159632895130904,0.2131940813124857,0.6708653492891928,0.7868059186875143,0.3291346507108071,5.232357914718011,0.22842331769196222,0.23518546434047838,5.0150896935842075,0.18699296305483679,0.18505059146546335
659,/wynton/group/sali/mhancock/xray/sample_bench/out/266_decoys/0/output_130/pdbs/11.pdb,682.9875218004054,0.13917921176988035,0.8342368115065659,0.4830925273114811,0.165763188493434,0.5169074726885188,5.1172309470804995,0.19630109333631773,0.2021749767667182,5.092025070517325,0.19584079963239356,0.19796906099788283
660,/wynton/group/sali/mhancock/xray/sample_bench/out/266_decoys/0/output_156/pdbs/6.pdb,1967.9972674564779,0.08626716585221778,0.9104285576820492,0.2695389639650999,0.0895714423179506,0.7304610360349001,4.796635738369022,0.1400929531156806,0.14261719709471685,4.679150389262596,0.12437852067045702,0.12679727983631978
661,/wynton/group/sali/mhancock/xray/sample_bench/out/266_decoys/0/output_160/pdbs/13.pdb,908.5777834638122,0.16797091249626872,0.6947564648021358,0.2243048167603701,0.3052435351978641,0.7756951832396299,5.225733136683891,0.22337639999509246,0.2271888822532442,5.207561581536245,0.21585352295474358,0.22434499612627307
662,/wynton/group/sali/mhancock/xray/sample_bench/out/266_decoys/0/output_199/pdbs/7.pdb,1498.9005498898096,0.17575943370032115,0.2587758800284361,0.847795501379095,0.7412241199715639,0.1522044986209048,5.199076064800383,0.2197032961466059,0.22617174295207518,5.195159535410536,0.23026259520986,0.22689661560071675
663,/wynton/group/sali/mhancock/xray/sample_bench/out/266_decoys/0/output_215/pdbs/11.pdb,674.5868437374411,0.18051712553574328,0.1536062546199975,0.2264970885594934,0.8463937453800023,0.7735029114405066,5.365175890975544,0.26444387171960476,0.2721548207475034,5.076600440382805,0.18626532939265192,0.1936681324315361
664,/wynton/group/sali/mhancock/xray/sample_bench/out/266_decoys/0/output_206/pdbs/1.pdb,7243.299510526177,0.08225836106374902,0.4586200137272442,0.0968433396355336,0.5413799862727557,0.9031566603644664,4.7124082634011435,0.12986659958055716,0.13611320803432522,4.370238268932436,0.09310325802189526,0.09454954289081947
665,/wynton/group/sali/mhancock/xray/sample_bench/out/266_decoys/0/output_60/pdbs/7.pdb,1509.3488806379041,0.12071157555573651,0.5393364008036545,0.0899262526192298,0.4606635991963454,0.9100737473807702,4.948910977878993,0.15930555596234125,0.16884970299957233,4.902593102201223,0.15424910727199898,0.16050808365167038
666,/wynton/group/sali/mhancock/xray/sample_bench/out/266_decoys/0/output_74/pdbs/11.pdb,678.5120927903433,0.19419728208554815,0.1158174646955797,0.6088526274123045,0.8841825353044203,0.3911473725876955,5.397508889057445,0.27494593405171763,0.28301814881209486,5.146175180680323,0.21257950820698607,0.21113305892620854
667,/wynton/group/sali/mhancock/xray/sample_bench/out/266_decoys/0/output_206/pdbs/16.pdb,777.6060654630462,0.2218342917242888,0.5358401177735833,0.8232093585315441,0.4641598822264167,0.1767906414684559,5.363099141672518,0.26100631544827857,0.26541381250046125,5.415337615785071,0.29140367581939036,0.2889377251652535
668,/wynton/group/sali/mhancock/xray/sample_bench/out/266_decoys/0/output_124/pdbs/10.pdb,1341.400425047888,0.14779701135790937,0.4741914440648248,0.5672744789556833,0.5258085559351753,0.4327255210443167,5.138882485764104,0.2014217603922185,0.207315245348478,5.0711080254002106,0.19707316484167606,0.194527776568298
669,/wynton/group/sali/mhancock/xray/sample_bench/out/266_decoys/0/output_240/pdbs/7.pdb,1517.3385542529966,0.10755519415045861,0.5992348240396725,0.50898230191389,0.4007651759603275,0.49101769808611,4.89459560464445,0.15597269167846117,0.15879332375534363,4.8667694116439,0.1556267303087624,0.15668958004955888
670,/wynton/group/sali/mhancock/xray/sample_bench/out/266_decoys/0/output_164/pdbs/4.pdb,3012.0000102521835,0.11624029333470857,0.3541411499952625,0.5645356113945177,0.6458588500047375,0.4354643886054823,4.996888003060633,0.17924214838213773,0.18313879825324011,4.725009067628792,0.13904491357437956,0.13640655359722387
671,/wynton/group/sali/mhancock/xray/sample_bench/out/266_decoys/0/output_81/pdbs/3.pdb,4708.544790692188,0.06727090589146983,0.9473075368070336,0.1991668444370812,0.0526924631929662,0.8008331555629188,4.563406520074485,0.11181066285692841,0.11445980366753321,4.398689458267379,0.0963759204692534,0.0962397436003748
672,/wynton/group/sali/mhancock/xray/sample_bench/out/266_decoys/0/output_228/pdbs/11.pdb,688.7517253491178,0.1396876111887812,0.8298676308711217,0.3525120310041636,0.1701323691288782,0.6474879689958364,5.11541351565291,0.19653795475978325,0.2006486461729783,5.064877246790681,0.1888752969224605,0.19107381117329547
673,/wynton/group/sali/mhancock/xray/sample_bench/out/266_decoys/0/output_80/pdbs/2.pdb,3766.2520266704128,0.04375466955373249,0.7807976852315972,0.3012131205390118,0.2192023147684027,0.6987868794609882,4.261383478765579,0.07727207622525606,0.08435429537431467,4.163752476617574,0.07595873627442346,0.07535769575037302
674,/wynton/group/sali/mhancock/xray/sample_bench/out/266_decoys/0/output_106/pdbs/1.pdb,7260.840382015363,0.03719922791934954,0.8847963568861866,0.3278684460151241,0.1152036431138133,0.6721315539848759,4.113715367992853,0.0689024620226411,0.07329237215873378,3.951470420139775,0.06779426107616793,0.06045819522193473
675,/wynton/group/sali/mhancock/xray/sample_bench/out/266_decoys/0/output_241/pdbs/15.pdb,568.0420793787216,0.2044783137645881,0.4428402740419568,0.4817336541715251,0.5571597259580432,0.5182663458284748,5.356143838312162,0.26079657647355825,0.2641943672204211,5.28654389785257,0.24306469403384084,0.24600579242061
676,/wynton/group/sali/mhancock/xray/sample_bench/out/266_decoys/0/output_167/pdbs/9.pdb,1321.186870613222,0.12220268080496854,0.8825194186863796,0.5554208214180179,0.1174805813136203,0.444579178581982,5.002863624958807,0.17631695523079077,0.17747015522608084,5.01676088323782,0.18448659284517438,0.18374892847290472
677,/wynton/group/sali/mhancock/xray/sample_bench/out/266_decoys/0/output_175/pdbs/1.pdb,7233.144684964888,0.10969500416554293,0.2827809584992646,0.5364848776830478,0.7172190415007355,0.4635151223169523,5.025258014595668,0.18418537583530242,0.1901995848111777,4.458954678880544,0.1108984534800911,0.10510512977920372
678,/wynton/group/sali/mhancock/xray/sample_bench/out/266_decoys/0/output_206/pdbs/6.pdb,1971.685771485702,0.12521033716285906,0.385232027108783,0.5919722552046232,0.614767972891217,0.4080277447953769,5.042040450016682,0.18166865721308917,0.18954408040310766,4.8884526489580455,0.1660882791524924,0.16098674724480613
679,/wynton/group/sali/mhancock/xray/sample_bench/out/266_decoys/0/output_54/pdbs/1.pdb,7237.263230001502,0.053490397696611375,0.5303333011166329,0.318680779189179,0.4696666988833671,0.681319220810821,4.546417650635418,0.10992714872955346,0.11443679522011385,3.9516182198741414,0.0683676641108874,0.06017528614479992
680,/wynton/group/sali/mhancock/xray/sample_bench/out/266_decoys/0/output_10/pdbs/5.pdb,1641.6423634291286,0.08978837132386408,0.5549402161615269,0.3276748136182901,0.445059783838473,0.6723251863817099,4.7898055467571705,0.13710088002186863,0.14488571580945517,4.567477402228705,0.11273281921131349,0.11353243000418581
681,/wynton/group/sali/mhancock/xray/sample_bench/out/266_decoys/0/output_48/pdbs/16.pdb,778.7129288218612,0.23343252267686532,0.2444942844858338,0.6137361854928769,0.755505715514166,0.3862638145071232,5.447731119890245,0.29277100952375307,0.2969386420938257,5.34824659595775,0.2691635461057709,0.2649472165931211
682,/wynton/group/sali/mhancock/xray/sample_bench/out/266_decoys/0/output_29/pdbs/15.pdb,563.4687102772398,0.19616431768334341,0.5478474919328223,0.326481020409481,0.4521525080671776,0.6735189795905189,5.332125313900973,0.2529335164406289,0.2562697532168439,5.2788018050479195,0.23597080367914403,0.243613559610362
683,/wynton/group/sali/mhancock/xray/sample_bench/out/266_decoys/0/output_246/pdbs/8.pdb,880.8408836177274,0.1230526447739218,0.4557607018470831,0.3024114850337399,0.5442392981529168,0.6975885149662601,5.05765742970171,0.18477685277951666,0.19121732266932573,4.855901467750718,0.14897680941726354,0.151942047277368
684,/wynton/group/sali/mhancock/xray/sample_bench/out/266_decoys/0/output_4/pdbs/12.pdb,721.1814900922227,0.20105062447846042,0.0645716191743673,0.5159244331134177,0.9354283808256326,0.4840755668865823,5.433978335643964,0.2885106428252521,0.29565263217675014,5.155919339917869,0.2112724845393066,0.2115941856003394
685,/wynton/group/sali/mhancock/xray/sample_bench/out/266_decoys/0/output_234/pdbs/15.pdb,579.3341682097566,0.1962429782411806,0.6086558404198164,0.4257660101587966,0.3913441595801837,0.5742339898412033,5.31264451734924,0.2509764088579888,0.2499442419494043,5.270416960313938,0.24036266766768877,0.24036712689880232
686,/wynton/group/sali/mhancock/xray/sample_bench/out/266_decoys/0/output_153/pdbs/11.pdb,687.3246527829347,0.14330781340303705,0.560174992872205,0.4668581316471929,0.439825007127795,0.5331418683528072,5.142692523810257,0.2037830012140361,0.20749807958525093,5.083476234106853,0.19722822570193524,0.19597544738348557
687,/wynton/group/sali/mhancock/xray/sample_bench/out/266_decoys/0/output_185/pdbs/8.pdb,883.585381487828,0.12050123738158891,0.857062978460524,0.6167594462812778,0.142937021539476,0.3832405537187223,4.925941427068455,0.15680878948570856,0.16364113772411226,5.011887240432145,0.184281507258474,0.1836466763727811
688,/wynton/group/sali/mhancock/xray/sample_bench/out/266_decoys/0/output_206/pdbs/7.pdb,1510.34697466129,0.1944751368248398,0.1965086190403133,0.9607202920104918,0.8034913809596866,0.0392797079895081,5.250714653625254,0.23032660498601346,0.24029190976689704,5.288938055615295,0.25828136206857283,0.2524353781424532
689,/wynton/group/sali/mhancock/xray/sample_bench/out/266_decoys/0/output_93/pdbs/16.pdb,770.7707949324094,0.22976201048143557,0.5385308356335763,0.8681554908952283,0.4614691643664237,0.1318445091047718,5.364662560579918,0.2627366501319208,0.26680593795587676,5.4412714070810475,0.2982016942501427,0.29780595297932616
690,/wynton/group/sali/mhancock/xray/sample_bench/out/266_decoys/0/output_220/pdbs/18.pdb,552.2311010961309,0.2429010899749947,0.6524989885040474,0.8088017992106065,0.3475010114959527,0.1911982007893936,5.412537812253633,0.2768630308900614,0.2829893411937275,5.455810220111587,0.3067232252458826,0.30316795988215006
691,/wynton/group/sali/mhancock/xray/sample_bench/out/266_decoys/0/output_162/pdbs/7.pdb,1512.4436105060563,0.11525144443248106,0.4759479131994128,0.4502371791975332,0.5240520868005873,0.5497628208024669,4.9866593269642925,0.17030579290571263,0.17697208700165734,4.8070140167692115,0.145775259989858,0.14616026375758892
692,/wynton/group/sali/mhancock/xray/sample_bench/out/266_decoys/0/output_225/pdbs/13.pdb,920.9790249400255,0.1966342375373582,0.2365037404221754,0.3000557201069828,0.7634962595778244,0.6999442798930172,5.382792931259188,0.2696046577344139,0.2752137162950804,5.184081063604042,0.21241266604788256,0.21725399131997977
693,/wynton/group/sali/mhancock/xray/sample_bench/out/266_decoys/0/output_229/pdbs/6.pdb,1963.8690855386906,0.18031767376250307,0.0195961593036899,0.6755285178573495,0.98040384069631,0.3244714821426503,5.36853619886907,0.2700832090673825,0.2782003026840529,4.982567889002364,0.18370194330396333,0.17928370654804163
694,/wynton/group/sali/mhancock/xray/sample_bench/out/266_decoys/0/output_1/pdbs/9.pdb,1330.2760521701243,0.13809739662328196,0.4163658895619951,0.5043604266165266,0.5836341104380048,0.4956395733834733,5.1420434477616475,0.20094281697520214,0.20897356490580205,4.99180558347621,0.17858867239058548,0.17823648483694995
695,/wynton/group/sali/mhancock/xray/sample_bench/out/266_decoys/0/output_241/pdbs/18.pdb,546.4594828233492,0.23424608493908655,0.6897906542789098,0.3966816009385236,0.3102093457210901,0.6033183990614764,5.414420359836798,0.2808946566988737,0.28241595613106085,5.384335283725865,0.2739286279103696,0.2762612390172631
696,/wynton/group/sali/mhancock/xray/sample_bench/out/266_decoys/0/output_249/pdbs/5.pdb,1642.5735444608522,0.10469265022521809,0.4273187188445411,0.4489698549944842,0.5726812811554589,0.5510301450055157,4.941674704335009,0.16526783921252938,0.1710961799164538,4.646681650239872,0.12751122776784027,0.1250749844493056
697,/wynton/group/sali/mhancock/xray/sample_bench/out/266_decoys/0/output_24/pdbs/8.pdb,888.5235624749445,0.14400446914076992,0.3396282208965205,0.1302983853591204,0.6603717791034794,0.8697016146408797,5.160731512241128,0.21128841797602557,0.21555914858295006,4.934447703752639,0.16059745621331517,0.16540264018398176
698,/wynton/group/sali/mhancock/xray/sample_bench/out/266_decoys/0/output_38/pdbs/4.pdb,3016.5959735493216,0.06497876567548379,0.7866368789247489,0.3836195552566119,0.2133631210752511,0.616380444743388,4.527066421956,0.10664739357473066,0.1094661912709237,4.476763123537561,0.1088519328520829,0.10436544249013084
699,/wynton/group/sali/mhancock/xray/sample_bench/out/266_decoys/0/output_20/pdbs/2.pdb,3763.686496630776,0.13174862758188985,0.2153974788915639,0.0050494490323194,0.7846025211084361,0.9949505509676804,5.134823101487348,0.2067872091901573,0.21323826490249337,4.662323102121004,0.1287823991413248,0.1276712033556635
700,/wynton/group/sali/mhancock/xray/sample_bench/out/266_decoys/0/output_205/pdbs/8.pdb,878.196005400499,0.12577673678036527,0.4635811972145941,0.2177191081073843,0.5364188027854059,0.7822808918926157,5.04534459599169,0.18044904434503045,0.18871664817983852,4.877699194085522,0.1454750025986024,0.1558190288254166
701,/wynton/group/sali/mhancock/xray/sample_bench/out/266_decoys/0/output_87/pdbs/4.pdb,2989.1514983635143,0.06582788633488981,0.698919537166928,0.2618874620492609,0.301080462833072,0.7381125379507391,4.580893772383103,0.11343553818968082,0.11496865498533722,4.483093001257346,0.10401665458039859,0.10452190485931345
702,/wynton/group/sali/mhancock/xray/sample_bench/out/266_decoys/0/output_188/pdbs/15.pdb,578.1978721528403,0.2290993782080636,0.4802169915081749,0.9555023619597997,0.5197830084918251,0.0444976380402003,5.343435311144403,0.2581541408350286,0.2610341989167293,5.4433777904865535,0.30425049234570534,0.3005191185023653
703,/wynton/group/sali/mhancock/xray/sample_bench/out/266_decoys/0/output_75/pdbs/2.pdb,3774.191408995371,0.1624181409022371,0.1147689626081516,0.7279705198523044,0.8852310373918483,0.2720294801476955,5.243329675883599,0.23433877135101752,0.24133268383638684,4.91288027171625,0.17356723371114746,0.16869347904032345
704,/wynton/group/sali/mhancock/xray/sample_bench/out/266_decoys/0/output_242/pdbs/15.pdb,567.8433975523851,0.23151962197056175,0.0839044507511445,0.5470709465409491,0.9160955492488556,0.452929053459051,5.48691377662052,0.30641139650787125,0.31396038502767065,5.300621621505586,0.25062362266141985,0.2502504104374885
705,/wynton/group/sali/mhancock/xray/sample_bench/out/266_decoys/0/output_240/pdbs/6.pdb,1972.1342571581722,0.10281732849893416,0.5049999952317814,0.2146415769755348,0.4950000047682186,0.7853584230244652,4.911743612091347,0.15963177081700608,0.16379710692780072,4.7264468484667175,0.13070159914683022,0.13240650557385844
706,/wynton/group/sali/mhancock/xray/sample_bench/out/266_decoys/0/output_169/pdbs/17.pdb,577.7975571598383,0.23256824358312778,0.6578775515623647,0.0713946446376495,0.3421224484376353,0.9286053553623504,5.385900899846483,0.270400064850423,0.2731706878099383,5.391689631634404,0.269767693766673,0.27899090408624033
707,/wynton/group/sali/mhancock/xray/sample_bench/out/266_decoys/0/output_76/pdbs/13.pdb,924.5344515451268,0.22523652632686694,0.0222740919735224,0.0802449206694425,0.9777259080264776,0.9197550793305574,5.476375904100409,0.3026849769986376,0.3115094055105892,5.243534357911188,0.22575213542246342,0.2331176350257985
708,/wynton/group/sali/mhancock/xray/sample_bench/out/266_decoys/0/output_172/pdbs/17.pdb,581.8735683296968,0.2387846189510176,0.4297281745622822,0.7327034472974874,0.5702718254377177,0.2672965527025127,5.415021288414912,0.28085167239271325,0.28397263910898873,5.411463735552071,0.2908749829877436,0.28625629002835173
709,/wynton/group/sali/mhancock/xray/sample_bench/out/266_decoys/0/output_29/pdbs/10.pdb,1335.3561190256846,0.13951535022804476,0.5672453298251603,0.1212330175433545,0.4327546701748396,0.8787669824566455,5.098363353559319,0.1924096758138133,0.19769000878136025,5.068527052154754,0.1850950816903748,0.19102202035750487
710,/wynton/group/sali/mhancock/xray/sample_bench/out/266_decoys/0/output_118/pdbs/10.pdb,1337.6370349832962,0.14766603392099376,0.4188785263682251,0.2842635262762039,0.5811214736317748,0.715736473723796,5.178999033596394,0.21062513219739687,0.21712733274731907,5.012275056543658,0.17429217902635713,0.18022655830775436
711,/wynton/group/sali/mhancock/xray/sample_bench/out/266_decoys/0/output_195/pdbs/16.pdb,777.2954667400022,0.24710884299434605,0.0288514509238807,0.4662188914725303,0.9711485490761192,0.5337811085274697,5.525340360046992,0.31802830440537744,0.3293262916734659,5.321578234451413,0.2539097762964888,0.2567811669465371
712,/wynton/group/sali/mhancock/xray/sample_bench/out/266_decoys/0/output_82/pdbs/10.pdb,1334.0868609742029,0.1423390663962792,0.5495178324712781,0.5786548773460467,0.450482167528722,0.4213451226539533,5.095366913061606,0.19059652493256385,0.1969755258953368,5.0865296679584056,0.19855278428275372,0.1975960747739504
713,/wynton/group/sali/mhancock/xray/sample_bench/out/266_decoys/0/output_129/pdbs/1.pdb,7214.508974542889,0.10683854228010131,0.6139648739417519,0.8349515148087545,0.3860351260582481,0.1650484851912455,4.3336831410785415,0.08871667379157626,0.09165389352818763,5.043931452836286,0.19700929292730704,0.19542053381519991
714,/wynton/group/sali/mhancock/xray/sample_bench/out/266_decoys/0/output_60/pdbs/18.pdb,564.2067910338499,0.2450680042839966,0.4519845397356093,0.6693969134330263,0.5480154602643906,0.3306030865669737,5.442922209524476,0.2875353765845536,0.2945066174399003,5.4233492297563375,0.28858035911236807,0.2904092685426158
715,/wynton/group/sali/mhancock/xray/sample_bench/out/266_decoys/0/output_237/pdbs/7.pdb,1503.7460297317666,0.11159880011157758,0.5049378630183413,0.1828918705325695,0.4950621369816586,0.8171081294674305,4.967668789115265,0.1658140611689874,0.17378391957857064,4.813560732491559,0.142170920917153,0.14525948583554826
716,/wynton/group/sali/mhancock/xray/sample_bench/out/266_decoys/0/output_208/pdbs/4.pdb,2988.820670278929,0.11464997651256986,0.2632904346078439,0.2123958175574256,0.736709565392156,0.7876041824425744,5.11609387432551,0.20321059375385317,0.20871287050865314,4.512996097141661,0.10759732361732968,0.10797443647446363
717,/wynton/group/sali/mhancock/xray/sample_bench/out/266_decoys/0/output_178/pdbs/14.pdb,590.8796831765928,0.1987620246040112,0.3410058250709835,0.3065822647175876,0.6589941749290166,0.6934177352824124,5.3559819393527635,0.2627273227983622,0.26544987956335564,5.226598251404088,0.2255022924047199,0.22906752882814022
718,/wynton/group/sali/mhancock/xray/sample_bench/out/266_decoys/0/output_105/pdbs/8.pdb,884.6654514016037,0.1375010059347875,0.5949749379733984,0.7673998889319238,0.4050250620266015,0.2326001110680762,4.948931007197594,0.16182796751793388,0.16850880991085884,5.14798323932325,0.21585733801906262,0.21430789892930885
719,/wynton/group/sali/mhancock/xray/sample_bench/out/266_decoys/0/output_40/pdbs/8.pdb,874.9907149936596,0.13213546979711166,0.4215950986887871,0.5466725316137796,0.5784049013112129,0.4533274683862203,5.087116054056355,0.19118082714049534,0.19740641014890417,4.960256170326073,0.1712809554569895,0.17245220118747545
720,/wynton/group/sali/mhancock/xray/sample_bench/out/266_decoys/0/output_9/pdbs/14.pdb,577.7881418326265,0.18990640886013552,0.4541959217392564,0.3830335981376622,0.5458040782607435,0.6169664018623378,5.312566396148717,0.24763616256496673,0.25177779264363187,5.229385965770867,0.22450006238513293,0.2301145277364517
721,/wynton/group/sali/mhancock/xray/sample_bench/out/266_decoys/0/output_123/pdbs/16.pdb,773.8382459953575,0.21703026911802864,0.9981819509980208,0.183282615242044,0.0018180490019791,0.816717384757956,5.387354181721184,0.2751958919497224,0.27324355647031223,5.335917221736024,0.2555179634670122,0.26021527749851814
722,/wynton/group/sali/mhancock/xray/sample_bench/out/266_decoys/0/output_68/pdbs/11.pdb,676.2668367396886,0.1852719868887583,0.1500328697497596,0.4858990998539191,0.8499671302502403,0.5141009001460809,5.378918078327412,0.26957908255125435,0.27565830185910817,5.092215591739158,0.19641402472468486,0.19770280197918733
723,/wynton/group/sali/mhancock/xray/sample_bench/out/266_decoys/0/output_187/pdbs/8.pdb,886.0602358476708,0.1284330865030226,0.4081973435048107,0.4347810061774896,0.5918026564951894,0.5652189938225104,5.1034790774551055,0.194597188922728,0.20114045724850535,4.8773914587590745,0.1559030458006462,0.15743549873775564
724,/wynton/group/sali/mhancock/xray/sample_bench/out/266_decoys/0/output_132/pdbs/5.pdb,1640.0105946797303,0.08322522109809787,0.7130256287992159,0.4650590689821081,0.2869743712007841,0.534940931017892,4.669660161257445,0.12241545498207332,0.12614792062392774,4.6655228879505675,0.1274124977402515,0.12696754916007413
725,/wynton/group/sali/mhancock/xray/sample_bench/out/266_decoys/0/output_152/pdbs/3.pdb,4716.9958344333745,0.0854391887532216,0.5313389900266979,0.524306912833321,0.468661009973302,0.475693087166679,4.684945621073952,0.1275155928984821,0.13131027180993252,4.584304823407191,0.12167624663639885,0.11848955186262679
726,/wynton/group/sali/mhancock/xray/sample_bench/out/266_decoys/0/output_176/pdbs/7.pdb,1513.2012272370382,0.1327053264168877,0.3490895259575476,0.4950464503095902,0.6509104740424523,0.5049535496904096,5.117181123062728,0.20332811750580426,0.2054301996456025,4.851670246964926,0.15096953979503042,0.15373452637898855
727,/wynton/group/sali/mhancock/xray/sample_bench/out/266_decoys/0/output_142/pdbs/6.pdb,1970.7904137765172,0.17718996712292026,0.0801947493929823,0.7195373574875182,0.9198052506070176,0.2804626425124817,5.3217392234878655,0.25725285281625804,0.26275312785677774,5.032312267445388,0.19257698637036946,0.19039715476999983
728,/wynton/group/sali/mhancock/xray/sample_bench/out/266_decoys/0/output_216/pdbs/3.pdb,4694.217732835063,0.11081656890074329,0.2811447416210832,0.463692399087289,0.7188552583789167,0.536307600912711,5.0674568055824025,0.1912827119384792,0.1980154914482801,4.4774256967768515,0.10738304307015498,0.10580674847423101
729,/wynton/group/sali/mhancock/xray/sample_bench/out/266_decoys/0/output_176/pdbs/8.pdb,878.2560807225259,0.11872097520499122,0.57803711983051,0.5067415457811191,0.4219628801694899,0.493258454218881,4.973613357316521,0.17106696426596527,0.1733003362771827,4.924717420656442,0.16378960935856496,0.16568609837546489
730,/wynton/group/sali/mhancock/xray/sample_bench/out/266_decoys/0/output_110/pdbs/14.pdb,574.2681159280476,0.1843206672893466,0.6664022455905391,0.6139358422691289,0.3335977544094609,0.3860641577308711,5.272561178562695,0.23547290306539606,0.238264159839445,5.282404384236227,0.24481956799632784,0.2457152670192734
731,/wynton/group/sali/mhancock/xray/sample_bench/out/266_decoys/0/output_147/pdbs/12.pdb,720.87336158783,0.15535529708615686,0.9337175917223156,0.5700868077236128,0.0662824082776842,0.4299131922763873,5.199660357109978,0.21916277736671338,0.22047370751034503,5.178320800453198,0.2179563786275557,0.21762511686725822
732,/wynton/group/sali/mhancock/xray/sample_bench/out/266_decoys/0/output_64/pdbs/16.pdb,770.3068880028143,0.22591868173644475,0.4656650389882036,0.7654043345193444,0.5343349610117962,0.2345956654806556,5.38342771639352,0.2730044554693964,0.27213282089852847,5.400807302158735,0.285447800648097,0.28341594735250386
733,/wynton/group/sali/mhancock/xray/sample_bench/out/266_decoys/0/output_139/pdbs/11.pdb,678.2393831387194,0.15631478762937964,0.515592495175761,0.1077513671218998,0.4844075048242389,0.8922486328781002,5.164146043946904,0.2054170114901611,0.21281217379659342,5.133552074446138,0.19392048968273884,0.20431624951337046
734,/wynton/group/sali/mhancock/xray/sample_bench/out/266_decoys/0/output_199/pdbs/12.pdb,727.8654027240584,0.1788694911381301,0.5023887153339207,0.7729298138151305,0.4976112846660793,0.2270701861848695,5.225490325011788,0.2258568362951048,0.2267864398267777,5.287103023765236,0.2512772551379894,0.2485033436425428
735,/wynton/group/sali/mhancock/xray/sample_bench/out/266_decoys/0/output_75/pdbs/3.pdb,4734.885672351578,0.0995310897942409,0.8475246954840532,0.775562309791267,0.1524753045159468,0.224437690208733,4.43564005467388,0.09638792907957187,0.10024785760042793,5.011087255436089,0.19081202631848446,0.1867867567254514
736,/wynton/group/sali/mhancock/xray/sample_bench/out/266_decoys/0/output_71/pdbs/3.pdb,4716.953400996939,0.11480310233357777,0.8617625675369758,0.8758388648494596,0.1382374324630242,0.1241611351505403,4.435104452006464,0.09662814123068127,0.10035340961087882,5.130750276090297,0.21778149576824724,0.21402347994427043
737,/wynton/group/sali/mhancock/xray/sample_bench/out/266_decoys/0/output_81/pdbs/9.pdb,1341.5779759528523,0.11680787330787784,0.639795880160968,0.3653847840597963,0.360204119839032,0.6346152159402036,5.004646879041096,0.1709065618635018,0.17728793906746385,4.931550591641898,0.15895135682601283,0.1654735862959184
738,/wynton/group/sali/mhancock/xray/sample_bench/out/266_decoys/0/output_121/pdbs/7.pdb,1507.053075170595,0.17038222072299763,0.0699405224885098,0.088284365620737,0.9300594775114902,0.911715634379263,5.346307073634948,0.26169561648847095,0.26979789697430395,4.8899674306790795,0.1541712151584623,0.15801266077358364
739,/wynton/group/sali/mhancock/xray/sample_bench/out/266_decoys/0/output_75/pdbs/12.pdb,732.5690535600886,0.17869276445778964,0.7240537716351886,0.8666851084762955,0.2759462283648113,0.1333148915237044,5.159835127031751,0.2069355456180635,0.2104670578433069,5.3290452600130545,0.2610810656094545,0.26242438589031947
740,/wynton/group/sali/mhancock/xray/sample_bench/out/266_decoys/0/output_93/pdbs/12.pdb,714.7592189195725,0.16696067751017063,0.721263696071565,0.6938329996313004,0.2787363039284349,0.3061670003686995,5.171793297755863,0.21040271852870146,0.21416141046116738,5.244588926269875,0.23944960685329392,0.23593552706412804
741,/wynton/group/sali/mhancock/xray/sample_bench/out/266_decoys/0/output_218/pdbs/8.pdb,874.8921054050668,0.16465641515967272,0.452149221389205,0.8888633778836376,0.5478507786107949,0.1111366221163624,5.052956742131562,0.1821655043998647,0.19051982973121553,5.2429120506229525,0.24321875551093244,0.23952476719161958
742,/wynton/group/sali/mhancock/xray/sample_bench/out/266_decoys/0/output_156/pdbs/9.pdb,1324.6020999543173,0.15515831029566618,0.3741577534126019,0.6721540108013446,0.6258422465873981,0.3278459891986553,5.155487312350397,0.20559585739248878,0.21252219000816264,5.1054561653116,0.2057842432076417,0.20271304138345142
743,/wynton/group/sali/mhancock/xray/sample_bench/out/266_decoys/0/output_132/pdbs/7.pdb,1517.3958971417253,0.12376725452122975,0.5625279534345956,0.0186134181008404,0.4374720465654043,0.9813865818991596,4.91705330878703,0.1583609014467535,0.16351757189478733,4.9526423428118,0.16403284073503163,0.1694886701581231
744,/wynton/group/sali/mhancock/xray/sample_bench/out/266_decoys/0/output_165/pdbs/11.pdb,681.2907232773439,0.18585346677487402,0.5311797829238315,0.9662746170937276,0.4688202170761685,0.0337253829062724,5.169073699882309,0.20842350279333793,0.2124548412155834,5.3694064077411925,0.28143108498732494,0.27514326820088286
745,/wynton/group/sali/mhancock/xray/sample_bench/out/266_decoys/0/output_101/pdbs/15.pdb,565.2400892599571,0.21555075524702966,0.400218293227787,0.0692405727144095,0.5997817067722131,0.9307594272855904,5.373979050020367,0.267918488647746,0.2701580905101461,5.336020419590892,0.2498334404504031,0.25973121017138545
746,/wynton/group/sali/mhancock/xray/sample_bench/out/266_decoys/0/output_157/pdbs/15.pdb,579.2575259759842,0.2239204538992937,0.1334288031217363,0.3308646200868071,0.8665711968782637,0.6691353799131928,5.4746929521013366,0.29906849414549114,0.30845849333908676,5.276242476346257,0.24024095819621955,0.24234562821994401
747,/wynton/group/sali/mhancock/xray/sample_bench/out/266_decoys/0/output_222/pdbs/18.pdb,552.2522280683436,0.23570775941787792,0.9445244646319269,0.2674696685374599,0.055475535368073,0.7325303314625401,5.432020954039743,0.28474107405803345,0.2896242870690498,5.379998204908992,0.27228659878517936,0.27432943681159344
748,/wynton/group/sali/mhancock/xray/sample_bench/out/266_decoys/0/output_151/pdbs/18.pdb,553.829265306832,0.2737276302639339,0.1520156714073307,0.124289492293179,0.8479843285926693,0.875710507706821,5.515405007189648,0.3158429014951266,0.3250696585322307,5.406017936334565,0.2734324512315989,0.28275847382213526
749,/wynton/group/sali/mhancock/xray/sample_bench/out/266_decoys/0/output_203/pdbs/18.pdb,548.8199417257333,0.2539786622570035,0.2846012284736721,0.6221906817760801,0.7153987715263279,0.3778093182239199,5.479230942779902,0.30249204809974606,0.30880822914088335,5.409846945465711,0.28621664635390254,0.2853894120146303
750,/wynton/group/sali/mhancock/xray/sample_bench/out/266_decoys/0/output_33/pdbs/38.pdb,864.3486796135044,0.4772796060505598,0.5156333281216393,0.3200590939046692,0.4843666718783606,0.6799409060953308,5.6568519751891095,0.39310263009117147,0.39760939399540673,5.640823662029353,0.39451087419982195,0.39202599620139494
751,/wynton/group/sali/mhancock/xray/sample_bench/out/266_decoys/0/output_230/pdbs/20.pdb,793.2529618381413,0.2812094300920033,0.1804998070280331,0.4315982955997919,0.8195001929719669,0.568401704400208,5.539028190999265,0.3274992677278776,0.3332924499238409,5.430834387432979,0.2915266841873028,0.29178819167184655
752,/wynton/group/sali/mhancock/xray/sample_bench/out/266_decoys/0/output_108/pdbs/98.pdb,713.1234517346545,0.9930432516603072,0.8540918602718095,0.8827655383513179,0.1459081397281904,0.1172344616486822,5.7791504000741645,0.49821558379605185,0.5064973466678285,5.769966617903479,0.5004791176626242,0.508816305155877
753,/wynton/group/sali/mhancock/xray/sample_bench/out/266_decoys/0/output_180/pdbs/21.pdb,658.7002911850511,0.2919371073487093,0.4431702384027622,0.8476801759911041,0.5568297615972377,0.1523198240088958,5.4989247944641235,0.3107467021468332,0.31654206111454236,5.517456010803172,0.3293910726702098,0.3282047255340414
754,/wynton/group/sali/mhancock/xray/sample_bench/out/266_decoys/0/output_243/pdbs/52.pdb,572.4425780663021,0.6275268386522921,0.1649749177011569,0.4160282502171244,0.835025082298843,0.5839717497828756,5.729266978516121,0.4245967887534049,0.44725661572153075,5.703476378035557,0.4255058865714279,0.43525584274174756
755,/wynton/group/sali/mhancock/xray/sample_bench/out/266_decoys/0/output_68/pdbs/36.pdb,672.8774226756318,0.46981721708947044,0.3097916934605536,0.8008063990744622,0.6902083065394464,0.1991936009255378,5.658448002342252,0.38832088144876953,0.3972144505031361,5.647645048733053,0.4014153941279577,0.3972455464064016
756,/wynton/group/sali/mhancock/xray/sample_bench/out/266_decoys/0/output_93/pdbs/69.pdb,726.7490717958535,0.7661339046411617,0.5500544897442556,0.2428675936865264,0.4499455102557442,0.7571324063134736,5.7502037626562235,0.4550455736659842,0.46357746530431115,5.738181054238373,0.4597625311713234,0.46608680676711184
757,/wynton/group/sali/mhancock/xray/sample_bench/out/266_decoys/0/output_174/pdbs/60.pdb,721.8403057479392,0.7001161821753608,0.2008581512751508,0.6289123978942366,0.7991418487248492,0.3710876021057634,5.746661524030723,0.43703369066715525,0.45807016714427046,5.727058944066523,0.4404422513300888,0.4520479631758605
758,/wynton/group/sali/mhancock/xray/sample_bench/out/266_decoys/0/output_175/pdbs/65.pdb,736.9643830161414,0.7371861906106784,0.2287013998095981,0.880830229478688,0.7712986001904019,0.1191697705213119,5.743206509744317,0.45403828346712194,0.46249130004250366,5.737093298492493,0.46056585812086925,0.464959913845802
759,/wynton/group/sali/mhancock/xray/sample_bench/out/266_decoys/0/output_14/pdbs/21.pdb,657.443820098857,0.278760079005989,0.5110198405150048,0.6840722022340257,0.4889801594849952,0.3159277977659743,5.490561019571724,0.30667503375067856,0.31156310141613314,5.483229943674759,0.3125275001234926,0.31261147386438787
760,/wynton/group/sali/mhancock/xray/sample_bench/out/266_decoys/0/output_216/pdbs/88.pdb,754.422247884068,0.9006488107086945,0.6601975264373494,0.3689635082520059,0.3398024735626506,0.631036491747994,5.77004668378316,0.4829892671014379,0.4897092184460727,5.757534133363021,0.4781209786967214,0.49038827308820654
761,/wynton/group/sali/mhancock/xray/sample_bench/out/266_decoys/0/output_226/pdbs/68.pdb,725.0462444759999,0.7630776710570034,0.5197166961371149,0.8714244661644271,0.480283303862885,0.1285755338355728,5.744605628341978,0.4549684741617847,0.46456784758180736,5.74055251796162,0.464553734623883,0.4705216124210665
762,/wynton/group/sali/mhancock/xray/sample_bench/out/266_decoys/0/output_160/pdbs/85.pdb,757.7589739793646,0.8989093289081351,0.7902923344797396,0.5641008522817312,0.2097076655202604,0.4358991477182688,5.769637710228856,0.49449663018389883,0.4953703885306645,5.756747193988675,0.4839643086999591,0.49133103184941374
763,/wynton/group/sali/mhancock/xray/sample_bench/out/266_decoys/0/output_54/pdbs/19.pdb,817.5655336269128,0.26240205031250496,0.5236243547457294,0.80586522917841,0.4763756452542705,0.19413477082159,5.450699579748713,0.29122052670335224,0.29656356272665746,5.480701535365083,0.3117926829814484,0.31250094763141195
764,/wynton/group/sali/mhancock/xray/sample_bench/out/266_decoys/0/output_116/pdbs/76.pdb,750.1216716988441,0.8290438631686401,0.3650131648154781,0.5866680599363636,0.6349868351845219,0.4133319400636364,5.760948939462497,0.46940904423566987,0.4791532018147459,5.745975459549001,0.4711825551423799,0.47644770482355525
765,/wynton/group/sali/mhancock/xray/sample_bench/out/266_decoys/0/output_4/pdbs/86.pdb,847.9066346588659,0.9040550768320326,0.5832951398939364,0.2349436747052933,0.4167048601060634,0.7650563252947066,5.769315353379774,0.4816787547632302,0.4937709377341628,5.761815189313406,0.4869754139656455,0.4961297426983173
766,/wynton/group/sali/mhancock/xray/sample_bench/out/266_decoys/0/output_38/pdbs/61.pdb,623.797113688669,0.708512093408867,0.8305556861758709,0.5075354497275972,0.169444313824129,0.4924645502724026,5.742392071037449,0.44607072901527095,0.4617217029763204,5.728519653412877,0.4381454836691491,0.4541893209811489
767,/wynton/group/sali/mhancock/xray/sample_bench/out/266_decoys/0/output_220/pdbs/98.pdb,719.9535504013124,0.9565125336786598,0.5857905447478111,0.3584672232501384,0.4142094552521889,0.6415327767498615,5.770021181694235,0.48859364819091133,0.4964010687930317,5.762633023313463,0.4940751537111669,0.49820587010690653
768,/wynton/group/sali/mhancock/xray/sample_bench/out/266_decoys/0/output_151/pdbs/39.pdb,742.6999354558104,0.5038740562458326,0.5376834429786945,0.6038151670100832,0.4623165570213055,0.3961848329899169,5.665168829438772,0.39517592961136166,0.40388534874300014,5.65235519272468,0.4017077928523865,0.3991695570346357
769,/wynton/group/sali/mhancock/xray/sample_bench/out/266_decoys/0/output_168/pdbs/42.pdb,601.5084658322335,0.5411688446702809,0.95966675222343,0.7166506551243129,0.0403332477765698,0.2833493448756871,5.692335238025854,0.421166136141368,0.42153312537307286,5.66956393291011,0.4152666168414785,0.4118895946739793
770,/wynton/group/sali/mhancock/xray/sample_bench/out/266_decoys/0/output_200/pdbs/46.pdb,628.9094348382762,0.5635483019347904,0.5827699667373778,0.4273209616402706,0.4172300332626221,0.5726790383597293,5.693324100858438,0.4140741375341572,0.4233064866133634,5.680157036251259,0.41860647899260245,0.4178030436832532
771,/wynton/group/sali/mhancock/xray/sample_bench/out/266_decoys/0/output_106/pdbs/20.pdb,786.0827692958644,0.2647982810193727,0.5121989579007362,0.3273139283644595,0.4878010420992639,0.6726860716355405,5.470918938981,0.2976825120309962,0.3049376132990378,5.433210541199397,0.288516671273153,0.2938311767463451
772,/wynton/group/sali/mhancock/xray/sample_bench/out/266_decoys/0/output_118/pdbs/31.pdb,931.1814024877749,0.4084646961219602,0.551507188382463,0.468761071941229,0.4484928116175369,0.5312389280587708,5.614617253327489,0.3648255854901067,0.37105880475799363,5.591538532022301,0.3664323912842294,0.36316883704301606
773,/wynton/group/sali/mhancock/xray/sample_bench/out/266_decoys/0/output_133/pdbs/42.pdb,608.121787798902,0.5370441332100142,0.4141054319165667,0.8576870543714509,0.5858945680834333,0.1423129456285491,5.682222987990114,0.40569285626374774,0.4144184094455762,5.6809063649357725,0.42707662741086216,0.41941701308260176
774,/wynton/group/sali/mhancock/xray/sample_bench/out/266_decoys/0/output_220/pdbs/52.pdb,553.0163601640268,0.6232183069298712,0.3172879889134513,0.6572644181616079,0.6827120110865488,0.3427355818383921,5.723641973597563,0.4188711422628698,0.4415131352564175,5.708867437023436,0.4231869224593922,0.4374057876746818
775,/wynton/group/sali/mhancock/xray/sample_bench/out/266_decoys/0/output_138/pdbs/41.pdb,611.4147081901401,0.5153303040132906,0.2924616198376746,0.4209794836912282,0.7075383801623254,0.5790205163087718,5.680194713366347,0.40933724084051615,0.4133917518621653,5.654226047099068,0.4051877737040234,0.4011367923085966
776,/wynton/group/sali/mhancock/xray/sample_bench/out/266_decoys/0/output_42/pdbs/32.pdb,736.7381242173358,0.43249432948975053,0.3727110868108276,0.0374697458494249,0.6272889131891723,0.962530254150575,5.632125072927973,0.37635736984760765,0.38055317056569427,5.6257510380095646,0.3870161688804444,0.3827769071930826
777,/wynton/group/sali/mhancock/xray/sample_bench/out/266_decoys/0/output_113/pdbs/39.pdb,762.932675504255,0.49289627142856174,0.4804215236930158,0.4245804559228001,0.5195784763069843,0.5754195440771999,5.6687883993454244,0.39184443986241296,0.40233080044063446,5.646741374208517,0.3941088479094241,0.39525748250561926
778,/wynton/group/sali/mhancock/xray/sample_bench/out/266_decoys/0/output_237/pdbs/24.pdb,729.6396190342316,0.3263490009475508,0.7222989589076171,0.0634164385829871,0.2777010410923829,0.9365835614170128,5.538268710764894,0.3299786786429573,0.33334861240224833,5.538611667425392,0.33159760788420467,0.33712827689164854
779,/wynton/group/sali/mhancock/xray/sample_bench/out/266_decoys/0/output_64/pdbs/72.pdb,635.5653609666927,0.8096275078552937,0.6480834116898604,0.1021136830531794,0.3519165883101396,0.8978863169468205,5.752193588444506,0.4609536177605979,0.4701242153838711,5.746737301843224,0.4769690252032525,0.4768018795407654
780,/wynton/group/sali/mhancock/xray/sample_bench/out/266_decoys/0/output_127/pdbs/79.pdb,680.4607531822152,0.8314807572993772,0.2399585030141667,0.6065748107804804,0.7600414969858332,0.3934251892195196,5.761206330712293,0.4752523313736091,0.4836391767647221,5.747765828691888,0.47812748705065855,0.4787168478606507
781,/wynton/group/sali/mhancock/xray/sample_bench/out/266_decoys/0/output_109/pdbs/77.pdb,750.288953783329,0.8294926968649996,0.1337379789752224,0.3896280551321013,0.8662620210247776,0.6103719448678986,5.765450436980656,0.4739670936347112,0.4881632522414713,5.747840326678355,0.46822429817340167,0.47896077165977746
782,/wynton/group/sali/mhancock/xray/sample_bench/out/266_decoys/0/output_226/pdbs/61.pdb,638.7468920832264,0.7002725295639864,0.7408221369305668,0.6099813764842016,0.2591778630694332,0.3900186235157984,5.7354771488459075,0.44080930773410065,0.4554617930934325,5.72559848924987,0.4408763081391411,0.45150940757488195
783,/wynton/group/sali/mhancock/xray/sample_bench/out/266_decoys/0/output_17/pdbs/56.pdb,777.9199488382206,0.6556264874852832,0.5090765246054049,0.6164402654227246,0.4909234753945951,0.3835597345772755,5.729323669395651,0.4199104283677959,0.44384189104046534,5.716230901250617,0.42752459844619595,0.4423987391000393
784,/wynton/group/sali/mhancock/xray/sample_bench/out/266_decoys/0/output_104/pdbs/65.pdb,745.1884620686241,0.7500508109330253,0.4521432254949492,0.08949143140169,0.5478567745050508,0.91050856859831,5.740722167651882,0.445434692060603,0.45965393315337816,5.740124127652902,0.4595421709896106,0.4666321991112343
785,/wynton/group/sali/mhancock/xray/sample_bench/out/266_decoys/0/output_103/pdbs/90.pdb,807.9080956959981,0.9171402693354535,0.3869029873163576,0.5227159967052091,0.6130970126836425,0.4772840032947909,5.7702955243741725,0.48502581769964526,0.49280621263706703,5.757726655491898,0.4826703229756891,0.4908544633827234
786,/wynton/group/sali/mhancock/xray/sample_bench/out/266_decoys/0/output_76/pdbs/82.pdb,740.346720588431,0.8684922256415908,0.1903586506343842,0.1288538996264819,0.8096413493656157,0.8711461003735181,5.763897693397885,0.47468010910632125,0.490053365149409,5.753680799754208,0.4824771242497876,0.4895241584928192
787,/wynton/group/sali/mhancock/xray/sample_bench/out/266_decoys/0/output_11/pdbs/97.pdb,773.0483523549531,0.9718354579038839,0.4723050338172726,0.7332067177368713,0.5276949661827274,0.2667932822631287,5.771568640075358,0.49254597652939563,0.4993662046419287,5.765293555431951,0.4975997078542366,0.5032526374811639
788,/wynton/group/sali/mhancock/xray/sample_bench/out/266_decoys/0/output_120/pdbs/30.pdb,950.4774532513197,0.3977042553530066,0.9400612608380065,0.5532511283791561,0.0599387391619935,0.4467488716208438,5.6170607894680025,0.36817909737774285,0.3735984066159734,5.582033071162102,0.3637638996062365,0.3575452171071097
789,/wynton/group/sali/mhancock/xray/sample_bench/out/266_decoys/0/output_184/pdbs/24.pdb,734.8713363311442,0.3282314451667613,0.4199840867419305,0.8299369879959266,0.5800159132580694,0.1700630120040733,5.552103481591215,0.33292357912720605,0.33970594584130737,5.56001898676086,0.3449066811252425,0.34751416484091296
790,/wynton/group/sali/mhancock/xray/sample_bench/out/266_decoys/0/output_129/pdbs/99.pdb,717.3238599661021,0.9981125905144492,0.0626430293070437,0.7714145700464019,0.9373569706929564,0.2285854299535981,5.781158279602557,0.5089178864787341,0.5106848473307966,5.768675585394202,0.4951523458432131,0.5050625585481332
791,/wynton/group/sali/mhancock/xray/sample_bench/out/266_decoys/0/output_217/pdbs/80.pdb,716.0456749960164,0.8628401504288962,0.7852639060941552,0.7449914848735747,0.2147360939058447,0.2550085151264253,5.765652693262822,0.4806955546398317,0.48653148094825804,5.754842265493283,0.4829117980396569,0.4846955978199461
792,/wynton/group/sali/mhancock/xray/sample_bench/out/266_decoys/0/output_19/pdbs/52.pdb,565.8846859038783,0.6303424941075415,0.8004503113400008,0.666635339407435,0.1995496886599992,0.333364660592565,5.72074485143288,0.4301111841336753,0.44285753173355474,5.706731651520061,0.4290384702971813,0.43691705639067524
793,/wynton/group/sali/mhancock/xray/sample_bench/out/266_decoys/0/output_236/pdbs/56.pdb,765.0906980138167,0.6547525446056551,0.5661511479192732,0.52189935527018,0.4338488520807268,0.47810064472982,5.726618268463764,0.4254904409504627,0.44486877611976905,5.715945493420372,0.42991220790549295,0.4414119838988907
794,/wynton/group/sali/mhancock/xray/sample_bench/out/266_decoys/0/output_139/pdbs/78.pdb,679.3178698531817,0.8656392460001947,0.0401698222639573,0.8495733714138792,0.9598301777360426,0.1504266285861208,5.768300097219567,0.48201219821526875,0.49006857275242305,5.755641208213926,0.48053957311421547,0.48315767509978597
795,/wynton/group/sali/mhancock/xray/sample_bench/out/266_decoys/0/output_177/pdbs/56.pdb,781.90952162852,0.6505886559953526,0.4760762289263276,0.5058829746760249,0.5239237710736724,0.4941170253239751,5.729937025738078,0.4223195277569755,0.446341583874052,5.717863383061031,0.4271103133676413,0.44273679585760944
796,/wynton/group/sali/mhancock/xray/sample_bench/out/266_decoys/0/output_106/pdbs/71.pdb,615.2566368604283,0.7816114340781986,0.3178495007657436,0.6838147127176912,0.6821504992342563,0.3161852872823088,5.7548127925483215,0.4528729413967831,0.47117159909437945,5.739458539853738,0.4551716407825854,0.4684534185392071
797,/wynton/group/sali/mhancock/xray/sample_bench/out/266_decoys/0/output_114/pdbs/31.pdb,915.1087962080273,0.4191984623097396,0.2532783792870869,0.7259096643848494,0.746721620712913,0.2740903356151506,5.632648952014823,0.37452778413922055,0.3810759566830891,5.602831995734754,0.3750903472127815,0.3697692194891677
798,/wynton/group/sali/mhancock/xray/sample_bench/out/266_decoys/0/output_188/pdbs/55.pdb,685.90210149473,0.6471056456263535,0.2321996013205189,0.491171793662454,0.7678003986794812,0.5088282063375459,5.7323281485279916,0.4276954003058059,0.446863374975556,5.7144398407422425,0.42672748076645495,0.4398578706612229
799,/wynton/group/sali/mhancock/xray/sample_bench/out/266_decoys/0/output_241/pdbs/99.pdb,725.8307728941995,0.9611296612993259,0.8125842754486015,0.3963060362557725,0.1874157245513985,0.6036939637442276,5.775538299660018,0.4987487186467834,0.5042514306408085,5.762315172565065,0.5012379922225331,0.498376567977729
800,/wynton/group/sali/mhancock/xray/sample_bench/out/266_decoys/0/output_0/pdbs/43.pdb,662.252820628464,0.5507615273034399,0.0989295561234901,0.0343345709164459,0.9010704438765098,0.965665429083554,5.703837350833748,0.41651497809767735,0.42875224201577766,5.686819682143341,0.41749303034494595,0.4196495454972448
801,/wynton/group/sali/mhancock/xray/sample_bench/out/266_decoys/0/output_104/pdbs/31.pdb,930.7524895574663,0.40946379952418205,0.6334104885465008,0.3631748923391666,0.3665895114534992,0.6368251076608333,5.612278603559144,0.36703505807912506,0.36979646710491043,5.59375528738759,0.3731572013850665,0.3649777775885316
802,/wynton/group/sali/mhancock/xray/sample_bench/out/266_decoys/0/output_192/pdbs/62.pdb,648.0738831970627,0.7223610539162553,0.6250448027568819,0.7545280434361264,0.374955197243118,0.2454719565638735,5.737002413498899,0.4421961002101109,0.454000518982783,5.733877622789314,0.4525989964830079,0.4585926083777097
803,/wynton/group/sali/mhancock/xray/sample_bench/out/266_decoys/0/output_8/pdbs/35.pdb,888.6434935816412,0.45870880774396505,0.4228703729701766,0.8126335793721879,0.5771296270298234,0.1873664206278121,5.652958648999686,0.38734871347871996,0.39233761458145505,5.647966882348365,0.40076303197697405,0.3968179513669135
804,/wynton/group/sali/mhancock/xray/sample_bench/out/266_decoys/0/output_216/pdbs/91.pdb,748.7465892137104,0.9323499141085871,0.2389120705873651,0.7929901382052367,0.7610879294126348,0.2070098617947633,5.771889246265259,0.48130392840163416,0.4965299435768985,5.761894830743352,0.4908773404240868,0.49696712804612053
805,/wynton/group/sali/mhancock/xray/sample_bench/out/266_decoys/0/output_183/pdbs/71.pdb,598.883777010472,0.7943725151822516,0.8336655983973549,0.2067904015398052,0.1663344016026451,0.7932095984601948,5.754847175487442,0.46952498203942944,0.47416621114094776,5.742417864608244,0.46503928477061945,0.4720318693817277
806,/wynton/group/sali/mhancock/xray/sample_bench/out/266_decoys/0/output_66/pdbs/25.pdb,829.4092008884265,0.33458426302212313,0.4182381625182961,0.2729951034658399,0.5817618374817038,0.72700489653416,5.563532696811078,0.34191966378822825,0.34486479722772323,5.5280961629257925,0.33375855867575016,0.33154624729489607
807,/wynton/group/sali/mhancock/xray/sample_bench/out/266_decoys/0/output_119/pdbs/96.pdb,790.7610848985485,0.9567876845661449,0.1986342673813727,0.5430672180917611,0.8013657326186273,0.456932781908239,5.774236866382389,0.4957696885289901,0.5011682646910425,5.762805426680263,0.4883016886692716,0.49817894539324514
808,/wynton/group/sali/mhancock/xray/sample_bench/out/266_decoys/0/output_195/pdbs/55.pdb,722.3588730747379,0.6615268471681064,0.5032318919040241,0.0071658170779135,0.496768108095976,0.9928341829220864,5.72761537129568,0.41956000306909996,0.4437115702075234,5.732344513749953,0.437677459475294,0.4528527009034961
809,/wynton/group/sali/mhancock/xray/sample_bench/out/266_decoys/0/output_220/pdbs/80.pdb,696.3809143711999,0.8447383021098326,0.3117358839782134,0.2565389768269934,0.6882641160217866,0.7434610231730066,5.7633134233644805,0.4737277984408571,0.48412239067016993,5.752489209792937,0.48114076732597016,0.4833151308602443
810,/wynton/group/sali/mhancock/xray/sample_bench/out/266_decoys/0/output_149/pdbs/38.pdb,838.2301703091384,0.4928241712741344,0.2458737345611584,0.4008484098232145,0.7541262654388415,0.5991515901767854,5.6759947392575185,0.39234066863014827,0.40805763941823403,5.644728776933235,0.3883137335824103,0.39414141259395036
811,/wynton/group/sali/mhancock/xray/sample_bench/out/266_decoys/0/output_249/pdbs/78.pdb,684.9112129168528,0.8371805684597928,0.2305583952553797,0.415187502557519,0.7694416047446203,0.584812497442481,5.7659633681707945,0.47846868827899214,0.4861249263763673,5.747505209994524,0.4729839521133784,0.4787832746905397
812,/wynton/group/sali/mhancock/xray/sample_bench/out/266_decoys/0/output_175/pdbs/28.pdb,821.1654470400802,0.36871535441841075,0.7676550943762026,0.5873742118024802,0.2323449056237974,0.4126257881975198,5.585646016656086,0.3532589357552173,0.35619395457449354,5.565899040118264,0.35612528297378443,0.3496566513837141
813,/wynton/group/sali/mhancock/xray/sample_bench/out/266_decoys/0/output_35/pdbs/54.pdb,725.5250303449125,0.6466144732751471,0.4632702485231831,0.4231674185362822,0.5367297514768169,0.5768325814637179,5.721549475451992,0.42251714939921514,0.4426820973473839,5.708088600180509,0.4279827550695064,0.4372136214588085
814,/wynton/group/sali/mhancock/xray/sample_bench/out/266_decoys/0/output_153/pdbs/32.pdb,726.370973595763,0.41082092805595083,0.7192738899352951,0.3561638267724487,0.2807261100647049,0.6438361732275513,5.619142393413869,0.37089800862937095,0.37351744676458437,5.596706780724356,0.3724866788776186,0.3655252112129545
815,/wynton/group/sali/mhancock/xray/sample_bench/out/266_decoys/0/output_230/pdbs/54.pdb,717.853140306989,0.6629192545386625,0.8937869060141803,0.6290192606377875,0.1062130939858197,0.3709807393622126,5.731655777012475,0.44104862082721374,0.45174482588622217,5.714819429510964,0.4351471603294388,0.44236879719314465
816,/wynton/group/sali/mhancock/xray/sample_bench/out/266_decoys/0/output_165/pdbs/80.pdb,719.91660386011,0.8600266417870732,0.6246395893658686,0.6593607656972896,0.3753604106341314,0.3406392343027104,5.7644618265203675,0.47937547514785445,0.48152877126159227,5.751810677142037,0.47952374639812,0.4810505362343859
817,/wynton/group/sali/mhancock/xray/sample_bench/out/266_decoys/0/output_244/pdbs/56.pdb,778.6633688336965,0.6743350631507298,0.792630193965233,0.823497692746063,0.2073698060347669,0.176502307253937,5.730566127599279,0.4353004139387216,0.450767803095066,5.723445947700658,0.44324669457454746,0.45300804698677033
818,/wynton/group/sali/mhancock/xray/sample_bench/out/266_decoys/0/output_118/pdbs/40.pdb,610.6261286895699,0.5255390496083628,0.8224725659175035,0.9043422905109774,0.1775274340824964,0.0956577094890226,5.67503348214017,0.40320049195582647,0.4095120505730195,5.675109918804253,0.41916413031509053,0.41577634911793515
819,/wynton/group/sali/mhancock/xray/sample_bench/out/266_decoys/0/output_226/pdbs/62.pdb,633.5002755245176,0.7175881086656413,0.925335858796079,0.4478755687554913,0.0746641412039209,0.5521244312445086,5.742246878808314,0.45268323927695975,0.46557514686919904,5.727298213916595,0.442922906273145,0.45135699020283226
820,/wynton/group/sali/mhancock/xray/sample_bench/out/266_decoys/0/output_51/pdbs/45.pdb,659.378961716504,0.5686611660752825,0.6505199963926072,0.646150293685443,0.3494800036073929,0.3538497063145571,5.6937207705235355,0.4174713890950802,0.42505845884153903,5.682484637144314,0.4233464737177159,0.4221635285906409
821,/wynton/group/sali/mhancock/xray/sample_bench/out/266_decoys/0/output_14/pdbs/40.pdb,609.1269692711166,0.5093381403968513,0.3475570641723044,0.7369407163494464,0.6524429358276955,0.2630592836505536,5.675299889601601,0.39952110660609347,0.40859930182281967,5.664056324670879,0.4088599178254388,0.4076958739583967
822,/wynton/group/sali/mhancock/xray/sample_bench/out/266_decoys/0/output_115/pdbs/73.pdb,736.3575037655015,0.8350993697065842,0.9767578836271004,0.8382687105246002,0.0232421163728997,0.1617312894753999,5.760820918692834,0.483032019594372,0.48360140873197865,5.751028254842706,0.47712718718954056,0.4781693763879566
823,/wynton/group/sali/mhancock/xray/sample_bench/out/266_decoys/0/output_196/pdbs/21.pdb,626.495302988403,0.2863909717599922,0.5100627922713863,0.1489134961197524,0.4899372077286137,0.8510865038802475,5.496130451938181,0.3085236743716902,0.3137103093431455,5.478953300814539,0.3029839837139586,0.31069215660812
824,/wynton/group/sali/mhancock/xray/sample_bench/out/266_decoys/0/output_16/pdbs/53.pdb,661.8180230157986,0.6536727673416216,0.0175633827497926,0.6125634307286587,0.9824366172502074,0.3874365692713413,5.745643617968254,0.43050027567486493,0.45734052520476665,5.707821136327224,0.43657879254690646,0.4393408794019641
825,/wynton/group/sali/mhancock/xray/sample_bench/out/266_decoys/0/output_67/pdbs/85.pdb,769.9531658593165,0.8888874255246177,0.8261200078263167,0.2976122601002657,0.1738799921736833,0.7023877398997344,5.76856366697855,0.4891709410399992,0.4930270766101932,5.75925576962499,0.49772934677787056,0.4937517598865569
826,/wynton/group/sali/mhancock/xray/sample_bench/out/266_decoys/0/output_226/pdbs/72.pdb,662.9961195890547,0.7821823046293512,0.6804926555815923,0.4211749956783496,0.3195073444184077,0.5788250043216504,5.748531048984242,0.4636205594185238,0.47256290601217615,5.737407967710312,0.4668137955819849,0.4687094833447448
827,/wynton/group/sali/mhancock/xray/sample_bench/out/266_decoys/0/output_15/pdbs/72.pdb,643.549603183102,0.7931517725098047,0.3225671479585847,0.8088438132179774,0.6774328520414153,0.1911561867820225,5.754438465354621,0.46746709277913656,0.47424464997352483,5.7486387779523165,0.4769555906843073,0.47505747882876165
828,/wynton/group/sali/mhancock/xray/sample_bench/out/266_decoys/0/output_88/pdbs/48.pdb,687.3679431593177,0.5939868661579303,0.7718316826496664,0.4880198640133463,0.2281683173503336,0.5119801359866537,5.708401119749517,0.41567408728641314,0.43175000803732394,5.693632396962337,0.41359697434294757,0.4256192910475215
829,/wynton/group/sali/mhancock/xray/sample_bench/out/266_decoys/0/output_134/pdbs/60.pdb,718.3629115262182,0.7029136257633131,0.0712843691068091,0.7408675983647768,0.928715630893191,0.2591324016352233,5.751141395645792,0.4506908179674006,0.46288901259423937,5.727757805693928,0.44629780867282987,0.4563027623818051
830,/wynton/group/sali/mhancock/xray/sample_bench/out/266_decoys/0/output_23/pdbs/35.pdb,900.9099537325094,0.4538386966691704,0.568352656352415,0.4909105511249692,0.431647343647585,0.5090894488750309,5.647199676733629,0.3848448334171855,0.3884999607046183,5.623615055454216,0.3862741505084153,0.380880927220673
831,/wynton/group/sali/mhancock/xray/sample_bench/out/266_decoys/0/output_100/pdbs/59.pdb,735.0970410674523,0.6926918987219677,0.1374573974401251,0.64587883386258,0.8625426025598749,0.3541211661374199,5.750805831303881,0.4327179584300329,0.45998509158989054,5.726312029016505,0.4397839434318155,0.44924769073335524
832,/wynton/group/sali/mhancock/xray/sample_bench/out/266_decoys/0/output_171/pdbs/71.pdb,604.9065809558687,0.7777102681666132,0.5239708359995425,0.4313254651515976,0.4760291640004574,0.5686745348484024,5.74768989976839,0.4580140685225398,0.46730732697234456,5.738074926519384,0.45830839773828397,0.4655521067004229
833,/wynton/group/sali/mhancock/xray/sample_bench/out/266_decoys/0/output_49/pdbs/68.pdb,737.7104690997926,0.7712029276562049,0.5796292786444343,0.8927837352201022,0.4203707213555657,0.1072162647798977,5.744112640862408,0.44993547719572075,0.4627499273475631,5.7424876045116084,0.46191102624803515,0.47005804169055104
834,/wynton/group/sali/mhancock/xray/sample_bench/out/266_decoys/0/output_234/pdbs/42.pdb,607.6207928416193,0.5514712347544355,0.9003666017575483,0.4489915509750107,0.0996333982424516,0.5510084490249894,5.694072031843611,0.42065240673583243,0.4246221952080787,5.664658501977492,0.40898779556077053,0.40828325164216
835,/wynton/group/sali/mhancock/xray/sample_bench/out/266_decoys/0/output_73/pdbs/21.pdb,639.0566645699023,0.28801242310626707,0.5838581784901579,7.963924813183782e-05,0.4161418215098421,0.9999203607518682,5.488193905032138,0.3026496693476656,0.3102392808510611,5.503393121632994,0.3120296795870005,0.32130713144465234
836,/wynton/group/sali/mhancock/xray/sample_bench/out/266_decoys/0/output_1/pdbs/70.pdb,710.8958507365509,0.7735041324012899,0.2215772426289069,0.4686014970107447,0.7784227573710931,0.5313985029892553,5.752172041829285,0.4633419436855557,0.4704685318122781,5.735889968379207,0.45874298969791594,0.46170109966085865
837,/wynton/group/sali/mhancock/xray/sample_bench/out/266_decoys/0/output_9/pdbs/58.pdb,750.5932499394382,0.6839912266202857,0.036398623517785,0.1368698932768768,0.9636013764822148,0.8631301067231232,5.742290251223818,0.4499316635640475,0.46071060481406945,5.72397523009537,0.441169158215893,0.4504807356525971
838,/wynton/group/sali/mhancock/xray/sample_bench/out/266_decoys/0/output_116/pdbs/22.pdb,740.9277129675284,0.2934395081078742,0.3576925859509351,0.5665541703697917,0.642307414049065,0.4334458296302083,5.531062679008551,0.32395829796310743,0.3301798168807316,5.482520980053988,0.31635415812592393,0.31225715699033624
839,/wynton/group/sali/mhancock/xray/sample_bench/out/266_decoys/0/output_95/pdbs/28.pdb,830.6771366636658,0.38193931518370683,0.1663964944223065,0.4170450372172778,0.8336035055776935,0.5829549627827221,5.62360488882188,0.36988225118105084,0.37641871234517066,5.559257620596511,0.3538046103154146,0.3465090007251363
840,/wynton/group/sali/mhancock/xray/sample_bench/out/266_decoys/0/output_148/pdbs/33.pdb,698.4759706901834,0.4480387074056518,0.9824128962725728,0.0746752693721746,0.0175871037274272,0.9253247306278254,5.6467541266139065,0.3898902236554791,0.3900410376169974,5.624600221808679,0.3875147783515862,0.3829972982329611
841,/wynton/group/sali/mhancock/xray/sample_bench/out/266_decoys/0/output_0/pdbs/56.pdb,779.3904030578523,0.6664925512830009,0.2944670922632827,0.7142069765692931,0.7055329077367172,0.285793023430707,5.7302053539690725,0.4254798893310599,0.4464506129074469,5.71453150787186,0.43412702402746883,0.4455813787526827
842,/wynton/group/sali/mhancock/xray/sample_bench/out/266_decoys/0/output_249/pdbs/80.pdb,701.7441795757088,0.8528718123691706,0.143596711358362,0.6762917190900507,0.856403288641638,0.3237082809099492,5.773494960395054,0.4876014443593327,0.4916659965865987,5.750719138815247,0.47535167624679187,0.47971792732700735
843,/wynton/group/sali/mhancock/xray/sample_bench/out/266_decoys/0/output_208/pdbs/34.pdb,911.3676725581154,0.4631306085542619,0.1105156479098054,0.8783299465269725,0.8894843520901946,0.1216700534730274,5.665024493535808,0.39259798745927316,0.40235077018582427,5.641437778912766,0.40139009030502687,0.39305853048504663
844,/wynton/group/sali/mhancock/xray/sample_bench/out/266_decoys/0/output_96/pdbs/22.pdb,744.7645980982359,0.28984267581721573,0.8748125142353452,0.562179208948723,0.1251874857646547,0.4378207910512771,5.515295191181629,0.3200891606981161,0.32228848910532526,5.484788788883396,0.3153288664103722,0.3127002406648857
845,/wynton/group/sali/mhancock/xray/sample_bench/out/266_decoys/0/output_161/pdbs/80.pdb,720.2213586787295,0.8402216645592625,0.6007390168279949,0.5894815785895492,0.3992609831720052,0.4105184214104507,5.759257224480338,0.47833524245047937,0.4813065956318261,5.74713274573523,0.4833394378068633,0.4804900619288009
846,/wynton/group/sali/mhancock/xray/sample_bench/out/266_decoys/0/output_159/pdbs/89.pdb,800.9398550565526,0.9029547762376877,0.2773776841982757,0.5852663282452115,0.7226223158017243,0.4147336717547885,5.772621742584049,0.49145161240261,0.4958324355472576,5.7589144236357415,0.4926158001755462,0.493300781951113
847,/wynton/group/sali/mhancock/xray/sample_bench/out/266_decoys/0/output_34/pdbs/81.pdb,722.6694361385331,0.863240536684247,0.7161537989710544,0.6023638069072806,0.2838462010289455,0.3976361930927192,5.7673226976892025,0.4862082972861436,0.4869277285093671,5.7546667102331055,0.4876630590522526,0.48360261935196286
848,/wynton/group/sali/mhancock/xray/sample_bench/out/266_decoys/0/output_144/pdbs/54.pdb,725.6077044790691,0.6585625966516668,0.8068071038786316,0.5094840408255806,0.1931928961213684,0.4905159591744193,5.7296135032770605,0.43393364751309926,0.45112378183238205,5.714897146742583,0.4341061918872444,0.4423187502134377
849,/wynton/group/sali/mhancock/xray/sample_bench/out/266_decoys/0/output_215/pdbs/63.pdb,733.4344362130496,0.7176592369409018,0.5784843362835711,0.2567660802311381,0.4215156637164288,0.7432339197688618,5.738502581848843,0.444405555522913,0.4562043816975855,5.733687384741384,0.438808544199111,0.4565510175244292
850,/wynton/group/sali/mhancock/xray/sample_bench/out/266_decoys/0/output_101/pdbs/82.pdb,714.5831147994614,0.9036823396939466,0.8811475988218308,0.0593262030055122,0.1188524011781693,0.9406737969944876,5.769724647650521,0.5019759944507223,0.49035220872319146,5.759967412189462,0.500831271437962,0.49531822253204894
851,/wynton/group/sali/mhancock/xray/sample_bench/out/266_decoys/0/output_179/pdbs/67.pdb,766.1349116351888,0.768726295874637,0.3228897750078637,0.8938207028382776,0.6771102249921362,0.1061792971617224,5.745565726919793,0.45930239383880245,0.4659175782032837,5.740186114871637,0.46101451180443215,0.4690173089311458
852,/wynton/group/sali/mhancock/xray/sample_bench/out/266_decoys/0/output_90/pdbs/44.pdb,708.1726943993554,0.5680088008168573,0.288862481181055,0.9095825549913672,0.711137518818945,0.0904174450086327,5.6962273749070205,0.410835763847914,0.4228425287978182,5.69121453887213,0.429468135270539,0.42828477154209427
853,/wynton/group/sali/mhancock/xray/sample_bench/out/266_decoys/0/output_231/pdbs/85.pdb,780.3142809214245,0.8933863940989977,0.1844165112277646,0.2302158420333349,0.8155834887722354,0.7697841579666651,5.775745722167511,0.4855132522820185,0.49646697411203267,5.764691166882827,0.48933746921634313,0.4941461820911251
854,/wynton/group/sali/mhancock/xray/sample_bench/out/266_decoys/0/output_232/pdbs/31.pdb,914.45687520461,0.41828534979776816,0.2704682533350515,0.6479286848710817,0.7295317466649485,0.3520713151289182,5.63518851420278,0.3833233039512631,0.3838422212787754,5.599622244997886,0.3773987179955682,0.3686685279060715
855,/wynton/group/sali/mhancock/xray/sample_bench/out/266_decoys/0/output_224/pdbs/59.pdb,702.8512635307779,0.6900514317443738,0.5714264284603771,0.7531561729586252,0.4285735715396229,0.2468438270413748,5.733613909745217,0.4392345467256621,0.4517829427900328,5.726748600221066,0.44414336894595574,0.4552927465745592
856,/wynton/group/sali/mhancock/xray/sample_bench/out/266_decoys/0/output_45/pdbs/76.pdb,753.1649594671879,0.8100967260401271,0.540798011775291,0.5434971895784916,0.459201988224709,0.4565028104215083,5.7552878219334405,0.4639874248754327,0.4775067539914867,5.7430099697675265,0.4717941640110407,0.4750180988145654
857,/wynton/group/sali/mhancock/xray/sample_bench/out/266_decoys/0/output_48/pdbs/66.pdb,804.7064570531612,0.7570524056995438,0.8015647105483279,0.0625933428011577,0.1984352894516721,0.9374066571988424,5.748074776896115,0.45705490570701796,0.46869937341101464,5.741801681014418,0.4530841159052725,0.468460593331429
858,/wynton/group/sali/mhancock/xray/sample_bench/out/266_decoys/0/output_216/pdbs/81.pdb,728.541449073782,0.853156071793667,0.2070294146913309,0.5763182982528966,0.792970585308669,0.4236817017471033,5.766029212943715,0.47787871655289843,0.4880806199313172,5.752434490122263,0.4804940544091742,0.4833752347554047
859,/wynton/group/sali/mhancock/xray/sample_bench/out/266_decoys/0/output_23/pdbs/70.pdb,710.3668471159515,0.7946807720118283,0.1945912411639501,0.0191690726626459,0.8054087588360499,0.980830927337354,5.755500357380386,0.4594253711801392,0.4735423700118905,5.7474387451307205,0.4688694319253852,0.476916555792157
860,/wynton/group/sali/mhancock/xray/sample_bench/out/266_decoys/0/output_167/pdbs/69.pdb,735.6806011955496,0.7675284671292311,0.5735169216428232,0.3642300051873635,0.4264830783571768,0.6357699948126365,5.747597173659981,0.4586587990170316,0.46745761934424024,5.73671865453689,0.4568210697312283,0.4647196950430138
861,/wynton/group/sali/mhancock/xray/sample_bench/out/266_decoys/0/output_24/pdbs/93.pdb,844.4160671282814,0.9561501001804603,0.1088561053043544,0.6415702312498516,0.8911438946956456,0.3584297687501485,5.776394321980843,0.49332979278362393,0.5050768204379978,5.76195304232775,0.48999834212694593,0.4988006877164209
862,/wynton/group/sali/mhancock/xray/sample_bench/out/266_decoys/0/output_75/pdbs/25.pdb,827.0240038892348,0.3275591406582008,0.5152148780569908,0.4153647544213097,0.4847851219430091,0.5846352455786903,5.552487753687965,0.33450821426851873,0.33996155662913957,5.520355349473042,0.33199963534826904,0.328366729035026
863,/wynton/group/sali/mhancock/xray/sample_bench/out/266_decoys/0/output_178/pdbs/86.pdb,822.3583816903174,0.8981778069536517,0.6691017797263691,0.2123016911551164,0.3308982202736309,0.7876983088448836,5.767518722032277,0.4875473048117237,0.4907375483050758,5.759278625923324,0.49171400975543494,0.4929954908891816
864,/wynton/group/sali/mhancock/xray/sample_bench/out/266_decoys/0/output_209/pdbs/32.pdb,754.0328474632718,0.4426147451995448,0.6854903544813153,0.9463441527134978,0.3145096455186846,0.0536558472865021,5.621137665465338,0.3721596486645336,0.374723553104303,5.6410237561182965,0.39613071499895736,0.3938996353900134
865,/wynton/group/sali/mhancock/xray/sample_bench/out/266_decoys/0/output_160/pdbs/65.pdb,727.4761277989567,0.7402106200833974,0.1411035587254703,0.6111538101215289,0.8588964412745297,0.3888461898784711,5.749382317924732,0.4563691665986036,0.4676271128623651,5.731879394156609,0.4518223249229631,0.458055675553163
866,/wynton/group/sali/mhancock/xray/sample_bench/out/266_decoys/0/output_216/pdbs/59.pdb,713.5481572377355,0.6796196142202385,0.6052699322893982,0.5341508447799832,0.3947300677106017,0.4658491552200169,5.733510044567609,0.4380439489512335,0.4522283772551806,5.723065970195865,0.4397823040231351,0.4506159328101012
867,/wynton/group/sali/mhancock/xray/sample_bench/out/266_decoys/0/output_145/pdbs/94.pdb,809.0719268445657,0.9617241794704185,0.655946460641817,0.2265002484792264,0.344053539358183,0.7734997515207735,5.775164144716597,0.4859034109693329,0.4994405547362385,5.7683299179386855,0.4935661720007256,0.502085792353218
868,/wynton/group/sali/mhancock/xray/sample_bench/out/266_decoys/0/output_30/pdbs/65.pdb,741.3540333353711,0.7353178512208436,0.5356855411426346,0.1931449087853595,0.4643144588573654,0.8068550912146405,5.743495225002494,0.441460186530679,0.4569975551355774,5.735931504898156,0.449264958923444,0.4607359684902391
869,/wynton/group/sali/mhancock/xray/sample_bench/out/266_decoys/0/output_236/pdbs/91.pdb,755.3422693445111,0.9323400878020778,0.2079359649170003,0.2437406062382233,0.7920640350829996,0.7562593937617766,5.772718522600741,0.4963118102932415,0.4973088798294934,5.760309108949409,0.48999328880450266,0.49680141557332985
870,/wynton/group/sali/mhancock/xray/sample_bench/out/266_decoys/0/output_224/pdbs/49.pdb,595.816899882821,0.6014495373943808,0.2274751843787958,0.4835963315670801,0.7725248156212042,0.5164036684329198,5.718611585439025,0.4182510123779004,0.4388078600919899,5.697053881613034,0.41829216204123315,0.4288364752866008
871,/wynton/group/sali/mhancock/xray/sample_bench/out/266_decoys/0/output_144/pdbs/83.pdb,762.5160844479024,0.8829937259267298,0.5614976302423133,0.3349832262673111,0.4385023697576867,0.6650167737326889,5.769144270502207,0.4856179744116951,0.4892186755672412,5.756646674914496,0.4918456684523277,0.49110757088485496
872,/wynton/group/sali/mhancock/xray/sample_bench/out/266_decoys/0/output_7/pdbs/29.pdb,875.2669219997242,0.38876799687894226,0.5662475440540155,0.1408181994582344,0.4337524559459846,0.8591818005417655,5.59759010315579,0.3581535523187325,0.36091714055119944,5.592882563171877,0.3699080979882602,0.36434143161597277
873,/wynton/group/sali/mhancock/xray/sample_bench/out/266_decoys/0/output_16/pdbs/85.pdb,788.2719073943877,0.8784761063657236,0.6450098932184255,0.5607395896876797,0.3549901067815745,0.4392604103123203,5.7667553316936315,0.47833651988453224,0.4870282229830403,5.754514609663491,0.48021076651432404,0.48665060203044574
874,/wynton/group/sali/mhancock/xray/sample_bench/out/266_decoys/0/output_6/pdbs/34.pdb,913.9686878865152,0.440146171919402,0.4681569363426088,0.2819911721023392,0.5318430636573911,0.7180088278976607,5.6382666054285195,0.38137863782020026,0.3825502310053323,5.615865891649001,0.38019754249487336,0.37716271447476474
875,/wynton/group/sali/mhancock/xray/sample_bench/out/266_decoys/0/output_191/pdbs/73.pdb,734.3489581307621,0.8046111478771479,0.6668327861583966,0.8241379029857777,0.3331672138416033,0.1758620970142222,5.756404462319322,0.45894759403990953,0.4735335388772386,5.752853938927552,0.46882158618459263,0.4774819372556832
876,/wynton/group/sali/mhancock/xray/sample_bench/out/266_decoys/0/output_203/pdbs/55.pdb,707.1200210735323,0.6546704541117767,0.4946326237640694,0.3167152510339938,0.5053673762359305,0.6832847489660061,5.731679394940344,0.4169545212039049,0.44544529423198526,5.719360452364829,0.4202868706912027,0.44342048680339996
877,/wynton/group/sali/mhancock/xray/sample_bench/out/266_decoys/0/output_20/pdbs/92.pdb,774.009453885525,0.9545701298105531,0.2645098269794473,0.9480998207803556,0.7354901730205528,0.0519001792196444,5.773770129157755,0.49129570047933163,0.49826161137660957,5.87740563792874,0.4925502518143244,0.5021207091871691
878,/wynton/group/sali/mhancock/xray/sample_bench/out/266_decoys/0/output_109/pdbs/20.pdb,788.6748017384002,0.26729712008440143,0.4019003140001181,0.5095979871262382,0.5980996859998817,0.4904020128737618,5.4885008674150235,0.30494929668783455,0.310369280242931,5.433525232446934,0.29135860237469446,0.2928770973194714
879,/wynton/group/sali/mhancock/xray/sample_bench/out/266_decoys/0/output_137/pdbs/84.pdb,743.3283996116553,0.8638863444883318,0.6947693719811694,0.4959049566250851,0.3052306280188305,0.5040950433749148,5.769920121369015,0.48700750096954537,0.4890844831859447,5.754993323072711,0.48350120320576295,0.4887615966899854
880,/wynton/group/sali/mhancock/xray/sample_bench/out/266_decoys/0/output_135/pdbs/90.pdb,832.6510856520091,0.9102794262116509,0.1079632642444925,0.4501651628060726,0.8920367357555075,0.5498348371939273,5.77562122175461,0.49730468701374125,0.49930713626016193,5.7603249138292485,0.4944772835942061,0.49066578775719605
881,/wynton/group/sali/mhancock/xray/sample_bench/out/266_decoys/0/output_89/pdbs/90.pdb,807.5152364078166,0.9092747967396925,0.4786304678973651,0.440140708660392,0.5213695321026348,0.5598592913396079,5.772184054749187,0.48605070941811696,0.49267810897005393,5.75980154819408,0.4925179942375049,0.4921393734522098
882,/wynton/group/sali/mhancock/xray/sample_bench/out/266_decoys/0/output_191/pdbs/34.pdb,897.1293359762167,0.4436125391620447,0.3544683947963432,0.2656207612584035,0.6455316052036568,0.7343792387415965,5.643468079693955,0.3806787575456291,0.3891194562753539,5.618972345866077,0.3775553428607784,0.37781978839844643
883,/wynton/group/sali/mhancock/xray/sample_bench/out/266_decoys/0/output_113/pdbs/47.pdb,715.6359431478063,0.571681063921853,0.6212311870645321,0.3912866059161566,0.3787688129354679,0.6087133940838434,5.700823990232103,0.40957364599257023,0.42774024474355665,5.6882319382959965,0.41227197004233895,0.4219092368405422
884,/wynton/group/sali/mhancock/xray/sample_bench/out/266_decoys/0/output_113/pdbs/86.pdb,833.3289730703102,0.8947619334631983,0.5255305782309233,0.8213912944213662,0.4744694217690767,0.1786087055786338,5.766669692231743,0.4864760013721554,0.4896989354350464,5.759829532803557,0.4929134391410615,0.4966981805589187
885,/wynton/group/sali/mhancock/xray/sample_bench/out/266_decoys/0/output_201/pdbs/83.pdb,783.4705825220514,0.9017040417006152,0.0834449386299843,0.8288436781728541,0.9165550613700156,0.1711563218271458,5.77357053881342,0.49547565040543223,0.4948853037126459,5.757733009132513,0.4925294748758,0.4920004182350582
886,/wynton/group/sali/mhancock/xray/sample_bench/out/266_decoys/0/output_187/pdbs/20.pdb,785.1261145664366,0.2560859205548036,0.7494587222753601,0.3627509436258924,0.2505412777246398,0.6372490563741076,5.461973106554698,0.29397820772253747,0.30031750172430804,5.429547362006856,0.28790171502604495,0.29159999682240606
887,/wynton/group/sali/mhancock/xray/sample_bench/out/266_decoys/0/output_117/pdbs/74.pdb,692.0969903945568,0.7992841692176014,0.3132411521639134,0.5522680445739925,0.6867588478360865,0.4477319554260075,5.752169202318098,0.46761713444269437,0.475604433636794,5.740705986840831,0.46699570287290154,0.472908115692234
888,/wynton/group/sali/mhancock/xray/sample_bench/out/266_decoys/0/output_240/pdbs/69.pdb,760.7265789023105,0.7666161007113756,0.6051623963281035,0.5169477253086163,0.3948376036718964,0.4830522746913837,5.744945982036218,0.4611887008109848,0.4645958360530934,5.734277878232976,0.4602828103310999,0.4624698415119139
889,/wynton/group/sali/mhancock/xray/sample_bench/out/266_decoys/0/output_75/pdbs/64.pdb,750.0050561609348,0.7204933090988581,0.4225412867843682,0.3087573764790631,0.5774587132156317,0.6912426235209368,5.738242999597889,0.4476442137860344,0.4577933994588135,5.729675188689606,0.45095701425191714,0.4559123904834516
890,/wynton/group/sali/mhancock/xray/sample_bench/out/266_decoys/0/output_35/pdbs/30.pdb,942.1560365209439,0.39925302583281574,0.3355829313725201,0.672543075699612,0.6644170686274797,0.3274569243003878,5.618423843288824,0.3704675053293376,0.37328629435821714,5.5900345499457424,0.3680246235812244,0.36143480920167254
891,/wynton/group/sali/mhancock/xray/sample_bench/out/266_decoys/0/output_33/pdbs/23.pdb,762.8725612559888,0.307626246257337,0.3993977194553083,0.6923565860812744,0.6006022805446919,0.3076434139187256,5.536400265068197,0.3288304894274759,0.33279521226182524,5.515761026213942,0.33323714363520884,0.32661008145492915
892,/wynton/group/sali/mhancock/xray/sample_bench/out/266_decoys/0/output_160/pdbs/69.pdb,731.0494293028613,0.7647305431554492,0.5684582930516467,0.5898341299587152,0.4315417069483532,0.4101658700412849,5.746374606724128,0.45546141549081975,0.4646442808236777,5.737645866826906,0.45787291119864887,0.46324987995765954
893,/wynton/group/sali/mhancock/xray/sample_bench/out/266_decoys/0/output_4/pdbs/82.pdb,746.7702703668758,0.8972056932897385,0.7823873192639376,0.8408981944911186,0.2176126807360624,0.1591018055088813,5.769957726133216,0.4863208034177446,0.4919881340609255,5.759909302923428,0.492248813125727,0.4945679109626834
894,/wynton/group/sali/mhancock/xray/sample_bench/out/266_decoys/0/output_121/pdbs/54.pdb,733.5560630537714,0.6591350405270278,0.1680020144889257,0.2386584085028574,0.8319979855110743,0.7613415914971426,5.734365982229038,0.42667655040310654,0.45034866236377863,5.713341132149418,0.4269387474207096,0.4423656314085083
895,/wynton/group/sali/mhancock/xray/sample_bench/out/266_decoys/0/output_163/pdbs/36.pdb,662.5895916557122,0.4616408466071048,0.3217260544904698,0.1215981504093868,0.6782739455095301,0.8784018495906132,5.65574617508198,0.38665942221482746,0.3940538082023039,5.638363964793083,0.3907982123932897,0.3895017125639742
896,/wynton/group/sali/mhancock/xray/sample_bench/out/266_decoys/0/output_27/pdbs/80.pdb,712.1529067937597,0.8421485290649697,0.3134953734956194,0.6360390796871881,0.6865046265043806,0.3639609203128118,5.762216985111552,0.47630832779680066,0.4850743493981608,5.750070490467578,0.47978189504358026,0.48216832226706596
897,/wynton/group/sali/mhancock/xray/sample_bench/out/266_decoys/0/output_6/pdbs/76.pdb,752.582814160051,0.8172923438036608,0.474982458627925,0.5937671641511235,0.525017541372075,0.4062328358488764,5.759094075075696,0.46319051077565293,0.4770853492840998,5.745679220835417,0.46878773727096956,0.47668122414270636
898,/wynton/group/sali/mhancock/xray/sample_bench/out/266_decoys/0/output_185/pdbs/51.pdb,621.1828032605001,0.6140119070368977,0.6023606932063789,0.7208147220152701,0.3976393067936211,0.27918527798473,5.715591212899459,0.4149210529145239,0.43800668159477407,5.707414954865669,0.42941303588694263,0.4388985610569271
899,/wynton/group/sali/mhancock/xray/sample_bench/out/266_decoys/0/output_37/pdbs/51.pdb,622.7619118942857,0.6168288455588509,0.5913660788977455,0.8000333381677434,0.4086339211022544,0.1999666618322566,5.713030266373156,0.41534983715957485,0.43818020542871206,5.708341150758594,0.4322686453788796,0.44022746821880393
900,/wynton/group/sali/mhancock/xray/sample_bench/out/266_decoys/0/output_104/pdbs/43.pdb,652.3306419173857,0.5666573733557375,0.9492287886966608,0.7975944338825528,0.050771211303339,0.2024055661174472,5.694704421781138,0.420943646474957,0.4241572593289714,5.682683552926422,0.42465352805923223,0.41971043210851006
901,/wynton/group/sali/mhancock/xray/sample_bench/out/266_decoys/0/output_98/pdbs/63.pdb,747.4452469481739,0.7330290048492251,0.8594807289952922,0.205058910157862,0.1405192710047078,0.794941089842138,5.743557567091328,0.45268988223059675,0.46305659817789163,5.733741943724982,0.4475447036171311,0.45806010541509806
902,/wynton/group/sali/mhancock/xray/sample_bench/out/266_decoys/0/output_97/pdbs/97.pdb,766.9170834238063,0.967627663943013,0.4088935187161512,0.5258702009906303,0.5911064812838488,0.4741297990093696,5.776301491867576,0.48602367748405906,0.49943047644865424,5.7658557286345,0.4840726883267451,0.5011163346206209
903,/wynton/group/sali/mhancock/xray/sample_bench/out/266_decoys/0/output_153/pdbs/55.pdb,716.6775825228256,0.6633299669705102,0.1980367004867412,0.8651273193020397,0.8019632995132587,0.1348726806979602,5.735735922245641,0.4305406697435872,0.45115695936673655,5.720731266863644,0.44950392874203365,0.4505441476199048
904,/wynton/group/sali/mhancock/xray/sample_bench/out/266_decoys/0/output_178/pdbs/64.pdb,770.4230235503798,0.7389711021778772,0.7181571814669847,0.5112217957743365,0.2818428185330152,0.4887782042256636,5.741052685407636,0.4496464657342517,0.4600379227919742,5.730202203331319,0.438810157675825,0.4554723698939382
905,/wynton/group/sali/mhancock/xray/sample_bench/out/266_decoys/0/output_195/pdbs/60.pdb,726.5841137549036,0.7050729888139045,0.8993653717653789,0.3833880186636495,0.1006346282346211,0.6166119813363504,5.741467221115625,0.45121376011427594,0.46113262749343625,5.726940364074285,0.4364250228909046,0.4514375534125291
906,/wynton/group/sali/mhancock/xray/sample_bench/out/266_decoys/0/output_71/pdbs/38.pdb,852.5643505154753,0.4895182802977706,0.7570702487743947,0.7761161715641968,0.2429297512256053,0.2238838284358033,5.662807334945692,0.3906327234751034,0.401668696655082,5.655151475240653,0.40667421267052173,0.4016356187527067
907,/wynton/group/sali/mhancock/xray/sample_bench/out/266_decoys/0/output_128/pdbs/98.pdb,733.3569502409291,0.9981796537355234,0.8951181273231654,0.8210244042668752,0.1048818726768345,0.1789755957331248,5.781204255749972,0.48726652823756134,0.510535977197808,5.772209310945569,0.4940103874784729,0.5084365003926329
908,/wynton/group/sali/mhancock/xray/sample_bench/out/266_decoys/0/output_189/pdbs/60.pdb,731.4836878400569,0.6911687528744548,0.5683973235411465,0.3559785565792985,0.4316026764588536,0.6440214434207014,5.735339349909115,0.4366954803819923,0.45316746543205577,5.723731772184004,0.43176950848309,0.4522190634263894
909,/wynton/group/sali/mhancock/xray/sample_bench/out/266_decoys/0/output_162/pdbs/47.pdb,732.9520783073137,0.6046859207594455,0.3765515752159836,0.9681578332169236,0.6234484247840164,0.0318421667830762,5.702367169116804,0.4139759389063432,0.4301513342959333,5.708387679933704,0.44592183564607746,0.443160390530113
910,/wynton/group/sali/mhancock/xray/sample_bench/out/266_decoys/0/output_10/pdbs/24.pdb,731.9186243955482,0.31308008592555797,0.8298872245396589,0.510626576905105,0.1701127754603411,0.4893734230948949,5.544214206002746,0.33224439404536094,0.33574741698083393,5.513836270977618,0.32907272459505094,0.3258296795730219
911,/wynton/group/sali/mhancock/xray/sample_bench/out/266_decoys/0/output_12/pdbs/71.pdb,597.4071431481431,0.7785985592790428,0.2688034594206563,0.6354706324672841,0.7311965405793437,0.364529367532716,5.75318945515809,0.45939219853976804,0.471484528775325,5.741199703682977,0.46401380266258924,0.46867598760042645
912,/wynton/group/sali/mhancock/xray/sample_bench/out/266_decoys/0/output_35/pdbs/75.pdb,669.9351247917523,0.8365889446650454,0.0374602793062949,0.5395654062071484,0.9625397206937052,0.4604345937928517,5.763257288527438,0.46529138964419475,0.48544117447624463,5.740807561602623,0.4672522428098192,0.4732134388073726
913,/wynton/group/sali/mhancock/xray/sample_bench/out/266_decoys/0/output_49/pdbs/80.pdb,718.149239618766,0.8628229107777196,0.9057191455498836,0.4261667398939606,0.0942808544501164,0.5738332601060394,5.763450100107747,0.4909068005662271,0.4861245615291688,5.748281877360218,0.47578978204983724,0.48089344118307314
914,/wynton/group/sali/mhancock/xray/sample_bench/out/266_decoys/0/output_69/pdbs/90.pdb,814.9128860817159,0.9166827426929538,0.8674447554630726,0.5312845195436893,0.1325552445369273,0.4687154804563107,5.7707096635792485,0.4861727908564599,0.4963260009653041,5.755876136258931,0.48770076373591176,0.49156126670625433
915,/wynton/group/sali/mhancock/xray/sample_bench/out/266_decoys/0/output_200/pdbs/39.pdb,752.581899405983,0.49359110782635196,0.8251164172454729,0.3752009128990963,0.1748835827545271,0.6247990871009037,5.667537278138829,0.39880891915226396,0.40359666476856515,5.64629341656381,0.3978673427285182,0.39405384131717963
916,/wynton/group/sali/mhancock/xray/sample_bench/out/266_decoys/0/output_11/pdbs/59.pdb,683.1090507786939,0.6744344249346131,0.5506541328103207,0.5527327505639569,0.4493458671896792,0.4472672494360431,5.732762157631346,0.43523333725485475,0.45026088162126593,5.7209748538303025,0.4393972252003765,0.44697733717054194
917,/wynton/group/sali/mhancock/xray/sample_bench/out/266_decoys/0/output_27/pdbs/81.pdb,722.8999445371613,0.8475749616716108,0.6389826028003229,0.5600861404105049,0.3610173971996771,0.4399138595894951,5.762594088723605,0.4802576261930434,0.48436014645241765,5.750385429881373,0.4839791451858905,0.4826778106384295
918,/wynton/group/sali/mhancock/xray/sample_bench/out/266_decoys/0/output_177/pdbs/22.pdb,741.3497554198505,0.2951102698144764,0.9353668904873504,0.6675684412917062,0.0646331095126496,0.3324315587082939,5.526509267725745,0.3236663074558982,0.3272825155207848,5.501950901319293,0.3253672173451616,0.32099504996471456
919,/wynton/group/sali/mhancock/xray/sample_bench/out/266_decoys/0/output_240/pdbs/46.pdb,633.8545379325383,0.5833844386720675,0.5238744566696196,0.9182335375543832,0.4761255433303803,0.0817664624456169,5.695483237036895,0.4103695220748231,0.42570745314665526,5.700708065459096,0.43570553036816106,0.4363111377916072
920,/wynton/group/sali/mhancock/xray/sample_bench/out/266_decoys/0/output_146/pdbs/92.pdb,788.039406904022,0.9149770280568013,0.4386130527108521,0.4484645942066758,0.561386947289148,0.5515354057933242,5.775673204959572,0.4921051746831663,0.4980547446728319,5.764272807181018,0.49364386169215596,0.4983150898433129
921,/wynton/group/sali/mhancock/xray/sample_bench/out/266_decoys/0/output_142/pdbs/99.pdb,727.8276857979241,0.9759191669609567,0.3183998746950328,0.3264204525780597,0.6816001253049672,0.6735795474219403,5.775650682892991,0.4920773428475176,0.5015693894320289,5.766089334493539,0.49573539579525705,0.5015253453155705
922,/wynton/group/sali/mhancock/xray/sample_bench/out/266_decoys/0/output_113/pdbs/44.pdb,704.6153197841509,0.5545657168441225,0.4779114514166586,0.8347856090395062,0.5220885485833414,0.1652143909604939,5.689705275269766,0.40547036678708426,0.4187883249578442,5.687483601777952,0.4239025519185676,0.4241459893163615
923,/wynton/group/sali/mhancock/xray/sample_bench/out/266_decoys/0/output_52/pdbs/47.pdb,721.160104580624,0.5766478439055607,0.3581183601517992,0.2803916504190251,0.6418816398482008,0.719608349580975,5.704349980635911,0.41197659615440685,0.4292027848853111,5.690427917598706,0.41470027105479407,0.42330243118451044
924,/wynton/group/sali/mhancock/xray/sample_bench/out/266_decoys/0/output_79/pdbs/68.pdb,742.1315774193564,0.7694331926645233,0.6945780505912061,0.4359718994448645,0.3054219494087939,0.5640281005551355,5.748320790164081,0.4605571271481964,0.4693653749823609,5.740363420606783,0.45655861012573923,0.4660034422983721
925,/wynton/group/sali/mhancock/xray/sample_bench/out/266_decoys/0/output_152/pdbs/70.pdb,699.3469426767964,0.7877858207066484,0.3765425662634294,0.0614697834665368,0.6234574337365705,0.9385302165334632,5.751210494099574,0.4513653811783796,0.4684910137434705,5.744888163356885,0.45763691063599726,0.4731629546221961
926,/wynton/group/sali/mhancock/xray/sample_bench/out/266_decoys/0/output_166/pdbs/73.pdb,719.3051889076663,0.8224591400616705,0.9559447585172806,0.276054299276027,0.0440552414827194,0.7239457007239731,5.760948519505766,0.4746371746807651,0.4828378113085242,5.741291877771173,0.46692533003252573,0.4707101006018073
927,/wynton/group/sali/mhancock/xray/sample_bench/out/266_decoys/0/output_59/pdbs/67.pdb,797.920675549847,0.7671145608997383,0.7300343574474049,0.1035953873442004,0.2699656425525951,0.8964046126557995,5.744446611028091,0.4615418268905809,0.46578312629982266,5.74127785593088,0.46448597712473993,0.4669895176438533
928,/wynton/group/sali/mhancock/xray/sample_bench/out/266_decoys/0/output_201/pdbs/87.pdb,808.393247407419,0.898622087683236,0.6026081849509153,0.5550002716913559,0.3973918150490846,0.444999728308644,5.768618518983834,0.4873617384010023,0.488761696673245,5.757022265304395,0.48846169087387636,0.4892231030842954
929,/wynton/group/sali/mhancock/xray/sample_bench/out/266_decoys/0/output_138/pdbs/87.pdb,775.2264721031402,0.9095030029258313,0.1207779581300563,0.9208929216475892,0.8792220418699437,0.0791070783524107,5.772868846479146,0.49379702010579696,0.49903229867018356,5.763549545710548,0.49983271581621647,0.49766577932375183
930,/wynton/group/sali/mhancock/xray/sample_bench/out/266_decoys/0/output_121/pdbs/39.pdb,751.2409603266574,0.49453143665382737,0.3853128886136548,0.4857712463016166,0.614687111386345,0.5142287536983834,5.668007695231162,0.39891288796017277,0.4030372115115964,5.64745273886658,0.4014496273980873,0.39487512505377426
931,/wynton/group/sali/mhancock/xray/sample_bench/out/266_decoys/0/output_205/pdbs/62.pdb,635.4015809426086,0.7079962925873635,0.3096400844421657,0.4535377581460111,0.6903599155578343,0.546462241853989,5.741354537288209,0.4448270305076042,0.4551472301880702,5.728020151168988,0.4458645151177385,0.4509548445408209
932,/wynton/group/sali/mhancock/xray/sample_bench/out/266_decoys/0/output_37/pdbs/98.pdb,714.674801110996,0.9545928320399657,0.5735780928196968,0.208569444344344,0.4264219071803031,0.7914305556556559,5.7745690602117,0.48383682027037156,0.4997192829941206,5.764413202587574,0.5023467195451613,0.5046331216072142
933,/wynton/group/sali/mhancock/xray/sample_bench/out/266_decoys/0/output_35/pdbs/36.pdb,660.7610858232449,0.4671743145250503,0.6520576741849358,0.6620610529711867,0.3479423258150641,0.3379389470288132,5.648235950695637,0.3865507136568788,0.3907916711187036,5.634255253540215,0.393181703673528,0.38782915774034443
934,/wynton/group/sali/mhancock/xray/sample_bench/out/266_decoys/0/output_150/pdbs/56.pdb,791.6159329884217,0.6598321257607711,0.6738197991567502,0.3957724799646094,0.3261802008432498,0.6042275200353906,5.733495951191085,0.4260551277831776,0.4495823661727858,5.723857028574128,0.429220390781299,0.445089539078992
935,/wynton/group/sali/mhancock/xray/sample_bench/out/266_decoys/0/output_9/pdbs/34.pdb,902.3778225751246,0.43636810900308987,0.4887395324316815,0.568509822829613,0.5112604675683186,0.431490177170387,5.637156922106244,0.37853051654972686,0.3833106322603541,5.617524719394757,0.38341490016991925,0.3773185830359606
936,/wynton/group/sali/mhancock/xray/sample_bench/out/266_decoys/0/output_134/pdbs/49.pdb,600.3180506735403,0.6046212728591004,0.860572758092377,0.1678976653540986,0.139427241907623,0.8321023346459013,5.715113732429529,0.4243608538017738,0.4376488899994303,5.702790752638824,0.41453604440975633,0.43133338498900653
937,/wynton/group/sali/mhancock/xray/sample_bench/out/266_decoys/0/output_215/pdbs/62.pdb,647.6451419559008,0.7219661482040214,0.9191784405144386,0.3911240807589801,0.0808215594855614,0.6088759192410199,5.743702744768468,0.4532541254523699,0.46359782773238306,5.728353150117096,0.43423467603215826,0.4532908899170958
938,/wynton/group/sali/mhancock/xray/sample_bench/out/266_decoys/0/output_217/pdbs/53.pdb,641.1210035342149,0.6339303236586182,0.3938803312227164,0.4232621654419313,0.6061196687772836,0.5767378345580687,5.727795567156353,0.41821073874707476,0.44233655932089094,5.712047053272909,0.42139285012722477,0.4371867406146526
939,/wynton/group/sali/mhancock/xray/sample_bench/out/266_decoys/0/output_116/pdbs/68.pdb,732.0530404674661,0.7929177310410189,0.1008753255304055,0.1363800693143618,0.8991246744695944,0.8636199306856381,5.755892014999185,0.46393489691416506,0.4750953858141188,5.741956005755761,0.4622891971948572,0.469202322557767
940,/wynton/group/sali/mhancock/xray/sample_bench/out/266_decoys/0/output_75/pdbs/20.pdb,794.0415328768083,0.25736062114435276,0.7323903352753336,0.4787732653355862,0.2676096647246664,0.5212267346644138,5.461479217741642,0.2949728647582494,0.29972953468950025,5.432504331613842,0.29172276023548177,0.2923467128176662
941,/wynton/group/sali/mhancock/xray/sample_bench/out/266_decoys/0/output_49/pdbs/22.pdb,743.3448518616062,0.32615311670185276,0.0268764489021045,0.108331509699693,0.9731235510978956,0.8916684903003069,5.598616497641211,0.35391997239478135,0.3633718520636606,5.499203313376475,0.3122536884449802,0.3194278658017382
942,/wynton/group/sali/mhancock/xray/sample_bench/out/266_decoys/0/output_200/pdbs/61.pdb,646.7874207734092,0.7057377705429102,0.6543198143228974,0.5430114177569961,0.3456801856771026,0.4569885822430038,5.73653856782436,0.44954669806167336,0.4553414445718471,5.726352061191875,0.4442287748071676,0.45029509736971507
943,/wynton/group/sali/mhancock/xray/sample_bench/out/266_decoys/0/output_35/pdbs/45.pdb,628.3346363626567,0.5612797942169256,0.4387995736371268,0.5763640725579642,0.5612004263628732,0.4236359274420357,5.695658143468814,0.4074671713058406,0.42340033668006005,5.679270061922292,0.4135559076952076,0.41759133283140054
944,/wynton/group/sali/mhancock/xray/sample_bench/out/266_decoys/0/output_88/pdbs/42.pdb,606.5141357157081,0.5287101139737435,0.455217419747714,0.3698245729627538,0.5447825802522859,0.6301754270372462,5.682846925976885,0.4017344714620437,0.413512286473613,5.668922227235631,0.4030160866540168,0.40793732817005124
945,/wynton/group/sali/mhancock/xray/sample_bench/out/266_decoys/0/output_245/pdbs/52.pdb,569.9668947278747,0.6240861123568047,0.3156735817062918,0.1546853679892715,0.6843264182937082,0.8453146320107285,5.722940525362643,0.4166799713529432,0.44071358489726603,5.714637007168222,0.42889807224208093,0.4409464703293169
946,/wynton/group/sali/mhancock/xray/sample_bench/out/266_decoys/0/output_83/pdbs/27.pdb,774.2510484988732,0.355229340208823,0.7683396386165041,0.3726855429041482,0.2316603613834958,0.6273144570958519,5.574364550298983,0.34912036924445544,0.35059400766582877,5.547358851674184,0.3489654757100531,0.33990846110711154
947,/wynton/group/sali/mhancock/xray/sample_bench/out/266_decoys/0/output_149/pdbs/36.pdb,645.2225743448105,0.467048680380013,0.5845581327275097,0.5159079269534813,0.4154418672724904,0.4840920730465186,5.649216111792806,0.3831635226554878,0.39205069825224836,5.631687179608451,0.38607289971296843,0.38728742032185165
948,/wynton/group/sali/mhancock/xray/sample_bench/out/266_decoys/0/output_192/pdbs/53.pdb,655.5365440937344,0.6493904861365349,0.5612493095314212,0.1231958771286369,0.4387506904685788,0.8768041228713631,5.7201482652665,0.42017453613862993,0.44005636531945774,5.72056624869816,0.4304070953064857,0.44419735211569933
949,/wynton/group/sali/mhancock/xray/sample_bench/out/266_decoys/0/output_95/pdbs/89.pdb,790.0156509415689,0.916911998835088,0.4853883003737291,0.3786367621506351,0.5146116996262707,0.621363237849365,5.772350736780102,0.4764643931650928,0.4941743100997316,5.760493269831842,0.4820020946842628,0.4928611108870081
950,/wynton/group/sali/mhancock/xray/sample_bench/out/266_decoys/0/output_115/pdbs/49.pdb,595.6172851133535,0.6099789129701781,0.2979258083595674,0.2772687170171306,0.7020741916404327,0.7227312829828695,5.715651121893015,0.41441336381020266,0.43801441131434193,5.701198754761644,0.4175887713777724,0.4309638880713122
951,/wynton/group/sali/mhancock/xray/sample_bench/out/266_decoys/0/output_226/pdbs/60.pdb,718.3278603908294,0.6846012895567356,0.442732907184359,0.512504889117347,0.557267092815641,0.4874951108826529,5.73438809407342,0.43629261215698595,0.4498003171696302,5.724270006057959,0.43816564862135005,0.4477642531975377
952,/wynton/group/sali/mhancock/xray/sample_bench/out/266_decoys/0/output_222/pdbs/91.pdb,756.3530247882363,0.9351349143147796,0.816640892571041,0.5443149601260844,0.1833591074289589,0.4556850398739155,5.771302786834786,0.49453219894727174,0.4974062262164754,5.758102544142629,0.485231725888825,0.4907433303765185
953,/wynton/group/sali/mhancock/xray/sample_bench/out/266_decoys/0/output_150/pdbs/22.pdb,749.566340630764,0.29177447331950424,0.5383958213006635,0.4590731928721913,0.4616041786993364,0.5409268071278086,5.511732731207875,0.31781204540103003,0.32163328095482846,5.480376548581686,0.3126354286121614,0.3112267459951618
954,/wynton/group/sali/mhancock/xray/sample_bench/out/266_decoys/0/output_22/pdbs/98.pdb,694.2334561967486,1.0039108081588446,0.9322304927581176,0.1409125674705358,0.0677695072418822,0.8590874325294641,5.7759681396549,0.4913125693881341,0.5026571367721221,5.764487441066152,0.5028720683509211,0.5039892981085515
955,/wynton/group/sali/mhancock/xray/sample_bench/out/266_decoys/0/output_86/pdbs/59.pdb,713.1550574082734,0.6834587149347119,0.2874470408427624,0.5136056287010321,0.7125529591572376,0.4863943712989678,5.7407496225428325,0.42932064798038827,0.4545980491856194,5.723061933390324,0.4327595727254932,0.4472222582724022
956,/wynton/group/sali/mhancock/xray/sample_bench/out/266_decoys/0/output_243/pdbs/53.pdb,653.4167229028445,0.6461900126718975,0.0136252036888129,0.5962403728879412,0.9863747963111872,0.4037596271120588,5.740393631132611,0.4337122796599036,0.45631996532618524,5.707929428070292,0.43059956693158025,0.4382010426820766
957,/wynton/group/sali/mhancock/xray/sample_bench/out/266_decoys/0/output_20/pdbs/51.pdb,625.6187111677987,0.6244479144750794,0.3660725147435159,0.4909060154370216,0.6339274852564841,0.5090939845629783,5.722121166157211,0.41552865100185626,0.4419711405797658,5.703919102623358,0.4227400960333961,0.43524667705129305
958,/wynton/group/sali/mhancock/xray/sample_bench/out/266_decoys/0/output_73/pdbs/97.pdb,773.3591102182552,0.9706207030573899,0.6674071784932856,0.8557008412925012,0.3325928215067144,0.1442991587074987,5.773882415272513,0.4846155936588448,0.4988090427140401,5.766000979209443,0.4921325573238302,0.5060736665558966
959,/wynton/group/sali/mhancock/xray/sample_bench/out/266_decoys/0/output_191/pdbs/80.pdb,688.3817094043274,0.8414184867355952,0.3570243104320975,0.4108522607533397,0.6429756895679026,0.5891477392466603,5.7668551172756235,0.4730317952180297,0.4841071667403289,5.754053173481656,0.47642483649233536,0.48272193306186806
960,/wynton/group/sali/mhancock/xray/sample_bench/out/266_decoys/0/output_228/pdbs/64.pdb,764.4603120976778,0.7227196585355642,0.2916056306540676,0.4006411826736875,0.7083943693459324,0.5993588173263125,5.7459781989675625,0.44342912928585415,0.46060693281056236,5.732433883704886,0.446222368808853,0.455036008395378
961,/wynton/group/sali/mhancock/xray/sample_bench/out/266_decoys/0/output_126/pdbs/57.pdb,840.2237796046611,0.6814213236221736,0.6649482503896165,0.9356365618070298,0.3350517496103835,0.0643634381929702,5.727090706249908,0.42791391656596167,0.44680740341894637,5.728220823764505,0.4479028111178574,0.45943947512662753
962,/wynton/group/sali/mhancock/xray/sample_bench/out/266_decoys/0/output_191/pdbs/62.pdb,634.3329622674903,0.6990928747106329,0.4730346869282348,0.5486101135237655,0.5269653130717652,0.4513898864762344,5.739912898579931,0.43771358080074557,0.4525334953278347,5.730244129669146,0.4382279718449542,0.45171809366601434
963,/wynton/group/sali/mhancock/xray/sample_bench/out/266_decoys/0/output_5/pdbs/34.pdb,889.8343292803322,0.44262656711952164,0.6191865256108932,0.1820301062349021,0.3808134743891069,0.8179698937650979,5.633504338320139,0.38046527119069423,0.38151653833102295,5.621177569126124,0.38251140031005276,0.38103893678882045
964,/wynton/group/sali/mhancock/xray/sample_bench/out/266_decoys/0/output_131/pdbs/41.pdb,613.7207776016569,0.5129288884493897,0.3889945794478492,0.5878582862118122,0.6110054205521508,0.4121417137881877,5.6786244382806705,0.4058233484651954,0.4133490797589448,5.659422430478248,0.41154397592647374,0.4055410987652926
965,/wynton/group/sali/mhancock/xray/sample_bench/out/266_decoys/0/output_68/pdbs/34.pdb,922.5875379092265,0.4472989913265083,0.9355089073234776,0.4638429544373726,0.0644910926765224,0.5361570455626273,5.651181652827109,0.3883746017379499,0.3937363177346438,5.611816987748493,0.37882559774594027,0.3748996334190736
966,/wynton/group/sali/mhancock/xray/sample_bench/out/266_decoys/0/output_104/pdbs/83.pdb,788.3137270933781,0.8741042963885766,0.5998011544458538,0.671357995219034,0.4001988455541462,0.3286420047809659,5.763077636189094,0.4868748564382168,0.4843274059655726,5.754675564002016,0.488660209951614,0.48657358182026084
967,/wynton/group/sali/mhancock/xray/sample_bench/out/266_decoys/0/output_174/pdbs/43.pdb,671.5812345564905,0.5475611553408062,0.4670867739262631,0.606944704633357,0.5329132260737369,0.3930552953666429,5.683775764790838,0.4056604409657299,0.41709794201583716,5.671300189271405,0.4108220041363839,0.4124685492383209
968,/wynton/group/sali/mhancock/xray/sample_bench/out/266_decoys/0/output_101/pdbs/53.pdb,656.9952007036075,0.6613814430561897,0.1285324534599466,0.1006297848989159,0.8714675465400533,0.8993702151010841,5.7375712966703185,0.4318368553606082,0.4533719275623894,5.72012079091619,0.4299711791306473,0.44759833352197587
969,/wynton/group/sali/mhancock/xray/sample_bench/out/266_decoys/0/output_210/pdbs/51.pdb,624.9588476695708,0.649317030693531,0.8476323629165581,0.860200242169331,0.1523676370834419,0.139799757830669,5.7253302652503795,0.4298960107151274,0.44733878776441593,5.714624037158758,0.44379552241627,0.445764111933838
970,/wynton/group/sali/mhancock/xray/sample_bench/out/266_decoys/0/output_77/pdbs/74.pdb,703.4154338588195,0.8211638323755595,0.7123327764406481,0.9870402584349685,0.2876672235593519,0.0129597415650315,5.754319038059947,0.4658250183051048,0.47362509908189315,5.860791813956861,0.47967313425371305,0.4830361896283447
971,/wynton/group/sali/mhancock/xray/sample_bench/out/266_decoys/0/output_112/pdbs/64.pdb,750.0888359887982,0.7237411385522159,0.4522159461744247,0.4065890484343074,0.5477840538255753,0.5934109515656926,5.742953647549188,0.44187589499391056,0.45749514051405965,5.73050707469801,0.43999635965016665,0.45559081154753234
972,/wynton/group/sali/mhancock/xray/sample_bench/out/266_decoys/0/output_172/pdbs/78.pdb,653.7217481585778,0.8693744144366522,0.5453178973682997,0.9682432200392294,0.4546821026317004,0.0317567799607706,5.762143782259812,0.47434502405558554,0.4840914346913597,5.869490493244408,0.48249596700736314,0.4925212587738221
973,/wynton/group/sali/mhancock/xray/sample_bench/out/266_decoys/0/output_159/pdbs/39.pdb,751.5355056644787,0.5041618655814996,0.596029509576445,0.690290494146905,0.4039704904235549,0.309709505853095,5.668030223902247,0.39754948256555817,0.40261901184833676,5.655846922655036,0.4060060223774751,0.40269444481487765
974,/wynton/group/sali/mhancock/xray/sample_bench/out/266_decoys/0/output_37/pdbs/96.pdb,795.7578409196733,0.9334794826459245,0.6363685779537251,0.4772873965586657,0.3636314220462748,0.5227126034413343,5.773616495323264,0.4843107941312506,0.49929178301720073,5.762160681313265,0.48801225486280164,0.49812731813650496
975,/wynton/group/sali/mhancock/xray/sample_bench/out/266_decoys/0/output_56/pdbs/35.pdb,884.8758641938111,0.4608601559405512,0.8367381045768393,0.0481248734830785,0.1632618954231608,0.9518751265169214,5.6461209303593005,0.3818454288837233,0.3908169773880935,5.6453809301500435,0.3890300806457254,0.3928412037405205
976,/wynton/group/sali/mhancock/xray/sample_bench/out/266_decoys/0/output_191/pdbs/31.pdb,922.9776600777977,0.4181327456126844,0.1403359918673871,0.5215156883607897,0.8596640081326128,0.4784843116392103,5.646938509729126,0.3882872698393936,0.3914537670324344,5.590971930246984,0.37026907684331795,0.36256235426852185
977,/wynton/group/sali/mhancock/xray/sample_bench/out/266_decoys/0/output_202/pdbs/50.pdb,647.1851131212428,0.6050532355012874,0.242448179055218,0.4964230119597013,0.7575518209447819,0.5035769880402987,5.720659057986519,0.42068189130068284,0.44171533340260144,5.695517032806972,0.4186072933659801,0.4299226178048415
978,/wynton/group/sali/mhancock/xray/sample_bench/out/266_decoys/0/output_109/pdbs/51.pdb,624.1545494290308,0.6312095782499729,0.6198449818879435,0.9249565803493096,0.3801550181120566,0.0750434196506902,5.715649786997222,0.4237852313285711,0.44170290329402623,5.717849394342062,0.4440063377395141,0.4511882279303927
979,/wynton/group/sali/mhancock/xray/sample_bench/out/266_decoys/0/output_191/pdbs/66.pdb,798.5289845376531,0.750435572029426,0.8763472226095478,0.5883623524862843,0.1236527773904522,0.4116376475137157,5.7492578084592285,0.4489003740465882,0.46723667249626316,5.735553185135293,0.44856486320047745,0.4581250211305766
980,/wynton/group/sali/mhancock/xray/sample_bench/out/266_decoys/0/output_202/pdbs/20.pdb,783.7397497070585,0.27606010016765015,0.3577462457042978,0.1540181084255233,0.6422537542957022,0.8459818915744767,5.504104549195263,0.3104073918144442,0.3174368536496807,5.456371949183025,0.296613863788761,0.302143297565851
981,/wynton/group/sali/mhancock/xray/sample_bench/out/266_decoys/0/output_140/pdbs/92.pdb,762.2045462182448,0.9479960212621965,0.4808269907382372,0.1137874212286681,0.5191730092617628,0.8862125787713319,5.770756751390696,0.4816253869396999,0.49306868984803237,5.765273562809061,0.49925213699537113,0.5011403072301543
982,/wynton/group/sali/mhancock/xray/sample_bench/out/266_decoys/0/output_105/pdbs/59.pdb,719.4566535413343,0.6825489743824744,0.266611369257351,0.6979784993400663,0.733388630742649,0.3020215006599336,5.740902221243147,0.4363788462404728,0.4561277661684676,5.725548043155337,0.439237510900675,0.45362582520273365
983,/wynton/group/sali/mhancock/xray/sample_bench/out/266_decoys/0/output_28/pdbs/62.pdb,666.9417604197162,0.6972363586897526,0.6533812412070932,0.588298833725123,0.3466187587929068,0.411701166274877,5.73709263769716,0.44022600928871103,0.4541219461324701,5.7266513199973765,0.43853926289646583,0.4520003514886099
984,/wynton/group/sali/mhancock/xray/sample_bench/out/266_decoys/0/output_156/pdbs/21.pdb,650.7242445137103,0.2800227558993217,0.8719535172377079,0.1604523879037739,0.1280464827622921,0.839547612096226,5.493512179201834,0.3086975460029072,0.313808596932472,5.471053332153257,0.30148769869500325,0.308021716861845
985,/wynton/group/sali/mhancock/xray/sample_bench/out/266_decoys/0/output_79/pdbs/88.pdb,735.0409992253682,0.9391132973288538,0.0416249440731512,0.7392377068339044,0.9583750559268488,0.2607622931660955,5.776388835499326,0.49820278755726144,0.504927227839475,5.760831375440112,0.48825731759268537,0.49655330084721677
986,/wynton/group/sali/mhancock/xray/sample_bench/out/266_decoys/0/output_64/pdbs/99.pdb,729.8816162203087,0.9772719578752118,0.4370149935379124,0.3033546521511863,0.5629850064620876,0.6966453478488137,5.77703292433189,0.499533240450188,0.500270007381198,5.7657353901319155,0.5021206649259892,0.5013700088426281
987,/wynton/group/sali/mhancock/xray/sample_bench/out/266_decoys/0/output_20/pdbs/48.pdb,698.7602091945548,0.5985379561610733,0.3662040111258232,0.6626651604750522,0.6337959888741768,0.3373348395249478,5.711069999163251,0.4132629312256106,0.43554902812439594,5.694841018890113,0.42607566999633767,0.4303935408822966
988,/wynton/group/sali/mhancock/xray/sample_bench/out/266_decoys/0/output_150/pdbs/33.pdb,686.5866957912726,0.4432971816931103,0.7424529097367799,0.8168577413443299,0.2575470902632201,0.1831422586556701,5.634062760765479,0.3742484392467723,0.383458955988347,5.634164630729152,0.3903558576693936,0.3883093695534395
989,/wynton/group/sali/mhancock/xray/sample_bench/out/266_decoys/0/output_91/pdbs/66.pdb,815.6331093163776,0.758376273134038,0.2024500762788556,0.0554880152041679,0.7975499237211443,0.944511984795832,5.748975652399004,0.45233163674444277,0.46687055438156055,5.740953343751522,0.4609927985796776,0.467126231136119
990,/wynton/group/sali/mhancock/xray/sample_bench/out/266_decoys/0/output_35/pdbs/31.pdb,915.5468021950694,0.41233733755608193,0.2287311305248481,0.5710944055926541,0.7712688694751519,0.4289055944073459,5.636632764473777,0.3787108993930451,0.3842776685252037,5.59189224144198,0.3703846332645053,0.36255127039958
991,/wynton/group/sali/mhancock/xray/sample_bench/out/266_decoys/0/output_227/pdbs/70.pdb,697.7588275892291,0.7821028786893691,0.4867948506909201,0.2333168242650719,0.5132051493090799,0.7666831757349281,5.747986750852864,0.461698534989548,0.4684364283752144,5.740501742862727,0.46275159847820213,0.4700297698038165
992,/wynton/group/sali/mhancock/xray/sample_bench/out/266_decoys/0/output_135/pdbs/23.pdb,763.6755982519119,0.3096719966293613,0.3084851636262497,0.4857818124747875,0.6915148363737502,0.5142181875252124,5.5576298056717786,0.33552232277396216,0.3423551689434131,5.497626468973322,0.31905989936927104,0.3188709645490033
993,/wynton/group/sali/mhancock/xray/sample_bench/out/266_decoys/0/output_190/pdbs/76.pdb,761.1299248540008,0.8283609230179043,0.2373176838150531,0.3923919536150871,0.7626823161849469,0.607608046384913,5.760956338568653,0.47195975176962013,0.48150656170952333,5.743652879786656,0.4696926032288145,0.47550925728253907
994,/wynton/group/sali/mhancock/xray/sample_bench/out/266_decoys/0/output_92/pdbs/24.pdb,736.2140141006644,0.3146883475924339,0.7001715750100522,0.4222319314202176,0.2998284249899477,0.5777680685797824,5.539926491456687,0.32946919666657415,0.33361695875694114,5.511138087864563,0.32818801423377053,0.3249806204797006
995,/wynton/group/sali/mhancock/xray/sample_bench/out/266_decoys/0/output_205/pdbs/58.pdb,769.8315125693509,0.6868662862548397,0.2862240819934236,0.0867476422419963,0.7137759180065764,0.9132523577580036,5.73468384222918,0.4308749521412389,0.4515396600169111,5.730896908298201,0.4374083244371531,0.4530998475615603
996,/wynton/group/sali/mhancock/xray/sample_bench/out/266_decoys/0/output_175/pdbs/82.pdb,700.8595631324446,0.8501015926406441,0.2043402976801098,0.7061190478222862,0.7956597023198901,0.2938809521777139,5.765615034397558,0.4857906321215752,0.48699652371704755,5.754310586965777,0.49233471302268933,0.48247219092398197
997,/wynton/group/sali/mhancock/xray/sample_bench/out/266_decoys/0/output_182/pdbs/60.pdb,736.249762077712,0.7045543771161864,0.8439714911637218,0.733688913091519,0.1560285088362782,0.266311086908481,5.740066834894337,0.44739569069856333,0.4603162731596061,5.729480835436139,0.4420386316463528,0.45439397811289767
998,/wynton/group/sali/mhancock/xray/sample_bench/out/266_decoys/0/output_7/pdbs/69.pdb,733.0247406468993,0.783877588050345,0.5502968116329958,0.9473422065157994,0.4497031883670042,0.0526577934842006,5.746341302287742,0.45163527647392837,0.46651676734458886,5.747148554687388,0.4702418822383284,0.47791637056850567
999,/wynton/group/sali/mhancock/xray/sample_bench/out/266_decoys/0/output_38/pdbs/32.pdb,729.9803380665057,0.4174914375335337,0.6922114393718695,0.4862272944392448,0.3077885606281305,0.5137727055607552,5.620593361857955,0.37400413892740025,0.3760278897442591,5.599816633928218,0.37550784274352333,0.3686113039234675
