,pdb,ff,rmsd,w_0_0,w_0_1,w_1_0,w_1_1
0,/wynton/group/sali/mhancock/xray/sample_bench/out/266_decoys/0/output_178/pdbs/11.pdb,680.5938933507607,0.1412884056983619,0.8,0.3,0.2,0.7
1,/wynton/group/sali/mhancock/xray/sample_bench/out/266_decoys/0/output_50/pdbs/15.pdb,567.0370638062764,0.1944100357589998,0.8,0.3,0.2,0.7
2,/wynton/group/sali/mhancock/xray/sample_bench/out/266_decoys/0/output_127/pdbs/2.pdb,3771.860194232953,0.0429916959912422,0.8,0.3,0.2,0.7
3,/wynton/group/sali/mhancock/xray/sample_bench/out/266_decoys/0/output_240/pdbs/13.pdb,917.1386640089336,0.1603888046164062,0.8,0.3,0.2,0.7
4,/wynton/group/sali/mhancock/xray/sample_bench/out/266_decoys/0/output_110/pdbs/11.pdb,680.7936453023274,0.1376510304446661,0.8,0.3,0.2,0.7
5,/wynton/group/sali/mhancock/xray/sample_bench/out/266_decoys/0/output_37/pdbs/5.pdb,1636.6639244142314,0.0754031324943269,0.8,0.3,0.2,0.7
6,/wynton/group/sali/mhancock/xray/sample_bench/out/266_decoys/0/output_183/pdbs/3.pdb,4684.4794309691815,0.0537337976629491,0.8,0.3,0.2,0.7
7,/wynton/group/sali/mhancock/xray/sample_bench/out/266_decoys/0/output_193/pdbs/14.pdb,584.0656120762533,0.1793402473175739,0.8,0.3,0.2,0.7
8,/wynton/group/sali/mhancock/xray/sample_bench/out/266_decoys/0/output_140/pdbs/14.pdb,575.8506886553569,0.1808323530171018,0.8,0.3,0.2,0.7
9,/wynton/group/sali/mhancock/xray/sample_bench/out/266_decoys/0/output_248/pdbs/4.pdb,3000.6913114744493,0.0627682389644263,0.8,0.3,0.2,0.7
10,/wynton/group/sali/mhancock/xray/sample_bench/out/266_decoys/0/output_12/pdbs/12.pdb,727.0372343118365,0.1535675257009788,0.8,0.3,0.2,0.7
11,/wynton/group/sali/mhancock/xray/sample_bench/out/266_decoys/0/output_46/pdbs/5.pdb,1641.2440751600548,0.0740866893780544,0.8,0.3,0.2,0.7
12,/wynton/group/sali/mhancock/xray/sample_bench/out/266_decoys/0/output_108/pdbs/14.pdb,574.2934567738155,0.183818050365764,0.8,0.3,0.2,0.7
13,/wynton/group/sali/mhancock/xray/sample_bench/out/266_decoys/0/output_14/pdbs/9.pdb,1336.3222697625113,0.1163305492020147,0.8,0.3,0.2,0.7
14,/wynton/group/sali/mhancock/xray/sample_bench/out/266_decoys/0/output_243/pdbs/7.pdb,1511.9181795004663,0.0951521646387013,0.8,0.3,0.2,0.7
15,/wynton/group/sali/mhancock/xray/sample_bench/out/266_decoys/0/output_179/pdbs/9.pdb,1339.5492951290696,0.1144626160122719,0.8,0.3,0.2,0.7
16,/wynton/group/sali/mhancock/xray/sample_bench/out/266_decoys/0/output_119/pdbs/11.pdb,681.4803535047777,0.1387158085558925,0.8,0.3,0.2,0.7
17,/wynton/group/sali/mhancock/xray/sample_bench/out/266_decoys/0/output_66/pdbs/14.pdb,590.7554846229234,0.1800148022954701,0.8,0.3,0.2,0.7
18,/wynton/group/sali/mhancock/xray/sample_bench/out/266_decoys/0/output_38/pdbs/11.pdb,669.1494129582832,0.1393532682065725,0.8,0.3,0.2,0.7
19,/wynton/group/sali/mhancock/xray/sample_bench/out/266_decoys/0/output_142/pdbs/15.pdb,568.466803341614,0.1917931205682666,0.8,0.3,0.2,0.7
20,/wynton/group/sali/mhancock/xray/sample_bench/out/266_decoys/0/output_202/pdbs/3.pdb,4701.864831906805,0.0527940064557649,0.8,0.3,0.2,0.7
21,/wynton/group/sali/mhancock/xray/sample_bench/out/266_decoys/0/output_243/pdbs/19.pdb,833.0536311317517,0.2458953996251198,0.8,0.3,0.2,0.7
22,/wynton/group/sali/mhancock/xray/sample_bench/out/266_decoys/0/output_226/pdbs/9.pdb,1330.4735482034143,0.1158958595132927,0.8,0.3,0.2,0.7
23,/wynton/group/sali/mhancock/xray/sample_bench/out/266_decoys/0/output_182/pdbs/15.pdb,573.3387063280786,0.1934143434030691,0.8,0.3,0.2,0.7
24,/wynton/group/sali/mhancock/xray/sample_bench/out/266_decoys/0/output_189/pdbs/9.pdb,1331.128511834732,0.1157751415030138,0.8,0.3,0.2,0.7
25,/wynton/group/sali/mhancock/xray/sample_bench/out/266_decoys/0/output_128/pdbs/7.pdb,1505.228802946716,0.09630940653459,0.8,0.3,0.2,0.7
26,/wynton/group/sali/mhancock/xray/sample_bench/out/266_decoys/0/output_181/pdbs/5.pdb,1616.0359607610644,0.0759060843692476,0.8,0.3,0.2,0.7
27,/wynton/group/sali/mhancock/xray/sample_bench/out/266_decoys/0/output_77/pdbs/1.pdb,7263.153177364936,0.0312715871863977,0.8,0.3,0.2,0.7
28,/wynton/group/sali/mhancock/xray/sample_bench/out/266_decoys/0/output_94/pdbs/6.pdb,1968.9926813993088,0.0813984591877109,0.8,0.3,0.2,0.7
29,/wynton/group/sali/mhancock/xray/sample_bench/out/266_decoys/0/output_66/pdbs/3.pdb,4718.040098438508,0.0513274067444754,0.8,0.3,0.2,0.7
30,/wynton/group/sali/mhancock/xray/sample_bench/out/266_decoys/0/output_182/pdbs/8.pdb,880.1697104762372,0.1058380613519616,0.8,0.3,0.2,0.7
31,/wynton/group/sali/mhancock/xray/sample_bench/out/266_decoys/0/output_234/pdbs/1.pdb,7254.171105822224,0.0309868531632813,0.8,0.3,0.2,0.7
32,/wynton/group/sali/mhancock/xray/sample_bench/out/266_decoys/0/output_181/pdbs/17.pdb,586.3059426240802,0.2182734993324267,0.8,0.3,0.2,0.7
33,/wynton/group/sali/mhancock/xray/sample_bench/out/266_decoys/0/output_26/pdbs/1.pdb,7242.047845830844,0.0302781002265788,0.8,0.3,0.2,0.7
34,/wynton/group/sali/mhancock/xray/sample_bench/out/266_decoys/0/output_44/pdbs/16.pdb,772.844032034456,0.2060945731452254,0.8,0.3,0.2,0.7
35,/wynton/group/sali/mhancock/xray/sample_bench/out/266_decoys/0/output_226/pdbs/13.pdb,921.018871536603,0.1646613615641466,0.8,0.3,0.2,0.7
36,/wynton/group/sali/mhancock/xray/sample_bench/out/266_decoys/0/output_140/pdbs/10.pdb,1338.6910934070431,0.1290306105194749,0.8,0.3,0.2,0.7
37,/wynton/group/sali/mhancock/xray/sample_bench/out/266_decoys/0/output_99/pdbs/5.pdb,1636.3017401310394,0.074417108283338,0.8,0.3,0.2,0.7
38,/wynton/group/sali/mhancock/xray/sample_bench/out/266_decoys/0/output_135/pdbs/18.pdb,547.4944450779608,0.2320137747145898,0.8,0.3,0.2,0.7
39,/wynton/group/sali/mhancock/xray/sample_bench/out/266_decoys/0/output_154/pdbs/4.pdb,3009.59865307428,0.063036507437954,0.8,0.3,0.2,0.7
40,/wynton/group/sali/mhancock/xray/sample_bench/out/266_decoys/0/output_209/pdbs/17.pdb,582.3532949659864,0.2196175584948355,0.8,0.3,0.2,0.7
41,/wynton/group/sali/mhancock/xray/sample_bench/out/266_decoys/0/output_113/pdbs/11.pdb,675.4881974133955,0.1397637378044723,0.8,0.3,0.2,0.7
42,/wynton/group/sali/mhancock/xray/sample_bench/out/266_decoys/0/output_151/pdbs/7.pdb,1502.060987543661,0.0974622001281632,0.8,0.3,0.2,0.7
43,/wynton/group/sali/mhancock/xray/sample_bench/out/266_decoys/0/output_41/pdbs/14.pdb,595.6944782564017,0.1799299551956059,0.8,0.3,0.2,0.7
44,/wynton/group/sali/mhancock/xray/sample_bench/out/266_decoys/0/output_75/pdbs/9.pdb,1345.3623532886245,0.1164302291955098,0.8,0.3,0.2,0.7
45,/wynton/group/sali/mhancock/xray/sample_bench/out/266_decoys/0/output_120/pdbs/13.pdb,925.349028117959,0.1646155486966375,0.8,0.3,0.2,0.7
46,/wynton/group/sali/mhancock/xray/sample_bench/out/266_decoys/0/output_103/pdbs/18.pdb,555.1094903774442,0.235025068507164,0.8,0.3,0.2,0.7
47,/wynton/group/sali/mhancock/xray/sample_bench/out/266_decoys/0/output_130/pdbs/15.pdb,569.2496532347459,0.1921592415325649,0.8,0.3,0.2,0.7
48,/wynton/group/sali/mhancock/xray/sample_bench/out/266_decoys/0/output_214/pdbs/18.pdb,548.2607861290903,0.2343854856502125,0.8,0.3,0.2,0.7
49,/wynton/group/sali/mhancock/xray/sample_bench/out/266_decoys/0/output_152/pdbs/6.pdb,1966.0403871310195,0.0817904851218624,0.8,0.3,0.2,0.7
50,/wynton/group/sali/mhancock/xray/sample_bench/out/266_decoys/0/output_121/pdbs/16.pdb,788.0322227577205,0.2070513210281458,0.8,0.3,0.2,0.7
51,/wynton/group/sali/mhancock/xray/sample_bench/out/266_decoys/0/output_184/pdbs/14.pdb,584.0606945566592,0.1814520424157402,0.8,0.3,0.2,0.7
52,/wynton/group/sali/mhancock/xray/sample_bench/out/266_decoys/0/output_10/pdbs/12.pdb,723.590643538311,0.1529608350735354,0.8,0.3,0.2,0.7
53,/wynton/group/sali/mhancock/xray/sample_bench/out/266_decoys/0/output_119/pdbs/7.pdb,1525.768901650383,0.0942934528503844,0.8,0.3,0.2,0.7
54,/wynton/group/sali/mhancock/xray/sample_bench/out/266_decoys/0/output_40/pdbs/1.pdb,7249.328174531261,0.0307866414044631,0.8,0.3,0.2,0.7
55,/wynton/group/sali/mhancock/xray/sample_bench/out/266_decoys/0/output_118/pdbs/17.pdb,579.3072258642931,0.2221957865279699,0.8,0.3,0.2,0.7
56,/wynton/group/sali/mhancock/xray/sample_bench/out/266_decoys/0/output_138/pdbs/14.pdb,589.719556778789,0.1829488940148274,0.8,0.3,0.2,0.7
57,/wynton/group/sali/mhancock/xray/sample_bench/out/266_decoys/0/output_218/pdbs/5.pdb,1622.1276383060365,0.0751917950336493,0.8,0.3,0.2,0.7
58,/wynton/group/sali/mhancock/xray/sample_bench/out/266_decoys/0/output_90/pdbs/19.pdb,829.6008257576734,0.2454633702270195,0.8,0.3,0.2,0.7
59,/wynton/group/sali/mhancock/xray/sample_bench/out/266_decoys/0/output_106/pdbs/2.pdb,3751.106902605052,0.0447833482711389,0.8,0.3,0.2,0.7
60,/wynton/group/sali/mhancock/xray/sample_bench/out/266_decoys/0/output_31/pdbs/14.pdb,584.6210019509213,0.180414850794977,0.8,0.3,0.2,0.7
61,/wynton/group/sali/mhancock/xray/sample_bench/out/266_decoys/0/output_178/pdbs/12.pdb,725.3997800411341,0.1539134382416613,0.8,0.3,0.2,0.7
62,/wynton/group/sali/mhancock/xray/sample_bench/out/266_decoys/0/output_36/pdbs/11.pdb,681.0865804445029,0.1375866801862748,0.8,0.3,0.2,0.7
63,/wynton/group/sali/mhancock/xray/sample_bench/out/266_decoys/0/output_151/pdbs/6.pdb,1963.863700818722,0.0841057453418838,0.8,0.3,0.2,0.7
64,/wynton/group/sali/mhancock/xray/sample_bench/out/266_decoys/0/output_203/pdbs/7.pdb,1503.3707290525583,0.0964025771604881,0.8,0.3,0.2,0.7
65,/wynton/group/sali/mhancock/xray/sample_bench/out/266_decoys/0/output_246/pdbs/14.pdb,587.3895572299696,0.1806937166880966,0.8,0.3,0.2,0.7
66,/wynton/group/sali/mhancock/xray/sample_bench/out/266_decoys/0/output_93/pdbs/13.pdb,909.1482866209416,0.166823737309767,0.8,0.3,0.2,0.7
67,/wynton/group/sali/mhancock/xray/sample_bench/out/266_decoys/0/output_162/pdbs/15.pdb,568.069315007762,0.1914109876443872,0.8,0.3,0.2,0.7
68,/wynton/group/sali/mhancock/xray/sample_bench/out/266_decoys/0/output_184/pdbs/6.pdb,1974.351545782063,0.0830314530096099,0.8,0.3,0.2,0.7
69,/wynton/group/sali/mhancock/xray/sample_bench/out/266_decoys/0/output_235/pdbs/8.pdb,892.1695909704481,0.104633000125777,0.8,0.3,0.2,0.7
70,/wynton/group/sali/mhancock/xray/sample_bench/out/266_decoys/0/output_65/pdbs/18.pdb,557.9245308360969,0.2340654446838429,0.8,0.3,0.2,0.7
71,/wynton/group/sali/mhancock/xray/sample_bench/out/266_decoys/0/output_192/pdbs/7.pdb,1503.579514342778,0.095410662526241,0.8,0.3,0.2,0.7
72,/wynton/group/sali/mhancock/xray/sample_bench/out/266_decoys/0/output_104/pdbs/7.pdb,1491.988862116294,0.0943247548562526,0.8,0.3,0.2,0.7
73,/wynton/group/sali/mhancock/xray/sample_bench/out/266_decoys/0/output_29/pdbs/14.pdb,578.5552022562135,0.1783876184011828,0.8,0.3,0.2,0.7
74,/wynton/group/sali/mhancock/xray/sample_bench/out/266_decoys/0/output_63/pdbs/19.pdb,823.7470766802628,0.2490820982577036,0.8,0.3,0.2,0.7
75,/wynton/group/sali/mhancock/xray/sample_bench/out/266_decoys/0/output_174/pdbs/1.pdb,7243.167373303461,0.0295018466836971,0.8,0.3,0.2,0.7
76,/wynton/group/sali/mhancock/xray/sample_bench/out/266_decoys/0/output_200/pdbs/17.pdb,579.008486868677,0.2184535954267051,0.8,0.3,0.2,0.7
77,/wynton/group/sali/mhancock/xray/sample_bench/out/266_decoys/0/output_69/pdbs/12.pdb,729.7609917437571,0.149991288227165,0.8,0.3,0.2,0.7
78,/wynton/group/sali/mhancock/xray/sample_bench/out/266_decoys/0/output_244/pdbs/8.pdb,877.3414790124791,0.1031944055426795,0.8,0.3,0.2,0.7
79,/wynton/group/sali/mhancock/xray/sample_bench/out/266_decoys/0/output_186/pdbs/1.pdb,7244.820138301487,0.0303976203663814,0.8,0.3,0.2,0.7
80,/wynton/group/sali/mhancock/xray/sample_bench/out/266_decoys/0/output_168/pdbs/8.pdb,865.7467518549499,0.1074709329854995,0.8,0.3,0.2,0.7
81,/wynton/group/sali/mhancock/xray/sample_bench/out/266_decoys/0/output_145/pdbs/5.pdb,1624.9396242020637,0.0754341088341907,0.8,0.3,0.2,0.7
82,/wynton/group/sali/mhancock/xray/sample_bench/out/266_decoys/0/output_191/pdbs/3.pdb,4709.229073919121,0.0531972593032643,0.8,0.3,0.2,0.7
83,/wynton/group/sali/mhancock/xray/sample_bench/out/266_decoys/0/output_128/pdbs/6.pdb,1967.3241697480385,0.0832339299524096,0.8,0.3,0.2,0.7
84,/wynton/group/sali/mhancock/xray/sample_bench/out/266_decoys/0/output_230/pdbs/19.pdb,836.4594361835382,0.2465980310002479,0.8,0.3,0.2,0.7
85,/wynton/group/sali/mhancock/xray/sample_bench/out/266_decoys/0/output_172/pdbs/7.pdb,1506.7882021886098,0.0962287412831785,0.8,0.3,0.2,0.7
86,/wynton/group/sali/mhancock/xray/sample_bench/out/266_decoys/0/output_131/pdbs/5.pdb,1637.098955105761,0.0743111818029927,0.8,0.3,0.2,0.7
87,/wynton/group/sali/mhancock/xray/sample_bench/out/266_decoys/0/output_106/pdbs/18.pdb,562.0714537439055,0.2348115175663336,0.8,0.3,0.2,0.7
88,/wynton/group/sali/mhancock/xray/sample_bench/out/266_decoys/0/output_91/pdbs/10.pdb,1332.659402521375,0.1290407880292207,0.8,0.3,0.2,0.7
89,/wynton/group/sali/mhancock/xray/sample_bench/out/266_decoys/0/output_76/pdbs/8.pdb,892.0950885072862,0.1034409197636001,0.8,0.3,0.2,0.7
90,/wynton/group/sali/mhancock/xray/sample_bench/out/266_decoys/0/output_87/pdbs/6.pdb,1957.054758270308,0.0844447332393017,0.8,0.3,0.2,0.7
91,/wynton/group/sali/mhancock/xray/sample_bench/out/266_decoys/0/output_15/pdbs/16.pdb,780.8631505228748,0.2053146997205481,0.8,0.3,0.2,0.7
92,/wynton/group/sali/mhancock/xray/sample_bench/out/266_decoys/0/output_34/pdbs/7.pdb,1505.531830488544,0.0946183667976055,0.8,0.3,0.2,0.7
93,/wynton/group/sali/mhancock/xray/sample_bench/out/266_decoys/0/output_7/pdbs/19.pdb,819.9558563050587,0.2479123684139752,0.8,0.3,0.2,0.7
94,/wynton/group/sali/mhancock/xray/sample_bench/out/266_decoys/0/output_39/pdbs/6.pdb,1956.121212317527,0.0834192549044684,0.8,0.3,0.2,0.7
95,/wynton/group/sali/mhancock/xray/sample_bench/out/266_decoys/0/output_180/pdbs/16.pdb,791.0187685117637,0.2109839395368835,0.8,0.3,0.2,0.7
96,/wynton/group/sali/mhancock/xray/sample_bench/out/266_decoys/0/output_104/pdbs/15.pdb,566.3952044347334,0.1949007554913816,0.8,0.3,0.2,0.7
97,/wynton/group/sali/mhancock/xray/sample_bench/out/266_decoys/0/output_35/pdbs/2.pdb,3759.826281827877,0.0422330822771766,0.8,0.3,0.2,0.7
98,/wynton/group/sali/mhancock/xray/sample_bench/out/266_decoys/0/output_192/pdbs/19.pdb,835.2271770540322,0.2466725410152233,0.8,0.3,0.2,0.7
99,/wynton/group/sali/mhancock/xray/sample_bench/out/266_decoys/0/output_119/pdbs/16.pdb,791.2454001103872,0.2055189463942773,0.8,0.3,0.2,0.7
100,/wynton/group/sali/mhancock/xray/sample_bench/out/266_decoys/0/output_152/pdbs/14.pdb,580.0534112869243,0.1773304643484859,0.8,0.3,0.2,0.7
101,/wynton/group/sali/mhancock/xray/sample_bench/out/266_decoys/0/output_196/pdbs/1.pdb,7241.865585720821,0.0310079951001739,0.8,0.3,0.2,0.7
102,/wynton/group/sali/mhancock/xray/sample_bench/out/266_decoys/0/output_230/pdbs/14.pdb,582.9184274247377,0.1809601084277043,0.8,0.3,0.2,0.7
103,/wynton/group/sali/mhancock/xray/sample_bench/out/266_decoys/0/output_28/pdbs/16.pdb,785.259627762985,0.2106293561143201,0.8,0.3,0.2,0.7
104,/wynton/group/sali/mhancock/xray/sample_bench/out/266_decoys/0/output_97/pdbs/9.pdb,1319.133641879265,0.1154186439972146,0.8,0.3,0.2,0.7
105,/wynton/group/sali/mhancock/xray/sample_bench/out/266_decoys/0/output_6/pdbs/3.pdb,4715.829607049151,0.0522473814950457,0.8,0.3,0.2,0.7
106,/wynton/group/sali/mhancock/xray/sample_bench/out/266_decoys/0/output_109/pdbs/17.pdb,590.1270022762567,0.2195822291596584,0.8,0.3,0.2,0.7
107,/wynton/group/sali/mhancock/xray/sample_bench/out/266_decoys/0/output_95/pdbs/2.pdb,3772.7370038177,0.0433985185811908,0.8,0.3,0.2,0.7
108,/wynton/group/sali/mhancock/xray/sample_bench/out/266_decoys/0/output_85/pdbs/4.pdb,3015.869510207555,0.0624292066475055,0.8,0.3,0.2,0.7
109,/wynton/group/sali/mhancock/xray/sample_bench/out/266_decoys/0/output_53/pdbs/3.pdb,4701.6151584559775,0.0531034234873252,0.8,0.3,0.2,0.7
110,/wynton/group/sali/mhancock/xray/sample_bench/out/266_decoys/0/output_6/pdbs/12.pdb,723.9518868889795,0.1520019007119741,0.8,0.3,0.2,0.7
111,/wynton/group/sali/mhancock/xray/sample_bench/out/266_decoys/0/output_127/pdbs/4.pdb,3006.3336740858217,0.0624051032523915,0.8,0.3,0.2,0.7
112,/wynton/group/sali/mhancock/xray/sample_bench/out/266_decoys/0/output_168/pdbs/6.pdb,1945.093314515332,0.084633968076042,0.8,0.3,0.2,0.7
113,/wynton/group/sali/mhancock/xray/sample_bench/out/266_decoys/0/output_207/pdbs/11.pdb,673.6063427406584,0.1417613846823111,0.8,0.3,0.2,0.7
114,/wynton/group/sali/mhancock/xray/sample_bench/out/266_decoys/0/output_54/pdbs/2.pdb,3739.151448237965,0.0415401397828603,0.8,0.3,0.2,0.7
115,/wynton/group/sali/mhancock/xray/sample_bench/out/266_decoys/0/output_152/pdbs/8.pdb,886.1943000822988,0.1031249452187032,0.8,0.3,0.2,0.7
116,/wynton/group/sali/mhancock/xray/sample_bench/out/266_decoys/0/output_208/pdbs/18.pdb,559.8361312755901,0.2357809262115073,0.8,0.3,0.2,0.7
117,/wynton/group/sali/mhancock/xray/sample_bench/out/266_decoys/0/output_76/pdbs/17.pdb,576.3398670231547,0.2164226004677212,0.8,0.3,0.2,0.7
118,/wynton/group/sali/mhancock/xray/sample_bench/out/266_decoys/0/output_196/pdbs/15.pdb,554.861319885913,0.1951961877901849,0.8,0.3,0.2,0.7
119,/wynton/group/sali/mhancock/xray/sample_bench/out/266_decoys/0/output_160/pdbs/18.pdb,559.6897392648616,0.2330513343969857,0.8,0.3,0.2,0.7
120,/wynton/group/sali/mhancock/xray/sample_bench/out/266_decoys/0/output_134/pdbs/14.pdb,595.8572768494544,0.1804795691879495,0.8,0.3,0.2,0.7
121,/wynton/group/sali/mhancock/xray/sample_bench/out/266_decoys/0/output_155/pdbs/3.pdb,4700.143386386566,0.0534064610364994,0.8,0.3,0.2,0.7
122,/wynton/group/sali/mhancock/xray/sample_bench/out/266_decoys/0/output_158/pdbs/5.pdb,1622.7528407207126,0.0758709856656147,0.8,0.3,0.2,0.7
123,/wynton/group/sali/mhancock/xray/sample_bench/out/266_decoys/0/output_92/pdbs/5.pdb,1624.3425767043425,0.0752092478536008,0.8,0.3,0.2,0.7
124,/wynton/group/sali/mhancock/xray/sample_bench/out/266_decoys/0/output_227/pdbs/15.pdb,567.480006010225,0.1915780611895597,0.8,0.3,0.2,0.7
125,/wynton/group/sali/mhancock/xray/sample_bench/out/266_decoys/0/output_201/pdbs/19.pdb,842.8423851879891,0.2469280988071397,0.8,0.3,0.2,0.7
126,/wynton/group/sali/mhancock/xray/sample_bench/out/266_decoys/0/output_132/pdbs/14.pdb,585.2740578390767,0.1795827184076895,0.8,0.3,0.2,0.7
127,/wynton/group/sali/mhancock/xray/sample_bench/out/266_decoys/0/output_157/pdbs/16.pdb,788.7374214562267,0.2045361365757578,0.8,0.3,0.2,0.7
128,/wynton/group/sali/mhancock/xray/sample_bench/out/266_decoys/0/output_105/pdbs/14.pdb,582.1958772258515,0.1792861728966631,0.8,0.3,0.2,0.7
129,/wynton/group/sali/mhancock/xray/sample_bench/out/266_decoys/0/output_10/pdbs/11.pdb,682.556445630514,0.1405700819047635,0.8,0.3,0.2,0.7
130,/wynton/group/sali/mhancock/xray/sample_bench/out/266_decoys/0/output_41/pdbs/7.pdb,1511.8288079383271,0.0958458203000986,0.8,0.3,0.2,0.7
131,/wynton/group/sali/mhancock/xray/sample_bench/out/266_decoys/0/output_65/pdbs/7.pdb,1504.9695020929416,0.0958296925053077,0.8,0.3,0.2,0.7
132,/wynton/group/sali/mhancock/xray/sample_bench/out/266_decoys/0/output_232/pdbs/12.pdb,719.3059011372486,0.1571182125947278,0.8,0.3,0.2,0.7
133,/wynton/group/sali/mhancock/xray/sample_bench/out/266_decoys/0/output_55/pdbs/4.pdb,3024.5788836948404,0.063985661409504,0.8,0.3,0.2,0.7
134,/wynton/group/sali/mhancock/xray/sample_bench/out/266_decoys/0/output_5/pdbs/16.pdb,778.4397643380635,0.2070309490999633,0.8,0.3,0.2,0.7
135,/wynton/group/sali/mhancock/xray/sample_bench/out/266_decoys/0/output_111/pdbs/6.pdb,1972.011929715958,0.085104955869491,0.8,0.3,0.2,0.7
136,/wynton/group/sali/mhancock/xray/sample_bench/out/266_decoys/0/output_211/pdbs/6.pdb,1955.768284238232,0.0821745419824152,0.8,0.3,0.2,0.7
137,/wynton/group/sali/mhancock/xray/sample_bench/out/266_decoys/0/output_67/pdbs/2.pdb,3764.758298960856,0.0408163772107781,0.8,0.3,0.2,0.7
138,/wynton/group/sali/mhancock/xray/sample_bench/out/266_decoys/0/output_186/pdbs/18.pdb,563.5267147019024,0.2319496675397446,0.8,0.3,0.2,0.7
139,/wynton/group/sali/mhancock/xray/sample_bench/out/266_decoys/0/output_132/pdbs/8.pdb,884.8259786504069,0.1053667827583149,0.8,0.3,0.2,0.7
140,/wynton/group/sali/mhancock/xray/sample_bench/out/266_decoys/0/output_196/pdbs/4.pdb,3006.9417132888498,0.063961623082851,0.8,0.3,0.2,0.7
141,/wynton/group/sali/mhancock/xray/sample_bench/out/266_decoys/0/output_50/pdbs/9.pdb,1322.057323968209,0.1171453485002576,0.8,0.3,0.2,0.7
142,/wynton/group/sali/mhancock/xray/sample_bench/out/266_decoys/0/output_7/pdbs/3.pdb,4711.200593792768,0.0529976793855483,0.8,0.3,0.2,0.7
143,/wynton/group/sali/mhancock/xray/sample_bench/out/266_decoys/0/output_52/pdbs/4.pdb,3012.2703426088865,0.0625154910286961,0.8,0.3,0.2,0.7
144,/wynton/group/sali/mhancock/xray/sample_bench/out/266_decoys/0/output_123/pdbs/11.pdb,678.5320628812976,0.1408416313597651,0.8,0.3,0.2,0.7
145,/wynton/group/sali/mhancock/xray/sample_bench/out/266_decoys/0/output_56/pdbs/19.pdb,829.0818126160029,0.2388788526014322,0.8,0.3,0.2,0.7
146,/wynton/group/sali/mhancock/xray/sample_bench/out/266_decoys/0/output_195/pdbs/13.pdb,914.019073379612,0.1611740963949097,0.8,0.3,0.2,0.7
147,/wynton/group/sali/mhancock/xray/sample_bench/out/266_decoys/0/output_209/pdbs/15.pdb,574.5816805785821,0.1936001805712444,0.8,0.3,0.2,0.7
148,/wynton/group/sali/mhancock/xray/sample_bench/out/266_decoys/0/output_130/pdbs/3.pdb,4689.955959075049,0.0508937561156619,0.8,0.3,0.2,0.7
149,/wynton/group/sali/mhancock/xray/sample_bench/out/266_decoys/0/output_166/pdbs/10.pdb,1350.1560559132656,0.1274593182659125,0.8,0.3,0.2,0.7
150,/wynton/group/sali/mhancock/xray/sample_bench/out/266_decoys/0/output_184/pdbs/5.pdb,1644.5850599948426,0.0755706795309661,0.8,0.3,0.2,0.7
151,/wynton/group/sali/mhancock/xray/sample_bench/out/266_decoys/0/output_149/pdbs/15.pdb,566.1596104229675,0.1937730895119334,0.8,0.3,0.2,0.7
152,/wynton/group/sali/mhancock/xray/sample_bench/out/266_decoys/0/output_31/pdbs/1.pdb,7230.7259526574,0.0295687520126415,0.8,0.3,0.2,0.7
153,/wynton/group/sali/mhancock/xray/sample_bench/out/266_decoys/0/output_242/pdbs/14.pdb,581.3451958507767,0.1789835936678095,0.8,0.3,0.2,0.7
154,/wynton/group/sali/mhancock/xray/sample_bench/out/266_decoys/0/output_187/pdbs/17.pdb,591.5197359378592,0.2172184332798684,0.8,0.3,0.2,0.7
155,/wynton/group/sali/mhancock/xray/sample_bench/out/266_decoys/0/output_53/pdbs/4.pdb,2996.5738811200704,0.0623790862531164,0.8,0.3,0.2,0.7
156,/wynton/group/sali/mhancock/xray/sample_bench/out/266_decoys/0/output_199/pdbs/10.pdb,1334.4776400701007,0.1273934014655945,0.8,0.3,0.2,0.7
157,/wynton/group/sali/mhancock/xray/sample_bench/out/266_decoys/0/output_101/pdbs/10.pdb,1328.8977817524774,0.1271084982505351,0.8,0.3,0.2,0.7
158,/wynton/group/sali/mhancock/xray/sample_bench/out/266_decoys/0/output_82/pdbs/8.pdb,882.2323665307714,0.1055431269850882,0.8,0.3,0.2,0.7
159,/wynton/group/sali/mhancock/xray/sample_bench/out/266_decoys/0/output_7/pdbs/15.pdb,556.1533930874969,0.1932266704097731,0.8,0.3,0.2,0.7
160,/wynton/group/sali/mhancock/xray/sample_bench/out/266_decoys/0/output_155/pdbs/1.pdb,7233.451173501928,0.0309190569034738,0.8,0.3,0.2,0.7
161,/wynton/group/sali/mhancock/xray/sample_bench/out/266_decoys/0/output_6/pdbs/14.pdb,579.8367688921599,0.1802082487987579,0.8,0.3,0.2,0.7
162,/wynton/group/sali/mhancock/xray/sample_bench/out/266_decoys/0/output_0/pdbs/2.pdb,3750.749495794428,0.0422963446141671,0.8,0.3,0.2,0.7
163,/wynton/group/sali/mhancock/xray/sample_bench/out/266_decoys/0/output_100/pdbs/2.pdb,3765.249973487372,0.0424952335362286,0.8,0.3,0.2,0.7
164,/wynton/group/sali/mhancock/xray/sample_bench/out/266_decoys/0/output_243/pdbs/18.pdb,572.2546824047697,0.2336663334465289,0.8,0.3,0.2,0.7
165,/wynton/group/sali/mhancock/xray/sample_bench/out/266_decoys/0/output_249/pdbs/17.pdb,580.4389669747104,0.2173092545574242,0.8,0.3,0.2,0.7
166,/wynton/group/sali/mhancock/xray/sample_bench/out/266_decoys/0/output_238/pdbs/4.pdb,3014.226750524212,0.0612206450379895,0.8,0.3,0.2,0.7
167,/wynton/group/sali/mhancock/xray/sample_bench/out/266_decoys/0/output_211/pdbs/7.pdb,1502.079902127467,0.0943940299720881,0.8,0.3,0.2,0.7
168,/wynton/group/sali/mhancock/xray/sample_bench/out/266_decoys/0/output_221/pdbs/16.pdb,784.1650497310527,0.2073175702954234,0.8,0.3,0.2,0.7
169,/wynton/group/sali/mhancock/xray/sample_bench/out/266_decoys/0/output_158/pdbs/2.pdb,3762.039604205109,0.040310603204319,0.8,0.3,0.2,0.7
170,/wynton/group/sali/mhancock/xray/sample_bench/out/266_decoys/0/output_50/pdbs/14.pdb,577.8299988516651,0.18199980589094,0.8,0.3,0.2,0.7
171,/wynton/group/sali/mhancock/xray/sample_bench/out/266_decoys/0/output_124/pdbs/6.pdb,1974.531948213737,0.0861591899397236,0.8,0.3,0.2,0.7
172,/wynton/group/sali/mhancock/xray/sample_bench/out/266_decoys/0/output_100/pdbs/19.pdb,822.5376335343792,0.2418658753875829,0.8,0.3,0.2,0.7
173,/wynton/group/sali/mhancock/xray/sample_bench/out/266_decoys/0/output_248/pdbs/11.pdb,683.7891396236671,0.1401159925069182,0.8,0.3,0.2,0.7
174,/wynton/group/sali/mhancock/xray/sample_bench/out/266_decoys/0/output_17/pdbs/10.pdb,1334.6429166063613,0.1300803491091957,0.8,0.3,0.2,0.7
175,/wynton/group/sali/mhancock/xray/sample_bench/out/266_decoys/0/output_113/pdbs/2.pdb,3758.414812018784,0.0425352491805953,0.8,0.3,0.2,0.7
176,/wynton/group/sali/mhancock/xray/sample_bench/out/266_decoys/0/output_36/pdbs/2.pdb,3787.480276397636,0.0427573203486076,0.8,0.3,0.2,0.7
177,/wynton/group/sali/mhancock/xray/sample_bench/out/266_decoys/0/output_144/pdbs/7.pdb,1518.763860637478,0.0965976044898044,0.8,0.3,0.2,0.7
178,/wynton/group/sali/mhancock/xray/sample_bench/out/266_decoys/0/output_57/pdbs/14.pdb,581.7782522542502,0.1805761795834507,0.8,0.3,0.2,0.7
179,/wynton/group/sali/mhancock/xray/sample_bench/out/266_decoys/0/output_158/pdbs/13.pdb,923.6050656162143,0.1639345143883638,0.8,0.3,0.2,0.7
180,/wynton/group/sali/mhancock/xray/sample_bench/out/266_decoys/0/output_57/pdbs/4.pdb,3013.96299245616,0.0613184255010836,0.8,0.3,0.2,0.7
181,/wynton/group/sali/mhancock/xray/sample_bench/out/266_decoys/0/output_142/pdbs/4.pdb,3010.6562893469954,0.0620010957838971,0.8,0.3,0.2,0.7
182,/wynton/group/sali/mhancock/xray/sample_bench/out/266_decoys/0/output_66/pdbs/15.pdb,575.8683374809411,0.1921058093780384,0.8,0.3,0.2,0.7
183,/wynton/group/sali/mhancock/xray/sample_bench/out/266_decoys/0/output_159/pdbs/15.pdb,569.1455315688895,0.1939315266255076,0.8,0.3,0.2,0.7
184,/wynton/group/sali/mhancock/xray/sample_bench/out/266_decoys/0/output_144/pdbs/1.pdb,7286.40127118934,0.0306238266426959,0.8,0.3,0.2,0.7
185,/wynton/group/sali/mhancock/xray/sample_bench/out/266_decoys/0/output_187/pdbs/13.pdb,928.1187220421912,0.1634831571088137,0.8,0.3,0.2,0.7
186,/wynton/group/sali/mhancock/xray/sample_bench/out/266_decoys/0/output_210/pdbs/2.pdb,3763.2488401405335,0.0418562921013256,0.8,0.3,0.2,0.7
187,/wynton/group/sali/mhancock/xray/sample_bench/out/266_decoys/0/output_66/pdbs/16.pdb,776.4729083466382,0.2059606961667702,0.8,0.3,0.2,0.7
188,/wynton/group/sali/mhancock/xray/sample_bench/out/266_decoys/0/output_100/pdbs/6.pdb,1974.4786312741887,0.0812428708918809,0.8,0.3,0.2,0.7
189,/wynton/group/sali/mhancock/xray/sample_bench/out/266_decoys/0/output_85/pdbs/15.pdb,565.7550293946695,0.1969824370571476,0.8,0.3,0.2,0.7
190,/wynton/group/sali/mhancock/xray/sample_bench/out/266_decoys/0/output_2/pdbs/10.pdb,1335.2004556522984,0.126884670772326,0.8,0.3,0.2,0.7
191,/wynton/group/sali/mhancock/xray/sample_bench/out/266_decoys/0/output_42/pdbs/19.pdb,833.2481814008911,0.2482667530097064,0.8,0.3,0.2,0.7
192,/wynton/group/sali/mhancock/xray/sample_bench/out/266_decoys/0/output_111/pdbs/4.pdb,2999.348390918259,0.0621911703798576,0.8,0.3,0.2,0.7
193,/wynton/group/sali/mhancock/xray/sample_bench/out/266_decoys/0/output_151/pdbs/2.pdb,3753.647507021461,0.0425334489801934,0.8,0.3,0.2,0.7
194,/wynton/group/sali/mhancock/xray/sample_bench/out/266_decoys/0/output_161/pdbs/1.pdb,7243.268597418315,0.02926358107497,0.8,0.3,0.2,0.7
195,/wynton/group/sali/mhancock/xray/sample_bench/out/266_decoys/0/output_79/pdbs/8.pdb,879.8898218660436,0.1035727253372876,0.8,0.3,0.2,0.7
196,/wynton/group/sali/mhancock/xray/sample_bench/out/266_decoys/0/output_126/pdbs/9.pdb,1337.0388396927954,0.1147574208612013,0.8,0.3,0.2,0.7
197,/wynton/group/sali/mhancock/xray/sample_bench/out/266_decoys/0/output_239/pdbs/11.pdb,684.4673068078152,0.1375060311893383,0.8,0.3,0.2,0.7
198,/wynton/group/sali/mhancock/xray/sample_bench/out/266_decoys/0/output_161/pdbs/5.pdb,1638.316949546393,0.0732915801764508,0.8,0.3,0.2,0.7
199,/wynton/group/sali/mhancock/xray/sample_bench/out/266_decoys/0/output_104/pdbs/10.pdb,1338.339087361941,0.1276367368439106,0.8,0.3,0.2,0.7
200,/wynton/group/sali/mhancock/xray/sample_bench/out/266_decoys/0/output_221/pdbs/3.pdb,4698.8558922492,0.0536723077583284,0.8,0.3,0.2,0.7
201,/wynton/group/sali/mhancock/xray/sample_bench/out/266_decoys/0/output_32/pdbs/8.pdb,875.6530839334793,0.1065220646501778,0.8,0.3,0.2,0.7
202,/wynton/group/sali/mhancock/xray/sample_bench/out/266_decoys/0/output_73/pdbs/5.pdb,1638.035755613405,0.0764110729838654,0.8,0.3,0.2,0.7
203,/wynton/group/sali/mhancock/xray/sample_bench/out/266_decoys/0/output_242/pdbs/16.pdb,775.4876003977647,0.2068051041680225,0.8,0.3,0.2,0.7
204,/wynton/group/sali/mhancock/xray/sample_bench/out/266_decoys/0/output_64/pdbs/4.pdb,3007.52239599459,0.0613569123922012,0.8,0.3,0.2,0.7
205,/wynton/group/sali/mhancock/xray/sample_bench/out/266_decoys/0/output_36/pdbs/4.pdb,3020.8814064207045,0.0617690720813565,0.8,0.3,0.2,0.7
206,/wynton/group/sali/mhancock/xray/sample_bench/out/266_decoys/0/output_209/pdbs/8.pdb,881.9210262041298,0.1075560659829015,0.8,0.3,0.2,0.7
207,/wynton/group/sali/mhancock/xray/sample_bench/out/266_decoys/0/output_88/pdbs/17.pdb,565.128200435407,0.2193288081356186,0.8,0.3,0.2,0.7
208,/wynton/group/sali/mhancock/xray/sample_bench/out/266_decoys/0/output_0/pdbs/1.pdb,7234.659427779109,0.0295091256489105,0.8,0.3,0.2,0.7
209,/wynton/group/sali/mhancock/xray/sample_bench/out/266_decoys/0/output_201/pdbs/6.pdb,1961.2342348192697,0.0831242580876131,0.8,0.3,0.2,0.7
210,/wynton/group/sali/mhancock/xray/sample_bench/out/266_decoys/0/output_159/pdbs/7.pdb,1502.924658208966,0.0967734224025908,0.8,0.3,0.2,0.7
211,/wynton/group/sali/mhancock/xray/sample_bench/out/266_decoys/0/output_202/pdbs/18.pdb,566.9190046382496,0.2337579731925229,0.8,0.3,0.2,0.7
212,/wynton/group/sali/mhancock/xray/sample_bench/out/266_decoys/0/output_88/pdbs/11.pdb,675.5164288989729,0.1389527884082848,0.8,0.3,0.2,0.7
213,/wynton/group/sali/mhancock/xray/sample_bench/out/266_decoys/0/output_18/pdbs/19.pdb,825.5889594651958,0.249073038898738,0.8,0.3,0.2,0.7
214,/wynton/group/sali/mhancock/xray/sample_bench/out/266_decoys/0/output_8/pdbs/6.pdb,1956.0555319829168,0.0838514712749936,0.8,0.3,0.2,0.7
215,/wynton/group/sali/mhancock/xray/sample_bench/out/266_decoys/0/output_106/pdbs/19.pdb,831.0824830366555,0.2466007229037976,0.8,0.3,0.2,0.7
216,/wynton/group/sali/mhancock/xray/sample_bench/out/266_decoys/0/output_177/pdbs/8.pdb,873.0964133575135,0.1076885347691411,0.8,0.3,0.2,0.7
217,/wynton/group/sali/mhancock/xray/sample_bench/out/266_decoys/0/output_108/pdbs/8.pdb,878.0455679006247,0.108202704409584,0.8,0.3,0.2,0.7
218,/wynton/group/sali/mhancock/xray/sample_bench/out/266_decoys/0/output_243/pdbs/15.pdb,581.6537250567151,0.1936400207374662,0.8,0.3,0.2,0.7
219,/wynton/group/sali/mhancock/xray/sample_bench/out/266_decoys/0/output_161/pdbs/4.pdb,3003.757511191717,0.0604333820663637,0.8,0.3,0.2,0.7
220,/wynton/group/sali/mhancock/xray/sample_bench/out/266_decoys/0/output_161/pdbs/7.pdb,1505.2966962798437,0.0931940626467779,0.8,0.3,0.2,0.7
221,/wynton/group/sali/mhancock/xray/sample_bench/out/266_decoys/0/output_20/pdbs/13.pdb,912.4316956286197,0.1633466550294086,0.8,0.3,0.2,0.7
222,/wynton/group/sali/mhancock/xray/sample_bench/out/266_decoys/0/output_95/pdbs/10.pdb,1328.4788001167003,0.1273580569307339,0.8,0.3,0.2,0.7
223,/wynton/group/sali/mhancock/xray/sample_bench/out/266_decoys/0/output_195/pdbs/9.pdb,1329.3515197487468,0.1127333214894894,0.8,0.3,0.2,0.7
224,/wynton/group/sali/mhancock/xray/sample_bench/out/266_decoys/0/output_238/pdbs/16.pdb,787.5084774411023,0.2049090285533057,0.8,0.3,0.2,0.7
225,/wynton/group/sali/mhancock/xray/sample_bench/out/266_decoys/0/output_74/pdbs/15.pdb,561.6996224457275,0.1930390363375391,0.8,0.3,0.2,0.7
226,/wynton/group/sali/mhancock/xray/sample_bench/out/266_decoys/0/output_44/pdbs/14.pdb,575.0001455804288,0.179352682954566,0.8,0.3,0.2,0.7
227,/wynton/group/sali/mhancock/xray/sample_bench/out/266_decoys/0/output_197/pdbs/3.pdb,4715.533531805342,0.0540317303654804,0.8,0.3,0.2,0.7
228,/wynton/group/sali/mhancock/xray/sample_bench/out/266_decoys/0/output_174/pdbs/14.pdb,587.0993306673006,0.1787087230076945,0.8,0.3,0.2,0.7
229,/wynton/group/sali/mhancock/xray/sample_bench/out/266_decoys/0/output_184/pdbs/19.pdb,828.3858490427019,0.2474344800935629,0.8,0.3,0.2,0.7
230,/wynton/group/sali/mhancock/xray/sample_bench/out/266_decoys/0/output_71/pdbs/7.pdb,1513.2682750660738,0.097300258514163,0.8,0.3,0.2,0.7
231,/wynton/group/sali/mhancock/xray/sample_bench/out/266_decoys/0/output_52/pdbs/6.pdb,1976.7507057151377,0.0827791243030334,0.8,0.3,0.2,0.7
232,/wynton/group/sali/mhancock/xray/sample_bench/out/266_decoys/0/output_92/pdbs/4.pdb,3002.980985940613,0.0625768648779779,0.8,0.3,0.2,0.7
233,/wynton/group/sali/mhancock/xray/sample_bench/out/266_decoys/0/output_78/pdbs/12.pdb,721.5851570749726,0.1528967995812402,0.8,0.3,0.2,0.7
234,/wynton/group/sali/mhancock/xray/sample_bench/out/266_decoys/0/output_245/pdbs/7.pdb,1504.0248063060492,0.0973552895961724,0.8,0.3,0.2,0.7
235,/wynton/group/sali/mhancock/xray/sample_bench/out/266_decoys/0/output_35/pdbs/3.pdb,4702.240443077162,0.0531950199632859,0.8,0.3,0.2,0.7
236,/wynton/group/sali/mhancock/xray/sample_bench/out/266_decoys/0/output_38/pdbs/19.pdb,823.6738202466254,0.2467666754426219,0.8,0.3,0.2,0.7
237,/wynton/group/sali/mhancock/xray/sample_bench/out/266_decoys/0/output_112/pdbs/13.pdb,927.9249392283936,0.1671483742985471,0.8,0.3,0.2,0.7
238,/wynton/group/sali/mhancock/xray/sample_bench/out/266_decoys/0/output_47/pdbs/5.pdb,1634.311366451805,0.0752873533285316,0.8,0.3,0.2,0.7
239,/wynton/group/sali/mhancock/xray/sample_bench/out/266_decoys/0/output_247/pdbs/3.pdb,4710.697364756426,0.0534616874409199,0.8,0.3,0.2,0.7
240,/wynton/group/sali/mhancock/xray/sample_bench/out/266_decoys/0/output_99/pdbs/14.pdb,583.2349613317397,0.1790552256743234,0.8,0.3,0.2,0.7
241,/wynton/group/sali/mhancock/xray/sample_bench/out/266_decoys/0/output_57/pdbs/6.pdb,1982.0934469753909,0.0824139654536563,0.8,0.3,0.2,0.7
242,/wynton/group/sali/mhancock/xray/sample_bench/out/266_decoys/0/output_198/pdbs/1.pdb,7234.628290129771,0.0305737083046013,0.8,0.3,0.2,0.7
243,/wynton/group/sali/mhancock/xray/sample_bench/out/266_decoys/0/output_182/pdbs/2.pdb,3760.7951570912783,0.0421370562628557,0.8,0.3,0.2,0.7
244,/wynton/group/sali/mhancock/xray/sample_bench/out/266_decoys/0/output_1/pdbs/4.pdb,3008.0406388886377,0.061148430471334,0.8,0.3,0.2,0.7
245,/wynton/group/sali/mhancock/xray/sample_bench/out/266_decoys/0/output_112/pdbs/6.pdb,1958.98255032932,0.0865487022011533,0.8,0.3,0.2,0.7
246,/wynton/group/sali/mhancock/xray/sample_bench/out/266_decoys/0/output_167/pdbs/4.pdb,3019.6381569905698,0.0607721334245464,0.8,0.3,0.2,0.7
247,/wynton/group/sali/mhancock/xray/sample_bench/out/266_decoys/0/output_196/pdbs/19.pdb,820.8376104723591,0.2486435870035885,0.8,0.3,0.2,0.7
248,/wynton/group/sali/mhancock/xray/sample_bench/out/266_decoys/0/output_233/pdbs/1.pdb,7265.800343192153,0.0296710983061707,0.8,0.3,0.2,0.7
249,/wynton/group/sali/mhancock/xray/sample_bench/out/266_decoys/0/output_144/pdbs/13.pdb,915.4588673233382,0.1672226887994593,0.8,0.3,0.2,0.7
250,/wynton/group/sali/mhancock/xray/sample_bench/out/266_decoys/0/output_148/pdbs/18.pdb,552.4803989837817,0.2342924947639829,0.8,0.3,0.2,0.7
251,/wynton/group/sali/mhancock/xray/sample_bench/out/266_decoys/0/output_202/pdbs/5.pdb,1622.469978735906,0.0757226348406494,0.8,0.3,0.2,0.7
252,/wynton/group/sali/mhancock/xray/sample_bench/out/266_decoys/0/output_3/pdbs/13.pdb,912.6462925545712,0.1669285207036699,0.8,0.3,0.2,0.7
253,/wynton/group/sali/mhancock/xray/sample_bench/out/266_decoys/0/output_90/pdbs/10.pdb,1348.5580029630937,0.1289930716764041,0.8,0.3,0.2,0.7
254,/wynton/group/sali/mhancock/xray/sample_bench/out/266_decoys/0/output_147/pdbs/18.pdb,548.4362845075959,0.2302529576092875,0.8,0.3,0.2,0.7
255,/wynton/group/sali/mhancock/xray/sample_bench/out/266_decoys/0/output_204/pdbs/5.pdb,1629.8401701852697,0.0787134546638672,0.8,0.3,0.2,0.7
256,/wynton/group/sali/mhancock/xray/sample_bench/out/266_decoys/0/output_178/pdbs/6.pdb,1969.062676352661,0.0843487121949181,0.8,0.3,0.2,0.7
257,/wynton/group/sali/mhancock/xray/sample_bench/out/266_decoys/0/output_27/pdbs/3.pdb,4716.781273286288,0.0525465615211418,0.8,0.3,0.2,0.7
258,/wynton/group/sali/mhancock/xray/sample_bench/out/266_decoys/0/output_138/pdbs/13.pdb,930.428418033886,0.1667117542292197,0.8,0.3,0.2,0.7
259,/wynton/group/sali/mhancock/xray/sample_bench/out/266_decoys/0/output_63/pdbs/3.pdb,4715.396562049359,0.0526855968897682,0.8,0.3,0.2,0.7
260,/wynton/group/sali/mhancock/xray/sample_bench/out/266_decoys/0/output_236/pdbs/13.pdb,917.6211005173304,0.1647115012793401,0.8,0.3,0.2,0.7
261,/wynton/group/sali/mhancock/xray/sample_bench/out/266_decoys/0/output_20/pdbs/15.pdb,566.2808211659158,0.1925307967957948,0.8,0.3,0.2,0.7
262,/wynton/group/sali/mhancock/xray/sample_bench/out/266_decoys/0/output_108/pdbs/9.pdb,1328.1110871691285,0.1188098974127018,0.8,0.3,0.2,0.7
263,/wynton/group/sali/mhancock/xray/sample_bench/out/266_decoys/0/output_224/pdbs/13.pdb,920.0496512511536,0.1622890966611926,0.8,0.3,0.2,0.7
264,/wynton/group/sali/mhancock/xray/sample_bench/out/266_decoys/0/output_19/pdbs/5.pdb,1635.2214403014996,0.0764756792350223,0.8,0.3,0.2,0.7
265,/wynton/group/sali/mhancock/xray/sample_bench/out/266_decoys/0/output_107/pdbs/9.pdb,1341.3596781087897,0.1155149102730476,0.8,0.3,0.2,0.7
266,/wynton/group/sali/mhancock/xray/sample_bench/out/266_decoys/0/output_42/pdbs/1.pdb,7255.0387761026595,0.029551355064356,0.8,0.3,0.2,0.7
267,/wynton/group/sali/mhancock/xray/sample_bench/out/266_decoys/0/output_82/pdbs/11.pdb,680.0411597818875,0.1399848977067224,0.8,0.3,0.2,0.7
268,/wynton/group/sali/mhancock/xray/sample_bench/out/266_decoys/0/output_202/pdbs/13.pdb,910.5322494280848,0.1645357241530403,0.8,0.3,0.2,0.7
269,/wynton/group/sali/mhancock/xray/sample_bench/out/266_decoys/0/output_77/pdbs/11.pdb,695.0690614767625,0.1401577712971041,0.8,0.3,0.2,0.7
270,/wynton/group/sali/mhancock/xray/sample_bench/out/266_decoys/0/output_6/pdbs/15.pdb,566.8130964715779,0.1926723700334014,0.8,0.3,0.2,0.7
271,/wynton/group/sali/mhancock/xray/sample_bench/out/266_decoys/0/output_54/pdbs/13.pdb,910.1525576983536,0.1660283202552016,0.8,0.3,0.2,0.7
272,/wynton/group/sali/mhancock/xray/sample_bench/out/266_decoys/0/output_212/pdbs/11.pdb,682.0502062551539,0.1391913899432198,0.8,0.3,0.2,0.7
273,/wynton/group/sali/mhancock/xray/sample_bench/out/266_decoys/0/output_124/pdbs/4.pdb,3007.909655577488,0.0630099214997874,0.8,0.3,0.2,0.7
274,/wynton/group/sali/mhancock/xray/sample_bench/out/266_decoys/0/output_66/pdbs/19.pdb,819.8489299656324,0.245203656967545,0.8,0.3,0.2,0.7
275,/wynton/group/sali/mhancock/xray/sample_bench/out/266_decoys/0/output_205/pdbs/1.pdb,7271.531080104481,0.0305204056244879,0.8,0.3,0.2,0.7
276,/wynton/group/sali/mhancock/xray/sample_bench/out/266_decoys/0/output_239/pdbs/12.pdb,725.1420018266924,0.1506179561098087,0.8,0.3,0.2,0.7
277,/wynton/group/sali/mhancock/xray/sample_bench/out/266_decoys/0/output_205/pdbs/9.pdb,1324.591445395081,0.1186237465038681,0.8,0.3,0.2,0.7
278,/wynton/group/sali/mhancock/xray/sample_bench/out/266_decoys/0/output_42/pdbs/14.pdb,585.1323959651725,0.1820629053721875,0.8,0.3,0.2,0.7
279,/wynton/group/sali/mhancock/xray/sample_bench/out/266_decoys/0/output_41/pdbs/5.pdb,1639.4602515602423,0.0761372739357543,0.8,0.3,0.2,0.7
280,/wynton/group/sali/mhancock/xray/sample_bench/out/266_decoys/0/output_151/pdbs/4.pdb,3004.767026464154,0.0620483991474422,0.8,0.3,0.2,0.7
281,/wynton/group/sali/mhancock/xray/sample_bench/out/266_decoys/0/output_23/pdbs/8.pdb,890.1831871137517,0.1064612054635615,0.8,0.3,0.2,0.7
282,/wynton/group/sali/mhancock/xray/sample_bench/out/266_decoys/0/output_49/pdbs/18.pdb,551.3793416548172,0.2366548759817942,0.8,0.3,0.2,0.7
283,/wynton/group/sali/mhancock/xray/sample_bench/out/266_decoys/0/output_245/pdbs/12.pdb,715.0682463020653,0.1532983706672652,0.8,0.3,0.2,0.7
284,/wynton/group/sali/mhancock/xray/sample_bench/out/266_decoys/0/output_104/pdbs/19.pdb,823.6253025490932,0.2486423506475627,0.8,0.3,0.2,0.7
285,/wynton/group/sali/mhancock/xray/sample_bench/out/266_decoys/0/output_80/pdbs/7.pdb,1503.8888407027189,0.0982940515463964,0.8,0.3,0.2,0.7
286,/wynton/group/sali/mhancock/xray/sample_bench/out/266_decoys/0/output_135/pdbs/5.pdb,1639.3884308927427,0.0746322395940077,0.8,0.3,0.2,0.7
287,/wynton/group/sali/mhancock/xray/sample_bench/out/266_decoys/0/output_73/pdbs/3.pdb,4705.562418592506,0.0540046971055483,0.8,0.3,0.2,0.7
288,/wynton/group/sali/mhancock/xray/sample_bench/out/266_decoys/0/output_107/pdbs/13.pdb,926.0455818118604,0.1644895464543303,0.8,0.3,0.2,0.7
289,/wynton/group/sali/mhancock/xray/sample_bench/out/266_decoys/0/output_2/pdbs/8.pdb,872.0256084067973,0.1053927019835462,0.8,0.3,0.2,0.7
290,/wynton/group/sali/mhancock/xray/sample_bench/out/266_decoys/0/output_237/pdbs/19.pdb,812.3869348105718,0.2485573139576577,0.8,0.3,0.2,0.7
291,/wynton/group/sali/mhancock/xray/sample_bench/out/266_decoys/0/output_249/pdbs/1.pdb,7268.825568157556,0.0313429082793465,0.8,0.3,0.2,0.7
292,/wynton/group/sali/mhancock/xray/sample_bench/out/266_decoys/0/output_237/pdbs/17.pdb,572.9271627780408,0.2209992731753202,0.8,0.3,0.2,0.7
293,/wynton/group/sali/mhancock/xray/sample_bench/out/266_decoys/0/output_78/pdbs/1.pdb,7253.693441354034,0.029160390022215,0.8,0.3,0.2,0.7
294,/wynton/group/sali/mhancock/xray/sample_bench/out/266_decoys/0/output_52/pdbs/7.pdb,1516.5182588022583,0.0953181322815844,0.8,0.3,0.2,0.7
295,/wynton/group/sali/mhancock/xray/sample_bench/out/266_decoys/0/output_93/pdbs/8.pdb,867.2453745339583,0.1078406195334951,0.8,0.3,0.2,0.7
296,/wynton/group/sali/mhancock/xray/sample_bench/out/266_decoys/0/output_204/pdbs/16.pdb,787.7330232848503,0.2077649211090397,0.8,0.3,0.2,0.7
297,/wynton/group/sali/mhancock/xray/sample_bench/out/266_decoys/0/output_82/pdbs/17.pdb,588.5426658507329,0.2205275618878729,0.8,0.3,0.2,0.7
298,/wynton/group/sali/mhancock/xray/sample_bench/out/266_decoys/0/output_206/pdbs/2.pdb,3769.643600550662,0.0426034822807835,0.8,0.3,0.2,0.7
299,/wynton/group/sali/mhancock/xray/sample_bench/out/266_decoys/0/output_89/pdbs/10.pdb,1341.0952138603948,0.1298321264591939,0.8,0.3,0.2,0.7
300,/wynton/group/sali/mhancock/xray/sample_bench/out/266_decoys/0/output_80/pdbs/9.pdb,1330.1445961644142,0.1176130467436124,0.8,0.3,0.2,0.7
301,/wynton/group/sali/mhancock/xray/sample_bench/out/266_decoys/0/output_189/pdbs/2.pdb,3769.12685169888,0.0440927658852585,0.8,0.3,0.2,0.7
302,/wynton/group/sali/mhancock/xray/sample_bench/out/266_decoys/0/output_36/pdbs/1.pdb,7239.748296097257,0.030327163617503,0.8,0.3,0.2,0.7
303,/wynton/group/sali/mhancock/xray/sample_bench/out/266_decoys/0/output_68/pdbs/7.pdb,1506.2954816092615,0.0967891865748862,0.8,0.3,0.2,0.7
304,/wynton/group/sali/mhancock/xray/sample_bench/out/266_decoys/0/output_227/pdbs/19.pdb,819.2726375499233,0.2460343626879338,0.8,0.3,0.2,0.7
305,/wynton/group/sali/mhancock/xray/sample_bench/out/266_decoys/0/output_159/pdbs/12.pdb,722.5664342182833,0.1543924927565065,0.8,0.3,0.2,0.7
306,/wynton/group/sali/mhancock/xray/sample_bench/out/266_decoys/0/output_120/pdbs/18.pdb,555.064636215194,0.2329141396643316,0.8,0.3,0.2,0.7
307,/wynton/group/sali/mhancock/xray/sample_bench/out/266_decoys/0/output_61/pdbs/11.pdb,678.3935039641369,0.1400398713240959,0.8,0.3,0.2,0.7
308,/wynton/group/sali/mhancock/xray/sample_bench/out/266_decoys/0/output_217/pdbs/19.pdb,805.1628187051367,0.2488782520920724,0.8,0.3,0.2,0.7
309,/wynton/group/sali/mhancock/xray/sample_bench/out/266_decoys/0/output_241/pdbs/2.pdb,3766.131722050141,0.0446701725694874,0.8,0.3,0.2,0.7
310,/wynton/group/sali/mhancock/xray/sample_bench/out/266_decoys/0/output_228/pdbs/6.pdb,1972.0153477722852,0.0822350537663108,0.8,0.3,0.2,0.7
311,/wynton/group/sali/mhancock/xray/sample_bench/out/266_decoys/0/output_90/pdbs/13.pdb,917.66179319859,0.1651656653584136,0.8,0.3,0.2,0.7
312,/wynton/group/sali/mhancock/xray/sample_bench/out/266_decoys/0/output_148/pdbs/9.pdb,1336.4949744626715,0.1130898507350309,0.8,0.3,0.2,0.7
313,/wynton/group/sali/mhancock/xray/sample_bench/out/266_decoys/0/output_123/pdbs/5.pdb,1622.544771122627,0.0752780744033001,0.8,0.3,0.2,0.7
314,/wynton/group/sali/mhancock/xray/sample_bench/out/266_decoys/0/output_159/pdbs/14.pdb,584.3711987637093,0.1819994731070959,0.8,0.3,0.2,0.7
315,/wynton/group/sali/mhancock/xray/sample_bench/out/266_decoys/0/output_32/pdbs/9.pdb,1331.4490304010326,0.1171186646964045,0.8,0.3,0.2,0.7
316,/wynton/group/sali/mhancock/xray/sample_bench/out/266_decoys/0/output_113/pdbs/10.pdb,1339.28742009067,0.127133211295786,0.8,0.3,0.2,0.7
317,/wynton/group/sali/mhancock/xray/sample_bench/out/266_decoys/0/output_45/pdbs/4.pdb,3013.9266246682346,0.0625960157672842,0.8,0.3,0.2,0.7
318,/wynton/group/sali/mhancock/xray/sample_bench/out/266_decoys/0/output_7/pdbs/6.pdb,1977.6381458701412,0.0853634566218658,0.8,0.3,0.2,0.7
319,/wynton/group/sali/mhancock/xray/sample_bench/out/266_decoys/0/output_249/pdbs/3.pdb,4724.996536524503,0.0529008057443515,0.8,0.3,0.2,0.7
320,/wynton/group/sali/mhancock/xray/sample_bench/out/266_decoys/0/output_104/pdbs/5.pdb,1620.455450422565,0.0749104765447232,0.8,0.3,0.2,0.7
321,/wynton/group/sali/mhancock/xray/sample_bench/out/266_decoys/0/output_241/pdbs/17.pdb,569.2653014309324,0.2206948935835413,0.8,0.3,0.2,0.7
322,/wynton/group/sali/mhancock/xray/sample_bench/out/266_decoys/0/output_18/pdbs/3.pdb,4694.005908468846,0.0540197510051352,0.8,0.3,0.2,0.7
323,/wynton/group/sali/mhancock/xray/sample_bench/out/266_decoys/0/output_227/pdbs/4.pdb,3012.757774054944,0.0612410542740105,0.8,0.3,0.2,0.7
324,/wynton/group/sali/mhancock/xray/sample_bench/out/266_decoys/0/output_93/pdbs/9.pdb,1318.4477769668626,0.1186861647690022,0.8,0.3,0.2,0.7
325,/wynton/group/sali/mhancock/xray/sample_bench/out/266_decoys/0/output_96/pdbs/11.pdb,679.6743077310682,0.1435308184098825,0.8,0.3,0.2,0.7
326,/wynton/group/sali/mhancock/xray/sample_bench/out/266_decoys/0/output_46/pdbs/7.pdb,1517.428950087883,0.0941885188550715,0.8,0.3,0.2,0.7
327,/wynton/group/sali/mhancock/xray/sample_bench/out/266_decoys/0/output_83/pdbs/15.pdb,582.3357508499835,0.1940150899419475,0.8,0.3,0.2,0.7
328,/wynton/group/sali/mhancock/xray/sample_bench/out/266_decoys/0/output_141/pdbs/6.pdb,1976.2960101607375,0.0821433320198115,0.8,0.3,0.2,0.7
329,/wynton/group/sali/mhancock/xray/sample_bench/out/266_decoys/0/output_94/pdbs/10.pdb,1346.442076058545,0.1260556644672328,0.8,0.3,0.2,0.7
330,/wynton/group/sali/mhancock/xray/sample_bench/out/266_decoys/0/output_200/pdbs/15.pdb,573.1093065077721,0.1929067882280426,0.8,0.3,0.2,0.7
331,/wynton/group/sali/mhancock/xray/sample_bench/out/266_decoys/0/output_90/pdbs/15.pdb,574.0469632226525,0.1935744068138148,0.8,0.3,0.2,0.7
332,/wynton/group/sali/mhancock/xray/sample_bench/out/266_decoys/0/output_30/pdbs/10.pdb,1324.3465991160726,0.1263801570661173,0.8,0.3,0.2,0.7
333,/wynton/group/sali/mhancock/xray/sample_bench/out/266_decoys/0/output_88/pdbs/9.pdb,1326.1516270090212,0.1153419063488997,0.8,0.3,0.2,0.7
334,/wynton/group/sali/mhancock/xray/sample_bench/out/266_decoys/0/output_85/pdbs/7.pdb,1505.4144358458054,0.0975316318622652,0.8,0.3,0.2,0.7
335,/wynton/group/sali/mhancock/xray/sample_bench/out/266_decoys/0/output_1/pdbs/19.pdb,823.5345149797131,0.2444132535666606,0.8,0.3,0.2,0.7
336,/wynton/group/sali/mhancock/xray/sample_bench/out/266_decoys/0/output_186/pdbs/10.pdb,1333.4431581970823,0.1267577970451091,0.8,0.3,0.2,0.7
337,/wynton/group/sali/mhancock/xray/sample_bench/out/266_decoys/0/output_94/pdbs/12.pdb,719.5067175368288,0.1519740416926207,0.8,0.3,0.2,0.7
338,/wynton/group/sali/mhancock/xray/sample_bench/out/266_decoys/0/output_235/pdbs/17.pdb,572.3481284558004,0.2206226954596605,0.8,0.3,0.2,0.7
339,/wynton/group/sali/mhancock/xray/sample_bench/out/266_decoys/0/output_184/pdbs/16.pdb,785.7594449016044,0.209099597250134,0.8,0.3,0.2,0.7
340,/wynton/group/sali/mhancock/xray/sample_bench/out/266_decoys/0/output_162/pdbs/14.pdb,583.285649798918,0.1794092998354481,0.8,0.3,0.2,0.7
341,/wynton/group/sali/mhancock/xray/sample_bench/out/266_decoys/0/output_222/pdbs/13.pdb,909.6403068235392,0.1626551643616808,0.8,0.3,0.2,0.7
342,/wynton/group/sali/mhancock/xray/sample_bench/out/266_decoys/0/output_26/pdbs/16.pdb,793.9104183485445,0.2062518712197398,0.8,0.3,0.2,0.7
343,/wynton/group/sali/mhancock/xray/sample_bench/out/266_decoys/0/output_2/pdbs/2.pdb,3766.4027936143534,0.043810446247711,0.8,0.3,0.2,0.7
344,/wynton/group/sali/mhancock/xray/sample_bench/out/266_decoys/0/output_5/pdbs/9.pdb,1332.0701838473926,0.1153029422090632,0.8,0.3,0.2,0.7
345,/wynton/group/sali/mhancock/xray/sample_bench/out/266_decoys/0/output_56/pdbs/5.pdb,1635.0078330522888,0.0742971674470084,0.8,0.3,0.2,0.7
346,/wynton/group/sali/mhancock/xray/sample_bench/out/266_decoys/0/output_47/pdbs/18.pdb,559.4074344110297,0.2329278555064982,0.8,0.3,0.2,0.7
347,/wynton/group/sali/mhancock/xray/sample_bench/out/266_decoys/0/output_2/pdbs/1.pdb,7236.457340493307,0.0310035304621048,0.8,0.3,0.2,0.7
348,/wynton/group/sali/mhancock/xray/sample_bench/out/266_decoys/0/output_157/pdbs/5.pdb,1643.017740930746,0.0735806605104907,0.8,0.3,0.2,0.7
349,/wynton/group/sali/mhancock/xray/sample_bench/out/266_decoys/0/output_14/pdbs/10.pdb,1338.522437743491,0.1276760776670423,0.8,0.3,0.2,0.7
350,/wynton/group/sali/mhancock/xray/sample_bench/out/266_decoys/0/output_141/pdbs/9.pdb,1315.9500771007515,0.1150649718446909,0.8,0.3,0.2,0.7
351,/wynton/group/sali/mhancock/xray/sample_bench/out/266_decoys/0/output_133/pdbs/15.pdb,567.0394604637515,0.1930529635193191,0.8,0.3,0.2,0.7
352,/wynton/group/sali/mhancock/xray/sample_bench/out/266_decoys/0/output_62/pdbs/15.pdb,572.3817901913737,0.1935200502611564,0.8,0.3,0.2,0.7
353,/wynton/group/sali/mhancock/xray/sample_bench/out/266_decoys/0/output_87/pdbs/11.pdb,685.2733333153242,0.1399272576911626,0.8,0.3,0.2,0.7
354,/wynton/group/sali/mhancock/xray/sample_bench/out/266_decoys/0/output_22/pdbs/16.pdb,786.9751926085085,0.2032621100069062,0.8,0.3,0.2,0.7
355,/wynton/group/sali/mhancock/xray/sample_bench/out/266_decoys/0/output_236/pdbs/19.pdb,829.7458448965467,0.2449088331393113,0.8,0.3,0.2,0.7
356,/wynton/group/sali/mhancock/xray/sample_bench/out/266_decoys/0/output_37/pdbs/1.pdb,7251.837729838773,0.030593971978143,0.8,0.3,0.2,0.7
357,/wynton/group/sali/mhancock/xray/sample_bench/out/266_decoys/0/output_245/pdbs/9.pdb,1327.428158061208,0.1167649047569959,0.8,0.3,0.2,0.7
358,/wynton/group/sali/mhancock/xray/sample_bench/out/266_decoys/0/output_169/pdbs/13.pdb,911.6116751242683,0.1639264090161881,0.8,0.3,0.2,0.7
359,/wynton/group/sali/mhancock/xray/sample_bench/out/266_decoys/0/output_70/pdbs/11.pdb,687.175171684235,0.1390396647296158,0.8,0.3,0.2,0.7
360,/wynton/group/sali/mhancock/xray/sample_bench/out/266_decoys/0/output_76/pdbs/7.pdb,1520.479357809033,0.0943848995274542,0.8,0.3,0.2,0.7
361,/wynton/group/sali/mhancock/xray/sample_bench/out/266_decoys/0/output_138/pdbs/1.pdb,7245.7000775676015,0.0310164059580613,0.8,0.3,0.2,0.7
362,/wynton/group/sali/mhancock/xray/sample_bench/out/266_decoys/0/output_7/pdbs/1.pdb,7249.137962971088,0.03095730019172,0.8,0.3,0.2,0.7
363,/wynton/group/sali/mhancock/xray/sample_bench/out/266_decoys/0/output_161/pdbs/14.pdb,579.4897010276632,0.180806466759939,0.8,0.3,0.2,0.7
364,/wynton/group/sali/mhancock/xray/sample_bench/out/266_decoys/0/output_215/pdbs/9.pdb,1329.817778641096,0.1141258002133299,0.8,0.3,0.2,0.7
365,/wynton/group/sali/mhancock/xray/sample_bench/out/266_decoys/0/output_226/pdbs/8.pdb,868.0722992597829,0.1051647758579784,0.8,0.3,0.2,0.7
366,/wynton/group/sali/mhancock/xray/sample_bench/out/266_decoys/0/output_174/pdbs/11.pdb,693.8118360607953,0.1366331317972302,0.8,0.3,0.2,0.7
367,/wynton/group/sali/mhancock/xray/sample_bench/out/266_decoys/0/output_69/pdbs/17.pdb,581.4269344796887,0.2147688139903098,0.8,0.3,0.2,0.7
368,/wynton/group/sali/mhancock/xray/sample_bench/out/266_decoys/0/output_192/pdbs/12.pdb,730.5103071979038,0.1516133606846156,0.8,0.3,0.2,0.7
369,/wynton/group/sali/mhancock/xray/sample_bench/out/266_decoys/0/output_194/pdbs/1.pdb,7241.088415478604,0.0305998310381868,0.8,0.3,0.2,0.7
370,/wynton/group/sali/mhancock/xray/sample_bench/out/266_decoys/0/output_106/pdbs/14.pdb,585.9331110241669,0.1814101606709326,0.8,0.3,0.2,0.7
371,/wynton/group/sali/mhancock/xray/sample_bench/out/266_decoys/0/output_191/pdbs/15.pdb,567.8997926628122,0.1906234393532526,0.8,0.3,0.2,0.7
372,/wynton/group/sali/mhancock/xray/sample_bench/out/266_decoys/0/output_54/pdbs/10.pdb,1334.1512137768611,0.1277070690663025,0.8,0.3,0.2,0.7
373,/wynton/group/sali/mhancock/xray/sample_bench/out/266_decoys/0/output_162/pdbs/4.pdb,3025.2617131574134,0.0628608750337128,0.8,0.3,0.2,0.7
374,/wynton/group/sali/mhancock/xray/sample_bench/out/266_decoys/0/output_166/pdbs/16.pdb,786.436880397282,0.2068346188608709,0.8,0.3,0.2,0.7
375,/wynton/group/sali/mhancock/xray/sample_bench/out/266_decoys/0/output_127/pdbs/8.pdb,881.6980889153755,0.1035725093576854,0.8,0.3,0.2,0.7
376,/wynton/group/sali/mhancock/xray/sample_bench/out/266_decoys/0/output_143/pdbs/15.pdb,579.5576265013578,0.1904059470803367,0.8,0.3,0.2,0.7
377,/wynton/group/sali/mhancock/xray/sample_bench/out/266_decoys/0/output_10/pdbs/17.pdb,580.8310407869953,0.2192505169634086,0.8,0.3,0.2,0.7
378,/wynton/group/sali/mhancock/xray/sample_bench/out/266_decoys/0/output_22/pdbs/9.pdb,1325.236445756519,0.1157544545199674,0.8,0.3,0.2,0.7
379,/wynton/group/sali/mhancock/xray/sample_bench/out/266_decoys/0/output_193/pdbs/13.pdb,913.8650050813142,0.1632174478541698,0.8,0.3,0.2,0.7
380,/wynton/group/sali/mhancock/xray/sample_bench/out/266_decoys/0/output_8/pdbs/5.pdb,1624.3261069939483,0.075727766603315,0.8,0.3,0.2,0.7
381,/wynton/group/sali/mhancock/xray/sample_bench/out/266_decoys/0/output_187/pdbs/4.pdb,2998.4661769340564,0.0609877363662495,0.8,0.3,0.2,0.7
382,/wynton/group/sali/mhancock/xray/sample_bench/out/266_decoys/0/output_54/pdbs/14.pdb,582.086258106888,0.1826848612770531,0.8,0.3,0.2,0.7
383,/wynton/group/sali/mhancock/xray/sample_bench/out/266_decoys/0/output_30/pdbs/12.pdb,712.4026966643464,0.1519594702277634,0.8,0.3,0.2,0.7
384,/wynton/group/sali/mhancock/xray/sample_bench/out/266_decoys/0/output_50/pdbs/12.pdb,721.6902526105021,0.1544162986683871,0.8,0.3,0.2,0.7
385,/wynton/group/sali/mhancock/xray/sample_bench/out/266_decoys/0/output_66/pdbs/8.pdb,883.0053191517878,0.104549406120544,0.8,0.3,0.2,0.7
386,/wynton/group/sali/mhancock/xray/sample_bench/out/266_decoys/0/output_94/pdbs/17.pdb,590.0070509273735,0.2205047756763336,0.8,0.3,0.2,0.7
387,/wynton/group/sali/mhancock/xray/sample_bench/out/266_decoys/0/output_217/pdbs/11.pdb,686.3180557711491,0.1421422316399226,0.8,0.3,0.2,0.7
388,/wynton/group/sali/mhancock/xray/sample_bench/out/266_decoys/0/output_232/pdbs/7.pdb,1502.9316668424954,0.0988557057051675,0.8,0.3,0.2,0.7
389,/wynton/group/sali/mhancock/xray/sample_bench/out/266_decoys/0/output_11/pdbs/12.pdb,727.375115227155,0.1496114213266126,0.8,0.3,0.2,0.7
390,/wynton/group/sali/mhancock/xray/sample_bench/out/266_decoys/0/output_75/pdbs/8.pdb,892.1514334272211,0.1061398286731043,0.8,0.3,0.2,0.7
391,/wynton/group/sali/mhancock/xray/sample_bench/out/266_decoys/0/output_241/pdbs/5.pdb,1622.6862004984018,0.077567892161277,0.8,0.3,0.2,0.7
392,/wynton/group/sali/mhancock/xray/sample_bench/out/266_decoys/0/output_66/pdbs/13.pdb,924.8477892841022,0.1639577368572001,0.8,0.3,0.2,0.7
393,/wynton/group/sali/mhancock/xray/sample_bench/out/266_decoys/0/output_236/pdbs/2.pdb,3751.309773927952,0.0426014954189551,0.8,0.3,0.2,0.7
394,/wynton/group/sali/mhancock/xray/sample_bench/out/266_decoys/0/output_111/pdbs/17.pdb,576.605238532889,0.2200529013490276,0.8,0.3,0.2,0.7
395,/wynton/group/sali/mhancock/xray/sample_bench/out/266_decoys/0/output_160/pdbs/15.pdb,572.6742503111413,0.1935203817591507,0.8,0.3,0.2,0.7
396,/wynton/group/sali/mhancock/xray/sample_bench/out/266_decoys/0/output_107/pdbs/8.pdb,887.5932638057354,0.1051652806255892,0.8,0.3,0.2,0.7
397,/wynton/group/sali/mhancock/xray/sample_bench/out/266_decoys/0/output_85/pdbs/11.pdb,660.6210097976898,0.1449141690112776,0.8,0.3,0.2,0.7
398,/wynton/group/sali/mhancock/xray/sample_bench/out/266_decoys/0/output_61/pdbs/1.pdb,7259.140698878032,0.0301846523167771,0.8,0.3,0.2,0.7
399,/wynton/group/sali/mhancock/xray/sample_bench/out/266_decoys/0/output_199/pdbs/13.pdb,911.46156830832,0.1645998096343988,0.8,0.3,0.2,0.7
400,/wynton/group/sali/mhancock/xray/sample_bench/out/266_decoys/0/output_162/pdbs/13.pdb,907.8987916603714,0.1637155535627582,0.8,0.3,0.2,0.7
401,/wynton/group/sali/mhancock/xray/sample_bench/out/266_decoys/0/output_219/pdbs/1.pdb,7248.345446066613,0.0298654908442191,0.8,0.3,0.2,0.7
402,/wynton/group/sali/mhancock/xray/sample_bench/out/266_decoys/0/output_221/pdbs/18.pdb,557.0436925203007,0.233248832848797,0.8,0.3,0.2,0.7
403,/wynton/group/sali/mhancock/xray/sample_bench/out/266_decoys/0/output_19/pdbs/18.pdb,547.3835974583624,0.234871112244293,0.8,0.3,0.2,0.7
404,/wynton/group/sali/mhancock/xray/sample_bench/out/266_decoys/0/output_94/pdbs/11.pdb,677.626536183561,0.1390378727610596,0.8,0.3,0.2,0.7
405,/wynton/group/sali/mhancock/xray/sample_bench/out/266_decoys/0/output_72/pdbs/3.pdb,4689.466048918905,0.0529208355001075,0.8,0.3,0.2,0.7
406,/wynton/group/sali/mhancock/xray/sample_bench/out/266_decoys/0/output_11/pdbs/1.pdb,7226.001607012458,0.0314361168573157,0.8,0.3,0.2,0.7
407,/wynton/group/sali/mhancock/xray/sample_bench/out/266_decoys/0/output_187/pdbs/11.pdb,683.7074279749775,0.1396176964760411,0.8,0.3,0.2,0.7
408,/wynton/group/sali/mhancock/xray/sample_bench/out/266_decoys/0/output_221/pdbs/1.pdb,7254.640460739442,0.0296001758179927,0.8,0.3,0.2,0.7
409,/wynton/group/sali/mhancock/xray/sample_bench/out/266_decoys/0/output_129/pdbs/9.pdb,1332.938652406819,0.1174174542571939,0.8,0.3,0.2,0.7
410,/wynton/group/sali/mhancock/xray/sample_bench/out/266_decoys/0/output_231/pdbs/7.pdb,1510.555649292718,0.093912503970272,0.8,0.3,0.2,0.7
411,/wynton/group/sali/mhancock/xray/sample_bench/out/266_decoys/0/output_222/pdbs/11.pdb,675.4963564726522,0.137350649590341,0.8,0.3,0.2,0.7
412,/wynton/group/sali/mhancock/xray/sample_bench/out/266_decoys/0/output_117/pdbs/2.pdb,3778.336325433967,0.0438069334707538,0.8,0.3,0.2,0.7
413,/wynton/group/sali/mhancock/xray/sample_bench/out/266_decoys/0/output_59/pdbs/15.pdb,570.7340672435475,0.1957449121309885,0.8,0.3,0.2,0.7
414,/wynton/group/sali/mhancock/xray/sample_bench/out/266_decoys/0/output_35/pdbs/1.pdb,7233.39571804777,0.0292960155291207,0.8,0.3,0.2,0.7
415,/wynton/group/sali/mhancock/xray/sample_bench/out/266_decoys/0/output_67/pdbs/14.pdb,582.0009507329951,0.1798500311875825,0.8,0.3,0.2,0.7
416,/wynton/group/sali/mhancock/xray/sample_bench/out/266_decoys/0/output_186/pdbs/2.pdb,3777.305541085415,0.041579542822584,0.8,0.3,0.2,0.7
417,/wynton/group/sali/mhancock/xray/sample_bench/out/266_decoys/0/output_248/pdbs/10.pdb,1340.2940012883814,0.1280612527080133,0.8,0.3,0.2,0.7
418,/wynton/group/sali/mhancock/xray/sample_bench/out/266_decoys/0/output_101/pdbs/16.pdb,774.1580840095276,0.2070725122073863,0.8,0.3,0.2,0.7
419,/wynton/group/sali/mhancock/xray/sample_bench/out/266_decoys/0/output_183/pdbs/5.pdb,1617.8202494844409,0.0775613099916458,0.8,0.3,0.2,0.7
420,/wynton/group/sali/mhancock/xray/sample_bench/out/266_decoys/0/output_103/pdbs/10.pdb,1333.010286711943,0.1284289775078304,0.8,0.3,0.2,0.7
421,/wynton/group/sali/mhancock/xray/sample_bench/out/266_decoys/0/output_119/pdbs/14.pdb,582.9875372103629,0.1785625867032429,0.8,0.3,0.2,0.7
422,/wynton/group/sali/mhancock/xray/sample_bench/out/266_decoys/0/output_87/pdbs/8.pdb,873.5546392406209,0.1056652124644866,0.8,0.3,0.2,0.7
423,/wynton/group/sali/mhancock/xray/sample_bench/out/266_decoys/0/output_32/pdbs/12.pdb,718.5403221204147,0.1544489266341274,0.8,0.3,0.2,0.7
424,/wynton/group/sali/mhancock/xray/sample_bench/out/266_decoys/0/output_92/pdbs/1.pdb,7255.813050991192,0.0320240079449543,0.8,0.3,0.2,0.7
425,/wynton/group/sali/mhancock/xray/sample_bench/out/266_decoys/0/output_86/pdbs/13.pdb,921.8374760600964,0.1625733862440632,0.8,0.3,0.2,0.7
426,/wynton/group/sali/mhancock/xray/sample_bench/out/266_decoys/0/output_62/pdbs/16.pdb,789.1289634423633,0.2085954585409222,0.8,0.3,0.2,0.7
427,/wynton/group/sali/mhancock/xray/sample_bench/out/266_decoys/0/output_207/pdbs/6.pdb,1965.4956651012812,0.0837115140772578,0.8,0.3,0.2,0.7
428,/wynton/group/sali/mhancock/xray/sample_bench/out/266_decoys/0/output_164/pdbs/11.pdb,679.2894058592708,0.1421482828035339,0.8,0.3,0.2,0.7
429,/wynton/group/sali/mhancock/xray/sample_bench/out/266_decoys/0/output_162/pdbs/1.pdb,7242.429647429197,0.0299894436921935,0.8,0.3,0.2,0.7
430,/wynton/group/sali/mhancock/xray/sample_bench/out/266_decoys/0/output_21/pdbs/3.pdb,4703.274073950617,0.053404484195435,0.8,0.3,0.2,0.7
431,/wynton/group/sali/mhancock/xray/sample_bench/out/266_decoys/0/output_40/pdbs/18.pdb,550.5294201613151,0.2306549361426682,0.8,0.3,0.2,0.7
432,/wynton/group/sali/mhancock/xray/sample_bench/out/266_decoys/0/output_76/pdbs/14.pdb,591.9404325052512,0.1782178641380121,0.8,0.3,0.2,0.7
433,/wynton/group/sali/mhancock/xray/sample_bench/out/266_decoys/0/output_16/pdbs/9.pdb,1339.7455414907872,0.1151468255739316,0.8,0.3,0.2,0.7
434,/wynton/group/sali/mhancock/xray/sample_bench/out/266_decoys/0/output_55/pdbs/6.pdb,1974.3087977538655,0.0837619991506432,0.8,0.3,0.2,0.7
435,/wynton/group/sali/mhancock/xray/sample_bench/out/266_decoys/0/output_27/pdbs/9.pdb,1322.0331525649576,0.1171830986098325,0.8,0.3,0.2,0.7
436,/wynton/group/sali/mhancock/xray/sample_bench/out/266_decoys/0/output_3/pdbs/8.pdb,870.6624974667843,0.106043852215597,0.8,0.3,0.2,0.7
437,/wynton/group/sali/mhancock/xray/sample_bench/out/266_decoys/0/output_62/pdbs/13.pdb,918.124809467526,0.1647128782304669,0.8,0.3,0.2,0.7
438,/wynton/group/sali/mhancock/xray/sample_bench/out/266_decoys/0/output_204/pdbs/11.pdb,687.1360384142899,0.1413402459134499,0.8,0.3,0.2,0.7
439,/wynton/group/sali/mhancock/xray/sample_bench/out/266_decoys/0/output_18/pdbs/9.pdb,1331.3352765735335,0.1181002903602191,0.8,0.3,0.2,0.7
440,/wynton/group/sali/mhancock/xray/sample_bench/out/266_decoys/0/output_93/pdbs/3.pdb,4711.458668608647,0.0541874640154821,0.8,0.3,0.2,0.7
441,/wynton/group/sali/mhancock/xray/sample_bench/out/266_decoys/0/output_31/pdbs/15.pdb,569.025541461679,0.1922750770510891,0.8,0.3,0.2,0.7
442,/wynton/group/sali/mhancock/xray/sample_bench/out/266_decoys/0/output_56/pdbs/10.pdb,1339.0601947015352,0.1211390850682318,0.8,0.3,0.2,0.7
443,/wynton/group/sali/mhancock/xray/sample_bench/out/266_decoys/0/output_136/pdbs/7.pdb,1501.9916721720078,0.0956926611578244,0.8,0.3,0.2,0.7
444,/wynton/group/sali/mhancock/xray/sample_bench/out/266_decoys/0/output_95/pdbs/18.pdb,567.9053588391391,0.2338066473294451,0.8,0.3,0.2,0.7
445,/wynton/group/sali/mhancock/xray/sample_bench/out/266_decoys/0/output_18/pdbs/11.pdb,683.0097751749413,0.142152400713898,0.8,0.3,0.2,0.7
446,/wynton/group/sali/mhancock/xray/sample_bench/out/266_decoys/0/output_130/pdbs/4.pdb,2996.260071806014,0.0605948728599656,0.8,0.3,0.2,0.7
447,/wynton/group/sali/mhancock/xray/sample_bench/out/266_decoys/0/output_97/pdbs/12.pdb,720.2466521337278,0.151486229985342,0.8,0.3,0.2,0.7
448,/wynton/group/sali/mhancock/xray/sample_bench/out/266_decoys/0/output_9/pdbs/3.pdb,4691.977952047503,0.0530900059238369,0.8,0.3,0.2,0.7
449,/wynton/group/sali/mhancock/xray/sample_bench/out/266_decoys/0/output_28/pdbs/6.pdb,1955.083212068,0.0846091120055704,0.8,0.3,0.2,0.7
450,/wynton/group/sali/mhancock/xray/sample_bench/out/266_decoys/0/output_98/pdbs/8.pdb,883.335145732035,0.1029868756841165,0.8,0.3,0.2,0.7
451,/wynton/group/sali/mhancock/xray/sample_bench/out/266_decoys/0/output_48/pdbs/13.pdb,909.7331162960444,0.1659537968052795,0.8,0.3,0.2,0.7
452,/wynton/group/sali/mhancock/xray/sample_bench/out/266_decoys/0/output_192/pdbs/15.pdb,570.5201753130857,0.1917623225124838,0.8,0.3,0.2,0.7
453,/wynton/group/sali/mhancock/xray/sample_bench/out/266_decoys/0/output_120/pdbs/9.pdb,1331.766881143436,0.1157438347032618,0.8,0.3,0.2,0.7
454,/wynton/group/sali/mhancock/xray/sample_bench/out/266_decoys/0/output_63/pdbs/12.pdb,718.3655770512289,0.1527741526001738,0.8,0.3,0.2,0.7
455,/wynton/group/sali/mhancock/xray/sample_bench/out/266_decoys/0/output_169/pdbs/2.pdb,3774.8113929024,0.0417859562953307,0.8,0.3,0.2,0.7
456,/wynton/group/sali/mhancock/xray/sample_bench/out/266_decoys/0/output_105/pdbs/19.pdb,825.0428683186967,0.2444204824907567,0.8,0.3,0.2,0.7
457,/wynton/group/sali/mhancock/xray/sample_bench/out/266_decoys/0/output_210/pdbs/17.pdb,572.5288023821408,0.2183218197107023,0.8,0.3,0.2,0.7
458,/wynton/group/sali/mhancock/xray/sample_bench/out/266_decoys/0/output_31/pdbs/19.pdb,822.0196876063721,0.2466785673737809,0.8,0.3,0.2,0.7
459,/wynton/group/sali/mhancock/xray/sample_bench/out/266_decoys/0/output_81/pdbs/7.pdb,1509.035802563263,0.0953598667114951,0.8,0.3,0.2,0.7
460,/wynton/group/sali/mhancock/xray/sample_bench/out/266_decoys/0/output_34/pdbs/1.pdb,7245.804294263505,0.0313069088752906,0.8,0.3,0.2,0.7
461,/wynton/group/sali/mhancock/xray/sample_bench/out/266_decoys/0/output_93/pdbs/10.pdb,1323.2588907366132,0.1303640339437124,0.8,0.3,0.2,0.7
462,/wynton/group/sali/mhancock/xray/sample_bench/out/266_decoys/0/output_35/pdbs/4.pdb,3017.205331892708,0.0622110495853985,0.8,0.3,0.2,0.7
463,/wynton/group/sali/mhancock/xray/sample_bench/out/266_decoys/0/output_61/pdbs/16.pdb,797.4336320565978,0.2057427719673997,0.8,0.3,0.2,0.7
464,/wynton/group/sali/mhancock/xray/sample_bench/out/266_decoys/0/output_158/pdbs/14.pdb,578.8057772755715,0.1797359020132304,0.8,0.3,0.2,0.7
465,/wynton/group/sali/mhancock/xray/sample_bench/out/266_decoys/0/output_224/pdbs/18.pdb,552.2797394676995,0.2314865022502141,0.8,0.3,0.2,0.7
466,/wynton/group/sali/mhancock/xray/sample_bench/out/266_decoys/0/output_32/pdbs/17.pdb,580.0976443188217,0.2197315944133798,0.8,0.3,0.2,0.7
467,/wynton/group/sali/mhancock/xray/sample_bench/out/266_decoys/0/output_49/pdbs/5.pdb,1626.858034285995,0.0747585320871408,0.8,0.3,0.2,0.7
468,/wynton/group/sali/mhancock/xray/sample_bench/out/266_decoys/0/output_39/pdbs/4.pdb,3013.5616115175662,0.0624361609033067,0.8,0.3,0.2,0.7
469,/wynton/group/sali/mhancock/xray/sample_bench/out/266_decoys/0/output_171/pdbs/11.pdb,679.3406132211621,0.1412507002457928,0.8,0.3,0.2,0.7
470,/wynton/group/sali/mhancock/xray/sample_bench/out/266_decoys/0/output_217/pdbs/5.pdb,1626.7207261312556,0.0767585497837174,0.8,0.3,0.2,0.7
471,/wynton/group/sali/mhancock/xray/sample_bench/out/266_decoys/0/output_213/pdbs/10.pdb,1335.4857058122354,0.1274995224202538,0.8,0.3,0.2,0.7
472,/wynton/group/sali/mhancock/xray/sample_bench/out/266_decoys/0/output_203/pdbs/14.pdb,584.9243332528322,0.1814814536940947,0.8,0.3,0.2,0.7
473,/wynton/group/sali/mhancock/xray/sample_bench/out/266_decoys/0/output_89/pdbs/6.pdb,1967.749612618453,0.0856099635898237,0.8,0.3,0.2,0.7
474,/wynton/group/sali/mhancock/xray/sample_bench/out/266_decoys/0/output_10/pdbs/19.pdb,812.753059144545,0.2461482026346207,0.8,0.3,0.2,0.7
475,/wynton/group/sali/mhancock/xray/sample_bench/out/266_decoys/0/output_43/pdbs/8.pdb,878.1759865098718,0.1057437712958968,0.8,0.3,0.2,0.7
476,/wynton/group/sali/mhancock/xray/sample_bench/out/266_decoys/0/output_236/pdbs/8.pdb,875.8691019723178,0.106307752535746,0.8,0.3,0.2,0.7
477,/wynton/group/sali/mhancock/xray/sample_bench/out/266_decoys/0/output_214/pdbs/6.pdb,1961.275886520958,0.0865260261417387,0.8,0.3,0.2,0.7
478,/wynton/group/sali/mhancock/xray/sample_bench/out/266_decoys/0/output_77/pdbs/7.pdb,1514.1248362111835,0.095181611518005,0.8,0.3,0.2,0.7
479,/wynton/group/sali/mhancock/xray/sample_bench/out/266_decoys/0/output_91/pdbs/14.pdb,592.2562128168108,0.1824644103679938,0.8,0.3,0.2,0.7
480,/wynton/group/sali/mhancock/xray/sample_bench/out/266_decoys/0/output_118/pdbs/19.pdb,815.17442296069,0.2486492405092423,0.8,0.3,0.2,0.7
481,/wynton/group/sali/mhancock/xray/sample_bench/out/266_decoys/0/output_232/pdbs/10.pdb,1337.6276410019018,0.1314191495504683,0.8,0.3,0.2,0.7
482,/wynton/group/sali/mhancock/xray/sample_bench/out/266_decoys/0/output_47/pdbs/19.pdb,837.2719993506028,0.2442050286252725,0.8,0.3,0.2,0.7
483,/wynton/group/sali/mhancock/xray/sample_bench/out/266_decoys/0/output_51/pdbs/5.pdb,1627.0843950021704,0.0770999631526462,0.8,0.3,0.2,0.7
484,/wynton/group/sali/mhancock/xray/sample_bench/out/266_decoys/0/output_35/pdbs/17.pdb,596.1059030217616,0.2182383190281086,0.8,0.3,0.2,0.7
485,/wynton/group/sali/mhancock/xray/sample_bench/out/266_decoys/0/output_41/pdbs/12.pdb,724.5874146169622,0.1515725536269594,0.8,0.3,0.2,0.7
486,/wynton/group/sali/mhancock/xray/sample_bench/out/266_decoys/0/output_172/pdbs/14.pdb,585.1906739342371,0.1825616631119272,0.8,0.3,0.2,0.7
487,/wynton/group/sali/mhancock/xray/sample_bench/out/266_decoys/0/output_26/pdbs/11.pdb,670.9802573730294,0.1394485382300806,0.8,0.3,0.2,0.7
488,/wynton/group/sali/mhancock/xray/sample_bench/out/266_decoys/0/output_38/pdbs/1.pdb,7255.202960189126,0.0309199568699682,0.8,0.3,0.2,0.7
489,/wynton/group/sali/mhancock/xray/sample_bench/out/266_decoys/0/output_165/pdbs/1.pdb,7244.836910856806,0.0303606228201153,0.8,0.3,0.2,0.7
490,/wynton/group/sali/mhancock/xray/sample_bench/out/266_decoys/0/output_102/pdbs/19.pdb,819.6795763042717,0.248245863042156,0.8,0.3,0.2,0.7
491,/wynton/group/sali/mhancock/xray/sample_bench/out/266_decoys/0/output_234/pdbs/8.pdb,899.7909886441005,0.1078197908942401,0.8,0.3,0.2,0.7
492,/wynton/group/sali/mhancock/xray/sample_bench/out/266_decoys/0/output_145/pdbs/19.pdb,828.2768126104345,0.2456364184084472,0.8,0.3,0.2,0.7
493,/wynton/group/sali/mhancock/xray/sample_bench/out/266_decoys/0/output_155/pdbs/17.pdb,579.4238798461156,0.2186173773226019,0.8,0.3,0.2,0.7
494,/wynton/group/sali/mhancock/xray/sample_bench/out/266_decoys/0/output_141/pdbs/3.pdb,4706.878378814121,0.0533803195180641,0.8,0.3,0.2,0.7
495,/wynton/group/sali/mhancock/xray/sample_bench/out/266_decoys/0/output_70/pdbs/4.pdb,3006.6243773242595,0.0612922399340556,0.8,0.3,0.2,0.7
496,/wynton/group/sali/mhancock/xray/sample_bench/out/266_decoys/0/output_111/pdbs/14.pdb,574.560162659858,0.1801587700235483,0.8,0.3,0.2,0.7
497,/wynton/group/sali/mhancock/xray/sample_bench/out/266_decoys/0/output_91/pdbs/5.pdb,1613.2483675150904,0.0779709380617238,0.8,0.3,0.2,0.7
498,/wynton/group/sali/mhancock/xray/sample_bench/out/266_decoys/0/output_66/pdbs/4.pdb,3013.789072103111,0.0602043023472423,0.8,0.3,0.2,0.7
499,/wynton/group/sali/mhancock/xray/sample_bench/out/266_decoys/0/output_187/pdbs/1.pdb,7238.678445976953,0.0308506088116092,0.8,0.3,0.2,0.7
500,/wynton/group/sali/mhancock/xray/sample_bench/out/266_decoys/0/output_114/pdbs/14.pdb,593.1810329402042,0.1838297280189744,0.8,0.3,0.2,0.7
501,/wynton/group/sali/mhancock/xray/sample_bench/out/266_decoys/0/output_239/pdbs/17.pdb,587.8472469178439,0.2202459369664457,0.8,0.3,0.2,0.7
502,/wynton/group/sali/mhancock/xray/sample_bench/out/266_decoys/0/output_129/pdbs/10.pdb,1336.442139029749,0.1287718621379478,0.8,0.3,0.2,0.7
503,/wynton/group/sali/mhancock/xray/sample_bench/out/266_decoys/0/output_84/pdbs/7.pdb,1504.0307017369523,0.0945884175828292,0.8,0.3,0.2,0.7
504,/wynton/group/sali/mhancock/xray/sample_bench/out/266_decoys/0/output_235/pdbs/13.pdb,911.9257245484366,0.1656258937760013,0.8,0.3,0.2,0.7
505,/wynton/group/sali/mhancock/xray/sample_bench/out/266_decoys/0/output_88/pdbs/5.pdb,1625.121664801659,0.0762477635182403,0.8,0.3,0.2,0.7
506,/wynton/group/sali/mhancock/xray/sample_bench/out/266_decoys/0/output_146/pdbs/5.pdb,1620.0874815587777,0.0789286653669964,0.8,0.3,0.2,0.7
507,/wynton/group/sali/mhancock/xray/sample_bench/out/266_decoys/0/output_121/pdbs/18.pdb,560.6123678266742,0.2338588065215758,0.8,0.3,0.2,0.7
508,/wynton/group/sali/mhancock/xray/sample_bench/out/266_decoys/0/output_52/pdbs/5.pdb,1645.4680909317908,0.0759262414145059,0.8,0.3,0.2,0.7
509,/wynton/group/sali/mhancock/xray/sample_bench/out/266_decoys/0/output_96/pdbs/3.pdb,4697.688436452325,0.0541579488385488,0.8,0.3,0.2,0.7
510,/wynton/group/sali/mhancock/xray/sample_bench/out/266_decoys/0/output_27/pdbs/15.pdb,561.6638506698193,0.1935137320935983,0.8,0.3,0.2,0.7
511,/wynton/group/sali/mhancock/xray/sample_bench/out/266_decoys/0/output_206/pdbs/17.pdb,582.5741689386273,0.2162697104291529,0.8,0.3,0.2,0.7
512,/wynton/group/sali/mhancock/xray/sample_bench/out/266_decoys/0/output_97/pdbs/15.pdb,564.1154420226367,0.1922000696524504,0.8,0.3,0.2,0.7
513,/wynton/group/sali/mhancock/xray/sample_bench/out/266_decoys/0/output_83/pdbs/7.pdb,1518.239704648006,0.0962219864772233,0.8,0.3,0.2,0.7
514,/wynton/group/sali/mhancock/xray/sample_bench/out/266_decoys/0/output_137/pdbs/15.pdb,564.2607341461578,0.195833500422123,0.8,0.3,0.2,0.7
515,/wynton/group/sali/mhancock/xray/sample_bench/out/266_decoys/0/output_90/pdbs/5.pdb,1622.1282986486722,0.0770130225336387,0.8,0.3,0.2,0.7
516,/wynton/group/sali/mhancock/xray/sample_bench/out/266_decoys/0/output_112/pdbs/18.pdb,562.8988600698092,0.2361744718638978,0.8,0.3,0.2,0.7
517,/wynton/group/sali/mhancock/xray/sample_bench/out/266_decoys/0/output_237/pdbs/15.pdb,566.0066694311711,0.1930703332237346,0.8,0.3,0.2,0.7
518,/wynton/group/sali/mhancock/xray/sample_bench/out/266_decoys/0/output_95/pdbs/14.pdb,584.45269085715,0.1815825018697486,0.8,0.3,0.2,0.7
519,/wynton/group/sali/mhancock/xray/sample_bench/out/266_decoys/0/output_199/pdbs/11.pdb,679.7667325911352,0.1405808469845456,0.8,0.3,0.2,0.7
520,/wynton/group/sali/mhancock/xray/sample_bench/out/266_decoys/0/output_206/pdbs/10.pdb,1351.5814703053557,0.1254705039247996,0.8,0.3,0.2,0.7
521,/wynton/group/sali/mhancock/xray/sample_bench/out/266_decoys/0/output_32/pdbs/1.pdb,7263.843489191881,0.0312230447334356,0.8,0.3,0.2,0.7
522,/wynton/group/sali/mhancock/xray/sample_bench/out/266_decoys/0/output_124/pdbs/18.pdb,564.5168713832979,0.2324750936212372,0.8,0.3,0.2,0.7
523,/wynton/group/sali/mhancock/xray/sample_bench/out/266_decoys/0/output_43/pdbs/12.pdb,718.9468566352596,0.1532250727057568,0.8,0.3,0.2,0.7
524,/wynton/group/sali/mhancock/xray/sample_bench/out/266_decoys/0/output_68/pdbs/12.pdb,728.4251929644727,0.152724985308742,0.8,0.3,0.2,0.7
525,/wynton/group/sali/mhancock/xray/sample_bench/out/266_decoys/0/output_35/pdbs/5.pdb,1642.2072145068028,0.0756237001287982,0.8,0.3,0.2,0.7
526,/wynton/group/sali/mhancock/xray/sample_bench/out/266_decoys/0/output_25/pdbs/3.pdb,4709.7495762544495,0.0538523687712406,0.8,0.3,0.2,0.7
527,/wynton/group/sali/mhancock/xray/sample_bench/out/266_decoys/0/output_128/pdbs/11.pdb,687.6194290914275,0.1399878402535017,0.8,0.3,0.2,0.7
528,/wynton/group/sali/mhancock/xray/sample_bench/out/266_decoys/0/output_142/pdbs/18.pdb,562.5358258875051,0.2328743455509597,0.8,0.3,0.2,0.7
529,/wynton/group/sali/mhancock/xray/sample_bench/out/266_decoys/0/output_30/pdbs/15.pdb,568.680077264074,0.1920706426958442,0.8,0.3,0.2,0.7
530,/wynton/group/sali/mhancock/xray/sample_bench/out/266_decoys/0/output_32/pdbs/19.pdb,828.3060371433421,0.2461231698769961,0.8,0.3,0.2,0.7
531,/wynton/group/sali/mhancock/xray/sample_bench/out/266_decoys/0/output_15/pdbs/4.pdb,3017.012788165327,0.0620630455219434,0.8,0.3,0.2,0.7
532,/wynton/group/sali/mhancock/xray/sample_bench/out/266_decoys/0/output_185/pdbs/6.pdb,1962.9570816518064,0.0845965729843192,0.8,0.3,0.2,0.7
533,/wynton/group/sali/mhancock/xray/sample_bench/out/266_decoys/0/output_0/pdbs/4.pdb,3008.6103765382745,0.0608295408310744,0.8,0.3,0.2,0.7
534,/wynton/group/sali/mhancock/xray/sample_bench/out/266_decoys/0/output_126/pdbs/16.pdb,783.2114789352577,0.2039103904467413,0.8,0.3,0.2,0.7
535,/wynton/group/sali/mhancock/xray/sample_bench/out/266_decoys/0/output_148/pdbs/8.pdb,886.0301122743972,0.1026319062341655,0.8,0.3,0.2,0.7
536,/wynton/group/sali/mhancock/xray/sample_bench/out/266_decoys/0/output_44/pdbs/2.pdb,3746.7975045963967,0.04238899794247,0.8,0.3,0.2,0.7
537,/wynton/group/sali/mhancock/xray/sample_bench/out/266_decoys/0/output_35/pdbs/12.pdb,724.4694920691427,0.1517494875584687,0.8,0.3,0.2,0.7
538,/wynton/group/sali/mhancock/xray/sample_bench/out/266_decoys/0/output_224/pdbs/14.pdb,579.5388832690253,0.1791167678009403,0.8,0.3,0.2,0.7
539,/wynton/group/sali/mhancock/xray/sample_bench/out/266_decoys/0/output_70/pdbs/17.pdb,584.8115555353847,0.2174051964248046,0.8,0.3,0.2,0.7
540,/wynton/group/sali/mhancock/xray/sample_bench/out/266_decoys/0/output_18/pdbs/13.pdb,912.455100080164,0.1681289310339984,0.8,0.3,0.2,0.7
541,/wynton/group/sali/mhancock/xray/sample_bench/out/266_decoys/0/output_158/pdbs/8.pdb,885.5772340938508,0.1059632664716273,0.8,0.3,0.2,0.7
542,/wynton/group/sali/mhancock/xray/sample_bench/out/266_decoys/0/output_121/pdbs/17.pdb,585.4674019367817,0.2193803799303481,0.8,0.3,0.2,0.7
543,/wynton/group/sali/mhancock/xray/sample_bench/out/266_decoys/0/output_205/pdbs/14.pdb,574.279118989841,0.1833709214093553,0.8,0.3,0.2,0.7
544,/wynton/group/sali/mhancock/xray/sample_bench/out/266_decoys/0/output_184/pdbs/9.pdb,1342.5024419256529,0.1145657927143454,0.8,0.3,0.2,0.7
545,/wynton/group/sali/mhancock/xray/sample_bench/out/266_decoys/0/output_156/pdbs/17.pdb,589.0437866293798,0.220331810689577,0.8,0.3,0.2,0.7
546,/wynton/group/sali/mhancock/xray/sample_bench/out/266_decoys/0/output_45/pdbs/15.pdb,571.8900976584748,0.1946244049860934,0.8,0.3,0.2,0.7
547,/wynton/group/sali/mhancock/xray/sample_bench/out/266_decoys/0/output_91/pdbs/7.pdb,1500.0172605759024,0.0978846465546006,0.8,0.3,0.2,0.7
548,/wynton/group/sali/mhancock/xray/sample_bench/out/266_decoys/0/output_171/pdbs/14.pdb,589.4040227353544,0.1809819976893615,0.8,0.3,0.2,0.7
549,/wynton/group/sali/mhancock/xray/sample_bench/out/266_decoys/0/output_152/pdbs/11.pdb,683.2148296181383,0.1376506792958586,0.8,0.3,0.2,0.7
550,/wynton/group/sali/mhancock/xray/sample_bench/out/266_decoys/0/output_53/pdbs/1.pdb,7251.149402532828,0.031323374402312,0.8,0.3,0.2,0.7
551,/wynton/group/sali/mhancock/xray/sample_bench/out/266_decoys/0/output_1/pdbs/13.pdb,921.99718099814,0.1621034178101621,0.8,0.3,0.2,0.7
552,/wynton/group/sali/mhancock/xray/sample_bench/out/266_decoys/0/output_125/pdbs/14.pdb,582.6762776855119,0.1799914612267653,0.8,0.3,0.2,0.7
553,/wynton/group/sali/mhancock/xray/sample_bench/out/266_decoys/0/output_190/pdbs/9.pdb,1328.811620264013,0.1161404513083838,0.8,0.3,0.2,0.7
554,/wynton/group/sali/mhancock/xray/sample_bench/out/266_decoys/0/output_149/pdbs/18.pdb,551.9761485627746,0.2346965898140754,0.8,0.3,0.2,0.7
555,/wynton/group/sali/mhancock/xray/sample_bench/out/266_decoys/0/output_207/pdbs/15.pdb,559.3904160222612,0.1962968161025472,0.8,0.3,0.2,0.7
556,/wynton/group/sali/mhancock/xray/sample_bench/out/266_decoys/0/output_186/pdbs/4.pdb,3001.5812795600623,0.0633383230428527,0.8,0.3,0.2,0.7
557,/wynton/group/sali/mhancock/xray/sample_bench/out/266_decoys/0/output_188/pdbs/10.pdb,1338.3476212605212,0.1312496255593159,0.8,0.3,0.2,0.7
558,/wynton/group/sali/mhancock/xray/sample_bench/out/266_decoys/0/output_183/pdbs/4.pdb,2987.8574795283,0.0634613347756915,0.8,0.3,0.2,0.7
559,/wynton/group/sali/mhancock/xray/sample_bench/out/266_decoys/0/output_136/pdbs/15.pdb,572.2087530308709,0.1911760492597491,0.8,0.3,0.2,0.7
560,/wynton/group/sali/mhancock/xray/sample_bench/out/266_decoys/0/output_82/pdbs/3.pdb,4731.982566317934,0.0523025817169248,0.8,0.3,0.2,0.7
561,/wynton/group/sali/mhancock/xray/sample_bench/out/266_decoys/0/output_158/pdbs/10.pdb,1345.0491242027615,0.1275262573960858,0.8,0.3,0.2,0.7
562,/wynton/group/sali/mhancock/xray/sample_bench/out/266_decoys/0/output_215/pdbs/6.pdb,1972.637941080436,0.0825742394128514,0.8,0.3,0.2,0.7
563,/wynton/group/sali/mhancock/xray/sample_bench/out/266_decoys/0/output_128/pdbs/2.pdb,3772.9084459855417,0.0416645494769324,0.8,0.3,0.2,0.7
564,/wynton/group/sali/mhancock/xray/sample_bench/out/266_decoys/0/output_196/pdbs/12.pdb,712.5244634813475,0.1550863942402756,0.8,0.3,0.2,0.7
565,/wynton/group/sali/mhancock/xray/sample_bench/out/266_decoys/0/output_31/pdbs/10.pdb,1341.8753145458245,0.1265479062152431,0.8,0.3,0.2,0.7
566,/wynton/group/sali/mhancock/xray/sample_bench/out/266_decoys/0/output_198/pdbs/14.pdb,591.1415095805553,0.1838188405450225,0.8,0.3,0.2,0.7
567,/wynton/group/sali/mhancock/xray/sample_bench/out/266_decoys/0/output_4/pdbs/16.pdb,777.5721134764792,0.2046418954120075,0.8,0.3,0.2,0.7
568,/wynton/group/sali/mhancock/xray/sample_bench/out/266_decoys/0/output_70/pdbs/2.pdb,3734.895292065441,0.0421688526327402,0.8,0.3,0.2,0.7
569,/wynton/group/sali/mhancock/xray/sample_bench/out/266_decoys/0/output_167/pdbs/11.pdb,680.325170217458,0.1388309026745106,0.8,0.3,0.2,0.7
570,/wynton/group/sali/mhancock/xray/sample_bench/out/266_decoys/0/output_72/pdbs/9.pdb,1335.569783522839,0.1150264437831009,0.8,0.3,0.2,0.7
571,/wynton/group/sali/mhancock/xray/sample_bench/out/266_decoys/0/output_139/pdbs/14.pdb,591.3133224371529,0.1795140564651759,0.8,0.3,0.2,0.7
572,/wynton/group/sali/mhancock/xray/sample_bench/out/266_decoys/0/output_150/pdbs/8.pdb,874.0123596205613,0.1042319786048769,0.8,0.3,0.2,0.7
573,/wynton/group/sali/mhancock/xray/sample_bench/out/266_decoys/0/output_178/pdbs/15.pdb,569.3384271066525,0.1944911598565464,0.8,0.3,0.2,0.7
574,/wynton/group/sali/mhancock/xray/sample_bench/out/266_decoys/0/output_30/pdbs/2.pdb,3763.3294423992006,0.0420791880977042,0.8,0.3,0.2,0.7
575,/wynton/group/sali/mhancock/xray/sample_bench/out/266_decoys/0/output_99/pdbs/11.pdb,686.957682458627,0.1392804764147138,0.8,0.3,0.2,0.7
576,/wynton/group/sali/mhancock/xray/sample_bench/out/266_decoys/0/output_195/pdbs/4.pdb,3009.887350985829,0.062918095186758,0.8,0.3,0.2,0.7
577,/wynton/group/sali/mhancock/xray/sample_bench/out/266_decoys/0/output_104/pdbs/9.pdb,1321.7744711707164,0.1155945900581048,0.8,0.3,0.2,0.7
578,/wynton/group/sali/mhancock/xray/sample_bench/out/266_decoys/0/output_134/pdbs/11.pdb,689.7184872148857,0.1400116944533836,0.8,0.3,0.2,0.7
579,/wynton/group/sali/mhancock/xray/sample_bench/out/266_decoys/0/output_123/pdbs/2.pdb,3740.83024585044,0.0417309288557424,0.8,0.3,0.2,0.7
580,/wynton/group/sali/mhancock/xray/sample_bench/out/266_decoys/0/output_101/pdbs/17.pdb,582.6085059028871,0.219721253651374,0.8,0.3,0.2,0.7
581,/wynton/group/sali/mhancock/xray/sample_bench/out/266_decoys/0/output_56/pdbs/11.pdb,681.5868436566514,0.1328779162911448,0.8,0.3,0.2,0.7
582,/wynton/group/sali/mhancock/xray/sample_bench/out/266_decoys/0/output_41/pdbs/18.pdb,566.5577281130686,0.2334000539804427,0.8,0.3,0.2,0.7
583,/wynton/group/sali/mhancock/xray/sample_bench/out/266_decoys/0/output_195/pdbs/2.pdb,3775.932439780997,0.0419274588315015,0.8,0.3,0.2,0.7
584,/wynton/group/sali/mhancock/xray/sample_bench/out/266_decoys/0/output_244/pdbs/9.pdb,1329.194624987415,0.1139881757480881,0.8,0.3,0.2,0.7
585,/wynton/group/sali/mhancock/xray/sample_bench/out/266_decoys/0/output_114/pdbs/9.pdb,1333.683154871787,0.1192104100462726,0.8,0.3,0.2,0.7
586,/wynton/group/sali/mhancock/xray/sample_bench/out/266_decoys/0/output_44/pdbs/1.pdb,7224.768700246024,0.0283304782597601,0.8,0.3,0.2,0.7
587,/wynton/group/sali/mhancock/xray/sample_bench/out/266_decoys/0/output_143/pdbs/9.pdb,1339.1312847081142,0.1135742653273152,0.8,0.3,0.2,0.7
588,/wynton/group/sali/mhancock/xray/sample_bench/out/266_decoys/0/output_107/pdbs/4.pdb,3002.0836224976915,0.063666098853297,0.8,0.3,0.2,0.7
589,/wynton/group/sali/mhancock/xray/sample_bench/out/266_decoys/0/output_0/pdbs/18.pdb,563.8265194433336,0.2332312669393665,0.8,0.3,0.2,0.7
590,/wynton/group/sali/mhancock/xray/sample_bench/out/266_decoys/0/output_67/pdbs/6.pdb,1957.574894275924,0.0816427476191158,0.8,0.3,0.2,0.7
591,/wynton/group/sali/mhancock/xray/sample_bench/out/266_decoys/0/output_237/pdbs/14.pdb,574.1773475395394,0.1797275358277241,0.8,0.3,0.2,0.7
592,/wynton/group/sali/mhancock/xray/sample_bench/out/266_decoys/0/output_78/pdbs/10.pdb,1338.384748742923,0.1274386096765013,0.8,0.3,0.2,0.7
593,/wynton/group/sali/mhancock/xray/sample_bench/out/266_decoys/0/output_96/pdbs/16.pdb,774.9158776906875,0.2100975984018053,0.8,0.3,0.2,0.7
594,/wynton/group/sali/mhancock/xray/sample_bench/out/266_decoys/0/output_85/pdbs/9.pdb,1328.539789401911,0.1193324189128635,0.8,0.3,0.2,0.7
595,/wynton/group/sali/mhancock/xray/sample_bench/out/266_decoys/0/output_3/pdbs/10.pdb,1338.0220282361154,0.1286240141475357,0.8,0.3,0.2,0.7
596,/wynton/group/sali/mhancock/xray/sample_bench/out/266_decoys/0/output_21/pdbs/16.pdb,779.6770943318163,0.2068753039346234,0.8,0.3,0.2,0.7
597,/wynton/group/sali/mhancock/xray/sample_bench/out/266_decoys/0/output_83/pdbs/16.pdb,794.3663417378555,0.2083637534237817,0.8,0.3,0.2,0.7
598,/wynton/group/sali/mhancock/xray/sample_bench/out/266_decoys/0/output_149/pdbs/6.pdb,1970.4474674535984,0.0829933419458602,0.8,0.3,0.2,0.7
599,/wynton/group/sali/mhancock/xray/sample_bench/out/266_decoys/0/output_8/pdbs/10.pdb,1322.683417640328,0.1297276347601519,0.8,0.3,0.2,0.7
600,/wynton/group/sali/mhancock/xray/sample_bench/out/266_decoys/0/output_208/pdbs/5.pdb,1608.432914118865,0.0772009909480402,0.8,0.3,0.2,0.7
601,/wynton/group/sali/mhancock/xray/sample_bench/out/266_decoys/0/output_95/pdbs/8.pdb,867.8835439651646,0.1050983156067878,0.8,0.3,0.2,0.7
602,/wynton/group/sali/mhancock/xray/sample_bench/out/266_decoys/0/output_54/pdbs/15.pdb,567.139323002795,0.1957107681121085,0.8,0.3,0.2,0.7
603,/wynton/group/sali/mhancock/xray/sample_bench/out/266_decoys/0/output_114/pdbs/11.pdb,681.5148956005214,0.1429603579449798,0.8,0.3,0.2,0.7
604,/wynton/group/sali/mhancock/xray/sample_bench/out/266_decoys/0/output_182/pdbs/14.pdb,589.001065737177,0.1816173607009269,0.8,0.3,0.2,0.7
605,/wynton/group/sali/mhancock/xray/sample_bench/out/266_decoys/0/output_28/pdbs/14.pdb,581.6029779491555,0.1838898921111911,0.8,0.3,0.2,0.7
606,/wynton/group/sali/mhancock/xray/sample_bench/out/266_decoys/0/output_27/pdbs/13.pdb,906.8207159287322,0.1661288157608995,0.8,0.3,0.2,0.7
607,/wynton/group/sali/mhancock/xray/sample_bench/out/266_decoys/0/output_141/pdbs/7.pdb,1509.605411866639,0.0946089847435775,0.8,0.3,0.2,0.7
608,/wynton/group/sali/mhancock/xray/sample_bench/out/266_decoys/0/output_58/pdbs/12.pdb,724.087186254435,0.1553766051663958,0.8,0.3,0.2,0.7
609,/wynton/group/sali/mhancock/xray/sample_bench/out/266_decoys/0/output_37/pdbs/9.pdb,1333.7970378688112,0.1161695549391873,0.8,0.3,0.2,0.7
610,/wynton/group/sali/mhancock/xray/sample_bench/out/266_decoys/0/output_107/pdbs/11.pdb,688.0825512928106,0.1393046594018858,0.8,0.3,0.2,0.7
611,/wynton/group/sali/mhancock/xray/sample_bench/out/266_decoys/0/output_220/pdbs/10.pdb,1345.644252715733,0.1268139221540162,0.8,0.3,0.2,0.7
612,/wynton/group/sali/mhancock/xray/sample_bench/out/266_decoys/0/output_189/pdbs/3.pdb,4719.764906051665,0.0539074939585947,0.8,0.3,0.2,0.7
613,/wynton/group/sali/mhancock/xray/sample_bench/out/266_decoys/0/output_233/pdbs/13.pdb,911.6279051477608,0.1678536748503809,0.8,0.3,0.2,0.7
614,/wynton/group/sali/mhancock/xray/sample_bench/out/266_decoys/0/output_134/pdbs/9.pdb,1327.692221568546,0.1157231447765821,0.8,0.3,0.2,0.7
615,/wynton/group/sali/mhancock/xray/sample_bench/out/266_decoys/0/output_139/pdbs/7.pdb,1516.3838888647865,0.0928280687965204,0.8,0.3,0.2,0.7
616,/wynton/group/sali/mhancock/xray/sample_bench/out/266_decoys/0/output_215/pdbs/15.pdb,569.3962106002502,0.1907349196653502,0.8,0.3,0.2,0.7
617,/wynton/group/sali/mhancock/xray/sample_bench/out/266_decoys/0/output_27/pdbs/16.pdb,772.9468348485177,0.2077054647335516,0.8,0.3,0.2,0.7
618,/wynton/group/sali/mhancock/xray/sample_bench/out/266_decoys/0/output_85/pdbs/10.pdb,1325.7193436313496,0.1319598103254308,0.8,0.3,0.2,0.7
619,/wynton/group/sali/mhancock/xray/sample_bench/out/266_decoys/0/output_37/pdbs/11.pdb,682.8229899726227,0.1414215604490319,0.8,0.3,0.2,0.7
620,/wynton/group/sali/mhancock/xray/sample_bench/out/266_decoys/0/output_157/pdbs/4.pdb,3013.801148130089,0.061614486217249,0.8,0.3,0.2,0.7
621,/wynton/group/sali/mhancock/xray/sample_bench/out/266_decoys/0/output_226/pdbs/11.pdb,680.2331596221122,0.1398905696415237,0.8,0.3,0.2,0.7
622,/wynton/group/sali/mhancock/xray/sample_bench/out/266_decoys/0/output_128/pdbs/1.pdb,7239.38472781009,0.029008691407108,0.8,0.3,0.2,0.7
623,/wynton/group/sali/mhancock/xray/sample_bench/out/266_decoys/0/output_186/pdbs/7.pdb,1503.4665454929816,0.0953253423575945,0.8,0.3,0.2,0.7
624,/wynton/group/sali/mhancock/xray/sample_bench/out/266_decoys/0/output_227/pdbs/8.pdb,875.9254797274384,0.1055474007978236,0.8,0.3,0.2,0.7
625,/wynton/group/sali/mhancock/xray/sample_bench/out/266_decoys/0/output_51/pdbs/12.pdb,721.1124239167577,0.1533413768902268,0.8,0.3,0.2,0.7
626,/wynton/group/sali/mhancock/xray/sample_bench/out/266_decoys/0/output_187/pdbs/19.pdb,824.2837083230859,0.2433545465663025,0.8,0.3,0.2,0.7
627,/wynton/group/sali/mhancock/xray/sample_bench/out/266_decoys/0/output_214/pdbs/17.pdb,576.5740947847455,0.220013203333504,0.8,0.3,0.2,0.7
628,/wynton/group/sali/mhancock/xray/sample_bench/out/266_decoys/0/output_148/pdbs/7.pdb,1518.6127552038804,0.0944159769296774,0.8,0.3,0.2,0.7
629,/wynton/group/sali/mhancock/xray/sample_bench/out/266_decoys/0/output_202/pdbs/15.pdb,570.1539521124269,0.1934712292711576,0.8,0.3,0.2,0.7
630,/wynton/group/sali/mhancock/xray/sample_bench/out/266_decoys/0/output_23/pdbs/2.pdb,3749.747421295586,0.0430669733135291,0.8,0.3,0.2,0.7
631,/wynton/group/sali/mhancock/xray/sample_bench/out/266_decoys/0/output_125/pdbs/19.pdb,818.1255011269316,0.2454700103845056,0.8,0.3,0.2,0.7
632,/wynton/group/sali/mhancock/xray/sample_bench/out/266_decoys/0/output_198/pdbs/13.pdb,920.2661934481696,0.1683805808319065,0.8,0.3,0.2,0.7
633,/wynton/group/sali/mhancock/xray/sample_bench/out/266_decoys/0/output_152/pdbs/12.pdb,725.7100860955006,0.1496134576774421,0.8,0.3,0.2,0.7
634,/wynton/group/sali/mhancock/xray/sample_bench/out/266_decoys/0/output_180/pdbs/1.pdb,7258.966158798589,0.0293850186045384,0.8,0.3,0.2,0.7
635,/wynton/group/sali/mhancock/xray/sample_bench/out/266_decoys/0/output_64/pdbs/2.pdb,3777.170934712355,0.0439339746678949,0.8,0.3,0.2,0.7
636,/wynton/group/sali/mhancock/xray/sample_bench/out/266_decoys/0/output_221/pdbs/4.pdb,3019.499310188365,0.0629326038677342,0.8,0.3,0.2,0.7
637,/wynton/group/sali/mhancock/xray/sample_bench/out/266_decoys/0/output_234/pdbs/17.pdb,590.6207840717402,0.2208140515228339,0.8,0.3,0.2,0.7
638,/wynton/group/sali/mhancock/xray/sample_bench/out/266_decoys/0/output_141/pdbs/18.pdb,549.8326315319885,0.2323214149333245,0.8,0.3,0.2,0.7
639,/wynton/group/sali/mhancock/xray/sample_bench/out/266_decoys/0/output_182/pdbs/17.pdb,582.819040869744,0.2207800504735673,0.8,0.3,0.2,0.7
640,/wynton/group/sali/mhancock/xray/sample_bench/out/266_decoys/0/output_63/pdbs/8.pdb,871.4988405170855,0.1064990255266832,0.8,0.3,0.2,0.7
641,/wynton/group/sali/mhancock/xray/sample_bench/out/266_decoys/0/output_216/pdbs/6.pdb,1960.199635636057,0.0859698657274624,0.8,0.3,0.2,0.7
642,/wynton/group/sali/mhancock/xray/sample_bench/out/266_decoys/0/output_24/pdbs/17.pdb,577.1201405769762,0.2207330429421382,0.8,0.3,0.2,0.7
643,/wynton/group/sali/mhancock/xray/sample_bench/out/266_decoys/0/output_50/pdbs/8.pdb,870.4389270966651,0.1064320655712129,0.8,0.3,0.2,0.7
644,/wynton/group/sali/mhancock/xray/sample_bench/out/266_decoys/0/output_163/pdbs/19.pdb,833.8830866668723,0.2468754670334693,0.8,0.3,0.2,0.7
645,/wynton/group/sali/mhancock/xray/sample_bench/out/266_decoys/0/output_242/pdbs/19.pdb,824.3191153110179,0.2468481923361877,0.8,0.3,0.2,0.7
646,/wynton/group/sali/mhancock/xray/sample_bench/out/266_decoys/0/output_19/pdbs/19.pdb,815.4743012659528,0.2466872306709557,0.8,0.3,0.2,0.7
647,/wynton/group/sali/mhancock/xray/sample_bench/out/266_decoys/0/output_147/pdbs/9.pdb,1331.588840975685,0.1132859788824667,0.8,0.3,0.2,0.7
648,/wynton/group/sali/mhancock/xray/sample_bench/out/266_decoys/0/output_132/pdbs/15.pdb,566.0639492334228,0.1915233064171479,0.8,0.3,0.2,0.7
649,/wynton/group/sali/mhancock/xray/sample_bench/out/266_decoys/0/output_27/pdbs/12.pdb,719.22065377891,0.1544375319486117,0.8,0.3,0.2,0.7
650,/wynton/group/sali/mhancock/xray/sample_bench/out/266_decoys/0/output_149/pdbs/3.pdb,4720.522967523954,0.0522742563052506,0.8,0.3,0.2,0.7
651,/wynton/group/sali/mhancock/xray/sample_bench/out/266_decoys/0/output_129/pdbs/8.pdb,884.7769961087292,0.1066973710799615,0.8,0.3,0.2,0.7
652,/wynton/group/sali/mhancock/xray/sample_bench/out/266_decoys/0/output_240/pdbs/17.pdb,581.7392689874905,0.2153222959785345,0.8,0.3,0.2,0.7
653,/wynton/group/sali/mhancock/xray/sample_bench/out/266_decoys/0/output_148/pdbs/14.pdb,576.6959770855033,0.1804962792261488,0.8,0.3,0.2,0.7
654,/wynton/group/sali/mhancock/xray/sample_bench/out/266_decoys/0/output_59/pdbs/6.pdb,1970.1825321682977,0.0849316067332143,0.8,0.3,0.2,0.7
655,/wynton/group/sali/mhancock/xray/sample_bench/out/266_decoys/0/output_161/pdbs/2.pdb,3781.8085118637255,0.0421162970179139,0.8,0.3,0.2,0.7
656,/wynton/group/sali/mhancock/xray/sample_bench/out/266_decoys/0/output_199/pdbs/19.pdb,830.5678552253971,0.2451339497759313,0.8,0.3,0.2,0.7
657,/wynton/group/sali/mhancock/xray/sample_bench/out/266_decoys/0/output_211/pdbs/12.pdb,714.803375652248,0.1538898220824917,0.8,0.3,0.2,0.7
658,/wynton/group/sali/mhancock/xray/sample_bench/out/266_decoys/0/output_212/pdbs/7.pdb,1512.1748823382018,0.0961096490770685,0.8,0.3,0.2,0.7
659,/wynton/group/sali/mhancock/xray/sample_bench/out/266_decoys/0/output_130/pdbs/11.pdb,682.2407120480582,0.1376500952167133,0.8,0.3,0.2,0.7
660,/wynton/group/sali/mhancock/xray/sample_bench/out/266_decoys/0/output_156/pdbs/6.pdb,1967.517512620435,0.082328842888394,0.8,0.3,0.2,0.7
661,/wynton/group/sali/mhancock/xray/sample_bench/out/266_decoys/0/output_160/pdbs/13.pdb,908.0735868683398,0.1653656646435062,0.8,0.3,0.2,0.7
662,/wynton/group/sali/mhancock/xray/sample_bench/out/266_decoys/0/output_199/pdbs/7.pdb,1498.133411418365,0.0966903736718387,0.8,0.3,0.2,0.7
663,/wynton/group/sali/mhancock/xray/sample_bench/out/266_decoys/0/output_215/pdbs/11.pdb,673.7468940362076,0.1382728214936143,0.8,0.3,0.2,0.7
664,/wynton/group/sali/mhancock/xray/sample_bench/out/266_decoys/0/output_206/pdbs/1.pdb,7242.451722094768,0.0300070677011697,0.8,0.3,0.2,0.7
665,/wynton/group/sali/mhancock/xray/sample_bench/out/266_decoys/0/output_60/pdbs/7.pdb,1508.729392357916,0.0963508031582907,0.8,0.3,0.2,0.7
666,/wynton/group/sali/mhancock/xray/sample_bench/out/266_decoys/0/output_74/pdbs/11.pdb,678.5746474099344,0.1394485260370134,0.8,0.3,0.2,0.7
667,/wynton/group/sali/mhancock/xray/sample_bench/out/266_decoys/0/output_206/pdbs/16.pdb,777.0355370951954,0.2045995217262717,0.8,0.3,0.2,0.7
668,/wynton/group/sali/mhancock/xray/sample_bench/out/266_decoys/0/output_124/pdbs/10.pdb,1341.323167849802,0.1285207829831519,0.8,0.3,0.2,0.7
669,/wynton/group/sali/mhancock/xray/sample_bench/out/266_decoys/0/output_240/pdbs/7.pdb,1516.755734246991,0.0945241160263013,0.8,0.3,0.2,0.7
670,/wynton/group/sali/mhancock/xray/sample_bench/out/266_decoys/0/output_164/pdbs/4.pdb,3010.7849216184995,0.0629415135881683,0.8,0.3,0.2,0.7
671,/wynton/group/sali/mhancock/xray/sample_bench/out/266_decoys/0/output_81/pdbs/3.pdb,4708.1696779405775,0.0538837762510153,0.8,0.3,0.2,0.7
672,/wynton/group/sali/mhancock/xray/sample_bench/out/266_decoys/0/output_228/pdbs/11.pdb,688.6194331535428,0.1401962658872653,0.8,0.3,0.2,0.7
673,/wynton/group/sali/mhancock/xray/sample_bench/out/266_decoys/0/output_80/pdbs/2.pdb,3766.336181639307,0.0438430457114729,0.8,0.3,0.2,0.7
674,/wynton/group/sali/mhancock/xray/sample_bench/out/266_decoys/0/output_106/pdbs/1.pdb,7259.281663419752,0.0309176569620977,0.8,0.3,0.2,0.7
675,/wynton/group/sali/mhancock/xray/sample_bench/out/266_decoys/0/output_241/pdbs/15.pdb,567.7424642736173,0.1941369236989649,0.8,0.3,0.2,0.7
676,/wynton/group/sali/mhancock/xray/sample_bench/out/266_decoys/0/output_167/pdbs/9.pdb,1320.9225577300824,0.1142720331999464,0.8,0.3,0.2,0.7
677,/wynton/group/sali/mhancock/xray/sample_bench/out/266_decoys/0/output_175/pdbs/1.pdb,7232.149985794084,0.0297408927422682,0.8,0.3,0.2,0.7
678,/wynton/group/sali/mhancock/xray/sample_bench/out/266_decoys/0/output_206/pdbs/6.pdb,1970.186412492089,0.0826410393814871,0.8,0.3,0.2,0.7
679,/wynton/group/sali/mhancock/xray/sample_bench/out/266_decoys/0/output_54/pdbs/1.pdb,7236.8111509365135,0.0290456753543507,0.8,0.3,0.2,0.7
680,/wynton/group/sali/mhancock/xray/sample_bench/out/266_decoys/0/output_10/pdbs/5.pdb,1642.1170021193,0.0775503875263546,0.8,0.3,0.2,0.7
681,/wynton/group/sali/mhancock/xray/sample_bench/out/266_decoys/0/output_48/pdbs/16.pdb,778.324537528588,0.2080164307635476,0.8,0.3,0.2,0.7
682,/wynton/group/sali/mhancock/xray/sample_bench/out/266_decoys/0/output_29/pdbs/15.pdb,562.8659202502588,0.1910607380452783,0.8,0.3,0.2,0.7
683,/wynton/group/sali/mhancock/xray/sample_bench/out/266_decoys/0/output_246/pdbs/8.pdb,880.6166525436605,0.1042611053688114,0.8,0.3,0.2,0.7
684,/wynton/group/sali/mhancock/xray/sample_bench/out/266_decoys/0/output_4/pdbs/12.pdb,720.7239446064723,0.149812879056727,0.8,0.3,0.2,0.7
685,/wynton/group/sali/mhancock/xray/sample_bench/out/266_decoys/0/output_234/pdbs/15.pdb,579.0644743164796,0.1948039102115944,0.8,0.3,0.2,0.7
686,/wynton/group/sali/mhancock/xray/sample_bench/out/266_decoys/0/output_153/pdbs/11.pdb,686.4903943006184,0.13522419886635,0.8,0.3,0.2,0.7
687,/wynton/group/sali/mhancock/xray/sample_bench/out/266_decoys/0/output_185/pdbs/8.pdb,883.5982207643651,0.1067735856756369,0.8,0.3,0.2,0.7
688,/wynton/group/sali/mhancock/xray/sample_bench/out/266_decoys/0/output_206/pdbs/7.pdb,1509.8807586080986,0.0954865832640131,0.8,0.3,0.2,0.7
689,/wynton/group/sali/mhancock/xray/sample_bench/out/266_decoys/0/output_93/pdbs/16.pdb,770.9850530584242,0.208095010278229,0.8,0.3,0.2,0.7
690,/wynton/group/sali/mhancock/xray/sample_bench/out/266_decoys/0/output_220/pdbs/18.pdb,551.5540109021567,0.2324553334331236,0.8,0.3,0.2,0.7
691,/wynton/group/sali/mhancock/xray/sample_bench/out/266_decoys/0/output_162/pdbs/7.pdb,1512.506894513855,0.0959230682715979,0.8,0.3,0.2,0.7
692,/wynton/group/sali/mhancock/xray/sample_bench/out/266_decoys/0/output_225/pdbs/13.pdb,921.049464637018,0.1654458285812997,0.8,0.3,0.2,0.7
693,/wynton/group/sali/mhancock/xray/sample_bench/out/266_decoys/0/output_229/pdbs/6.pdb,1962.6151323258284,0.0834216912426698,0.8,0.3,0.2,0.7
694,/wynton/group/sali/mhancock/xray/sample_bench/out/266_decoys/0/output_1/pdbs/9.pdb,1331.0654936890066,0.1144946759987174,0.8,0.3,0.2,0.7
695,/wynton/group/sali/mhancock/xray/sample_bench/out/266_decoys/0/output_241/pdbs/18.pdb,545.3778472860022,0.2350396493919101,0.8,0.3,0.2,0.7
696,/wynton/group/sali/mhancock/xray/sample_bench/out/266_decoys/0/output_249/pdbs/5.pdb,1643.104313280876,0.0747804143248206,0.8,0.3,0.2,0.7
697,/wynton/group/sali/mhancock/xray/sample_bench/out/266_decoys/0/output_24/pdbs/8.pdb,887.7832837963598,0.1060084559337998,0.8,0.3,0.2,0.7
698,/wynton/group/sali/mhancock/xray/sample_bench/out/266_decoys/0/output_38/pdbs/4.pdb,3016.3644586446244,0.0629065078116549,0.8,0.3,0.2,0.7
699,/wynton/group/sali/mhancock/xray/sample_bench/out/266_decoys/0/output_20/pdbs/2.pdb,3763.363959019528,0.0431391850200662,0.8,0.3,0.2,0.7
700,/wynton/group/sali/mhancock/xray/sample_bench/out/266_decoys/0/output_205/pdbs/8.pdb,878.1375242748775,0.1078522215244872,0.8,0.3,0.2,0.7
701,/wynton/group/sali/mhancock/xray/sample_bench/out/266_decoys/0/output_87/pdbs/4.pdb,2988.4355871784637,0.062878633301589,0.8,0.3,0.2,0.7
702,/wynton/group/sali/mhancock/xray/sample_bench/out/266_decoys/0/output_188/pdbs/15.pdb,578.217092301973,0.196366084738748,0.8,0.3,0.2,0.7
703,/wynton/group/sali/mhancock/xray/sample_bench/out/266_decoys/0/output_75/pdbs/2.pdb,3774.184487973682,0.0435354005319563,0.8,0.3,0.2,0.7
704,/wynton/group/sali/mhancock/xray/sample_bench/out/266_decoys/0/output_242/pdbs/15.pdb,567.8896833211732,0.1920617173778005,0.8,0.3,0.2,0.7
705,/wynton/group/sali/mhancock/xray/sample_bench/out/266_decoys/0/output_240/pdbs/6.pdb,1971.5940616244895,0.0824913819287646,0.8,0.3,0.2,0.7
706,/wynton/group/sali/mhancock/xray/sample_bench/out/266_decoys/0/output_169/pdbs/17.pdb,577.2644444060295,0.2198281471190024,0.8,0.3,0.2,0.7
707,/wynton/group/sali/mhancock/xray/sample_bench/out/266_decoys/0/output_76/pdbs/13.pdb,923.7525153005396,0.1625769592541851,0.8,0.3,0.2,0.7
708,/wynton/group/sali/mhancock/xray/sample_bench/out/266_decoys/0/output_172/pdbs/17.pdb,581.6695579065572,0.2233137233818783,0.8,0.3,0.2,0.7
709,/wynton/group/sali/mhancock/xray/sample_bench/out/266_decoys/0/output_29/pdbs/10.pdb,1335.1951448922782,0.1237807830474968,0.8,0.3,0.2,0.7
710,/wynton/group/sali/mhancock/xray/sample_bench/out/266_decoys/0/output_118/pdbs/10.pdb,1337.9020919893117,0.1297341082726098,0.8,0.3,0.2,0.7
711,/wynton/group/sali/mhancock/xray/sample_bench/out/266_decoys/0/output_195/pdbs/16.pdb,776.5869304345936,0.20342833360728,0.8,0.3,0.2,0.7
712,/wynton/group/sali/mhancock/xray/sample_bench/out/266_decoys/0/output_82/pdbs/10.pdb,1333.4028279805957,0.1278028996405096,0.8,0.3,0.2,0.7
713,/wynton/group/sali/mhancock/xray/sample_bench/out/266_decoys/0/output_129/pdbs/1.pdb,7214.327603487909,0.0308423489481874,0.8,0.3,0.2,0.7
714,/wynton/group/sali/mhancock/xray/sample_bench/out/266_decoys/0/output_60/pdbs/18.pdb,563.2394373334096,0.2344696295030228,0.8,0.3,0.2,0.7
715,/wynton/group/sali/mhancock/xray/sample_bench/out/266_decoys/0/output_237/pdbs/7.pdb,1503.997007432743,0.0928486354812237,0.8,0.3,0.2,0.7
716,/wynton/group/sali/mhancock/xray/sample_bench/out/266_decoys/0/output_208/pdbs/4.pdb,2987.9289438742026,0.0641349210678325,0.8,0.3,0.2,0.7
717,/wynton/group/sali/mhancock/xray/sample_bench/out/266_decoys/0/output_178/pdbs/14.pdb,590.766257424192,0.1820760619048124,0.8,0.3,0.2,0.7
718,/wynton/group/sali/mhancock/xray/sample_bench/out/266_decoys/0/output_105/pdbs/8.pdb,883.7617290006413,0.1029769277675708,0.8,0.3,0.2,0.7
719,/wynton/group/sali/mhancock/xray/sample_bench/out/266_decoys/0/output_40/pdbs/8.pdb,875.0178707308576,0.1037705564736041,0.8,0.3,0.2,0.7
720,/wynton/group/sali/mhancock/xray/sample_bench/out/266_decoys/0/output_9/pdbs/14.pdb,576.9094546201927,0.1808848282403236,0.8,0.3,0.2,0.7
721,/wynton/group/sali/mhancock/xray/sample_bench/out/266_decoys/0/output_123/pdbs/16.pdb,773.1575167044493,0.2092748599768124,0.8,0.3,0.2,0.7
722,/wynton/group/sali/mhancock/xray/sample_bench/out/266_decoys/0/output_68/pdbs/11.pdb,675.6355534203938,0.1398517147562797,0.8,0.3,0.2,0.7
723,/wynton/group/sali/mhancock/xray/sample_bench/out/266_decoys/0/output_187/pdbs/8.pdb,886.2378624502289,0.1051666903381773,0.8,0.3,0.2,0.7
724,/wynton/group/sali/mhancock/xray/sample_bench/out/266_decoys/0/output_132/pdbs/5.pdb,1639.392968131263,0.0762782476161789,0.8,0.3,0.2,0.7
725,/wynton/group/sali/mhancock/xray/sample_bench/out/266_decoys/0/output_152/pdbs/3.pdb,4714.448650067318,0.0529821142527954,0.8,0.3,0.2,0.7
726,/wynton/group/sali/mhancock/xray/sample_bench/out/266_decoys/0/output_176/pdbs/7.pdb,1513.8341297737925,0.0970238388156847,0.8,0.3,0.2,0.7
727,/wynton/group/sali/mhancock/xray/sample_bench/out/266_decoys/0/output_142/pdbs/6.pdb,1970.6819438830223,0.0830135078974654,0.8,0.3,0.2,0.7
728,/wynton/group/sali/mhancock/xray/sample_bench/out/266_decoys/0/output_216/pdbs/3.pdb,4694.107248720599,0.0537401711405301,0.8,0.3,0.2,0.7
729,/wynton/group/sali/mhancock/xray/sample_bench/out/266_decoys/0/output_176/pdbs/8.pdb,877.0851325242013,0.1059058840911623,0.8,0.3,0.2,0.7
730,/wynton/group/sali/mhancock/xray/sample_bench/out/266_decoys/0/output_110/pdbs/14.pdb,574.6425736946951,0.1783143550225963,0.8,0.3,0.2,0.7
731,/wynton/group/sali/mhancock/xray/sample_bench/out/266_decoys/0/output_147/pdbs/12.pdb,721.2847899905903,0.1500463172481612,0.8,0.3,0.2,0.7
732,/wynton/group/sali/mhancock/xray/sample_bench/out/266_decoys/0/output_64/pdbs/16.pdb,770.2007488065776,0.209128177639001,0.8,0.3,0.2,0.7
733,/wynton/group/sali/mhancock/xray/sample_bench/out/266_decoys/0/output_139/pdbs/11.pdb,678.6186786682865,0.1383061903315973,0.8,0.3,0.2,0.7
734,/wynton/group/sali/mhancock/xray/sample_bench/out/266_decoys/0/output_199/pdbs/12.pdb,728.0212884209611,0.1528048360748417,0.8,0.3,0.2,0.7
735,/wynton/group/sali/mhancock/xray/sample_bench/out/266_decoys/0/output_75/pdbs/3.pdb,4732.777307567453,0.0533285442502133,0.8,0.3,0.2,0.7
736,/wynton/group/sali/mhancock/xray/sample_bench/out/266_decoys/0/output_71/pdbs/3.pdb,4716.2611299334485,0.0534292296413159,0.8,0.3,0.2,0.7
737,/wynton/group/sali/mhancock/xray/sample_bench/out/266_decoys/0/output_81/pdbs/9.pdb,1341.3280214832137,0.1132483161213268,0.8,0.3,0.2,0.7
738,/wynton/group/sali/mhancock/xray/sample_bench/out/266_decoys/0/output_121/pdbs/7.pdb,1508.0207901377414,0.0956596500632446,0.8,0.3,0.2,0.7
739,/wynton/group/sali/mhancock/xray/sample_bench/out/266_decoys/0/output_75/pdbs/12.pdb,732.7059101377704,0.1533116746366747,0.8,0.3,0.2,0.7
740,/wynton/group/sali/mhancock/xray/sample_bench/out/266_decoys/0/output_93/pdbs/12.pdb,714.4380410576455,0.1547216761346329,0.8,0.3,0.2,0.7
741,/wynton/group/sali/mhancock/xray/sample_bench/out/266_decoys/0/output_218/pdbs/8.pdb,874.8343298154844,0.1062557260872252,0.8,0.3,0.2,0.7
742,/wynton/group/sali/mhancock/xray/sample_bench/out/266_decoys/0/output_156/pdbs/9.pdb,1324.2890132407213,0.1151827828130672,0.8,0.3,0.2,0.7
743,/wynton/group/sali/mhancock/xray/sample_bench/out/266_decoys/0/output_132/pdbs/7.pdb,1516.5209784885055,0.0961751610326239,0.8,0.3,0.2,0.7
744,/wynton/group/sali/mhancock/xray/sample_bench/out/266_decoys/0/output_165/pdbs/11.pdb,680.4958312004633,0.1399105882736033,0.8,0.3,0.2,0.7
745,/wynton/group/sali/mhancock/xray/sample_bench/out/266_decoys/0/output_101/pdbs/15.pdb,564.4365917556174,0.1926611535060298,0.8,0.3,0.2,0.7
746,/wynton/group/sali/mhancock/xray/sample_bench/out/266_decoys/0/output_157/pdbs/15.pdb,579.4832517252785,0.1902114314169344,0.8,0.3,0.2,0.7
747,/wynton/group/sali/mhancock/xray/sample_bench/out/266_decoys/0/output_222/pdbs/18.pdb,551.9011051930399,0.232434707858507,0.8,0.3,0.2,0.7
748,/wynton/group/sali/mhancock/xray/sample_bench/out/266_decoys/0/output_151/pdbs/18.pdb,553.4558170346877,0.2372380007907181,0.8,0.3,0.2,0.7
749,/wynton/group/sali/mhancock/xray/sample_bench/out/266_decoys/0/output_203/pdbs/18.pdb,548.5452508453952,0.2362317342957205,0.8,0.3,0.2,0.7
750,/wynton/group/sali/mhancock/xray/sample_bench/out/266_decoys/0/output_33/pdbs/38.pdb,864.3544089937002,0.4838777676471496,0.8,0.3,0.2,0.7
751,/wynton/group/sali/mhancock/xray/sample_bench/out/266_decoys/0/output_230/pdbs/20.pdb,792.1416037153172,0.2609701055932953,0.8,0.3,0.2,0.7
752,/wynton/group/sali/mhancock/xray/sample_bench/out/266_decoys/0/output_108/pdbs/98.pdb,713.3356520592454,0.9773725069870054,0.8,0.3,0.2,0.7
753,/wynton/group/sali/mhancock/xray/sample_bench/out/266_decoys/0/output_180/pdbs/21.pdb,658.8807495069047,0.2783878061513029,0.8,0.3,0.2,0.7
754,/wynton/group/sali/mhancock/xray/sample_bench/out/266_decoys/0/output_243/pdbs/52.pdb,572.3838015744191,0.6352717955125642,0.8,0.3,0.2,0.7
755,/wynton/group/sali/mhancock/xray/sample_bench/out/266_decoys/0/output_68/pdbs/36.pdb,671.9962969549606,0.4648188581766461,0.8,0.3,0.2,0.7
756,/wynton/group/sali/mhancock/xray/sample_bench/out/266_decoys/0/output_93/pdbs/69.pdb,726.1242643352888,0.7726042323492697,0.8,0.3,0.2,0.7
757,/wynton/group/sali/mhancock/xray/sample_bench/out/266_decoys/0/output_174/pdbs/60.pdb,720.7655645098696,0.70543824088405,0.8,0.3,0.2,0.7
758,/wynton/group/sali/mhancock/xray/sample_bench/out/266_decoys/0/output_175/pdbs/65.pdb,736.9026018174441,0.7311413516883141,0.8,0.3,0.2,0.7
759,/wynton/group/sali/mhancock/xray/sample_bench/out/266_decoys/0/output_14/pdbs/21.pdb,657.2045836262071,0.273156184141366,0.8,0.3,0.2,0.7
760,/wynton/group/sali/mhancock/xray/sample_bench/out/266_decoys/0/output_216/pdbs/88.pdb,754.0651155479743,0.9133247612119264,0.8,0.3,0.2,0.7
761,/wynton/group/sali/mhancock/xray/sample_bench/out/266_decoys/0/output_226/pdbs/68.pdb,724.1065548230293,0.7628143347157007,0.8,0.3,0.2,0.7
762,/wynton/group/sali/mhancock/xray/sample_bench/out/266_decoys/0/output_160/pdbs/85.pdb,757.1897070232803,0.9016674903108272,0.8,0.3,0.2,0.7
763,/wynton/group/sali/mhancock/xray/sample_bench/out/266_decoys/0/output_54/pdbs/19.pdb,817.1502774104083,0.2501472042973025,0.8,0.3,0.2,0.7
764,/wynton/group/sali/mhancock/xray/sample_bench/out/266_decoys/0/output_116/pdbs/76.pdb,749.3319314733411,0.840888601405196,0.8,0.3,0.2,0.7
765,/wynton/group/sali/mhancock/xray/sample_bench/out/266_decoys/0/output_4/pdbs/86.pdb,847.6866144141524,0.912415541842293,0.8,0.3,0.2,0.7
766,/wynton/group/sali/mhancock/xray/sample_bench/out/266_decoys/0/output_38/pdbs/61.pdb,623.4634248639298,0.7097979236726917,0.8,0.3,0.2,0.7
767,/wynton/group/sali/mhancock/xray/sample_bench/out/266_decoys/0/output_220/pdbs/98.pdb,719.584973938164,0.9729261782727612,0.8,0.3,0.2,0.7
768,/wynton/group/sali/mhancock/xray/sample_bench/out/266_decoys/0/output_151/pdbs/39.pdb,742.4929483893206,0.5087801600415793,0.8,0.3,0.2,0.7
769,/wynton/group/sali/mhancock/xray/sample_bench/out/266_decoys/0/output_168/pdbs/42.pdb,601.2536479364562,0.5304546912703383,0.8,0.3,0.2,0.7
770,/wynton/group/sali/mhancock/xray/sample_bench/out/266_decoys/0/output_200/pdbs/46.pdb,628.2541112702781,0.5715604385725996,0.8,0.3,0.2,0.7
771,/wynton/group/sali/mhancock/xray/sample_bench/out/266_decoys/0/output_106/pdbs/20.pdb,785.7509773247009,0.2610980135241068,0.8,0.3,0.2,0.7
772,/wynton/group/sali/mhancock/xray/sample_bench/out/266_decoys/0/output_118/pdbs/31.pdb,931.1839343935162,0.4116926793115462,0.8,0.3,0.2,0.7
773,/wynton/group/sali/mhancock/xray/sample_bench/out/266_decoys/0/output_133/pdbs/42.pdb,607.5592455270441,0.5331870276283472,0.8,0.3,0.2,0.7
774,/wynton/group/sali/mhancock/xray/sample_bench/out/266_decoys/0/output_220/pdbs/52.pdb,553.5111837640416,0.6286946136763376,0.8,0.3,0.2,0.7
775,/wynton/group/sali/mhancock/xray/sample_bench/out/266_decoys/0/output_138/pdbs/41.pdb,610.9885927654607,0.5217916149992765,0.8,0.3,0.2,0.7
776,/wynton/group/sali/mhancock/xray/sample_bench/out/266_decoys/0/output_42/pdbs/32.pdb,735.5766353066176,0.4228009657586019,0.8,0.3,0.2,0.7
777,/wynton/group/sali/mhancock/xray/sample_bench/out/266_decoys/0/output_113/pdbs/39.pdb,763.0827633265892,0.500706570771092,0.8,0.3,0.2,0.7
778,/wynton/group/sali/mhancock/xray/sample_bench/out/266_decoys/0/output_237/pdbs/24.pdb,729.8536131618253,0.3175842895410524,0.8,0.3,0.2,0.7
779,/wynton/group/sali/mhancock/xray/sample_bench/out/266_decoys/0/output_64/pdbs/72.pdb,634.6059196263527,0.8063572815366971,0.8,0.3,0.2,0.7
780,/wynton/group/sali/mhancock/xray/sample_bench/out/266_decoys/0/output_127/pdbs/79.pdb,680.3781695699905,0.8395970519755219,0.8,0.3,0.2,0.7
781,/wynton/group/sali/mhancock/xray/sample_bench/out/266_decoys/0/output_109/pdbs/77.pdb,749.9596728608702,0.8363036076684365,0.8,0.3,0.2,0.7
782,/wynton/group/sali/mhancock/xray/sample_bench/out/266_decoys/0/output_226/pdbs/61.pdb,638.4786483777395,0.7043218665788784,0.8,0.3,0.2,0.7
783,/wynton/group/sali/mhancock/xray/sample_bench/out/266_decoys/0/output_17/pdbs/56.pdb,777.9589624941431,0.6637586575685802,0.8,0.3,0.2,0.7
784,/wynton/group/sali/mhancock/xray/sample_bench/out/266_decoys/0/output_104/pdbs/65.pdb,744.1688461037025,0.7458722864025996,0.8,0.3,0.2,0.7
785,/wynton/group/sali/mhancock/xray/sample_bench/out/266_decoys/0/output_103/pdbs/90.pdb,808.3550270672392,0.9357679947462716,0.8,0.3,0.2,0.7
786,/wynton/group/sali/mhancock/xray/sample_bench/out/266_decoys/0/output_76/pdbs/82.pdb,740.4202694372293,0.8649239183648083,0.8,0.3,0.2,0.7
787,/wynton/group/sali/mhancock/xray/sample_bench/out/266_decoys/0/output_11/pdbs/97.pdb,773.5555866103858,0.982762592520108,0.8,0.3,0.2,0.7
788,/wynton/group/sali/mhancock/xray/sample_bench/out/266_decoys/0/output_120/pdbs/30.pdb,950.1618930867282,0.3933005886042422,0.8,0.3,0.2,0.7
789,/wynton/group/sali/mhancock/xray/sample_bench/out/266_decoys/0/output_184/pdbs/24.pdb,734.3873871317344,0.3160049671492348,0.8,0.3,0.2,0.7
790,/wynton/group/sali/mhancock/xray/sample_bench/out/266_decoys/0/output_129/pdbs/99.pdb,717.4882866213602,0.9840964131119816,0.8,0.3,0.2,0.7
791,/wynton/group/sali/mhancock/xray/sample_bench/out/266_decoys/0/output_217/pdbs/80.pdb,715.8944908743542,0.8622578790278749,0.8,0.3,0.2,0.7
792,/wynton/group/sali/mhancock/xray/sample_bench/out/266_decoys/0/output_19/pdbs/52.pdb,565.5310020456266,0.6292828096997405,0.8,0.3,0.2,0.7
793,/wynton/group/sali/mhancock/xray/sample_bench/out/266_decoys/0/output_236/pdbs/56.pdb,764.9861320880773,0.6641006531880773,0.8,0.3,0.2,0.7
794,/wynton/group/sali/mhancock/xray/sample_bench/out/266_decoys/0/output_139/pdbs/78.pdb,679.5542423411133,0.8505750909240821,0.8,0.3,0.2,0.7
795,/wynton/group/sali/mhancock/xray/sample_bench/out/266_decoys/0/output_177/pdbs/56.pdb,780.9335493234255,0.661518769059035,0.8,0.3,0.2,0.7
796,/wynton/group/sali/mhancock/xray/sample_bench/out/266_decoys/0/output_106/pdbs/71.pdb,615.7579331247443,0.7911541294772508,0.8,0.3,0.2,0.7
797,/wynton/group/sali/mhancock/xray/sample_bench/out/266_decoys/0/output_114/pdbs/31.pdb,914.9573567174862,0.4102885915795082,0.8,0.3,0.2,0.7
798,/wynton/group/sali/mhancock/xray/sample_bench/out/266_decoys/0/output_188/pdbs/55.pdb,685.4316353650729,0.65605635503501,0.8,0.3,0.2,0.7
799,/wynton/group/sali/mhancock/xray/sample_bench/out/266_decoys/0/output_241/pdbs/99.pdb,724.7895025973583,0.9627565004609862,0.8,0.3,0.2,0.7
800,/wynton/group/sali/mhancock/xray/sample_bench/out/266_decoys/0/output_0/pdbs/43.pdb,661.9380689282991,0.5479429536463863,0.8,0.3,0.2,0.7
801,/wynton/group/sali/mhancock/xray/sample_bench/out/266_decoys/0/output_104/pdbs/31.pdb,930.2096309295528,0.4134645582529168,0.8,0.3,0.2,0.7
802,/wynton/group/sali/mhancock/xray/sample_bench/out/266_decoys/0/output_192/pdbs/62.pdb,647.6570985097813,0.7262912655122238,0.8,0.3,0.2,0.7
803,/wynton/group/sali/mhancock/xray/sample_bench/out/266_decoys/0/output_8/pdbs/35.pdb,887.9410098813969,0.4545973122832854,0.8,0.3,0.2,0.7
804,/wynton/group/sali/mhancock/xray/sample_bench/out/266_decoys/0/output_216/pdbs/91.pdb,748.3582185965059,0.9330017723442088,0.8,0.3,0.2,0.7
805,/wynton/group/sali/mhancock/xray/sample_bench/out/266_decoys/0/output_183/pdbs/71.pdb,598.5842866179826,0.7868847437970268,0.8,0.3,0.2,0.7
806,/wynton/group/sali/mhancock/xray/sample_bench/out/266_decoys/0/output_66/pdbs/25.pdb,829.97775337914,0.3294829036156882,0.8,0.3,0.2,0.7
807,/wynton/group/sali/mhancock/xray/sample_bench/out/266_decoys/0/output_119/pdbs/96.pdb,790.4990444878385,0.9699718577140636,0.8,0.3,0.2,0.7
808,/wynton/group/sali/mhancock/xray/sample_bench/out/266_decoys/0/output_195/pdbs/55.pdb,722.3242401043756,0.6578549104657658,0.8,0.3,0.2,0.7
809,/wynton/group/sali/mhancock/xray/sample_bench/out/266_decoys/0/output_220/pdbs/80.pdb,695.7350652286932,0.8548381532059601,0.8,0.3,0.2,0.7
810,/wynton/group/sali/mhancock/xray/sample_bench/out/266_decoys/0/output_149/pdbs/38.pdb,838.6968676006588,0.4956125592714377,0.8,0.3,0.2,0.7
811,/wynton/group/sali/mhancock/xray/sample_bench/out/266_decoys/0/output_249/pdbs/78.pdb,684.437758136664,0.8364622732713304,0.8,0.3,0.2,0.7
812,/wynton/group/sali/mhancock/xray/sample_bench/out/266_decoys/0/output_175/pdbs/28.pdb,820.8232346279588,0.3704839978919728,0.8,0.3,0.2,0.7
813,/wynton/group/sali/mhancock/xray/sample_bench/out/266_decoys/0/output_35/pdbs/54.pdb,724.9927370671874,0.6560787649048124,0.8,0.3,0.2,0.7
814,/wynton/group/sali/mhancock/xray/sample_bench/out/266_decoys/0/output_153/pdbs/32.pdb,725.9307227966044,0.4130016754171756,0.8,0.3,0.2,0.7
815,/wynton/group/sali/mhancock/xray/sample_bench/out/266_decoys/0/output_230/pdbs/54.pdb,718.1036122712613,0.6559539449721135,0.8,0.3,0.2,0.7
816,/wynton/group/sali/mhancock/xray/sample_bench/out/266_decoys/0/output_165/pdbs/80.pdb,719.4997480442951,0.8709477636578851,0.8,0.3,0.2,0.7
817,/wynton/group/sali/mhancock/xray/sample_bench/out/266_decoys/0/output_244/pdbs/56.pdb,778.2754939659343,0.6691289088718468,0.8,0.3,0.2,0.7
818,/wynton/group/sali/mhancock/xray/sample_bench/out/266_decoys/0/output_118/pdbs/40.pdb,610.2328963328707,0.5142098220963105,0.8,0.3,0.2,0.7
819,/wynton/group/sali/mhancock/xray/sample_bench/out/266_decoys/0/output_226/pdbs/62.pdb,632.7917353513627,0.7121775274519863,0.8,0.3,0.2,0.7
820,/wynton/group/sali/mhancock/xray/sample_bench/out/266_decoys/0/output_51/pdbs/45.pdb,658.2952327248906,0.5727392687656817,0.8,0.3,0.2,0.7
821,/wynton/group/sali/mhancock/xray/sample_bench/out/266_decoys/0/output_14/pdbs/40.pdb,607.8892508547092,0.5094594884943511,0.8,0.3,0.2,0.7
822,/wynton/group/sali/mhancock/xray/sample_bench/out/266_decoys/0/output_115/pdbs/73.pdb,735.4325419571262,0.8139080919411312,0.8,0.3,0.2,0.7
823,/wynton/group/sali/mhancock/xray/sample_bench/out/266_decoys/0/output_196/pdbs/21.pdb,625.8652578108301,0.275684075489349,0.8,0.3,0.2,0.7
824,/wynton/group/sali/mhancock/xray/sample_bench/out/266_decoys/0/output_16/pdbs/53.pdb,661.040310709702,0.6465526697332551,0.8,0.3,0.2,0.7
825,/wynton/group/sali/mhancock/xray/sample_bench/out/266_decoys/0/output_67/pdbs/85.pdb,769.5456886395855,0.8867089732265654,0.8,0.3,0.2,0.7
826,/wynton/group/sali/mhancock/xray/sample_bench/out/266_decoys/0/output_226/pdbs/72.pdb,662.7719844831586,0.7922618420329006,0.8,0.3,0.2,0.7
827,/wynton/group/sali/mhancock/xray/sample_bench/out/266_decoys/0/output_15/pdbs/72.pdb,642.9387451164199,0.7961318903126782,0.8,0.3,0.2,0.7
828,/wynton/group/sali/mhancock/xray/sample_bench/out/266_decoys/0/output_88/pdbs/48.pdb,686.9544046638312,0.597688385593039,0.8,0.3,0.2,0.7
829,/wynton/group/sali/mhancock/xray/sample_bench/out/266_decoys/0/output_134/pdbs/60.pdb,717.9611550313281,0.6989349420544171,0.8,0.3,0.2,0.7
830,/wynton/group/sali/mhancock/xray/sample_bench/out/266_decoys/0/output_23/pdbs/35.pdb,901.265020773102,0.458829932991017,0.8,0.3,0.2,0.7
831,/wynton/group/sali/mhancock/xray/sample_bench/out/266_decoys/0/output_100/pdbs/59.pdb,735.4162864953614,0.6896258837886744,0.8,0.3,0.2,0.7
832,/wynton/group/sali/mhancock/xray/sample_bench/out/266_decoys/0/output_171/pdbs/71.pdb,604.1632162049582,0.7895504024157212,0.8,0.3,0.2,0.7
833,/wynton/group/sali/mhancock/xray/sample_bench/out/266_decoys/0/output_49/pdbs/68.pdb,736.9565144643332,0.7688646714079341,0.8,0.3,0.2,0.7
834,/wynton/group/sali/mhancock/xray/sample_bench/out/266_decoys/0/output_234/pdbs/42.pdb,606.7929148238413,0.5444445833866159,0.8,0.3,0.2,0.7
835,/wynton/group/sali/mhancock/xray/sample_bench/out/266_decoys/0/output_73/pdbs/21.pdb,639.021765337952,0.2733850877180365,0.8,0.3,0.2,0.7
836,/wynton/group/sali/mhancock/xray/sample_bench/out/266_decoys/0/output_1/pdbs/70.pdb,711.412356240956,0.7826368825759484,0.8,0.3,0.2,0.7
837,/wynton/group/sali/mhancock/xray/sample_bench/out/266_decoys/0/output_9/pdbs/58.pdb,750.269420443715,0.672880288181346,0.8,0.3,0.2,0.7
838,/wynton/group/sali/mhancock/xray/sample_bench/out/266_decoys/0/output_116/pdbs/22.pdb,740.4308119606153,0.2844375940946648,0.8,0.3,0.2,0.7
839,/wynton/group/sali/mhancock/xray/sample_bench/out/266_decoys/0/output_95/pdbs/28.pdb,830.8803740423555,0.3696127904521614,0.8,0.3,0.2,0.7
840,/wynton/group/sali/mhancock/xray/sample_bench/out/266_decoys/0/output_148/pdbs/33.pdb,698.4527352245132,0.4343763889955984,0.8,0.3,0.2,0.7
841,/wynton/group/sali/mhancock/xray/sample_bench/out/266_decoys/0/output_0/pdbs/56.pdb,779.6029667220296,0.6698662174208713,0.8,0.3,0.2,0.7
842,/wynton/group/sali/mhancock/xray/sample_bench/out/266_decoys/0/output_249/pdbs/80.pdb,701.0858443697056,0.8468401398834777,0.8,0.3,0.2,0.7
843,/wynton/group/sali/mhancock/xray/sample_bench/out/266_decoys/0/output_208/pdbs/34.pdb,910.6950744035456,0.4460268590151037,0.8,0.3,0.2,0.7
844,/wynton/group/sali/mhancock/xray/sample_bench/out/266_decoys/0/output_96/pdbs/22.pdb,744.1648313700002,0.2906671922160123,0.8,0.3,0.2,0.7
845,/wynton/group/sali/mhancock/xray/sample_bench/out/266_decoys/0/output_161/pdbs/80.pdb,718.789526159524,0.8539579957689616,0.8,0.3,0.2,0.7
846,/wynton/group/sali/mhancock/xray/sample_bench/out/266_decoys/0/output_159/pdbs/89.pdb,800.9463350209919,0.9153837200294545,0.8,0.3,0.2,0.7
847,/wynton/group/sali/mhancock/xray/sample_bench/out/266_decoys/0/output_34/pdbs/81.pdb,722.7434620462145,0.8720740346608853,0.8,0.3,0.2,0.7
848,/wynton/group/sali/mhancock/xray/sample_bench/out/266_decoys/0/output_144/pdbs/54.pdb,725.2258464049598,0.6603769992900811,0.8,0.3,0.2,0.7
849,/wynton/group/sali/mhancock/xray/sample_bench/out/266_decoys/0/output_215/pdbs/63.pdb,733.0278863119256,0.724808152408756,0.8,0.3,0.2,0.7
850,/wynton/group/sali/mhancock/xray/sample_bench/out/266_decoys/0/output_101/pdbs/82.pdb,714.0016564976258,0.8795761043085932,0.8,0.3,0.2,0.7
851,/wynton/group/sali/mhancock/xray/sample_bench/out/266_decoys/0/output_179/pdbs/67.pdb,765.8307380050461,0.7655471049609888,0.8,0.3,0.2,0.7
852,/wynton/group/sali/mhancock/xray/sample_bench/out/266_decoys/0/output_90/pdbs/44.pdb,707.6315010209846,0.5589989750000595,0.8,0.3,0.2,0.7
853,/wynton/group/sali/mhancock/xray/sample_bench/out/266_decoys/0/output_231/pdbs/85.pdb,779.9841795052537,0.8843168748852692,0.8,0.3,0.2,0.7
854,/wynton/group/sali/mhancock/xray/sample_bench/out/266_decoys/0/output_232/pdbs/31.pdb,913.4261057237215,0.4124160518413203,0.8,0.3,0.2,0.7
855,/wynton/group/sali/mhancock/xray/sample_bench/out/266_decoys/0/output_224/pdbs/59.pdb,702.025138100878,0.6916973979090485,0.8,0.3,0.2,0.7
856,/wynton/group/sali/mhancock/xray/sample_bench/out/266_decoys/0/output_45/pdbs/76.pdb,752.629726660088,0.8253016440705656,0.8,0.3,0.2,0.7
857,/wynton/group/sali/mhancock/xray/sample_bench/out/266_decoys/0/output_48/pdbs/66.pdb,804.8287362918475,0.7432166429089067,0.8,0.3,0.2,0.7
858,/wynton/group/sali/mhancock/xray/sample_bench/out/266_decoys/0/output_216/pdbs/81.pdb,728.4564450542061,0.8644898962187793,0.8,0.3,0.2,0.7
859,/wynton/group/sali/mhancock/xray/sample_bench/out/266_decoys/0/output_23/pdbs/70.pdb,710.5115267133987,0.7834637612463042,0.8,0.3,0.2,0.7
860,/wynton/group/sali/mhancock/xray/sample_bench/out/266_decoys/0/output_167/pdbs/69.pdb,735.3530045178277,0.7801585736620579,0.8,0.3,0.2,0.7
861,/wynton/group/sali/mhancock/xray/sample_bench/out/266_decoys/0/output_24/pdbs/93.pdb,843.5831246004384,0.9508208895194477,0.8,0.3,0.2,0.7
862,/wynton/group/sali/mhancock/xray/sample_bench/out/266_decoys/0/output_75/pdbs/25.pdb,826.9974009970717,0.3274085738903412,0.8,0.3,0.2,0.7
863,/wynton/group/sali/mhancock/xray/sample_bench/out/266_decoys/0/output_178/pdbs/86.pdb,821.6302373731684,0.9012526517506296,0.8,0.3,0.2,0.7
864,/wynton/group/sali/mhancock/xray/sample_bench/out/266_decoys/0/output_209/pdbs/32.pdb,753.4955562749885,0.4251707033768379,0.8,0.3,0.2,0.7
865,/wynton/group/sali/mhancock/xray/sample_bench/out/266_decoys/0/output_160/pdbs/65.pdb,726.9449647515747,0.7422997994851834,0.8,0.3,0.2,0.7
866,/wynton/group/sali/mhancock/xray/sample_bench/out/266_decoys/0/output_216/pdbs/59.pdb,713.3477141496369,0.6890180802425347,0.8,0.3,0.2,0.7
867,/wynton/group/sali/mhancock/xray/sample_bench/out/266_decoys/0/output_145/pdbs/94.pdb,808.359454256685,0.9639380428191168,0.8,0.3,0.2,0.7
868,/wynton/group/sali/mhancock/xray/sample_bench/out/266_decoys/0/output_30/pdbs/65.pdb,741.2988358038198,0.7388214829960285,0.8,0.3,0.2,0.7
869,/wynton/group/sali/mhancock/xray/sample_bench/out/266_decoys/0/output_236/pdbs/91.pdb,755.1670625693508,0.934384406600368,0.8,0.3,0.2,0.7
870,/wynton/group/sali/mhancock/xray/sample_bench/out/266_decoys/0/output_224/pdbs/49.pdb,595.3982891806945,0.6074397770155037,0.8,0.3,0.2,0.7
871,/wynton/group/sali/mhancock/xray/sample_bench/out/266_decoys/0/output_144/pdbs/83.pdb,761.8490683948048,0.8976941836771867,0.8,0.3,0.2,0.7
872,/wynton/group/sali/mhancock/xray/sample_bench/out/266_decoys/0/output_7/pdbs/29.pdb,875.3329475478358,0.3814711465242857,0.8,0.3,0.2,0.7
873,/wynton/group/sali/mhancock/xray/sample_bench/out/266_decoys/0/output_16/pdbs/85.pdb,787.7500898890696,0.8932789997358472,0.8,0.3,0.2,0.7
874,/wynton/group/sali/mhancock/xray/sample_bench/out/266_decoys/0/output_6/pdbs/34.pdb,913.3117500495532,0.4441775712412,0.8,0.3,0.2,0.7
875,/wynton/group/sali/mhancock/xray/sample_bench/out/266_decoys/0/output_191/pdbs/73.pdb,733.8563659035284,0.8040441762218371,0.8,0.3,0.2,0.7
876,/wynton/group/sali/mhancock/xray/sample_bench/out/266_decoys/0/output_203/pdbs/55.pdb,706.7135027928257,0.6667196480975291,0.8,0.3,0.2,0.7
877,/wynton/group/sali/mhancock/xray/sample_bench/out/266_decoys/0/output_20/pdbs/92.pdb,774.4726406438068,0.9422551608420604,0.8,0.3,0.2,0.7
878,/wynton/group/sali/mhancock/xray/sample_bench/out/266_decoys/0/output_109/pdbs/20.pdb,788.4558373097329,0.2608738522229615,0.8,0.3,0.2,0.7
879,/wynton/group/sali/mhancock/xray/sample_bench/out/266_decoys/0/output_137/pdbs/84.pdb,743.7782162903989,0.8778530426732098,0.8,0.3,0.2,0.7
880,/wynton/group/sali/mhancock/xray/sample_bench/out/266_decoys/0/output_135/pdbs/90.pdb,831.9379613247711,0.9026011924442466,0.8,0.3,0.2,0.7
881,/wynton/group/sali/mhancock/xray/sample_bench/out/266_decoys/0/output_89/pdbs/90.pdb,807.5619669878693,0.9281812466393944,0.8,0.3,0.2,0.7
882,/wynton/group/sali/mhancock/xray/sample_bench/out/266_decoys/0/output_191/pdbs/34.pdb,896.2029573915104,0.4440123461673664,0.8,0.3,0.2,0.7
883,/wynton/group/sali/mhancock/xray/sample_bench/out/266_decoys/0/output_113/pdbs/47.pdb,714.906828659728,0.5788704790036179,0.8,0.3,0.2,0.7
884,/wynton/group/sali/mhancock/xray/sample_bench/out/266_decoys/0/output_113/pdbs/86.pdb,832.7072690416533,0.8957257581868378,0.8,0.3,0.2,0.7
885,/wynton/group/sali/mhancock/xray/sample_bench/out/266_decoys/0/output_201/pdbs/83.pdb,783.1022716453256,0.8888368460793233,0.8,0.3,0.2,0.7
886,/wynton/group/sali/mhancock/xray/sample_bench/out/266_decoys/0/output_187/pdbs/20.pdb,784.9002506993431,0.2576158108549042,0.8,0.3,0.2,0.7
887,/wynton/group/sali/mhancock/xray/sample_bench/out/266_decoys/0/output_117/pdbs/74.pdb,691.1147195880812,0.8131585283597791,0.8,0.3,0.2,0.7
888,/wynton/group/sali/mhancock/xray/sample_bench/out/266_decoys/0/output_240/pdbs/69.pdb,760.8474723396524,0.7785286807113241,0.8,0.3,0.2,0.7
889,/wynton/group/sali/mhancock/xray/sample_bench/out/266_decoys/0/output_75/pdbs/64.pdb,749.7953006673994,0.728539165297397,0.8,0.3,0.2,0.7
890,/wynton/group/sali/mhancock/xray/sample_bench/out/266_decoys/0/output_35/pdbs/30.pdb,941.7952351565192,0.3959740647712553,0.8,0.3,0.2,0.7
891,/wynton/group/sali/mhancock/xray/sample_bench/out/266_decoys/0/output_33/pdbs/23.pdb,762.9215270373531,0.2997025148216905,0.8,0.3,0.2,0.7
892,/wynton/group/sali/mhancock/xray/sample_bench/out/266_decoys/0/output_160/pdbs/69.pdb,730.2112694716837,0.7770717267086531,0.8,0.3,0.2,0.7
893,/wynton/group/sali/mhancock/xray/sample_bench/out/266_decoys/0/output_4/pdbs/82.pdb,745.7845265335031,0.8877244698470551,0.8,0.3,0.2,0.7
894,/wynton/group/sali/mhancock/xray/sample_bench/out/266_decoys/0/output_121/pdbs/54.pdb,733.557385218835,0.6504636153753094,0.8,0.3,0.2,0.7
895,/wynton/group/sali/mhancock/xray/sample_bench/out/266_decoys/0/output_163/pdbs/36.pdb,661.6185212802561,0.4597572399513917,0.8,0.3,0.2,0.7
896,/wynton/group/sali/mhancock/xray/sample_bench/out/266_decoys/0/output_27/pdbs/80.pdb,712.8524488225189,0.8528068721005093,0.8,0.3,0.2,0.7
897,/wynton/group/sali/mhancock/xray/sample_bench/out/266_decoys/0/output_6/pdbs/76.pdb,752.0608437197295,0.8338338225925095,0.8,0.3,0.2,0.7
898,/wynton/group/sali/mhancock/xray/sample_bench/out/266_decoys/0/output_185/pdbs/51.pdb,620.8330144704134,0.6179361543052653,0.8,0.3,0.2,0.7
899,/wynton/group/sali/mhancock/xray/sample_bench/out/266_decoys/0/output_37/pdbs/51.pdb,622.1675609866031,0.6170254806860261,0.8,0.3,0.2,0.7
900,/wynton/group/sali/mhancock/xray/sample_bench/out/266_decoys/0/output_104/pdbs/43.pdb,652.5540796416997,0.549869127909926,0.8,0.3,0.2,0.7
901,/wynton/group/sali/mhancock/xray/sample_bench/out/266_decoys/0/output_98/pdbs/63.pdb,747.8188106473604,0.7253269935907029,0.8,0.3,0.2,0.7
902,/wynton/group/sali/mhancock/xray/sample_bench/out/266_decoys/0/output_97/pdbs/97.pdb,766.3098955030251,0.9869189268836032,0.8,0.3,0.2,0.7
903,/wynton/group/sali/mhancock/xray/sample_bench/out/266_decoys/0/output_153/pdbs/55.pdb,716.6007308635751,0.6560038987666064,0.8,0.3,0.2,0.7
904,/wynton/group/sali/mhancock/xray/sample_bench/out/266_decoys/0/output_178/pdbs/64.pdb,770.0430252600468,0.7448408072865916,0.8,0.3,0.2,0.7
905,/wynton/group/sali/mhancock/xray/sample_bench/out/266_decoys/0/output_195/pdbs/60.pdb,726.4936267716773,0.7000095805317509,0.8,0.3,0.2,0.7
906,/wynton/group/sali/mhancock/xray/sample_bench/out/266_decoys/0/output_71/pdbs/38.pdb,852.1392914606706,0.4833916312502685,0.8,0.3,0.2,0.7
907,/wynton/group/sali/mhancock/xray/sample_bench/out/266_decoys/0/output_128/pdbs/98.pdb,732.1252359805769,0.9804199740294806,0.8,0.3,0.2,0.7
908,/wynton/group/sali/mhancock/xray/sample_bench/out/266_decoys/0/output_189/pdbs/60.pdb,731.3479174836349,0.7012081899806155,0.8,0.3,0.2,0.7
909,/wynton/group/sali/mhancock/xray/sample_bench/out/266_decoys/0/output_162/pdbs/47.pdb,731.8076958860145,0.5896501640067773,0.8,0.3,0.2,0.7
910,/wynton/group/sali/mhancock/xray/sample_bench/out/266_decoys/0/output_10/pdbs/24.pdb,731.3573759540714,0.3156209793680438,0.8,0.3,0.2,0.7
911,/wynton/group/sali/mhancock/xray/sample_bench/out/266_decoys/0/output_12/pdbs/71.pdb,596.5725798167722,0.7849115927101777,0.8,0.3,0.2,0.7
912,/wynton/group/sali/mhancock/xray/sample_bench/out/266_decoys/0/output_35/pdbs/75.pdb,669.752750553523,0.8377423457022728,0.8,0.3,0.2,0.7
913,/wynton/group/sali/mhancock/xray/sample_bench/out/266_decoys/0/output_49/pdbs/80.pdb,718.2266690906621,0.8579401613592792,0.8,0.3,0.2,0.7
914,/wynton/group/sali/mhancock/xray/sample_bench/out/266_decoys/0/output_69/pdbs/90.pdb,814.6148660914774,0.9136585222245266,0.8,0.3,0.2,0.7
915,/wynton/group/sali/mhancock/xray/sample_bench/out/266_decoys/0/output_200/pdbs/39.pdb,752.5699528454791,0.4933726415087271,0.8,0.3,0.2,0.7
916,/wynton/group/sali/mhancock/xray/sample_bench/out/266_decoys/0/output_11/pdbs/59.pdb,683.1582964345754,0.684795169407735,0.8,0.3,0.2,0.7
917,/wynton/group/sali/mhancock/xray/sample_bench/out/266_decoys/0/output_27/pdbs/81.pdb,722.7726998450867,0.8606264720802965,0.8,0.3,0.2,0.7
918,/wynton/group/sali/mhancock/xray/sample_bench/out/266_decoys/0/output_177/pdbs/22.pdb,741.0819613347448,0.2894560639720753,0.8,0.3,0.2,0.7
919,/wynton/group/sali/mhancock/xray/sample_bench/out/266_decoys/0/output_240/pdbs/46.pdb,633.1640375355544,0.5774128333219656,0.8,0.3,0.2,0.7
920,/wynton/group/sali/mhancock/xray/sample_bench/out/266_decoys/0/output_146/pdbs/92.pdb,787.2372180938278,0.9316756786033178,0.8,0.3,0.2,0.7
921,/wynton/group/sali/mhancock/xray/sample_bench/out/266_decoys/0/output_142/pdbs/99.pdb,727.2889343618041,0.990500617149934,0.8,0.3,0.2,0.7
922,/wynton/group/sali/mhancock/xray/sample_bench/out/266_decoys/0/output_113/pdbs/44.pdb,704.5410534112575,0.552932881343651,0.8,0.3,0.2,0.7
923,/wynton/group/sali/mhancock/xray/sample_bench/out/266_decoys/0/output_52/pdbs/47.pdb,721.3671616897172,0.5826493587855027,0.8,0.3,0.2,0.7
924,/wynton/group/sali/mhancock/xray/sample_bench/out/266_decoys/0/output_79/pdbs/68.pdb,741.2749305040902,0.7784090838298552,0.8,0.3,0.2,0.7
925,/wynton/group/sali/mhancock/xray/sample_bench/out/266_decoys/0/output_152/pdbs/70.pdb,699.2369977397334,0.7819773820263378,0.8,0.3,0.2,0.7
926,/wynton/group/sali/mhancock/xray/sample_bench/out/266_decoys/0/output_166/pdbs/73.pdb,718.8428789207885,0.8085321248210824,0.8,0.3,0.2,0.7
927,/wynton/group/sali/mhancock/xray/sample_bench/out/266_decoys/0/output_59/pdbs/67.pdb,797.2073843912424,0.7593067846080772,0.8,0.3,0.2,0.7
928,/wynton/group/sali/mhancock/xray/sample_bench/out/266_decoys/0/output_201/pdbs/87.pdb,808.2407410585093,0.9143390721818416,0.8,0.3,0.2,0.7
929,/wynton/group/sali/mhancock/xray/sample_bench/out/266_decoys/0/output_138/pdbs/87.pdb,774.7079224488766,0.8890282557773053,0.8,0.3,0.2,0.7
930,/wynton/group/sali/mhancock/xray/sample_bench/out/266_decoys/0/output_121/pdbs/39.pdb,750.651093710751,0.5006965762578152,0.8,0.3,0.2,0.7
931,/wynton/group/sali/mhancock/xray/sample_bench/out/266_decoys/0/output_205/pdbs/62.pdb,634.9915940184693,0.7178648858265362,0.8,0.3,0.2,0.7
932,/wynton/group/sali/mhancock/xray/sample_bench/out/266_decoys/0/output_37/pdbs/98.pdb,714.1715557321219,0.9613330479360328,0.8,0.3,0.2,0.7
933,/wynton/group/sali/mhancock/xray/sample_bench/out/266_decoys/0/output_35/pdbs/36.pdb,660.4112302597739,0.4683592399089036,0.8,0.3,0.2,0.7
934,/wynton/group/sali/mhancock/xray/sample_bench/out/266_decoys/0/output_150/pdbs/56.pdb,791.0388741097255,0.6667384126149714,0.8,0.3,0.2,0.7
935,/wynton/group/sali/mhancock/xray/sample_bench/out/266_decoys/0/output_9/pdbs/34.pdb,902.46538065008,0.4401975146006924,0.8,0.3,0.2,0.7
936,/wynton/group/sali/mhancock/xray/sample_bench/out/266_decoys/0/output_134/pdbs/49.pdb,599.4716931188804,0.5988609464480206,0.8,0.3,0.2,0.7
937,/wynton/group/sali/mhancock/xray/sample_bench/out/266_decoys/0/output_215/pdbs/62.pdb,647.5777859570675,0.7159349004634861,0.8,0.3,0.2,0.7
938,/wynton/group/sali/mhancock/xray/sample_bench/out/266_decoys/0/output_217/pdbs/53.pdb,641.051262147824,0.6439166521726418,0.8,0.3,0.2,0.7
939,/wynton/group/sali/mhancock/xray/sample_bench/out/266_decoys/0/output_116/pdbs/68.pdb,731.2244870674068,0.7747228123876128,0.8,0.3,0.2,0.7
940,/wynton/group/sali/mhancock/xray/sample_bench/out/266_decoys/0/output_75/pdbs/20.pdb,794.271360415381,0.2593701388624551,0.8,0.3,0.2,0.7
941,/wynton/group/sali/mhancock/xray/sample_bench/out/266_decoys/0/output_49/pdbs/22.pdb,742.3391203531626,0.2891354417174773,0.8,0.3,0.2,0.7
942,/wynton/group/sali/mhancock/xray/sample_bench/out/266_decoys/0/output_200/pdbs/61.pdb,646.1106770032166,0.7132136204027124,0.8,0.3,0.2,0.7
943,/wynton/group/sali/mhancock/xray/sample_bench/out/266_decoys/0/output_35/pdbs/45.pdb,627.9517932555814,0.5687720383071228,0.8,0.3,0.2,0.7
944,/wynton/group/sali/mhancock/xray/sample_bench/out/266_decoys/0/output_88/pdbs/42.pdb,606.4512599845043,0.536747595469598,0.8,0.3,0.2,0.7
945,/wynton/group/sali/mhancock/xray/sample_bench/out/266_decoys/0/output_245/pdbs/52.pdb,569.767222761737,0.6255587406426416,0.8,0.3,0.2,0.7
946,/wynton/group/sali/mhancock/xray/sample_bench/out/266_decoys/0/output_83/pdbs/27.pdb,772.5985469413135,0.3572182989897952,0.8,0.3,0.2,0.7
947,/wynton/group/sali/mhancock/xray/sample_bench/out/266_decoys/0/output_149/pdbs/36.pdb,645.0566173063717,0.4725204415730527,0.8,0.3,0.2,0.7
948,/wynton/group/sali/mhancock/xray/sample_bench/out/266_decoys/0/output_192/pdbs/53.pdb,655.7976508091635,0.6493503675946095,0.8,0.3,0.2,0.7
949,/wynton/group/sali/mhancock/xray/sample_bench/out/266_decoys/0/output_95/pdbs/89.pdb,790.2266394123129,0.9312192921900652,0.8,0.3,0.2,0.7
950,/wynton/group/sali/mhancock/xray/sample_bench/out/266_decoys/0/output_115/pdbs/49.pdb,594.7258098713794,0.6155189287534819,0.8,0.3,0.2,0.7
951,/wynton/group/sali/mhancock/xray/sample_bench/out/266_decoys/0/output_226/pdbs/60.pdb,718.0757299545634,0.6958542494729794,0.8,0.3,0.2,0.7
952,/wynton/group/sali/mhancock/xray/sample_bench/out/266_decoys/0/output_222/pdbs/91.pdb,755.3633735996532,0.939843022871569,0.8,0.3,0.2,0.7
953,/wynton/group/sali/mhancock/xray/sample_bench/out/266_decoys/0/output_150/pdbs/22.pdb,748.1502323425468,0.2911966969830477,0.8,0.3,0.2,0.7
954,/wynton/group/sali/mhancock/xray/sample_bench/out/266_decoys/0/output_22/pdbs/98.pdb,693.3645860047161,0.979422183602644,0.8,0.3,0.2,0.7
955,/wynton/group/sali/mhancock/xray/sample_bench/out/266_decoys/0/output_86/pdbs/59.pdb,712.3448168275427,0.6943646963926635,0.8,0.3,0.2,0.7
956,/wynton/group/sali/mhancock/xray/sample_bench/out/266_decoys/0/output_243/pdbs/53.pdb,653.148605382107,0.6454286184999359,0.8,0.3,0.2,0.7
957,/wynton/group/sali/mhancock/xray/sample_bench/out/266_decoys/0/output_20/pdbs/51.pdb,625.0610489417347,0.6318136108176587,0.8,0.3,0.2,0.7
958,/wynton/group/sali/mhancock/xray/sample_bench/out/266_decoys/0/output_73/pdbs/97.pdb,773.4424385430325,0.970737746624944,0.8,0.3,0.2,0.7
959,/wynton/group/sali/mhancock/xray/sample_bench/out/266_decoys/0/output_191/pdbs/80.pdb,686.9460188165431,0.855397029279156,0.8,0.3,0.2,0.7
960,/wynton/group/sali/mhancock/xray/sample_bench/out/266_decoys/0/output_228/pdbs/64.pdb,763.4308491968749,0.7378961466468806,0.8,0.3,0.2,0.7
961,/wynton/group/sali/mhancock/xray/sample_bench/out/266_decoys/0/output_126/pdbs/57.pdb,841.0957104078868,0.6744755939321161,0.8,0.3,0.2,0.7
962,/wynton/group/sali/mhancock/xray/sample_bench/out/266_decoys/0/output_191/pdbs/62.pdb,633.9143834042643,0.7103710288900449,0.8,0.3,0.2,0.7
963,/wynton/group/sali/mhancock/xray/sample_bench/out/266_decoys/0/output_5/pdbs/34.pdb,889.5586530049204,0.4435394765515037,0.8,0.3,0.2,0.7
964,/wynton/group/sali/mhancock/xray/sample_bench/out/266_decoys/0/output_131/pdbs/41.pdb,612.3844687042927,0.5184481409428952,0.8,0.3,0.2,0.7
965,/wynton/group/sali/mhancock/xray/sample_bench/out/266_decoys/0/output_68/pdbs/34.pdb,922.8110194077922,0.4430711112543354,0.8,0.3,0.2,0.7
966,/wynton/group/sali/mhancock/xray/sample_bench/out/266_decoys/0/output_104/pdbs/83.pdb,787.7608006761692,0.8881392679568224,0.8,0.3,0.2,0.7
967,/wynton/group/sali/mhancock/xray/sample_bench/out/266_decoys/0/output_174/pdbs/43.pdb,671.2029889302078,0.5539465268435821,0.8,0.3,0.2,0.7
968,/wynton/group/sali/mhancock/xray/sample_bench/out/266_decoys/0/output_101/pdbs/53.pdb,656.8097429428883,0.6494793528880002,0.8,0.3,0.2,0.7
969,/wynton/group/sali/mhancock/xray/sample_bench/out/266_decoys/0/output_210/pdbs/51.pdb,624.1346621047962,0.632871019404809,0.8,0.3,0.2,0.7
970,/wynton/group/sali/mhancock/xray/sample_bench/out/266_decoys/0/output_77/pdbs/74.pdb,703.3524383109682,0.8150788295115288,0.8,0.3,0.2,0.7
971,/wynton/group/sali/mhancock/xray/sample_bench/out/266_decoys/0/output_112/pdbs/64.pdb,749.6821526313148,0.7340800248199761,0.8,0.3,0.2,0.7
972,/wynton/group/sali/mhancock/xray/sample_bench/out/266_decoys/0/output_172/pdbs/78.pdb,654.2084694009679,0.8626535918795181,0.8,0.3,0.2,0.7
973,/wynton/group/sali/mhancock/xray/sample_bench/out/266_decoys/0/output_159/pdbs/39.pdb,751.7064038423896,0.5070599712076207,0.8,0.3,0.2,0.7
974,/wynton/group/sali/mhancock/xray/sample_bench/out/266_decoys/0/output_37/pdbs/96.pdb,794.3607836387556,0.9511584159817807,0.8,0.3,0.2,0.7
975,/wynton/group/sali/mhancock/xray/sample_bench/out/266_decoys/0/output_56/pdbs/35.pdb,884.7078254427329,0.4517353330234147,0.8,0.3,0.2,0.7
976,/wynton/group/sali/mhancock/xray/sample_bench/out/266_decoys/0/output_191/pdbs/31.pdb,923.2206438291132,0.4085076085501232,0.8,0.3,0.2,0.7
977,/wynton/group/sali/mhancock/xray/sample_bench/out/266_decoys/0/output_202/pdbs/50.pdb,647.2086971815966,0.6108418983598572,0.8,0.3,0.2,0.7
978,/wynton/group/sali/mhancock/xray/sample_bench/out/266_decoys/0/output_109/pdbs/51.pdb,623.913502151609,0.6219263591459568,0.8,0.3,0.2,0.7
979,/wynton/group/sali/mhancock/xray/sample_bench/out/266_decoys/0/output_191/pdbs/66.pdb,798.142030390944,0.7475870729457289,0.8,0.3,0.2,0.7
980,/wynton/group/sali/mhancock/xray/sample_bench/out/266_decoys/0/output_202/pdbs/20.pdb,783.2043308830771,0.258671028001868,0.8,0.3,0.2,0.7
981,/wynton/group/sali/mhancock/xray/sample_bench/out/266_decoys/0/output_140/pdbs/92.pdb,761.2373906871117,0.9421168782134454,0.8,0.3,0.2,0.7
982,/wynton/group/sali/mhancock/xray/sample_bench/out/266_decoys/0/output_105/pdbs/59.pdb,719.3172750392068,0.6875797749401941,0.8,0.3,0.2,0.7
983,/wynton/group/sali/mhancock/xray/sample_bench/out/266_decoys/0/output_28/pdbs/62.pdb,666.4719626693137,0.7051679767275896,0.8,0.3,0.2,0.7
984,/wynton/group/sali/mhancock/xray/sample_bench/out/266_decoys/0/output_156/pdbs/21.pdb,649.914374305904,0.2741311882067093,0.8,0.3,0.2,0.7
985,/wynton/group/sali/mhancock/xray/sample_bench/out/266_decoys/0/output_79/pdbs/88.pdb,734.6148082837112,0.921131891629055,0.8,0.3,0.2,0.7
986,/wynton/group/sali/mhancock/xray/sample_bench/out/266_decoys/0/output_64/pdbs/99.pdb,729.7514203187309,0.9918660834879824,0.8,0.3,0.2,0.7
987,/wynton/group/sali/mhancock/xray/sample_bench/out/266_decoys/0/output_20/pdbs/48.pdb,697.9340375465179,0.6025714101403674,0.8,0.3,0.2,0.7
988,/wynton/group/sali/mhancock/xray/sample_bench/out/266_decoys/0/output_150/pdbs/33.pdb,685.6766553854513,0.4367238418221851,0.8,0.3,0.2,0.7
989,/wynton/group/sali/mhancock/xray/sample_bench/out/266_decoys/0/output_91/pdbs/66.pdb,814.5667583473147,0.7560117312092629,0.8,0.3,0.2,0.7
990,/wynton/group/sali/mhancock/xray/sample_bench/out/266_decoys/0/output_35/pdbs/31.pdb,914.8872652037616,0.4085793533011138,0.8,0.3,0.2,0.7
991,/wynton/group/sali/mhancock/xray/sample_bench/out/266_decoys/0/output_227/pdbs/70.pdb,698.0583261000346,0.7917744350677558,0.8,0.3,0.2,0.7
992,/wynton/group/sali/mhancock/xray/sample_bench/out/266_decoys/0/output_135/pdbs/23.pdb,762.9483682086914,0.2989026747132441,0.8,0.3,0.2,0.7
993,/wynton/group/sali/mhancock/xray/sample_bench/out/266_decoys/0/output_190/pdbs/76.pdb,761.1146487143792,0.8343425458469012,0.8,0.3,0.2,0.7
994,/wynton/group/sali/mhancock/xray/sample_bench/out/266_decoys/0/output_92/pdbs/24.pdb,735.6677084103983,0.3171007510965932,0.8,0.3,0.2,0.7
995,/wynton/group/sali/mhancock/xray/sample_bench/out/266_decoys/0/output_205/pdbs/58.pdb,769.63154294933,0.6825108514054656,0.8,0.3,0.2,0.7
996,/wynton/group/sali/mhancock/xray/sample_bench/out/266_decoys/0/output_175/pdbs/82.pdb,700.2975267667498,0.8549407820040176,0.8,0.3,0.2,0.7
997,/wynton/group/sali/mhancock/xray/sample_bench/out/266_decoys/0/output_182/pdbs/60.pdb,735.7919885809348,0.6984576684607608,0.8,0.3,0.2,0.7
998,/wynton/group/sali/mhancock/xray/sample_bench/out/266_decoys/0/output_7/pdbs/69.pdb,732.2218869425869,0.7792820922436461,0.8,0.3,0.2,0.7
999,/wynton/group/sali/mhancock/xray/sample_bench/out/266_decoys/0/output_38/pdbs/32.pdb,730.4959652240527,0.4206278854438746,0.8,0.3,0.2,0.7
