,pdb,ff,rmsd,w_0_0,w_0_1,w_1_0,w_1_1
0,/wynton/group/sali/mhancock/xray/sample_bench/out/266_decoys/0/output_178/pdbs/11.pdb,680.5938933507607,0.1412884056983619,0.6166525404546669,0.26750517303562865,0.3833474595453331,0.7324948269643713
1,/wynton/group/sali/mhancock/xray/sample_bench/out/266_decoys/0/output_50/pdbs/15.pdb,567.0370638062764,0.1944100357589998,0.993388671076311,0.5715300078103351,0.006611328923689042,0.42846999218966486
2,/wynton/group/sali/mhancock/xray/sample_bench/out/266_decoys/0/output_127/pdbs/2.pdb,3771.860194232953,0.0429916959912422,0.7008728105651443,0.17207870025307484,0.2991271894348557,0.8279212997469252
3,/wynton/group/sali/mhancock/xray/sample_bench/out/266_decoys/0/output_240/pdbs/13.pdb,917.1386640089336,0.1603888046164062,0.5880341068813294,0.6384399126040301,0.4119658931186705,0.36156008739596984
4,/wynton/group/sali/mhancock/xray/sample_bench/out/266_decoys/0/output_110/pdbs/11.pdb,680.7936453023274,0.1376510304446661,0.7056245895059146,0.5457149143217893,0.2943754104940854,0.4542850856782107
5,/wynton/group/sali/mhancock/xray/sample_bench/out/266_decoys/0/output_37/pdbs/5.pdb,1636.6639244142314,0.0754031324943269,0.6709188009283455,0.5685486449103807,0.3290811990716544,0.43145135508961935
6,/wynton/group/sali/mhancock/xray/sample_bench/out/266_decoys/0/output_183/pdbs/3.pdb,4684.4794309691815,0.0537337976629491,0.13923842916000914,0.5446060438598731,0.8607615708399909,0.45539395614012684
7,/wynton/group/sali/mhancock/xray/sample_bench/out/266_decoys/0/output_193/pdbs/14.pdb,584.0656120762533,0.1793402473175739,0.5801513619187111,0.6268095377160114,0.41984863808128897,0.3731904622839886
8,/wynton/group/sali/mhancock/xray/sample_bench/out/266_decoys/0/output_140/pdbs/14.pdb,575.8506886553569,0.1808323530171018,0.6954861179294518,0.31927759824205815,0.30451388207054825,0.6807224017579419
9,/wynton/group/sali/mhancock/xray/sample_bench/out/266_decoys/0/output_248/pdbs/4.pdb,3000.6913114744493,0.0627682389644263,0.48376147640009637,0.7472424614653221,0.5162385235999037,0.2527575385346778
10,/wynton/group/sali/mhancock/xray/sample_bench/out/266_decoys/0/output_12/pdbs/12.pdb,727.0372343118365,0.1535675257009788,0.5520675729162738,0.03597973273925106,0.4479324270837262,0.964020267260749
11,/wynton/group/sali/mhancock/xray/sample_bench/out/266_decoys/0/output_46/pdbs/5.pdb,1641.2440751600548,0.0740866893780544,0.48920386578058844,0.4013329763463734,0.5107961342194115,0.5986670236536266
12,/wynton/group/sali/mhancock/xray/sample_bench/out/266_decoys/0/output_108/pdbs/14.pdb,574.2934567738155,0.183818050365764,0.5484386390988751,0.8646257893227549,0.4515613609011249,0.1353742106772451
13,/wynton/group/sali/mhancock/xray/sample_bench/out/266_decoys/0/output_14/pdbs/9.pdb,1336.3222697625113,0.1163305492020147,0.27006629893324835,0.5143095169255238,0.7299337010667516,0.48569048307447615
14,/wynton/group/sali/mhancock/xray/sample_bench/out/266_decoys/0/output_243/pdbs/7.pdb,1511.9181795004663,0.0951521646387013,0.9079838093588729,0.5243481961410146,0.09201619064112705,0.4756518038589854
15,/wynton/group/sali/mhancock/xray/sample_bench/out/266_decoys/0/output_179/pdbs/9.pdb,1339.5492951290696,0.1144626160122719,0.6161499144749497,0.33122240713079676,0.38385008552505023,0.6687775928692032
16,/wynton/group/sali/mhancock/xray/sample_bench/out/266_decoys/0/output_119/pdbs/11.pdb,681.4803535047777,0.1387158085558925,0.9808809614462034,0.2704256772074355,0.019119038553796555,0.7295743227925645
17,/wynton/group/sali/mhancock/xray/sample_bench/out/266_decoys/0/output_66/pdbs/14.pdb,590.7554846229234,0.1800148022954701,0.9320070185661703,0.11527481466944468,0.06799298143382973,0.8847251853305554
18,/wynton/group/sali/mhancock/xray/sample_bench/out/266_decoys/0/output_38/pdbs/11.pdb,669.1494129582832,0.1393532682065725,0.30601279254897823,0.23436887486885552,0.6939872074510217,0.7656311251311445
19,/wynton/group/sali/mhancock/xray/sample_bench/out/266_decoys/0/output_142/pdbs/15.pdb,568.466803341614,0.1917931205682666,0.5801468796460012,0.5989591411848865,0.41985312035399885,0.4010408588151135
20,/wynton/group/sali/mhancock/xray/sample_bench/out/266_decoys/0/output_202/pdbs/3.pdb,4701.864831906805,0.0527940064557649,0.5691180497159664,0.5876658512222657,0.43088195028403364,0.41233414877773444
21,/wynton/group/sali/mhancock/xray/sample_bench/out/266_decoys/0/output_243/pdbs/19.pdb,833.0536311317517,0.2458953996251198,0.8693438674547871,0.9553414409969203,0.1306561325452129,0.044658559003079676
22,/wynton/group/sali/mhancock/xray/sample_bench/out/266_decoys/0/output_226/pdbs/9.pdb,1330.4735482034143,0.1158958595132927,0.9041731936137349,0.7457759012283554,0.09582680638626508,0.25422409877164454
23,/wynton/group/sali/mhancock/xray/sample_bench/out/266_decoys/0/output_182/pdbs/15.pdb,573.3387063280786,0.1934143434030691,0.4066493159914407,0.512960850474465,0.5933506840085594,0.48703914952553495
24,/wynton/group/sali/mhancock/xray/sample_bench/out/266_decoys/0/output_189/pdbs/9.pdb,1331.128511834732,0.1157751415030138,0.7154336461274392,0.739235415178242,0.2845663538725608,0.2607645848217581
25,/wynton/group/sali/mhancock/xray/sample_bench/out/266_decoys/0/output_128/pdbs/7.pdb,1505.228802946716,0.09630940653459,0.7362472118658139,0.602856895092913,0.263752788134186,0.3971431049070871
26,/wynton/group/sali/mhancock/xray/sample_bench/out/266_decoys/0/output_181/pdbs/5.pdb,1616.0359607610644,0.0759060843692476,0.25843932733232855,0.5566063782391285,0.7415606726676714,0.44339362176087155
27,/wynton/group/sali/mhancock/xray/sample_bench/out/266_decoys/0/output_77/pdbs/1.pdb,7263.153177364936,0.0312715871863977,0.0954124345956357,0.41521812790082774,0.9045875654043644,0.5847818720991722
28,/wynton/group/sali/mhancock/xray/sample_bench/out/266_decoys/0/output_94/pdbs/6.pdb,1968.9926813993088,0.0813984591877109,0.4837627729524407,0.8985613819501826,0.5162372270475594,0.10143861804981728
29,/wynton/group/sali/mhancock/xray/sample_bench/out/266_decoys/0/output_66/pdbs/3.pdb,4718.040098438508,0.0513274067444754,0.6198927147172727,0.15158843863974597,0.3801072852827274,0.8484115613602541
30,/wynton/group/sali/mhancock/xray/sample_bench/out/266_decoys/0/output_182/pdbs/8.pdb,880.1697104762372,0.1058380613519616,0.8845641737014001,0.32767572245531956,0.11543582629859998,0.6723242775446804
31,/wynton/group/sali/mhancock/xray/sample_bench/out/266_decoys/0/output_234/pdbs/1.pdb,7254.171105822224,0.0309868531632813,0.8944876593521023,0.24157458997916767,0.10551234064789776,0.7584254100208323
32,/wynton/group/sali/mhancock/xray/sample_bench/out/266_decoys/0/output_181/pdbs/17.pdb,586.3059426240802,0.2182734993324267,0.16064684444936034,0.7865123507212102,0.8393531555506397,0.21348764927878983
33,/wynton/group/sali/mhancock/xray/sample_bench/out/266_decoys/0/output_26/pdbs/1.pdb,7242.047845830844,0.0302781002265788,0.628949061814788,0.48769203447367726,0.3710509381852119,0.5123079655263227
34,/wynton/group/sali/mhancock/xray/sample_bench/out/266_decoys/0/output_44/pdbs/16.pdb,772.844032034456,0.2060945731452254,0.910207974794921,0.6511436685708588,0.08979202520507897,0.3488563314291413
35,/wynton/group/sali/mhancock/xray/sample_bench/out/266_decoys/0/output_226/pdbs/13.pdb,921.018871536603,0.1646613615641466,0.5986827758426647,0.6749703116390626,0.40131722415733523,0.3250296883609373
36,/wynton/group/sali/mhancock/xray/sample_bench/out/266_decoys/0/output_140/pdbs/10.pdb,1338.6910934070431,0.1290306105194749,0.9545089622433922,0.4849056098310748,0.04549103775660776,0.5150943901689253
37,/wynton/group/sali/mhancock/xray/sample_bench/out/266_decoys/0/output_99/pdbs/5.pdb,1636.3017401310394,0.074417108283338,0.2752769823764992,0.529621342105803,0.7247230176235008,0.4703786578941969
38,/wynton/group/sali/mhancock/xray/sample_bench/out/266_decoys/0/output_135/pdbs/18.pdb,547.4944450779608,0.2320137747145898,0.3484880107329849,0.38120323313783,0.651511989267015,0.61879676686217
39,/wynton/group/sali/mhancock/xray/sample_bench/out/266_decoys/0/output_154/pdbs/4.pdb,3009.59865307428,0.063036507437954,0.20829821896634657,0.613553352016443,0.7917017810336534,0.3864466479835571
40,/wynton/group/sali/mhancock/xray/sample_bench/out/266_decoys/0/output_209/pdbs/17.pdb,582.3532949659864,0.2196175584948355,0.9125682157509948,0.12024855300748166,0.08743178424900526,0.8797514469925183
41,/wynton/group/sali/mhancock/xray/sample_bench/out/266_decoys/0/output_113/pdbs/11.pdb,675.4881974133955,0.1397637378044723,0.7843448399021641,0.3297649502416429,0.21565516009783592,0.6702350497583571
42,/wynton/group/sali/mhancock/xray/sample_bench/out/266_decoys/0/output_151/pdbs/7.pdb,1502.060987543661,0.0974622001281632,0.42358876587083866,0.12353591604426373,0.5764112341291613,0.8764640839557363
43,/wynton/group/sali/mhancock/xray/sample_bench/out/266_decoys/0/output_41/pdbs/14.pdb,595.6944782564017,0.1799299551956059,0.4971441201724321,0.7203937043940773,0.5028558798275679,0.2796062956059226
44,/wynton/group/sali/mhancock/xray/sample_bench/out/266_decoys/0/output_75/pdbs/9.pdb,1345.3623532886245,0.1164302291955098,0.3310872432800915,0.7262844527300417,0.6689127567199086,0.2737155472699582
45,/wynton/group/sali/mhancock/xray/sample_bench/out/266_decoys/0/output_120/pdbs/13.pdb,925.349028117959,0.1646155486966375,0.14833797234050444,0.039756211656902025,0.8516620276594955,0.9602437883430979
46,/wynton/group/sali/mhancock/xray/sample_bench/out/266_decoys/0/output_103/pdbs/18.pdb,555.1094903774442,0.235025068507164,0.20105937450302305,0.28891265788215204,0.798940625496977,0.711087342117848
47,/wynton/group/sali/mhancock/xray/sample_bench/out/266_decoys/0/output_130/pdbs/15.pdb,569.2496532347459,0.1921592415325649,0.5563807440622484,0.639701539321246,0.44361925593775153,0.36029846067875404
48,/wynton/group/sali/mhancock/xray/sample_bench/out/266_decoys/0/output_214/pdbs/18.pdb,548.2607861290903,0.2343854856502125,0.4943564491078314,0.8111276522991256,0.5056435508921686,0.1888723477008743
49,/wynton/group/sali/mhancock/xray/sample_bench/out/266_decoys/0/output_152/pdbs/6.pdb,1966.0403871310195,0.0817904851218624,0.43377583141100623,0.6804000578172615,0.5662241685889937,0.31959994218273846
50,/wynton/group/sali/mhancock/xray/sample_bench/out/266_decoys/0/output_121/pdbs/16.pdb,788.0322227577205,0.2070513210281458,0.7511898598408411,0.13859247215742979,0.2488101401591589,0.8614075278425702
51,/wynton/group/sali/mhancock/xray/sample_bench/out/266_decoys/0/output_184/pdbs/14.pdb,584.0606945566592,0.1814520424157402,0.7248513552535718,0.16396057089014035,0.27514864474642825,0.8360394291098596
52,/wynton/group/sali/mhancock/xray/sample_bench/out/266_decoys/0/output_10/pdbs/12.pdb,723.590643538311,0.1529608350735354,0.9378627549710781,0.4282570680273651,0.06213724502892195,0.5717429319726349
53,/wynton/group/sali/mhancock/xray/sample_bench/out/266_decoys/0/output_119/pdbs/7.pdb,1525.768901650383,0.0942934528503844,0.10494883481849479,0.4291500319229298,0.8950511651815052,0.5708499680770703
54,/wynton/group/sali/mhancock/xray/sample_bench/out/266_decoys/0/output_40/pdbs/1.pdb,7249.328174531261,0.0307866414044631,0.4687989392217874,0.6459136571362293,0.5312010607782125,0.35408634286377066
55,/wynton/group/sali/mhancock/xray/sample_bench/out/266_decoys/0/output_118/pdbs/17.pdb,579.3072258642931,0.2221957865279699,0.5449233272880574,0.3793612185263624,0.4550766727119427,0.6206387814736376
56,/wynton/group/sali/mhancock/xray/sample_bench/out/266_decoys/0/output_138/pdbs/14.pdb,589.719556778789,0.1829488940148274,0.21409047138635737,0.6786720048999659,0.7859095286136426,0.3213279951000341
57,/wynton/group/sali/mhancock/xray/sample_bench/out/266_decoys/0/output_218/pdbs/5.pdb,1622.1276383060365,0.0751917950336493,0.6135536726855255,0.6530083246928762,0.3864463273144745,0.34699167530712394
58,/wynton/group/sali/mhancock/xray/sample_bench/out/266_decoys/0/output_90/pdbs/19.pdb,829.6008257576734,0.2454633702270195,0.5565543352611467,0.6025717004050994,0.4434456647388533,0.3974282995949006
59,/wynton/group/sali/mhancock/xray/sample_bench/out/266_decoys/0/output_106/pdbs/2.pdb,3751.106902605052,0.0447833482711389,0.22981162191137042,0.6870027572591106,0.7701883780886296,0.31299724274088936
60,/wynton/group/sali/mhancock/xray/sample_bench/out/266_decoys/0/output_31/pdbs/14.pdb,584.6210019509213,0.180414850794977,0.45376012920955394,0.43108191558462167,0.546239870790446,0.5689180844153783
61,/wynton/group/sali/mhancock/xray/sample_bench/out/266_decoys/0/output_178/pdbs/12.pdb,725.3997800411341,0.1539134382416613,0.7920868038618423,0.4245227427709962,0.2079131961381577,0.5754772572290038
62,/wynton/group/sali/mhancock/xray/sample_bench/out/266_decoys/0/output_36/pdbs/11.pdb,681.0865804445029,0.1375866801862748,0.6917335037523329,0.027351238636813453,0.3082664962476671,0.9726487613631866
63,/wynton/group/sali/mhancock/xray/sample_bench/out/266_decoys/0/output_151/pdbs/6.pdb,1963.863700818722,0.0841057453418838,0.6527509458713944,0.5304904358795697,0.34724905412860574,0.46950956412043043
64,/wynton/group/sali/mhancock/xray/sample_bench/out/266_decoys/0/output_203/pdbs/7.pdb,1503.3707290525583,0.0964025771604881,0.4029410303838031,0.8161540553642773,0.597058969616197,0.18384594463572265
65,/wynton/group/sali/mhancock/xray/sample_bench/out/266_decoys/0/output_246/pdbs/14.pdb,587.3895572299696,0.1806937166880966,0.31004111790236855,0.1759354190164283,0.6899588820976315,0.8240645809835717
66,/wynton/group/sali/mhancock/xray/sample_bench/out/266_decoys/0/output_93/pdbs/13.pdb,909.1482866209416,0.166823737309767,0.5565079203198383,0.013182589514532512,0.44349207968016174,0.9868174104854674
67,/wynton/group/sali/mhancock/xray/sample_bench/out/266_decoys/0/output_162/pdbs/15.pdb,568.069315007762,0.1914109876443872,0.3547882889418134,0.28158086156776474,0.6452117110581866,0.7184191384322353
68,/wynton/group/sali/mhancock/xray/sample_bench/out/266_decoys/0/output_184/pdbs/6.pdb,1974.351545782063,0.0830314530096099,0.21075853286539858,0.39503206100597443,0.7892414671346014,0.6049679389940256
69,/wynton/group/sali/mhancock/xray/sample_bench/out/266_decoys/0/output_235/pdbs/8.pdb,892.1695909704481,0.104633000125777,0.825801102182809,0.23000996594197648,0.174198897817191,0.7699900340580235
70,/wynton/group/sali/mhancock/xray/sample_bench/out/266_decoys/0/output_65/pdbs/18.pdb,557.9245308360969,0.2340654446838429,0.6199802659975068,0.819119854261864,0.3800197340024932,0.180880145738136
71,/wynton/group/sali/mhancock/xray/sample_bench/out/266_decoys/0/output_192/pdbs/7.pdb,1503.579514342778,0.095410662526241,0.27624970896507994,0.4191705401357498,0.7237502910349201,0.5808294598642502
72,/wynton/group/sali/mhancock/xray/sample_bench/out/266_decoys/0/output_104/pdbs/7.pdb,1491.988862116294,0.0943247548562526,0.46895258313806465,0.5724670289977071,0.5310474168619354,0.42753297100229304
73,/wynton/group/sali/mhancock/xray/sample_bench/out/266_decoys/0/output_29/pdbs/14.pdb,578.5552022562135,0.1783876184011828,0.6943302582072407,0.2924732204183447,0.30566974179275924,0.7075267795816552
74,/wynton/group/sali/mhancock/xray/sample_bench/out/266_decoys/0/output_63/pdbs/19.pdb,823.7470766802628,0.2490820982577036,0.912911614974856,0.5262563801163279,0.08708838502514396,0.4737436198836721
75,/wynton/group/sali/mhancock/xray/sample_bench/out/266_decoys/0/output_174/pdbs/1.pdb,7243.167373303461,0.0295018466836971,0.5274573396036141,0.0006000823056330241,0.4725426603963859,0.999399917694367
76,/wynton/group/sali/mhancock/xray/sample_bench/out/266_decoys/0/output_200/pdbs/17.pdb,579.008486868677,0.2184535954267051,0.12838894677188545,0.6277016598808192,0.8716110532281146,0.37229834011918084
77,/wynton/group/sali/mhancock/xray/sample_bench/out/266_decoys/0/output_69/pdbs/12.pdb,729.7609917437571,0.149991288227165,0.3897634013474908,0.6184637341583437,0.6102365986525092,0.38153626584165634
78,/wynton/group/sali/mhancock/xray/sample_bench/out/266_decoys/0/output_244/pdbs/8.pdb,877.3414790124791,0.1031944055426795,0.8894251552206711,0.5356167601869783,0.11057484477932887,0.4643832398130217
79,/wynton/group/sali/mhancock/xray/sample_bench/out/266_decoys/0/output_186/pdbs/1.pdb,7244.820138301487,0.0303976203663814,0.698962182291192,0.07508977106530684,0.30103781770880805,0.9249102289346931
80,/wynton/group/sali/mhancock/xray/sample_bench/out/266_decoys/0/output_168/pdbs/8.pdb,865.7467518549499,0.1074709329854995,0.2731617125525355,0.6414663547892878,0.7268382874474645,0.35853364521071224
81,/wynton/group/sali/mhancock/xray/sample_bench/out/266_decoys/0/output_145/pdbs/5.pdb,1624.9396242020637,0.0754341088341907,0.7984518393273479,0.5335433697650408,0.2015481606726522,0.46645663023495915
82,/wynton/group/sali/mhancock/xray/sample_bench/out/266_decoys/0/output_191/pdbs/3.pdb,4709.229073919121,0.0531972593032643,0.3648896440292547,0.49769795814054707,0.6351103559707453,0.5023020418594529
83,/wynton/group/sali/mhancock/xray/sample_bench/out/266_decoys/0/output_128/pdbs/6.pdb,1967.3241697480385,0.0832339299524096,0.45982259478195137,0.4400839513248199,0.5401774052180486,0.5599160486751801
84,/wynton/group/sali/mhancock/xray/sample_bench/out/266_decoys/0/output_230/pdbs/19.pdb,836.4594361835382,0.2465980310002479,0.5585076338553387,0.4070383925556258,0.4414923661446613,0.5929616074443742
85,/wynton/group/sali/mhancock/xray/sample_bench/out/266_decoys/0/output_172/pdbs/7.pdb,1506.7882021886098,0.0962287412831785,0.26793409048713684,0.48495191316641706,0.7320659095128631,0.515048086833583
86,/wynton/group/sali/mhancock/xray/sample_bench/out/266_decoys/0/output_131/pdbs/5.pdb,1637.098955105761,0.0743111818029927,0.6033796138860976,0.5811620095356106,0.39662038611390243,0.4188379904643894
87,/wynton/group/sali/mhancock/xray/sample_bench/out/266_decoys/0/output_106/pdbs/18.pdb,562.0714537439055,0.2348115175663336,0.39432563350247574,0.10694991560756799,0.6056743664975243,0.893050084392432
88,/wynton/group/sali/mhancock/xray/sample_bench/out/266_decoys/0/output_91/pdbs/10.pdb,1332.659402521375,0.1290407880292207,0.4965665131953205,0.36020806078303297,0.5034334868046795,0.6397919392169671
89,/wynton/group/sali/mhancock/xray/sample_bench/out/266_decoys/0/output_76/pdbs/8.pdb,892.0950885072862,0.1034409197636001,0.6442768506813229,0.3693849551758806,0.3557231493186772,0.6306150448241193
90,/wynton/group/sali/mhancock/xray/sample_bench/out/266_decoys/0/output_87/pdbs/6.pdb,1957.054758270308,0.0844447332393017,0.3599947146941703,0.4261096263797695,0.6400052853058298,0.5738903736202304
91,/wynton/group/sali/mhancock/xray/sample_bench/out/266_decoys/0/output_15/pdbs/16.pdb,780.8631505228748,0.2053146997205481,0.20304047590346475,0.17783246805941472,0.7969595240965353,0.8221675319405852
92,/wynton/group/sali/mhancock/xray/sample_bench/out/266_decoys/0/output_34/pdbs/7.pdb,1505.531830488544,0.0946183667976055,0.5624077180036419,0.21318884022631265,0.4375922819963581,0.7868111597736874
93,/wynton/group/sali/mhancock/xray/sample_bench/out/266_decoys/0/output_7/pdbs/19.pdb,819.9558563050587,0.2479123684139752,0.30262381514327996,0.6849374658823522,0.69737618485672,0.3150625341176478
94,/wynton/group/sali/mhancock/xray/sample_bench/out/266_decoys/0/output_39/pdbs/6.pdb,1956.121212317527,0.0834192549044684,0.585028824595608,0.40240053779250645,0.41497117540439205,0.5975994622074936
95,/wynton/group/sali/mhancock/xray/sample_bench/out/266_decoys/0/output_180/pdbs/16.pdb,791.0187685117637,0.2109839395368835,0.39351535922885617,0.06661595045494924,0.6064846407711438,0.9333840495450508
96,/wynton/group/sali/mhancock/xray/sample_bench/out/266_decoys/0/output_104/pdbs/15.pdb,566.3952044347334,0.1949007554913816,0.6865037278176042,0.16149762198763118,0.3134962721823959,0.8385023780123688
97,/wynton/group/sali/mhancock/xray/sample_bench/out/266_decoys/0/output_35/pdbs/2.pdb,3759.826281827877,0.0422330822771766,0.6263668672927877,0.3839545077584432,0.3736331327072124,0.6160454922415568
98,/wynton/group/sali/mhancock/xray/sample_bench/out/266_decoys/0/output_192/pdbs/19.pdb,835.2271770540322,0.2466725410152233,0.266144708928087,0.5036414310707776,0.733855291071913,0.49635856892922237
99,/wynton/group/sali/mhancock/xray/sample_bench/out/266_decoys/0/output_119/pdbs/16.pdb,791.2454001103872,0.2055189463942773,0.05079693002532014,0.2709091457713958,0.9492030699746798,0.7290908542286042
100,/wynton/group/sali/mhancock/xray/sample_bench/out/266_decoys/0/output_152/pdbs/14.pdb,580.0534112869243,0.1773304643484859,0.5026527510537022,0.7078684921418172,0.49734724894629784,0.29213150785818276
101,/wynton/group/sali/mhancock/xray/sample_bench/out/266_decoys/0/output_196/pdbs/1.pdb,7241.865585720821,0.0310079951001739,0.23387993317622757,0.5115437780635472,0.7661200668237725,0.48845622193645283
102,/wynton/group/sali/mhancock/xray/sample_bench/out/266_decoys/0/output_230/pdbs/14.pdb,582.9184274247377,0.1809601084277043,0.02780760542186207,0.43774365412979654,0.9721923945781379,0.5622563458702035
103,/wynton/group/sali/mhancock/xray/sample_bench/out/266_decoys/0/output_28/pdbs/16.pdb,785.259627762985,0.2106293561143201,0.4850736485414944,0.4214463924304402,0.5149263514585056,0.5785536075695599
104,/wynton/group/sali/mhancock/xray/sample_bench/out/266_decoys/0/output_97/pdbs/9.pdb,1319.133641879265,0.1154186439972146,0.5193214038456412,0.2961984168995716,0.4806785961543588,0.7038015831004284
105,/wynton/group/sali/mhancock/xray/sample_bench/out/266_decoys/0/output_6/pdbs/3.pdb,4715.829607049151,0.0522473814950457,0.26352721791816397,0.695007406186901,0.736472782081836,0.3049925938130989
106,/wynton/group/sali/mhancock/xray/sample_bench/out/266_decoys/0/output_109/pdbs/17.pdb,590.1270022762567,0.2195822291596584,0.6539638045953664,0.9762367988183518,0.3460361954046335,0.023763201181648208
107,/wynton/group/sali/mhancock/xray/sample_bench/out/266_decoys/0/output_95/pdbs/2.pdb,3772.7370038177,0.0433985185811908,0.4076814581018023,0.34770440257469054,0.5923185418981978,0.6522955974253095
108,/wynton/group/sali/mhancock/xray/sample_bench/out/266_decoys/0/output_85/pdbs/4.pdb,3015.869510207555,0.0624292066475055,0.4993648414239959,0.5237212696298563,0.500635158576004,0.4762787303701436
109,/wynton/group/sali/mhancock/xray/sample_bench/out/266_decoys/0/output_53/pdbs/3.pdb,4701.6151584559775,0.0531034234873252,0.4622251573358913,0.7113844022035016,0.5377748426641087,0.28861559779649837
110,/wynton/group/sali/mhancock/xray/sample_bench/out/266_decoys/0/output_6/pdbs/12.pdb,723.9518868889795,0.1520019007119741,0.33160744199217007,0.6713765660565125,0.6683925580078299,0.32862343394348736
111,/wynton/group/sali/mhancock/xray/sample_bench/out/266_decoys/0/output_127/pdbs/4.pdb,3006.3336740858217,0.0624051032523915,0.23290649680584313,0.4935229598268883,0.7670935031941568,0.5064770401731117
112,/wynton/group/sali/mhancock/xray/sample_bench/out/266_decoys/0/output_168/pdbs/6.pdb,1945.093314515332,0.084633968076042,0.5776889879428173,0.5456206388748498,0.42231101205718274,0.45437936112515015
113,/wynton/group/sali/mhancock/xray/sample_bench/out/266_decoys/0/output_207/pdbs/11.pdb,673.6063427406584,0.1417613846823111,0.7459273446761742,0.49830315068830006,0.2540726553238258,0.5016968493116999
114,/wynton/group/sali/mhancock/xray/sample_bench/out/266_decoys/0/output_54/pdbs/2.pdb,3739.151448237965,0.0415401397828603,0.30238935691680174,0.5829094929433108,0.6976106430831982,0.4170905070566891
115,/wynton/group/sali/mhancock/xray/sample_bench/out/266_decoys/0/output_152/pdbs/8.pdb,886.1943000822988,0.1031249452187032,0.006347414149060425,0.48265017864808124,0.9936525858509396,0.5173498213519188
116,/wynton/group/sali/mhancock/xray/sample_bench/out/266_decoys/0/output_208/pdbs/18.pdb,559.8361312755901,0.2357809262115073,0.8079838689848222,0.4618105456147271,0.1920161310151778,0.538189454385273
117,/wynton/group/sali/mhancock/xray/sample_bench/out/266_decoys/0/output_76/pdbs/17.pdb,576.3398670231547,0.2164226004677212,0.706199847490796,0.5285308089438955,0.293800152509204,0.47146919105610446
118,/wynton/group/sali/mhancock/xray/sample_bench/out/266_decoys/0/output_196/pdbs/15.pdb,554.861319885913,0.1951961877901849,0.4854504120442426,0.39265871763378574,0.5145495879557574,0.6073412823662142
119,/wynton/group/sali/mhancock/xray/sample_bench/out/266_decoys/0/output_160/pdbs/18.pdb,559.6897392648616,0.2330513343969857,0.5302847199056089,0.7999503558142512,0.46971528009439123,0.2000496441857489
120,/wynton/group/sali/mhancock/xray/sample_bench/out/266_decoys/0/output_134/pdbs/14.pdb,595.8572768494544,0.1804795691879495,0.40827976841575137,0.5388902189050597,0.5917202315842486,0.4611097810949403
121,/wynton/group/sali/mhancock/xray/sample_bench/out/266_decoys/0/output_155/pdbs/3.pdb,4700.143386386566,0.0534064610364994,0.48491719007517514,0.4352962012194965,0.5150828099248247,0.5647037987805034
122,/wynton/group/sali/mhancock/xray/sample_bench/out/266_decoys/0/output_158/pdbs/5.pdb,1622.7528407207126,0.0758709856656147,0.32956636212506163,0.23116658828892403,0.6704336378749384,0.768833411711076
123,/wynton/group/sali/mhancock/xray/sample_bench/out/266_decoys/0/output_92/pdbs/5.pdb,1624.3425767043425,0.0752092478536008,0.17016789967606444,0.6533827463690051,0.8298321003239356,0.3466172536309949
124,/wynton/group/sali/mhancock/xray/sample_bench/out/266_decoys/0/output_227/pdbs/15.pdb,567.480006010225,0.1915780611895597,0.48092686169129556,0.2152530674807441,0.5190731383087045,0.7847469325192558
125,/wynton/group/sali/mhancock/xray/sample_bench/out/266_decoys/0/output_201/pdbs/19.pdb,842.8423851879891,0.2469280988071397,0.6477266169128082,0.8408438593220242,0.3522733830871918,0.15915614067797584
126,/wynton/group/sali/mhancock/xray/sample_bench/out/266_decoys/0/output_132/pdbs/14.pdb,585.2740578390767,0.1795827184076895,0.48870985077057555,0.6672627478634752,0.5112901492294244,0.3327372521365248
127,/wynton/group/sali/mhancock/xray/sample_bench/out/266_decoys/0/output_157/pdbs/16.pdb,788.7374214562267,0.2045361365757578,0.333144638681187,0.05726495333334812,0.666855361318813,0.9427350466666519
128,/wynton/group/sali/mhancock/xray/sample_bench/out/266_decoys/0/output_105/pdbs/14.pdb,582.1958772258515,0.1792861728966631,0.4851213788708732,0.3296239147377259,0.5148786211291267,0.6703760852622741
129,/wynton/group/sali/mhancock/xray/sample_bench/out/266_decoys/0/output_10/pdbs/11.pdb,682.556445630514,0.1405700819047635,0.766468878068758,0.4969363156847982,0.23353112193124206,0.5030636843152018
130,/wynton/group/sali/mhancock/xray/sample_bench/out/266_decoys/0/output_41/pdbs/7.pdb,1511.8288079383271,0.0958458203000986,0.4443661123327503,0.12837551184122292,0.5556338876672497,0.871624488158777
131,/wynton/group/sali/mhancock/xray/sample_bench/out/266_decoys/0/output_65/pdbs/7.pdb,1504.9695020929416,0.0958296925053077,0.6465958638220548,0.27834029674243915,0.3534041361779452,0.7216597032575608
132,/wynton/group/sali/mhancock/xray/sample_bench/out/266_decoys/0/output_232/pdbs/12.pdb,719.3059011372486,0.1571182125947278,0.05432426032649857,0.7786470284302133,0.9456757396735014,0.22135297156978676
133,/wynton/group/sali/mhancock/xray/sample_bench/out/266_decoys/0/output_55/pdbs/4.pdb,3024.5788836948404,0.063985661409504,0.6737046722515474,0.5505697267712824,0.32629532774845266,0.4494302732287176
134,/wynton/group/sali/mhancock/xray/sample_bench/out/266_decoys/0/output_5/pdbs/16.pdb,778.4397643380635,0.2070309490999633,0.5364199748120428,0.7182212818893939,0.4635800251879572,0.281778718110606
135,/wynton/group/sali/mhancock/xray/sample_bench/out/266_decoys/0/output_111/pdbs/6.pdb,1972.011929715958,0.085104955869491,0.1615290527514443,0.6018656836523517,0.8384709472485556,0.39813431634764834
136,/wynton/group/sali/mhancock/xray/sample_bench/out/266_decoys/0/output_211/pdbs/6.pdb,1955.768284238232,0.0821745419824152,0.5370483966911677,0.8798975148852294,0.46295160330883245,0.12010248511477062
137,/wynton/group/sali/mhancock/xray/sample_bench/out/266_decoys/0/output_67/pdbs/2.pdb,3764.758298960856,0.0408163772107781,0.5609567271112522,0.6390765888724013,0.4390432728887477,0.36092341112759874
138,/wynton/group/sali/mhancock/xray/sample_bench/out/266_decoys/0/output_186/pdbs/18.pdb,563.5267147019024,0.2319496675397446,0.7118054411514728,0.23168245004455992,0.2881945588485271,0.7683175499554401
139,/wynton/group/sali/mhancock/xray/sample_bench/out/266_decoys/0/output_132/pdbs/8.pdb,884.8259786504069,0.1053667827583149,0.1663959743963317,0.38004359921455677,0.8336040256036683,0.6199564007854432
140,/wynton/group/sali/mhancock/xray/sample_bench/out/266_decoys/0/output_196/pdbs/4.pdb,3006.9417132888498,0.063961623082851,0.9512226555784932,0.44804013357727684,0.04877734442150678,0.5519598664227232
141,/wynton/group/sali/mhancock/xray/sample_bench/out/266_decoys/0/output_50/pdbs/9.pdb,1322.057323968209,0.1171453485002576,0.21190195978721804,0.6578571874894518,0.788098040212782,0.3421428125105483
142,/wynton/group/sali/mhancock/xray/sample_bench/out/266_decoys/0/output_7/pdbs/3.pdb,4711.200593792768,0.0529976793855483,0.044350780685029616,0.5822951563074967,0.9556492193149704,0.4177048436925032
143,/wynton/group/sali/mhancock/xray/sample_bench/out/266_decoys/0/output_52/pdbs/4.pdb,3012.2703426088865,0.0625154910286961,0.2398038298093556,0.6492669696482483,0.7601961701906444,0.35073303035175174
144,/wynton/group/sali/mhancock/xray/sample_bench/out/266_decoys/0/output_123/pdbs/11.pdb,678.5320628812976,0.1408416313597651,0.6817640794226869,0.3502051433807579,0.31823592057731304,0.6497948566192422
145,/wynton/group/sali/mhancock/xray/sample_bench/out/266_decoys/0/output_56/pdbs/19.pdb,829.0818126160029,0.2388788526014322,0.7650427473237574,0.6568301157564664,0.2349572526762426,0.3431698842435335
146,/wynton/group/sali/mhancock/xray/sample_bench/out/266_decoys/0/output_195/pdbs/13.pdb,914.019073379612,0.1611740963949097,0.6822292139541172,0.33065771325222704,0.31777078604588294,0.669342286747773
147,/wynton/group/sali/mhancock/xray/sample_bench/out/266_decoys/0/output_209/pdbs/15.pdb,574.5816805785821,0.1936001805712444,0.8017192562616888,0.465181121014381,0.19828074373831112,0.534818878985619
148,/wynton/group/sali/mhancock/xray/sample_bench/out/266_decoys/0/output_130/pdbs/3.pdb,4689.955959075049,0.0508937561156619,0.497006525739086,0.9539432100653044,0.502993474260914,0.046056789934695634
149,/wynton/group/sali/mhancock/xray/sample_bench/out/266_decoys/0/output_166/pdbs/10.pdb,1350.1560559132656,0.1274593182659125,0.5195991204878206,0.24796430704213343,0.4804008795121795,0.7520356929578665
150,/wynton/group/sali/mhancock/xray/sample_bench/out/266_decoys/0/output_184/pdbs/5.pdb,1644.5850599948426,0.0755706795309661,0.41313739396727006,0.5258169286311823,0.5868626060327299,0.47418307136881754
151,/wynton/group/sali/mhancock/xray/sample_bench/out/266_decoys/0/output_149/pdbs/15.pdb,566.1596104229675,0.1937730895119334,0.01991734294796393,0.06362592034563212,0.9800826570520361,0.9363740796543679
152,/wynton/group/sali/mhancock/xray/sample_bench/out/266_decoys/0/output_31/pdbs/1.pdb,7230.7259526574,0.0295687520126415,0.4559723385627496,0.4378748728806501,0.5440276614372503,0.5621251271193499
153,/wynton/group/sali/mhancock/xray/sample_bench/out/266_decoys/0/output_242/pdbs/14.pdb,581.3451958507767,0.1789835936678095,0.6471227826924637,0.8098502869780958,0.35287721730753635,0.19014971302190428
154,/wynton/group/sali/mhancock/xray/sample_bench/out/266_decoys/0/output_187/pdbs/17.pdb,591.5197359378592,0.2172184332798684,0.5072913819278302,0.6870731849452951,0.4927086180721699,0.3129268150547049
155,/wynton/group/sali/mhancock/xray/sample_bench/out/266_decoys/0/output_53/pdbs/4.pdb,2996.5738811200704,0.0623790862531164,0.3380873466283854,0.5051502523388544,0.6619126533716145,0.4948497476611456
156,/wynton/group/sali/mhancock/xray/sample_bench/out/266_decoys/0/output_199/pdbs/10.pdb,1334.4776400701007,0.1273934014655945,0.23747489942106934,0.48401845002382554,0.7625251005789306,0.5159815499761744
157,/wynton/group/sali/mhancock/xray/sample_bench/out/266_decoys/0/output_101/pdbs/10.pdb,1328.8977817524774,0.1271084982505351,0.2920162921440039,0.4277932530306898,0.7079837078559962,0.5722067469693101
158,/wynton/group/sali/mhancock/xray/sample_bench/out/266_decoys/0/output_82/pdbs/8.pdb,882.2323665307714,0.1055431269850882,0.9702741895001291,0.3675090588416937,0.02972581049987085,0.6324909411583062
159,/wynton/group/sali/mhancock/xray/sample_bench/out/266_decoys/0/output_7/pdbs/15.pdb,556.1533930874969,0.1932266704097731,0.7920686898477812,0.3655112087690673,0.2079313101522186,0.6344887912309327
160,/wynton/group/sali/mhancock/xray/sample_bench/out/266_decoys/0/output_155/pdbs/1.pdb,7233.451173501928,0.0309190569034738,0.6997537780538634,0.9898008138816196,0.3002462219461365,0.01019918611838041
161,/wynton/group/sali/mhancock/xray/sample_bench/out/266_decoys/0/output_6/pdbs/14.pdb,579.8367688921599,0.1802082487987579,0.5992926382006524,0.6973420547709587,0.40070736179934763,0.30265794522904127
162,/wynton/group/sali/mhancock/xray/sample_bench/out/266_decoys/0/output_0/pdbs/2.pdb,3750.749495794428,0.0422963446141671,0.08234878701195765,0.8266727215606353,0.9176512129880423,0.17332727843936468
163,/wynton/group/sali/mhancock/xray/sample_bench/out/266_decoys/0/output_100/pdbs/2.pdb,3765.249973487372,0.0424952335362286,0.6615950995433049,0.10809942877067755,0.3384049004566951,0.8919005712293225
164,/wynton/group/sali/mhancock/xray/sample_bench/out/266_decoys/0/output_243/pdbs/18.pdb,572.2546824047697,0.2336663334465289,0.648622395538307,0.40570951957895873,0.35137760446169286,0.5942904804210413
165,/wynton/group/sali/mhancock/xray/sample_bench/out/266_decoys/0/output_249/pdbs/17.pdb,580.4389669747104,0.2173092545574242,0.45242805451747564,0.8784054042953302,0.5475719454825244,0.12159459570466978
166,/wynton/group/sali/mhancock/xray/sample_bench/out/266_decoys/0/output_238/pdbs/4.pdb,3014.226750524212,0.0612206450379895,0.7340541099584155,0.7017416970010143,0.2659458900415846,0.29825830299898565
167,/wynton/group/sali/mhancock/xray/sample_bench/out/266_decoys/0/output_211/pdbs/7.pdb,1502.079902127467,0.0943940299720881,0.7232766398933318,0.9730680705236546,0.27672336010666837,0.02693192947634542
168,/wynton/group/sali/mhancock/xray/sample_bench/out/266_decoys/0/output_221/pdbs/16.pdb,784.1650497310527,0.2073175702954234,0.34540011532857884,0.4969424451571956,0.6545998846714212,0.5030575548428043
169,/wynton/group/sali/mhancock/xray/sample_bench/out/266_decoys/0/output_158/pdbs/2.pdb,3762.039604205109,0.040310603204319,0.24314242443040945,0.6922150808202102,0.7568575755695905,0.30778491917978984
170,/wynton/group/sali/mhancock/xray/sample_bench/out/266_decoys/0/output_50/pdbs/14.pdb,577.8299988516651,0.18199980589094,0.5293860921799448,0.3811636983001762,0.47061390782005513,0.6188363016998237
171,/wynton/group/sali/mhancock/xray/sample_bench/out/266_decoys/0/output_124/pdbs/6.pdb,1974.531948213737,0.0861591899397236,0.3828623857508594,0.6527295406791348,0.6171376142491405,0.34727045932086514
172,/wynton/group/sali/mhancock/xray/sample_bench/out/266_decoys/0/output_100/pdbs/19.pdb,822.5376335343792,0.2418658753875829,0.8820947200067999,0.8964926458280241,0.11790527999320008,0.10350735417197586
173,/wynton/group/sali/mhancock/xray/sample_bench/out/266_decoys/0/output_248/pdbs/11.pdb,683.7891396236671,0.1401159925069182,0.19366376141479139,0.46435510994070545,0.8063362385852086,0.5356448900592945
174,/wynton/group/sali/mhancock/xray/sample_bench/out/266_decoys/0/output_17/pdbs/10.pdb,1334.6429166063613,0.1300803491091957,0.3232309038522687,0.19143021788981152,0.6767690961477314,0.8085697821101885
175,/wynton/group/sali/mhancock/xray/sample_bench/out/266_decoys/0/output_113/pdbs/2.pdb,3758.414812018784,0.0425352491805953,0.6874913217749032,0.30155085815641003,0.31250867822509676,0.69844914184359
176,/wynton/group/sali/mhancock/xray/sample_bench/out/266_decoys/0/output_36/pdbs/2.pdb,3787.480276397636,0.0427573203486076,0.9035567173635852,0.09359621224846165,0.09644328263641481,0.9064037877515384
177,/wynton/group/sali/mhancock/xray/sample_bench/out/266_decoys/0/output_144/pdbs/7.pdb,1518.763860637478,0.0965976044898044,0.6970845101766591,0.6698734073485039,0.3029154898233409,0.33012659265149624
178,/wynton/group/sali/mhancock/xray/sample_bench/out/266_decoys/0/output_57/pdbs/14.pdb,581.7782522542502,0.1805761795834507,0.031372348979944294,0.3128954117651885,0.9686276510200555,0.6871045882348116
179,/wynton/group/sali/mhancock/xray/sample_bench/out/266_decoys/0/output_158/pdbs/13.pdb,923.6050656162143,0.1639345143883638,0.5517937404334836,0.6274047648673436,0.44820625956651644,0.37259523513265635
180,/wynton/group/sali/mhancock/xray/sample_bench/out/266_decoys/0/output_57/pdbs/4.pdb,3013.96299245616,0.0613184255010836,0.2714646710360523,0.4142732847814691,0.7285353289639477,0.5857267152185309
181,/wynton/group/sali/mhancock/xray/sample_bench/out/266_decoys/0/output_142/pdbs/4.pdb,3010.656289346995,0.0620010957838971,0.5318026605778374,0.4269967715098006,0.46819733942216263,0.5730032284901994
182,/wynton/group/sali/mhancock/xray/sample_bench/out/266_decoys/0/output_66/pdbs/15.pdb,575.8683374809411,0.1921058093780384,0.2944930246657795,0.5258318003694916,0.7055069753342205,0.4741681996305083
183,/wynton/group/sali/mhancock/xray/sample_bench/out/266_decoys/0/output_159/pdbs/15.pdb,569.1455315688895,0.1939315266255076,0.5685919748142731,0.6164035125722268,0.43140802518572685,0.3835964874277733
184,/wynton/group/sali/mhancock/xray/sample_bench/out/266_decoys/0/output_144/pdbs/1.pdb,7286.40127118934,0.0306238266426959,0.8549381058654275,0.7261109068670103,0.14506189413457246,0.27388909313298965
185,/wynton/group/sali/mhancock/xray/sample_bench/out/266_decoys/0/output_187/pdbs/13.pdb,928.1187220421912,0.1634831571088137,0.23927417945876403,0.40180419869465844,0.7607258205412359,0.5981958013053414
186,/wynton/group/sali/mhancock/xray/sample_bench/out/266_decoys/0/output_210/pdbs/2.pdb,3763.2488401405335,0.0418562921013256,0.4862261103593181,0.8220091835502559,0.5137738896406819,0.17799081644974413
187,/wynton/group/sali/mhancock/xray/sample_bench/out/266_decoys/0/output_66/pdbs/16.pdb,776.4729083466382,0.2059606961667702,0.4338650835627498,0.6361016721359063,0.5661349164372502,0.36389832786409365
188,/wynton/group/sali/mhancock/xray/sample_bench/out/266_decoys/0/output_100/pdbs/6.pdb,1974.4786312741887,0.0812428708918809,0.7159986057832707,0.25900753936950693,0.2840013942167294,0.7409924606304931
189,/wynton/group/sali/mhancock/xray/sample_bench/out/266_decoys/0/output_85/pdbs/15.pdb,565.7550293946695,0.1969824370571476,0.33528526090567723,0.4834768820403291,0.6647147390943228,0.5165231179596709
190,/wynton/group/sali/mhancock/xray/sample_bench/out/266_decoys/0/output_2/pdbs/10.pdb,1335.2004556522984,0.126884670772326,0.5186988007677352,0.45635439378820464,0.48130119923226483,0.5436456062117954
191,/wynton/group/sali/mhancock/xray/sample_bench/out/266_decoys/0/output_42/pdbs/19.pdb,833.2481814008911,0.2482667530097064,0.8661994258657487,0.46362483976506064,0.13380057413425128,0.5363751602349394
192,/wynton/group/sali/mhancock/xray/sample_bench/out/266_decoys/0/output_111/pdbs/4.pdb,2999.348390918259,0.0621911703798576,0.25579871325832626,0.6195301916149301,0.7442012867416737,0.38046980838507
193,/wynton/group/sali/mhancock/xray/sample_bench/out/266_decoys/0/output_151/pdbs/2.pdb,3753.647507021461,0.0425334489801934,0.5573126252738468,0.775588488432924,0.4426873747261531,0.22441151156707598
194,/wynton/group/sali/mhancock/xray/sample_bench/out/266_decoys/0/output_161/pdbs/1.pdb,7243.268597418315,0.02926358107497,0.8582352123899534,0.638995992021361,0.14176478761004668,0.361004007978639
195,/wynton/group/sali/mhancock/xray/sample_bench/out/266_decoys/0/output_79/pdbs/8.pdb,879.8898218660436,0.1035727253372876,0.011716182386909116,0.415898573354775,0.9882838176130909,0.584101426645225
196,/wynton/group/sali/mhancock/xray/sample_bench/out/266_decoys/0/output_126/pdbs/9.pdb,1337.0388396927954,0.1147574208612013,0.2711419291736135,0.4099926454045743,0.7288580708263865,0.5900073545954256
197,/wynton/group/sali/mhancock/xray/sample_bench/out/266_decoys/0/output_239/pdbs/11.pdb,684.4673068078152,0.1375060311893383,0.25759898955665994,0.6491037850893754,0.74240101044334,0.3508962149106246
198,/wynton/group/sali/mhancock/xray/sample_bench/out/266_decoys/0/output_161/pdbs/5.pdb,1638.316949546393,0.0732915801764508,0.5863283002534446,0.5848730410680797,0.4136716997465554,0.41512695893192036
199,/wynton/group/sali/mhancock/xray/sample_bench/out/266_decoys/0/output_104/pdbs/10.pdb,1338.339087361941,0.1276367368439106,0.06322974874962951,0.6860795815345905,0.9367702512503705,0.3139204184654094
200,/wynton/group/sali/mhancock/xray/sample_bench/out/266_decoys/0/output_221/pdbs/3.pdb,4698.8558922492,0.0536723077583284,0.09977280122168589,0.6840564549476643,0.9002271987783141,0.3159435450523357
201,/wynton/group/sali/mhancock/xray/sample_bench/out/266_decoys/0/output_32/pdbs/8.pdb,875.6530839334793,0.1065220646501778,0.7840824169659184,0.06670810249053899,0.21591758303408162,0.933291897509461
202,/wynton/group/sali/mhancock/xray/sample_bench/out/266_decoys/0/output_73/pdbs/5.pdb,1638.035755613405,0.0764110729838654,0.5038249021589472,0.8374366895569864,0.4961750978410528,0.16256331044301373
203,/wynton/group/sali/mhancock/xray/sample_bench/out/266_decoys/0/output_242/pdbs/16.pdb,775.4876003977647,0.2068051041680225,0.09519335110571307,0.08882415831505944,0.904806648894287,0.9111758416849406
204,/wynton/group/sali/mhancock/xray/sample_bench/out/266_decoys/0/output_64/pdbs/4.pdb,3007.52239599459,0.0613569123922012,0.024665980186010707,0.002861306460500979,0.9753340198139893,0.997138693539499
205,/wynton/group/sali/mhancock/xray/sample_bench/out/266_decoys/0/output_36/pdbs/4.pdb,3020.8814064207045,0.0617690720813565,0.538328784099406,0.514436313553624,0.461671215900594,0.485563686446376
206,/wynton/group/sali/mhancock/xray/sample_bench/out/266_decoys/0/output_209/pdbs/8.pdb,881.9210262041298,0.1075560659829015,0.5754921082119342,0.7345712487740511,0.4245078917880658,0.2654287512259488
207,/wynton/group/sali/mhancock/xray/sample_bench/out/266_decoys/0/output_88/pdbs/17.pdb,565.128200435407,0.2193288081356186,0.4214191692133017,0.40357703365024694,0.5785808307866983,0.596422966349753
208,/wynton/group/sali/mhancock/xray/sample_bench/out/266_decoys/0/output_0/pdbs/1.pdb,7234.659427779109,0.0295091256489105,0.8028062421976119,0.18444660805907467,0.19719375780238804,0.8155533919409254
209,/wynton/group/sali/mhancock/xray/sample_bench/out/266_decoys/0/output_201/pdbs/6.pdb,1961.2342348192697,0.0831242580876131,0.6482154955617055,0.6561264008643256,0.35178450443829457,0.34387359913567433
210,/wynton/group/sali/mhancock/xray/sample_bench/out/266_decoys/0/output_159/pdbs/7.pdb,1502.924658208966,0.0967734224025908,0.10949149927930871,0.5238317053184035,0.8905085007206913,0.47616829468159655
211,/wynton/group/sali/mhancock/xray/sample_bench/out/266_decoys/0/output_202/pdbs/18.pdb,566.9190046382496,0.2337579731925229,0.012089297933997368,0.3806965970121427,0.9879107020660026,0.6193034029878574
212,/wynton/group/sali/mhancock/xray/sample_bench/out/266_decoys/0/output_88/pdbs/11.pdb,675.5164288989729,0.1389527884082848,0.6916637797165832,0.4326843687264457,0.3083362202834169,0.5673156312735543
213,/wynton/group/sali/mhancock/xray/sample_bench/out/266_decoys/0/output_18/pdbs/19.pdb,825.5889594651958,0.249073038898738,0.5214786042630039,0.19577944700728075,0.47852139573699615,0.8042205529927192
214,/wynton/group/sali/mhancock/xray/sample_bench/out/266_decoys/0/output_8/pdbs/6.pdb,1956.0555319829168,0.0838514712749936,0.47648224855136534,0.8897155322753908,0.5235177514486347,0.11028446772460923
215,/wynton/group/sali/mhancock/xray/sample_bench/out/266_decoys/0/output_106/pdbs/19.pdb,831.0824830366555,0.2466007229037976,0.6735151934044215,0.40585712886639397,0.32648480659557866,0.594142871133606
216,/wynton/group/sali/mhancock/xray/sample_bench/out/266_decoys/0/output_177/pdbs/8.pdb,873.0964133575135,0.1076885347691411,0.42935883827689475,0.7260136262633952,0.5706411617231052,0.2739863737366049
217,/wynton/group/sali/mhancock/xray/sample_bench/out/266_decoys/0/output_108/pdbs/8.pdb,878.0455679006247,0.108202704409584,0.8870425855445752,0.25933404847719593,0.11295741445542486,0.740665951522804
218,/wynton/group/sali/mhancock/xray/sample_bench/out/266_decoys/0/output_243/pdbs/15.pdb,581.6537250567151,0.1936400207374662,0.9735890949896737,0.20871911776467889,0.026410905010326276,0.7912808822353211
219,/wynton/group/sali/mhancock/xray/sample_bench/out/266_decoys/0/output_161/pdbs/4.pdb,3003.757511191717,0.0604333820663637,0.49249088803342744,0.7996555261768122,0.5075091119665727,0.20034447382318774
220,/wynton/group/sali/mhancock/xray/sample_bench/out/266_decoys/0/output_161/pdbs/7.pdb,1505.2966962798437,0.0931940626467779,0.4252271019055393,0.7077275713106123,0.5747728980944606,0.29227242868938763
221,/wynton/group/sali/mhancock/xray/sample_bench/out/266_decoys/0/output_20/pdbs/13.pdb,912.4316956286197,0.1633466550294086,0.25733275514399295,0.5702220625711414,0.742667244856007,0.4297779374288586
222,/wynton/group/sali/mhancock/xray/sample_bench/out/266_decoys/0/output_95/pdbs/10.pdb,1328.4788001167003,0.1273580569307339,0.7703970416770503,0.5259191331283158,0.22960295832294972,0.4740808668716841
223,/wynton/group/sali/mhancock/xray/sample_bench/out/266_decoys/0/output_195/pdbs/9.pdb,1329.3515197487468,0.1127333214894894,0.7825822280272925,0.3021783615239773,0.2174177719727074,0.6978216384760227
224,/wynton/group/sali/mhancock/xray/sample_bench/out/266_decoys/0/output_238/pdbs/16.pdb,787.5084774411023,0.2049090285533057,0.3226037308779326,0.763030192671622,0.6773962691220674,0.23696980732837802
225,/wynton/group/sali/mhancock/xray/sample_bench/out/266_decoys/0/output_74/pdbs/15.pdb,561.6996224457275,0.1930390363375391,0.908031139790818,0.579427524929296,0.0919688602091821,0.420572475070704
226,/wynton/group/sali/mhancock/xray/sample_bench/out/266_decoys/0/output_44/pdbs/14.pdb,575.0001455804288,0.179352682954566,0.273343544765525,0.8711523491675282,0.726656455234475,0.12884765083247188
227,/wynton/group/sali/mhancock/xray/sample_bench/out/266_decoys/0/output_197/pdbs/3.pdb,4715.533531805342,0.0540317303654804,0.32112706977420663,0.9996609594128741,0.6788729302257934,0.00033904058712587107
228,/wynton/group/sali/mhancock/xray/sample_bench/out/266_decoys/0/output_174/pdbs/14.pdb,587.0993306673006,0.1787087230076945,0.28961339768510136,0.4515335988788003,0.7103866023148987,0.5484664011211996
229,/wynton/group/sali/mhancock/xray/sample_bench/out/266_decoys/0/output_184/pdbs/19.pdb,828.3858490427019,0.2474344800935629,0.8195743605261159,0.26356156836035943,0.18042563947388424,0.7364384316396406
230,/wynton/group/sali/mhancock/xray/sample_bench/out/266_decoys/0/output_71/pdbs/7.pdb,1513.2682750660738,0.097300258514163,0.6199594132707171,0.6886672594556534,0.38004058672928287,0.31133274054434656
231,/wynton/group/sali/mhancock/xray/sample_bench/out/266_decoys/0/output_52/pdbs/6.pdb,1976.7507057151377,0.0827791243030334,0.8191258301627178,0.4060038843699327,0.18087416983728222,0.5939961156300674
232,/wynton/group/sali/mhancock/xray/sample_bench/out/266_decoys/0/output_92/pdbs/4.pdb,3002.980985940613,0.0625768648779779,0.9624375600317159,0.9119967236001395,0.03756243996828408,0.0880032763998605
233,/wynton/group/sali/mhancock/xray/sample_bench/out/266_decoys/0/output_78/pdbs/12.pdb,721.5851570749726,0.1528967995812402,0.5628275720993894,0.019754063440147882,0.43717242790061056,0.9802459365598521
234,/wynton/group/sali/mhancock/xray/sample_bench/out/266_decoys/0/output_245/pdbs/7.pdb,1504.0248063060492,0.0973552895961724,0.9753152922894222,0.7760667575360987,0.0246847077105777,0.22393324246390134
235,/wynton/group/sali/mhancock/xray/sample_bench/out/266_decoys/0/output_35/pdbs/3.pdb,4702.240443077162,0.0531950199632859,0.37409446834291904,0.7845404823327206,0.625905531657081,0.21545951766727944
236,/wynton/group/sali/mhancock/xray/sample_bench/out/266_decoys/0/output_38/pdbs/19.pdb,823.6738202466254,0.2467666754426219,0.3449352158628013,0.3677118433416447,0.6550647841371988,0.6322881566583554
237,/wynton/group/sali/mhancock/xray/sample_bench/out/266_decoys/0/output_112/pdbs/13.pdb,927.9249392283936,0.1671483742985471,0.1710641966291741,0.13097540189992943,0.828935803370826,0.8690245981000705
238,/wynton/group/sali/mhancock/xray/sample_bench/out/266_decoys/0/output_47/pdbs/5.pdb,1634.311366451805,0.0752873533285316,0.48539290206128305,0.8637558347368863,0.514607097938717,0.13624416526311367
239,/wynton/group/sali/mhancock/xray/sample_bench/out/266_decoys/0/output_247/pdbs/3.pdb,4710.697364756426,0.0534616874409199,0.9294852402791829,0.3198952432955136,0.0705147597208171,0.6801047567044864
240,/wynton/group/sali/mhancock/xray/sample_bench/out/266_decoys/0/output_99/pdbs/14.pdb,583.2349613317397,0.1790552256743234,0.5031060855354886,0.6071146142833439,0.4968939144645113,0.3928853857166561
241,/wynton/group/sali/mhancock/xray/sample_bench/out/266_decoys/0/output_57/pdbs/6.pdb,1982.0934469753909,0.0824139654536563,0.1370065836915327,0.620699166234978,0.8629934163084673,0.37930083376502205
242,/wynton/group/sali/mhancock/xray/sample_bench/out/266_decoys/0/output_198/pdbs/1.pdb,7234.628290129771,0.0305737083046013,0.08063814429044514,0.23320202954958794,0.9193618557095549,0.7667979704504121
243,/wynton/group/sali/mhancock/xray/sample_bench/out/266_decoys/0/output_182/pdbs/2.pdb,3760.7951570912783,0.0421370562628557,0.3345888523214884,0.6746115968073606,0.6654111476785116,0.32538840319263945
244,/wynton/group/sali/mhancock/xray/sample_bench/out/266_decoys/0/output_1/pdbs/4.pdb,3008.0406388886377,0.061148430471334,0.1571165014591631,0.545678756408481,0.8428834985408369,0.454321243591519
245,/wynton/group/sali/mhancock/xray/sample_bench/out/266_decoys/0/output_112/pdbs/6.pdb,1958.98255032932,0.0865487022011533,0.06284068729827275,0.8897683335986648,0.9371593127017273,0.11023166640133522
246,/wynton/group/sali/mhancock/xray/sample_bench/out/266_decoys/0/output_167/pdbs/4.pdb,3019.6381569905698,0.0607721334245464,0.6257557179085729,0.4434423296242366,0.3742442820914271,0.5565576703757634
247,/wynton/group/sali/mhancock/xray/sample_bench/out/266_decoys/0/output_196/pdbs/19.pdb,820.8376104723591,0.2486435870035885,0.5445494527016829,0.5002393236671057,0.4554505472983172,0.49976067633289434
248,/wynton/group/sali/mhancock/xray/sample_bench/out/266_decoys/0/output_233/pdbs/1.pdb,7265.800343192153,0.0296710983061707,0.7076950210633017,0.6604292183833295,0.2923049789366982,0.33957078161667054
249,/wynton/group/sali/mhancock/xray/sample_bench/out/266_decoys/0/output_144/pdbs/13.pdb,915.4588673233382,0.1672226887994593,0.8212433958766289,0.5207202950344284,0.17875660412337113,0.47927970496557154
250,/wynton/group/sali/mhancock/xray/sample_bench/out/266_decoys/0/output_148/pdbs/18.pdb,552.4803989837817,0.2342924947639829,0.37400025973965456,0.6118582550018967,0.6259997402603454,0.38814174499810333
251,/wynton/group/sali/mhancock/xray/sample_bench/out/266_decoys/0/output_202/pdbs/5.pdb,1622.469978735906,0.0757226348406494,0.4432837428019315,0.9476602083416664,0.5567162571980685,0.052339791658333606
252,/wynton/group/sali/mhancock/xray/sample_bench/out/266_decoys/0/output_3/pdbs/13.pdb,912.6462925545712,0.1669285207036699,0.44536983231679733,0.6024070166622211,0.5546301676832026,0.397592983337779
253,/wynton/group/sali/mhancock/xray/sample_bench/out/266_decoys/0/output_90/pdbs/10.pdb,1348.5580029630937,0.1289930716764041,0.43036808329462967,0.6936618699629782,0.5696319167053704,0.30633813003702187
254,/wynton/group/sali/mhancock/xray/sample_bench/out/266_decoys/0/output_147/pdbs/18.pdb,548.4362845075959,0.2302529576092875,0.34958185785119517,0.7770489542692319,0.6504181421488049,0.2229510457307681
255,/wynton/group/sali/mhancock/xray/sample_bench/out/266_decoys/0/output_204/pdbs/5.pdb,1629.8401701852697,0.0787134546638672,0.3515389001313805,0.39430847702358,0.6484610998686196,0.60569152297642
256,/wynton/group/sali/mhancock/xray/sample_bench/out/266_decoys/0/output_178/pdbs/6.pdb,1969.062676352661,0.0843487121949181,0.9481968764744018,0.7026387360536114,0.0518031235255982,0.29736126394638857
257,/wynton/group/sali/mhancock/xray/sample_bench/out/266_decoys/0/output_27/pdbs/3.pdb,4716.781273286288,0.0525465615211418,0.8105522657053572,0.04749393235636238,0.18944773429464276,0.9525060676436377
258,/wynton/group/sali/mhancock/xray/sample_bench/out/266_decoys/0/output_138/pdbs/13.pdb,930.428418033886,0.1667117542292197,0.5352482663107783,0.27342901695306,0.4647517336892217,0.72657098304694
259,/wynton/group/sali/mhancock/xray/sample_bench/out/266_decoys/0/output_63/pdbs/3.pdb,4715.396562049359,0.0526855968897682,0.5688460148690413,0.2526418046829947,0.43115398513095865,0.7473581953170052
260,/wynton/group/sali/mhancock/xray/sample_bench/out/266_decoys/0/output_236/pdbs/13.pdb,917.6211005173304,0.1647115012793401,0.0047276796748046464,0.33945924454104076,0.9952723203251953,0.6605407554589593
261,/wynton/group/sali/mhancock/xray/sample_bench/out/266_decoys/0/output_20/pdbs/15.pdb,566.2808211659158,0.1925307967957948,0.7773935793882769,0.7747252447040481,0.22260642061172303,0.22527475529595192
262,/wynton/group/sali/mhancock/xray/sample_bench/out/266_decoys/0/output_108/pdbs/9.pdb,1328.1110871691285,0.1188098974127018,0.05659538443836539,0.5046157348335787,0.9434046155616346,0.49538426516642137
263,/wynton/group/sali/mhancock/xray/sample_bench/out/266_decoys/0/output_224/pdbs/13.pdb,920.0496512511536,0.1622890966611926,0.6164593109814817,0.47826788228238293,0.38354068901851834,0.5217321177176171
264,/wynton/group/sali/mhancock/xray/sample_bench/out/266_decoys/0/output_19/pdbs/5.pdb,1635.2214403014996,0.0764756792350223,0.3853346184571061,0.6131062847646451,0.6146653815428939,0.3868937152353548
265,/wynton/group/sali/mhancock/xray/sample_bench/out/266_decoys/0/output_107/pdbs/9.pdb,1341.3596781087897,0.1155149102730476,0.6426534971908117,0.6632011523899047,0.3573465028091883,0.3367988476100952
266,/wynton/group/sali/mhancock/xray/sample_bench/out/266_decoys/0/output_42/pdbs/1.pdb,7255.0387761026595,0.029551355064356,0.2856845947356688,0.37022677692352274,0.7143154052643312,0.6297732230764772
267,/wynton/group/sali/mhancock/xray/sample_bench/out/266_decoys/0/output_82/pdbs/11.pdb,680.0411597818875,0.1399848977067224,0.4555343279338375,0.8413590783993015,0.5444656720661626,0.15864092160069854
268,/wynton/group/sali/mhancock/xray/sample_bench/out/266_decoys/0/output_202/pdbs/13.pdb,910.5322494280848,0.1645357241530403,0.20095096434323087,0.003105284823373612,0.7990490356567691,0.9968947151766264
269,/wynton/group/sali/mhancock/xray/sample_bench/out/266_decoys/0/output_77/pdbs/11.pdb,695.0690614767625,0.1401577712971041,0.13900084708052568,0.8778214681597766,0.8609991529194744,0.12217853184022347
270,/wynton/group/sali/mhancock/xray/sample_bench/out/266_decoys/0/output_6/pdbs/15.pdb,566.8130964715779,0.1926723700334014,0.9035334362418789,0.554638208723032,0.09646656375812117,0.44536179127696796
271,/wynton/group/sali/mhancock/xray/sample_bench/out/266_decoys/0/output_54/pdbs/13.pdb,910.1525576983536,0.1660283202552016,0.35933927834016466,0.6597674121881419,0.6406607216598353,0.3402325878118581
272,/wynton/group/sali/mhancock/xray/sample_bench/out/266_decoys/0/output_212/pdbs/11.pdb,682.0502062551539,0.1391913899432198,0.1590110685251045,0.8586220121663466,0.8409889314748956,0.14137798783365335
273,/wynton/group/sali/mhancock/xray/sample_bench/out/266_decoys/0/output_124/pdbs/4.pdb,3007.909655577488,0.0630099214997874,0.9722607474107721,0.24753965690507573,0.02773925258922795,0.7524603430949242
274,/wynton/group/sali/mhancock/xray/sample_bench/out/266_decoys/0/output_66/pdbs/19.pdb,819.8489299656324,0.245203656967545,0.8540019903298215,0.6685926168307207,0.14599800967017845,0.3314073831692793
275,/wynton/group/sali/mhancock/xray/sample_bench/out/266_decoys/0/output_205/pdbs/1.pdb,7271.531080104481,0.0305204056244879,0.9225664275453649,0.6398866164583316,0.07743357245463509,0.36011338354166844
276,/wynton/group/sali/mhancock/xray/sample_bench/out/266_decoys/0/output_239/pdbs/12.pdb,725.1420018266924,0.1506179561098087,0.4002125016208683,0.4971403870388313,0.5997874983791317,0.5028596129611685
277,/wynton/group/sali/mhancock/xray/sample_bench/out/266_decoys/0/output_205/pdbs/9.pdb,1324.591445395081,0.1186237465038681,0.7068358248075755,0.4781536916756257,0.29316417519242455,0.5218463083243743
278,/wynton/group/sali/mhancock/xray/sample_bench/out/266_decoys/0/output_42/pdbs/14.pdb,585.1323959651725,0.1820629053721875,0.5230327497769313,0.5232102357725316,0.4769672502230686,0.47678976422746844
279,/wynton/group/sali/mhancock/xray/sample_bench/out/266_decoys/0/output_41/pdbs/5.pdb,1639.4602515602423,0.0761372739357543,0.09415829055594081,0.45712372042352606,0.9058417094440593,0.542876279576474
280,/wynton/group/sali/mhancock/xray/sample_bench/out/266_decoys/0/output_151/pdbs/4.pdb,3004.767026464154,0.0620483991474422,0.3249367672445662,0.5807887179312629,0.6750632327554338,0.41921128206873715
281,/wynton/group/sali/mhancock/xray/sample_bench/out/266_decoys/0/output_23/pdbs/8.pdb,890.1831871137517,0.1064612054635615,0.7872976235781913,0.15858251525963402,0.2127023764218087,0.8414174847403659
282,/wynton/group/sali/mhancock/xray/sample_bench/out/266_decoys/0/output_49/pdbs/18.pdb,551.3793416548172,0.2366548759817942,0.1911136004884317,0.25871794069904686,0.8088863995115683,0.7412820593009531
283,/wynton/group/sali/mhancock/xray/sample_bench/out/266_decoys/0/output_245/pdbs/12.pdb,715.0682463020653,0.1532983706672652,0.8884073946291808,0.2429759614613172,0.11159260537081926,0.7570240385386828
284,/wynton/group/sali/mhancock/xray/sample_bench/out/266_decoys/0/output_104/pdbs/19.pdb,823.6253025490932,0.2486423506475627,0.9043148731554944,0.6615415186029194,0.09568512684450561,0.3384584813970806
285,/wynton/group/sali/mhancock/xray/sample_bench/out/266_decoys/0/output_80/pdbs/7.pdb,1503.8888407027189,0.0982940515463964,0.6516677445416565,0.31914758370726837,0.34833225545834345,0.6808524162927316
286,/wynton/group/sali/mhancock/xray/sample_bench/out/266_decoys/0/output_135/pdbs/5.pdb,1639.3884308927427,0.0746322395940077,0.41768052635709196,0.4405511180114699,0.582319473642908,0.55944888198853
287,/wynton/group/sali/mhancock/xray/sample_bench/out/266_decoys/0/output_73/pdbs/3.pdb,4705.562418592506,0.0540046971055483,0.5902000312247707,0.8463590526822949,0.4097999687752293,0.15364094731770506
288,/wynton/group/sali/mhancock/xray/sample_bench/out/266_decoys/0/output_107/pdbs/13.pdb,926.0455818118604,0.1644895464543303,0.5447333586318658,0.9370620700318191,0.4552666413681342,0.06293792996818097
289,/wynton/group/sali/mhancock/xray/sample_bench/out/266_decoys/0/output_2/pdbs/8.pdb,872.0256084067973,0.1053927019835462,0.630915330813736,0.3993463679592995,0.36908466918626404,0.6006536320407005
290,/wynton/group/sali/mhancock/xray/sample_bench/out/266_decoys/0/output_237/pdbs/19.pdb,812.3869348105718,0.2485573139576577,0.8796363944497467,0.6470556004196213,0.12036360555025331,0.35294439958037876
291,/wynton/group/sali/mhancock/xray/sample_bench/out/266_decoys/0/output_249/pdbs/1.pdb,7268.825568157556,0.0313429082793465,0.24594201572269117,0.8494063215965294,0.7540579842773089,0.15059367840347057
292,/wynton/group/sali/mhancock/xray/sample_bench/out/266_decoys/0/output_237/pdbs/17.pdb,572.9271627780408,0.2209992731753202,0.14774786578884166,0.6479032935812705,0.8522521342111583,0.35209670641872953
293,/wynton/group/sali/mhancock/xray/sample_bench/out/266_decoys/0/output_78/pdbs/1.pdb,7253.693441354034,0.029160390022215,0.9622131139830481,0.5337423516398019,0.03778688601695191,0.4662576483601982
294,/wynton/group/sali/mhancock/xray/sample_bench/out/266_decoys/0/output_52/pdbs/7.pdb,1516.5182588022583,0.0953181322815844,0.17288035530277288,0.5156581507191513,0.8271196446972272,0.4843418492808486
295,/wynton/group/sali/mhancock/xray/sample_bench/out/266_decoys/0/output_93/pdbs/8.pdb,867.2453745339583,0.1078406195334951,0.6579670911859743,0.3128571374277022,0.3420329088140257,0.687142862572298
296,/wynton/group/sali/mhancock/xray/sample_bench/out/266_decoys/0/output_204/pdbs/16.pdb,787.7330232848503,0.2077649211090397,0.5628962485442772,0.07308524689091107,0.43710375145572283,0.9269147531090889
297,/wynton/group/sali/mhancock/xray/sample_bench/out/266_decoys/0/output_82/pdbs/17.pdb,588.5426658507329,0.2205275618878729,0.5593867315875599,0.814042633901895,0.44061326841244014,0.18595736609810495
298,/wynton/group/sali/mhancock/xray/sample_bench/out/266_decoys/0/output_206/pdbs/2.pdb,3769.643600550662,0.0426034822807835,0.21586852489287364,0.9439489562351494,0.7841314751071262,0.05605104376485063
299,/wynton/group/sali/mhancock/xray/sample_bench/out/266_decoys/0/output_89/pdbs/10.pdb,1341.0952138603948,0.1298321264591939,0.7732188961647682,0.42442222660094453,0.2267811038352318,0.5755777733990556
300,/wynton/group/sali/mhancock/xray/sample_bench/out/266_decoys/0/output_80/pdbs/9.pdb,1330.1445961644142,0.1176130467436124,0.5409254759580204,0.57874910878104,0.4590745240419795,0.42125089121896003
301,/wynton/group/sali/mhancock/xray/sample_bench/out/266_decoys/0/output_189/pdbs/2.pdb,3769.12685169888,0.0440927658852585,0.666052183601965,0.21512556391732604,0.333947816398035,0.7848744360826739
302,/wynton/group/sali/mhancock/xray/sample_bench/out/266_decoys/0/output_36/pdbs/1.pdb,7239.748296097257,0.030327163617503,0.8710115118478855,0.5339523926245996,0.12898848815211456,0.4660476073754004
303,/wynton/group/sali/mhancock/xray/sample_bench/out/266_decoys/0/output_68/pdbs/7.pdb,1506.2954816092615,0.0967891865748862,0.3939683041647064,0.40531271286280496,0.6060316958352936,0.5946872871371951
304,/wynton/group/sali/mhancock/xray/sample_bench/out/266_decoys/0/output_227/pdbs/19.pdb,819.2726375499233,0.2460343626879338,0.8891066603864124,0.47028774994302336,0.11089333961358755,0.5297122500569768
305,/wynton/group/sali/mhancock/xray/sample_bench/out/266_decoys/0/output_159/pdbs/12.pdb,722.5664342182833,0.1543924927565065,0.6693187690941523,0.17536259334084137,0.33068123090584756,0.8246374066591586
306,/wynton/group/sali/mhancock/xray/sample_bench/out/266_decoys/0/output_120/pdbs/18.pdb,555.064636215194,0.2329141396643316,0.5424835567034504,0.3727069590085655,0.45751644329654956,0.6272930409914346
307,/wynton/group/sali/mhancock/xray/sample_bench/out/266_decoys/0/output_61/pdbs/11.pdb,678.3935039641369,0.1400398713240959,0.5701368391871898,0.4248745602537224,0.42986316081281023,0.5751254397462776
308,/wynton/group/sali/mhancock/xray/sample_bench/out/266_decoys/0/output_217/pdbs/19.pdb,805.1628187051367,0.2488782520920724,0.6290882976887935,0.5965058979548069,0.37091170231120646,0.4034941020451932
309,/wynton/group/sali/mhancock/xray/sample_bench/out/266_decoys/0/output_241/pdbs/2.pdb,3766.131722050141,0.0446701725694874,0.48541629046189955,0.3777209919606339,0.5145837095381004,0.622279008039366
310,/wynton/group/sali/mhancock/xray/sample_bench/out/266_decoys/0/output_228/pdbs/6.pdb,1972.0153477722852,0.0822350537663108,0.987281394900198,0.5474181435421677,0.012718605099802008,0.4525818564578324
311,/wynton/group/sali/mhancock/xray/sample_bench/out/266_decoys/0/output_90/pdbs/13.pdb,917.66179319859,0.1651656653584136,0.1837917493850427,0.16701610454785112,0.8162082506149572,0.8329838954521489
312,/wynton/group/sali/mhancock/xray/sample_bench/out/266_decoys/0/output_148/pdbs/9.pdb,1336.4949744626715,0.1130898507350309,0.57633417669672,0.26863512011667817,0.42366582330327984,0.7313648798833218
313,/wynton/group/sali/mhancock/xray/sample_bench/out/266_decoys/0/output_123/pdbs/5.pdb,1622.544771122627,0.0752780744033001,0.6861078556189684,0.5590329652456054,0.31389214438103163,0.44096703475439464
314,/wynton/group/sali/mhancock/xray/sample_bench/out/266_decoys/0/output_159/pdbs/14.pdb,584.3711987637093,0.1819994731070959,0.7348422015636512,0.8955176453554865,0.2651577984363488,0.10448235464451348
315,/wynton/group/sali/mhancock/xray/sample_bench/out/266_decoys/0/output_32/pdbs/9.pdb,1331.4490304010326,0.1171186646964045,0.6646878592837291,0.493558020336763,0.33531214071627086,0.5064419796632369
316,/wynton/group/sali/mhancock/xray/sample_bench/out/266_decoys/0/output_113/pdbs/10.pdb,1339.28742009067,0.127133211295786,0.4990776706267892,0.3525250168354668,0.5009223293732107,0.6474749831645332
317,/wynton/group/sali/mhancock/xray/sample_bench/out/266_decoys/0/output_45/pdbs/4.pdb,3013.9266246682346,0.0625960157672842,0.16066736570466167,0.988221659465782,0.8393326342953383,0.011778340534218024
318,/wynton/group/sali/mhancock/xray/sample_bench/out/266_decoys/0/output_7/pdbs/6.pdb,1977.6381458701412,0.0853634566218658,0.3003802650339647,0.189754795476471,0.6996197349660352,0.810245204523529
319,/wynton/group/sali/mhancock/xray/sample_bench/out/266_decoys/0/output_249/pdbs/3.pdb,4724.996536524503,0.0529008057443515,0.5528194192979604,0.9993689453526181,0.44718058070203953,0.0006310546473818413
320,/wynton/group/sali/mhancock/xray/sample_bench/out/266_decoys/0/output_104/pdbs/5.pdb,1620.455450422565,0.0749104765447232,0.3008872990918749,0.3725536321646095,0.6991127009081252,0.6274463678353905
321,/wynton/group/sali/mhancock/xray/sample_bench/out/266_decoys/0/output_241/pdbs/17.pdb,569.2653014309324,0.2206948935835413,0.09448980560571471,0.5254060307915865,0.9055101943942853,0.4745939692084134
322,/wynton/group/sali/mhancock/xray/sample_bench/out/266_decoys/0/output_18/pdbs/3.pdb,4694.005908468846,0.0540197510051352,0.8465662629257689,0.6436840021523124,0.1534337370742312,0.3563159978476876
323,/wynton/group/sali/mhancock/xray/sample_bench/out/266_decoys/0/output_227/pdbs/4.pdb,3012.757774054944,0.0612410542740105,0.25349319128902714,0.5254927269202287,0.7465068087109729,0.47450727307977125
324,/wynton/group/sali/mhancock/xray/sample_bench/out/266_decoys/0/output_93/pdbs/9.pdb,1318.4477769668626,0.1186861647690022,0.5318258661736704,0.04205378731896709,0.4681741338263295,0.9579462126810329
325,/wynton/group/sali/mhancock/xray/sample_bench/out/266_decoys/0/output_96/pdbs/11.pdb,679.6743077310682,0.1435308184098825,0.07893054621882455,0.3296674756413217,0.9210694537811754,0.6703325243586784
326,/wynton/group/sali/mhancock/xray/sample_bench/out/266_decoys/0/output_46/pdbs/7.pdb,1517.428950087883,0.0941885188550715,0.9980772046509485,0.32328326465105267,0.0019227953490514615,0.6767167353489473
327,/wynton/group/sali/mhancock/xray/sample_bench/out/266_decoys/0/output_83/pdbs/15.pdb,582.3357508499835,0.1940150899419475,0.0510853234159119,0.6557448664743257,0.9489146765840881,0.34425513352567433
328,/wynton/group/sali/mhancock/xray/sample_bench/out/266_decoys/0/output_141/pdbs/6.pdb,1976.2960101607375,0.0821433320198115,0.5293898043171686,0.3654020987536373,0.4706101956828313,0.6345979012463627
329,/wynton/group/sali/mhancock/xray/sample_bench/out/266_decoys/0/output_94/pdbs/10.pdb,1346.442076058545,0.1260556644672328,0.918810777565997,0.5485227642931313,0.08118922243400292,0.4514772357068687
330,/wynton/group/sali/mhancock/xray/sample_bench/out/266_decoys/0/output_200/pdbs/15.pdb,573.1093065077721,0.1929067882280426,0.003457583803551677,0.5599825318641791,0.9965424161964483,0.44001746813582093
331,/wynton/group/sali/mhancock/xray/sample_bench/out/266_decoys/0/output_90/pdbs/15.pdb,574.0469632226525,0.1935744068138148,0.2102288348710482,0.3894553003313529,0.7897711651289517,0.6105446996686472
332,/wynton/group/sali/mhancock/xray/sample_bench/out/266_decoys/0/output_30/pdbs/10.pdb,1324.3465991160726,0.1263801570661173,0.48383968301965735,0.9193369218397048,0.5161603169803427,0.08066307816029515
333,/wynton/group/sali/mhancock/xray/sample_bench/out/266_decoys/0/output_88/pdbs/9.pdb,1326.1516270090212,0.1153419063488997,0.4192874837143501,0.5644121980506713,0.5807125162856499,0.4355878019493286
334,/wynton/group/sali/mhancock/xray/sample_bench/out/266_decoys/0/output_85/pdbs/7.pdb,1505.4144358458054,0.0975316318622652,0.2757002027704871,0.27819657815225274,0.724299797229513,0.7218034218477473
335,/wynton/group/sali/mhancock/xray/sample_bench/out/266_decoys/0/output_1/pdbs/19.pdb,823.5345149797131,0.2444132535666606,0.6022385562457665,0.31798247848429007,0.3977614437542335,0.6820175215157099
336,/wynton/group/sali/mhancock/xray/sample_bench/out/266_decoys/0/output_186/pdbs/10.pdb,1333.4431581970823,0.1267577970451091,0.5186005966781668,0.6410686256137025,0.4813994033218332,0.3589313743862976
337,/wynton/group/sali/mhancock/xray/sample_bench/out/266_decoys/0/output_94/pdbs/12.pdb,719.5067175368288,0.1519740416926207,0.9253166486374849,0.6240572688610143,0.07468335136251517,0.37594273113898574
338,/wynton/group/sali/mhancock/xray/sample_bench/out/266_decoys/0/output_235/pdbs/17.pdb,572.3481284558004,0.2206226954596605,0.5287150803661037,0.9852279370030558,0.4712849196338962,0.01477206299694423
339,/wynton/group/sali/mhancock/xray/sample_bench/out/266_decoys/0/output_184/pdbs/16.pdb,785.7594449016044,0.209099597250134,0.21236349224224535,0.5935450482120025,0.7876365077577546,0.4064549517879975
340,/wynton/group/sali/mhancock/xray/sample_bench/out/266_decoys/0/output_162/pdbs/14.pdb,583.285649798918,0.1794092998354481,0.3687203910606832,0.6015937519531549,0.6312796089393168,0.39840624804684516
341,/wynton/group/sali/mhancock/xray/sample_bench/out/266_decoys/0/output_222/pdbs/13.pdb,909.6403068235392,0.1626551643616808,0.736204418039197,0.9552098466476721,0.26379558196080305,0.04479015335232791
342,/wynton/group/sali/mhancock/xray/sample_bench/out/266_decoys/0/output_26/pdbs/16.pdb,793.9104183485445,0.2062518712197398,0.3273287858671025,0.7216866487506972,0.6726712141328974,0.27831335124930284
343,/wynton/group/sali/mhancock/xray/sample_bench/out/266_decoys/0/output_2/pdbs/2.pdb,3766.4027936143534,0.043810446247711,0.6274053985974355,0.5331057116590819,0.37259460140256456,0.466894288340918
344,/wynton/group/sali/mhancock/xray/sample_bench/out/266_decoys/0/output_5/pdbs/9.pdb,1332.0701838473926,0.1153029422090632,0.5846146835433512,0.7358661641177968,0.41538531645664883,0.2641338358822032
345,/wynton/group/sali/mhancock/xray/sample_bench/out/266_decoys/0/output_56/pdbs/5.pdb,1635.0078330522888,0.0742971674470084,0.7504837401283004,0.9966706891225947,0.24951625987169962,0.0033293108774052676
346,/wynton/group/sali/mhancock/xray/sample_bench/out/266_decoys/0/output_47/pdbs/18.pdb,559.4074344110297,0.2329278555064982,0.6608550055945084,0.5005558804929237,0.3391449944054916,0.4994441195070764
347,/wynton/group/sali/mhancock/xray/sample_bench/out/266_decoys/0/output_2/pdbs/1.pdb,7236.457340493307,0.0310035304621048,0.3322610231235861,0.49588047956772985,0.6677389768764138,0.5041195204322702
348,/wynton/group/sali/mhancock/xray/sample_bench/out/266_decoys/0/output_157/pdbs/5.pdb,1643.017740930746,0.0735806605104907,0.719226330304431,0.49612339055407684,0.280773669695569,0.5038766094459232
349,/wynton/group/sali/mhancock/xray/sample_bench/out/266_decoys/0/output_14/pdbs/10.pdb,1338.522437743491,0.1276760776670423,0.8681769905018839,0.411718092578098,0.1318230094981161,0.588281907421902
350,/wynton/group/sali/mhancock/xray/sample_bench/out/266_decoys/0/output_141/pdbs/9.pdb,1315.9500771007515,0.1150649718446909,0.253868128391779,0.4255021676113493,0.7461318716082209,0.5744978323886507
351,/wynton/group/sali/mhancock/xray/sample_bench/out/266_decoys/0/output_133/pdbs/15.pdb,567.0394604637515,0.1930529635193191,0.4704281264707102,0.36499819679405376,0.5295718735292898,0.6350018032059461
352,/wynton/group/sali/mhancock/xray/sample_bench/out/266_decoys/0/output_62/pdbs/15.pdb,572.3817901913737,0.1935200502611564,0.5091314943235855,0.5280014036157303,0.4908685056764144,0.4719985963842697
353,/wynton/group/sali/mhancock/xray/sample_bench/out/266_decoys/0/output_87/pdbs/11.pdb,685.2733333153242,0.1399272576911626,0.13049732012051907,0.8375662724368536,0.869502679879481,0.16243372756314645
354,/wynton/group/sali/mhancock/xray/sample_bench/out/266_decoys/0/output_22/pdbs/16.pdb,786.9751926085085,0.2032621100069062,0.26150852621206094,0.7603253152373465,0.738491473787939,0.23967468476265347
355,/wynton/group/sali/mhancock/xray/sample_bench/out/266_decoys/0/output_236/pdbs/19.pdb,829.7458448965467,0.2449088331393113,0.330480392862316,0.40162563315093835,0.669519607137684,0.5983743668490618
356,/wynton/group/sali/mhancock/xray/sample_bench/out/266_decoys/0/output_37/pdbs/1.pdb,7251.837729838773,0.030593971978143,0.5594223889004112,0.5698233976330473,0.4405776110995888,0.4301766023669526
357,/wynton/group/sali/mhancock/xray/sample_bench/out/266_decoys/0/output_245/pdbs/9.pdb,1327.428158061208,0.1167649047569959,0.9751970724145145,0.03179635427959773,0.024802927585485537,0.9682036457204023
358,/wynton/group/sali/mhancock/xray/sample_bench/out/266_decoys/0/output_169/pdbs/13.pdb,911.6116751242683,0.1639264090161881,0.5800726750866603,0.578130792029426,0.4199273249133398,0.42186920797057403
359,/wynton/group/sali/mhancock/xray/sample_bench/out/266_decoys/0/output_70/pdbs/11.pdb,687.175171684235,0.1390396647296158,0.5308361826522512,0.4852969332533479,0.4691638173477488,0.5147030667466521
360,/wynton/group/sali/mhancock/xray/sample_bench/out/266_decoys/0/output_76/pdbs/7.pdb,1520.479357809033,0.0943848995274542,0.3372854391143677,0.5132316640915718,0.6627145608856322,0.48676833590842816
361,/wynton/group/sali/mhancock/xray/sample_bench/out/266_decoys/0/output_138/pdbs/1.pdb,7245.7000775676015,0.0310164059580613,0.6917357195041534,0.48551771407842287,0.3082642804958467,0.5144822859215771
362,/wynton/group/sali/mhancock/xray/sample_bench/out/266_decoys/0/output_7/pdbs/1.pdb,7249.137962971088,0.03095730019172,0.6366299019296837,0.5797448523890761,0.3633700980703162,0.42025514761092386
363,/wynton/group/sali/mhancock/xray/sample_bench/out/266_decoys/0/output_161/pdbs/14.pdb,579.4897010276632,0.180806466759939,0.6905884591804364,0.30522855597096077,0.3094115408195635,0.6947714440290392
364,/wynton/group/sali/mhancock/xray/sample_bench/out/266_decoys/0/output_215/pdbs/9.pdb,1329.817778641096,0.1141258002133299,0.5386390073160076,0.323526284940691,0.4613609926839924,0.676473715059309
365,/wynton/group/sali/mhancock/xray/sample_bench/out/266_decoys/0/output_226/pdbs/8.pdb,868.0722992597829,0.1051647758579784,0.8638309311234623,0.03752319904213036,0.13616906887653768,0.9624768009578696
366,/wynton/group/sali/mhancock/xray/sample_bench/out/266_decoys/0/output_174/pdbs/11.pdb,693.8118360607953,0.1366331317972302,0.3053785122120466,0.35434096908411816,0.6946214877879534,0.6456590309158817
367,/wynton/group/sali/mhancock/xray/sample_bench/out/266_decoys/0/output_69/pdbs/17.pdb,581.4269344796887,0.2147688139903098,0.6813696934987821,0.573856508790577,0.3186303065012178,0.42614349120942296
368,/wynton/group/sali/mhancock/xray/sample_bench/out/266_decoys/0/output_192/pdbs/12.pdb,730.5103071979038,0.1516133606846156,0.1848438254523262,0.9983758431476768,0.8151561745476739,0.0016241568523232
369,/wynton/group/sali/mhancock/xray/sample_bench/out/266_decoys/0/output_194/pdbs/1.pdb,7241.088415478604,0.0305998310381868,0.8812189241072955,0.9917091147895432,0.11878107589270452,0.008290885210456806
370,/wynton/group/sali/mhancock/xray/sample_bench/out/266_decoys/0/output_106/pdbs/14.pdb,585.9331110241669,0.1814101606709326,0.49245250706107047,0.09641853749277686,0.5075474929389295,0.9035814625072232
371,/wynton/group/sali/mhancock/xray/sample_bench/out/266_decoys/0/output_191/pdbs/15.pdb,567.8997926628122,0.1906234393532526,0.2869850378226158,0.6223433915479347,0.7130149621773841,0.3776566084520653
372,/wynton/group/sali/mhancock/xray/sample_bench/out/266_decoys/0/output_54/pdbs/10.pdb,1334.1512137768611,0.1277070690663025,0.3812717650709474,0.6549247689328636,0.6187282349290526,0.3450752310671364
373,/wynton/group/sali/mhancock/xray/sample_bench/out/266_decoys/0/output_162/pdbs/4.pdb,3025.2617131574134,0.0628608750337128,0.8980236765977738,0.5696825864629306,0.10197632340222623,0.4303174135370694
374,/wynton/group/sali/mhancock/xray/sample_bench/out/266_decoys/0/output_166/pdbs/16.pdb,786.436880397282,0.2068346188608709,0.5493162429016385,0.4194732349341641,0.4506837570983615,0.5805267650658359
375,/wynton/group/sali/mhancock/xray/sample_bench/out/266_decoys/0/output_127/pdbs/8.pdb,881.6980889153755,0.1035725093576854,0.9380141562909562,0.8280030340387526,0.06198584370904379,0.17199696596124747
376,/wynton/group/sali/mhancock/xray/sample_bench/out/266_decoys/0/output_143/pdbs/15.pdb,579.5576265013578,0.1904059470803367,0.9578983439025174,0.3191982540105002,0.0421016560974826,0.6808017459894998
377,/wynton/group/sali/mhancock/xray/sample_bench/out/266_decoys/0/output_10/pdbs/17.pdb,580.8310407869953,0.2192505169634086,0.5055083972650539,0.4585503886971214,0.494491602734946,0.5414496113028787
378,/wynton/group/sali/mhancock/xray/sample_bench/out/266_decoys/0/output_22/pdbs/9.pdb,1325.236445756519,0.1157544545199674,0.630679068340887,0.22997750859476682,0.3693209316591129,0.7700224914052333
379,/wynton/group/sali/mhancock/xray/sample_bench/out/266_decoys/0/output_193/pdbs/13.pdb,913.8650050813142,0.1632174478541698,0.3169669738969371,0.5706314062196042,0.6830330261030629,0.4293685937803958
380,/wynton/group/sali/mhancock/xray/sample_bench/out/266_decoys/0/output_8/pdbs/5.pdb,1624.3261069939483,0.075727766603315,0.006776371008285753,0.4962957852875825,0.9932236289917142,0.5037042147124174
381,/wynton/group/sali/mhancock/xray/sample_bench/out/266_decoys/0/output_187/pdbs/4.pdb,2998.4661769340564,0.0609877363662495,0.21420195156822036,0.5242377491624891,0.7857980484317796,0.4757622508375109
382,/wynton/group/sali/mhancock/xray/sample_bench/out/266_decoys/0/output_54/pdbs/14.pdb,582.086258106888,0.1826848612770531,0.8301259997824558,0.15602550379216373,0.16987400021754426,0.8439744962078363
383,/wynton/group/sali/mhancock/xray/sample_bench/out/266_decoys/0/output_30/pdbs/12.pdb,712.4026966643464,0.1519594702277634,0.3436670167630115,0.41961244079028875,0.6563329832369886,0.5803875592097112
384,/wynton/group/sali/mhancock/xray/sample_bench/out/266_decoys/0/output_50/pdbs/12.pdb,721.6902526105021,0.1544162986683871,0.38720487598866576,0.6773905612257985,0.6127951240113343,0.32260943877420145
385,/wynton/group/sali/mhancock/xray/sample_bench/out/266_decoys/0/output_66/pdbs/8.pdb,883.0053191517878,0.104549406120544,0.48525223047206584,0.5145340939675108,0.5147477695279342,0.4854659060324892
386,/wynton/group/sali/mhancock/xray/sample_bench/out/266_decoys/0/output_94/pdbs/17.pdb,590.0070509273735,0.2205047756763336,0.36282679994170486,0.4007003912227212,0.6371732000582951,0.5992996087772787
387,/wynton/group/sali/mhancock/xray/sample_bench/out/266_decoys/0/output_217/pdbs/11.pdb,686.3180557711491,0.1421422316399226,0.13995734334380938,0.060494693367335754,0.8600426566561906,0.9395053066326643
388,/wynton/group/sali/mhancock/xray/sample_bench/out/266_decoys/0/output_232/pdbs/7.pdb,1502.9316668424954,0.0988557057051675,0.009215177794197999,0.5415357436782965,0.9907848222058019,0.45846425632170346
389,/wynton/group/sali/mhancock/xray/sample_bench/out/266_decoys/0/output_11/pdbs/12.pdb,727.375115227155,0.1496114213266126,0.41977313809136196,0.5051310303765292,0.580226861908638,0.4948689696234709
390,/wynton/group/sali/mhancock/xray/sample_bench/out/266_decoys/0/output_75/pdbs/8.pdb,892.1514334272211,0.1061398286731043,0.5589813196260774,0.5965198636396005,0.4410186803739225,0.4034801363603994
391,/wynton/group/sali/mhancock/xray/sample_bench/out/266_decoys/0/output_241/pdbs/5.pdb,1622.6862004984018,0.077567892161277,0.41422253417485244,0.615539075262448,0.5857774658251476,0.38446092473755195
392,/wynton/group/sali/mhancock/xray/sample_bench/out/266_decoys/0/output_66/pdbs/13.pdb,924.8477892841022,0.1639577368572001,0.06427614865943379,0.6660732500515729,0.9357238513405662,0.3339267499484271
393,/wynton/group/sali/mhancock/xray/sample_bench/out/266_decoys/0/output_236/pdbs/2.pdb,3751.309773927952,0.0426014954189551,0.2607364047980558,0.6518733440203496,0.7392635952019442,0.3481266559796504
394,/wynton/group/sali/mhancock/xray/sample_bench/out/266_decoys/0/output_111/pdbs/17.pdb,576.605238532889,0.2200529013490276,0.01079216952965387,0.12493096497994265,0.9892078304703461,0.8750690350200574
395,/wynton/group/sali/mhancock/xray/sample_bench/out/266_decoys/0/output_160/pdbs/15.pdb,572.6742503111413,0.1935203817591507,0.535716149600908,0.4200654337258438,0.4642838503990921,0.5799345662741562
396,/wynton/group/sali/mhancock/xray/sample_bench/out/266_decoys/0/output_107/pdbs/8.pdb,887.5932638057354,0.1051652806255892,0.37873481550259447,0.5374198965941014,0.6212651844974055,0.46258010340589856
397,/wynton/group/sali/mhancock/xray/sample_bench/out/266_decoys/0/output_85/pdbs/11.pdb,660.6210097976898,0.1449141690112776,0.1551508577185826,0.9100862930429383,0.8448491422814175,0.08991370695706168
398,/wynton/group/sali/mhancock/xray/sample_bench/out/266_decoys/0/output_61/pdbs/1.pdb,7259.140698878032,0.0301846523167771,0.37884235407337963,0.7027694557054462,0.6211576459266204,0.29723054429455376
399,/wynton/group/sali/mhancock/xray/sample_bench/out/266_decoys/0/output_199/pdbs/13.pdb,911.46156830832,0.1645998096343988,0.3408496518936505,0.5501770490394486,0.6591503481063495,0.44982295096055136
400,/wynton/group/sali/mhancock/xray/sample_bench/out/266_decoys/0/output_162/pdbs/13.pdb,907.8987916603714,0.1637155535627582,0.14064622386842304,0.4702684535186758,0.8593537761315769,0.529731546481324
401,/wynton/group/sali/mhancock/xray/sample_bench/out/266_decoys/0/output_219/pdbs/1.pdb,7248.345446066613,0.0298654908442191,0.5446507043082944,0.5596336782352678,0.4553492956917056,0.4403663217647323
402,/wynton/group/sali/mhancock/xray/sample_bench/out/266_decoys/0/output_221/pdbs/18.pdb,557.0436925203007,0.233248832848797,0.52892543059393,0.43966390172057923,0.47107456940606995,0.5603360982794208
403,/wynton/group/sali/mhancock/xray/sample_bench/out/266_decoys/0/output_19/pdbs/18.pdb,547.3835974583624,0.234871112244293,0.2018890029882709,0.40282345898386146,0.7981109970117292,0.5971765410161386
404,/wynton/group/sali/mhancock/xray/sample_bench/out/266_decoys/0/output_94/pdbs/11.pdb,677.626536183561,0.1390378727610596,0.4051653134267467,0.43959030981449915,0.5948346865732532,0.5604096901855008
405,/wynton/group/sali/mhancock/xray/sample_bench/out/266_decoys/0/output_72/pdbs/3.pdb,4689.466048918905,0.0529208355001075,0.690918060681663,0.3583804727852454,0.3090819393183371,0.6416195272147546
406,/wynton/group/sali/mhancock/xray/sample_bench/out/266_decoys/0/output_11/pdbs/1.pdb,7226.001607012458,0.0314361168573157,0.5659205372965629,0.6893594566542239,0.43407946270343706,0.310640543345776
407,/wynton/group/sali/mhancock/xray/sample_bench/out/266_decoys/0/output_187/pdbs/11.pdb,683.7074279749775,0.1396176964760411,0.3569417855141233,0.4478015792507376,0.6430582144858767,0.5521984207492625
408,/wynton/group/sali/mhancock/xray/sample_bench/out/266_decoys/0/output_221/pdbs/1.pdb,7254.640460739442,0.0296001758179927,0.06303110604757774,0.5020877100187634,0.9369688939524222,0.49791228998123666
409,/wynton/group/sali/mhancock/xray/sample_bench/out/266_decoys/0/output_129/pdbs/9.pdb,1332.938652406819,0.1174174542571939,0.5662573013693165,0.538200507996507,0.43374269863068354,0.4617994920034929
410,/wynton/group/sali/mhancock/xray/sample_bench/out/266_decoys/0/output_231/pdbs/7.pdb,1510.555649292718,0.093912503970272,0.6372871978267082,0.45172644181852306,0.3627128021732918,0.5482735581814769
411,/wynton/group/sali/mhancock/xray/sample_bench/out/266_decoys/0/output_222/pdbs/11.pdb,675.4963564726522,0.137350649590341,0.2330540071321541,0.20667756785687771,0.7669459928678459,0.7933224321431223
412,/wynton/group/sali/mhancock/xray/sample_bench/out/266_decoys/0/output_117/pdbs/2.pdb,3778.336325433967,0.0438069334707538,0.08592551232976209,0.6582380916538857,0.9140744876702379,0.3417619083461143
413,/wynton/group/sali/mhancock/xray/sample_bench/out/266_decoys/0/output_59/pdbs/15.pdb,570.7340672435475,0.1957449121309885,0.7372387709370917,0.5289805585151588,0.26276122906290833,0.47101944148484115
414,/wynton/group/sali/mhancock/xray/sample_bench/out/266_decoys/0/output_35/pdbs/1.pdb,7233.39571804777,0.0292960155291207,0.7574282166369377,0.5204284383582641,0.2425717833630623,0.4795715616417358
415,/wynton/group/sali/mhancock/xray/sample_bench/out/266_decoys/0/output_67/pdbs/14.pdb,582.0009507329951,0.1798500311875825,0.09279065492857401,0.1815562190048733,0.907209345071426,0.8184437809951267
416,/wynton/group/sali/mhancock/xray/sample_bench/out/266_decoys/0/output_186/pdbs/2.pdb,3777.305541085415,0.041579542822584,0.19748732850051656,0.20126602711128969,0.8025126714994835,0.7987339728887103
417,/wynton/group/sali/mhancock/xray/sample_bench/out/266_decoys/0/output_248/pdbs/10.pdb,1340.2940012883814,0.1280612527080133,0.40853369467227946,0.43861118598640303,0.5914663053277205,0.561388814013597
418,/wynton/group/sali/mhancock/xray/sample_bench/out/266_decoys/0/output_101/pdbs/16.pdb,774.1580840095276,0.2070725122073863,0.30618767679994324,0.36100927886577217,0.6938123232000567,0.6389907211342278
419,/wynton/group/sali/mhancock/xray/sample_bench/out/266_decoys/0/output_183/pdbs/5.pdb,1617.8202494844409,0.0775613099916458,0.7175830189848812,0.1602393501636606,0.2824169810151188,0.8397606498363394
420,/wynton/group/sali/mhancock/xray/sample_bench/out/266_decoys/0/output_103/pdbs/10.pdb,1333.010286711943,0.1284289775078304,0.6360972635748668,0.4857462779711657,0.3639027364251332,0.5142537220288342
421,/wynton/group/sali/mhancock/xray/sample_bench/out/266_decoys/0/output_119/pdbs/14.pdb,582.9875372103629,0.1785625867032429,0.05898234264160708,0.632122891466926,0.9410176573583929,0.36787710853307387
422,/wynton/group/sali/mhancock/xray/sample_bench/out/266_decoys/0/output_87/pdbs/8.pdb,873.5546392406209,0.1056652124644866,0.388572921684589,0.6000469813075937,0.611427078315411,0.3999530186924063
423,/wynton/group/sali/mhancock/xray/sample_bench/out/266_decoys/0/output_32/pdbs/12.pdb,718.5403221204147,0.1544489266341274,0.8837438376329697,0.5464338651918693,0.11625616236703026,0.45356613480813074
424,/wynton/group/sali/mhancock/xray/sample_bench/out/266_decoys/0/output_92/pdbs/1.pdb,7255.813050991192,0.0320240079449543,0.4913712626129751,0.3452094712434541,0.508628737387025,0.6547905287565459
425,/wynton/group/sali/mhancock/xray/sample_bench/out/266_decoys/0/output_86/pdbs/13.pdb,921.8374760600964,0.1625733862440632,0.2430768779238903,0.00442998024064687,0.7569231220761097,0.9955700197593531
426,/wynton/group/sali/mhancock/xray/sample_bench/out/266_decoys/0/output_62/pdbs/16.pdb,789.1289634423633,0.2085954585409222,0.43218784466639854,0.9178065438230069,0.5678121553336015,0.08219345617699328
427,/wynton/group/sali/mhancock/xray/sample_bench/out/266_decoys/0/output_207/pdbs/6.pdb,1965.4956651012812,0.0837115140772578,0.5127038961500071,0.2832975430212532,0.48729610384999295,0.7167024569787468
428,/wynton/group/sali/mhancock/xray/sample_bench/out/266_decoys/0/output_164/pdbs/11.pdb,679.2894058592708,0.1421482828035339,0.5701900968177194,0.5432487626029422,0.4298099031822807,0.4567512373970577
429,/wynton/group/sali/mhancock/xray/sample_bench/out/266_decoys/0/output_162/pdbs/1.pdb,7242.429647429197,0.0299894436921935,0.08544162388684633,0.5123303900786564,0.9145583761131537,0.4876696099213435
430,/wynton/group/sali/mhancock/xray/sample_bench/out/266_decoys/0/output_21/pdbs/3.pdb,4703.274073950617,0.053404484195435,0.21308663901232483,0.8386598441327741,0.7869133609876752,0.16134015586722594
431,/wynton/group/sali/mhancock/xray/sample_bench/out/266_decoys/0/output_40/pdbs/18.pdb,550.5294201613151,0.2306549361426682,0.3475520231822342,0.47576205157856616,0.6524479768177658,0.5242379484214338
432,/wynton/group/sali/mhancock/xray/sample_bench/out/266_decoys/0/output_76/pdbs/14.pdb,591.9404325052512,0.1782178641380121,0.1659753064653425,0.47428958791756354,0.8340246935346576,0.5257104120824365
433,/wynton/group/sali/mhancock/xray/sample_bench/out/266_decoys/0/output_16/pdbs/9.pdb,1339.7455414907872,0.1151468255739316,0.8846687951771011,0.31724290065564975,0.11533120482289894,0.6827570993443502
434,/wynton/group/sali/mhancock/xray/sample_bench/out/266_decoys/0/output_55/pdbs/6.pdb,1974.3087977538655,0.0837619991506432,0.4326695812019019,0.5128211877099116,0.5673304187980981,0.48717881229008847
435,/wynton/group/sali/mhancock/xray/sample_bench/out/266_decoys/0/output_27/pdbs/9.pdb,1322.0331525649576,0.1171830986098325,0.42582242265984066,0.1809716162342192,0.5741775773401594,0.8190283837657808
436,/wynton/group/sali/mhancock/xray/sample_bench/out/266_decoys/0/output_3/pdbs/8.pdb,870.6624974667843,0.106043852215597,0.32747540741575853,0.6103363101930211,0.6725245925842416,0.3896636898069788
437,/wynton/group/sali/mhancock/xray/sample_bench/out/266_decoys/0/output_62/pdbs/13.pdb,918.124809467526,0.1647128782304669,0.6534389678686254,0.4548222122778812,0.34656103213137446,0.5451777877221188
438,/wynton/group/sali/mhancock/xray/sample_bench/out/266_decoys/0/output_204/pdbs/11.pdb,687.1360384142899,0.1413402459134499,0.4977951672007929,0.8388563286635414,0.5022048327992071,0.16114367133645854
439,/wynton/group/sali/mhancock/xray/sample_bench/out/266_decoys/0/output_18/pdbs/9.pdb,1331.3352765735335,0.1181002903602191,0.31802032773952893,0.8733271796877459,0.6819796722604711,0.12667282031225413
440,/wynton/group/sali/mhancock/xray/sample_bench/out/266_decoys/0/output_93/pdbs/3.pdb,4711.458668608647,0.0541874640154821,0.5912858513716321,0.10994865071790029,0.4087141486283679,0.8900513492820997
441,/wynton/group/sali/mhancock/xray/sample_bench/out/266_decoys/0/output_31/pdbs/15.pdb,569.025541461679,0.1922750770510891,0.4511357780031052,0.4669937018538172,0.5488642219968948,0.5330062981461827
442,/wynton/group/sali/mhancock/xray/sample_bench/out/266_decoys/0/output_56/pdbs/10.pdb,1339.0601947015352,0.1211390850682318,0.4297007300460578,0.23398929652974765,0.5702992699539422,0.7660107034702524
443,/wynton/group/sali/mhancock/xray/sample_bench/out/266_decoys/0/output_136/pdbs/7.pdb,1501.9916721720078,0.0956926611578244,0.8150258220620885,0.820230891573527,0.1849741779379115,0.17976910842647295
444,/wynton/group/sali/mhancock/xray/sample_bench/out/266_decoys/0/output_95/pdbs/18.pdb,567.9053588391391,0.2338066473294451,0.46528991654326585,0.6334638536517382,0.5347100834567342,0.3665361463482617
445,/wynton/group/sali/mhancock/xray/sample_bench/out/266_decoys/0/output_18/pdbs/11.pdb,683.0097751749413,0.142152400713898,0.7430170467054745,0.8529022441400302,0.25698295329452553,0.14709775585996976
446,/wynton/group/sali/mhancock/xray/sample_bench/out/266_decoys/0/output_130/pdbs/4.pdb,2996.260071806014,0.0605948728599656,0.5232409314602422,0.4609836211489694,0.47675906853975775,0.5390163788510306
447,/wynton/group/sali/mhancock/xray/sample_bench/out/266_decoys/0/output_97/pdbs/12.pdb,720.2466521337278,0.151486229985342,0.3995926599036979,0.5271083558397066,0.6004073400963021,0.4728916441602934
448,/wynton/group/sali/mhancock/xray/sample_bench/out/266_decoys/0/output_9/pdbs/3.pdb,4691.977952047503,0.0530900059238369,0.14541485588135122,0.5193888617523584,0.8545851441186488,0.48061113824764146
449,/wynton/group/sali/mhancock/xray/sample_bench/out/266_decoys/0/output_28/pdbs/6.pdb,1955.083212068,0.0846091120055704,0.46747236834388195,0.38964304421215457,0.532527631656118,0.6103569557878454
450,/wynton/group/sali/mhancock/xray/sample_bench/out/266_decoys/0/output_98/pdbs/8.pdb,883.335145732035,0.1029868756841165,0.17460269719275268,0.48326358275290715,0.8253973028072473,0.5167364172470928
451,/wynton/group/sali/mhancock/xray/sample_bench/out/266_decoys/0/output_48/pdbs/13.pdb,909.7331162960444,0.1659537968052795,0.4791831598288373,0.9105432889751889,0.5208168401711627,0.08945671102481113
452,/wynton/group/sali/mhancock/xray/sample_bench/out/266_decoys/0/output_192/pdbs/15.pdb,570.5201753130857,0.1917623225124838,0.21452670218947364,0.9081438765159653,0.7854732978105264,0.09185612348403477
453,/wynton/group/sali/mhancock/xray/sample_bench/out/266_decoys/0/output_120/pdbs/9.pdb,1331.766881143436,0.1157438347032618,0.5977217588608095,0.2523213082422272,0.40227824113919053,0.7476786917577728
454,/wynton/group/sali/mhancock/xray/sample_bench/out/266_decoys/0/output_63/pdbs/12.pdb,718.3655770512289,0.1527741526001738,0.5819055751782397,0.7564424693195458,0.4180944248217604,0.24355753068045413
455,/wynton/group/sali/mhancock/xray/sample_bench/out/266_decoys/0/output_169/pdbs/2.pdb,3774.8113929024,0.0417859562953307,0.3471340922355388,0.7239081423896622,0.6528659077644613,0.27609185761033794
456,/wynton/group/sali/mhancock/xray/sample_bench/out/266_decoys/0/output_105/pdbs/19.pdb,825.0428683186967,0.2444204824907567,0.27355648341718225,0.8721048806946907,0.7264435165828177,0.1278951193053093
457,/wynton/group/sali/mhancock/xray/sample_bench/out/266_decoys/0/output_210/pdbs/17.pdb,572.5288023821408,0.2183218197107023,0.5628782805322653,0.30699412734088327,0.4371217194677347,0.6930058726591167
458,/wynton/group/sali/mhancock/xray/sample_bench/out/266_decoys/0/output_31/pdbs/19.pdb,822.0196876063721,0.2466785673737809,0.5018751294699064,0.11971253622603907,0.4981248705300936,0.8802874637739609
459,/wynton/group/sali/mhancock/xray/sample_bench/out/266_decoys/0/output_81/pdbs/7.pdb,1509.035802563263,0.0953598667114951,0.7210973805906423,0.41991053211816703,0.2789026194093577,0.5800894678818329
460,/wynton/group/sali/mhancock/xray/sample_bench/out/266_decoys/0/output_34/pdbs/1.pdb,7245.804294263505,0.0313069088752906,0.32200291476586884,0.48173532135949565,0.677997085234131,0.5182646786405045
461,/wynton/group/sali/mhancock/xray/sample_bench/out/266_decoys/0/output_93/pdbs/10.pdb,1323.2588907366132,0.1303640339437124,0.5251938130457122,0.5469690491464139,0.4748061869542878,0.45303095085358613
462,/wynton/group/sali/mhancock/xray/sample_bench/out/266_decoys/0/output_35/pdbs/4.pdb,3017.205331892708,0.0622110495853985,0.5960029742318433,0.17266602078723411,0.4039970257681567,0.8273339792127659
463,/wynton/group/sali/mhancock/xray/sample_bench/out/266_decoys/0/output_61/pdbs/16.pdb,797.4336320565978,0.2057427719673997,0.31028030271319507,0.6464182705108283,0.689719697286805,0.35358172948917166
464,/wynton/group/sali/mhancock/xray/sample_bench/out/266_decoys/0/output_158/pdbs/14.pdb,578.8057772755715,0.1797359020132304,0.117624485289833,0.4421244396031289,0.882375514710167,0.557875560396871
465,/wynton/group/sali/mhancock/xray/sample_bench/out/266_decoys/0/output_224/pdbs/18.pdb,552.2797394676995,0.2314865022502141,0.5464214895976184,0.7043920971422153,0.45357851040238173,0.29560790285778465
466,/wynton/group/sali/mhancock/xray/sample_bench/out/266_decoys/0/output_32/pdbs/17.pdb,580.0976443188217,0.2197315944133798,0.25199303153477903,0.5671977315020701,0.7480069684652211,0.43280226849792997
467,/wynton/group/sali/mhancock/xray/sample_bench/out/266_decoys/0/output_49/pdbs/5.pdb,1626.858034285995,0.0747585320871408,0.3066057775565514,0.5160387515330125,0.6933942224434485,0.4839612484669874
468,/wynton/group/sali/mhancock/xray/sample_bench/out/266_decoys/0/output_39/pdbs/4.pdb,3013.5616115175662,0.0624361609033067,0.5905372650223824,0.60169666475939,0.40946273497761765,0.39830333524061
469,/wynton/group/sali/mhancock/xray/sample_bench/out/266_decoys/0/output_171/pdbs/11.pdb,679.3406132211621,0.1412507002457928,0.5127258354139469,0.41126582499359343,0.48727416458605316,0.5887341750064066
470,/wynton/group/sali/mhancock/xray/sample_bench/out/266_decoys/0/output_217/pdbs/5.pdb,1626.7207261312556,0.0767585497837174,0.0344258479721409,0.5933785335451309,0.9655741520278591,0.406621466454869
471,/wynton/group/sali/mhancock/xray/sample_bench/out/266_decoys/0/output_213/pdbs/10.pdb,1335.4857058122354,0.1274995224202538,0.5465900969656975,0.16598823364258777,0.45340990303430256,0.8340117663574123
472,/wynton/group/sali/mhancock/xray/sample_bench/out/266_decoys/0/output_203/pdbs/14.pdb,584.9243332528322,0.1814814536940947,0.786748009270507,0.3887913315348026,0.21325199072949297,0.6112086684651974
473,/wynton/group/sali/mhancock/xray/sample_bench/out/266_decoys/0/output_89/pdbs/6.pdb,1967.749612618453,0.0856099635898237,0.44094982195008625,0.2872294204582934,0.5590501780499136,0.7127705795417066
474,/wynton/group/sali/mhancock/xray/sample_bench/out/266_decoys/0/output_10/pdbs/19.pdb,812.753059144545,0.2461482026346207,0.1450355381183974,0.26668668719592575,0.8549644618816026,0.7333133128040742
475,/wynton/group/sali/mhancock/xray/sample_bench/out/266_decoys/0/output_43/pdbs/8.pdb,878.1759865098718,0.1057437712958968,0.15199863329339922,0.058754024681106305,0.8480013667066008,0.9412459753188936
476,/wynton/group/sali/mhancock/xray/sample_bench/out/266_decoys/0/output_236/pdbs/8.pdb,875.8691019723178,0.106307752535746,0.14984260520621678,0.8853701999257025,0.8501573947937833,0.11462980007429746
477,/wynton/group/sali/mhancock/xray/sample_bench/out/266_decoys/0/output_214/pdbs/6.pdb,1961.275886520958,0.0865260261417387,0.2909299557149489,0.9237859906171699,0.7090700442850512,0.07621400938283006
478,/wynton/group/sali/mhancock/xray/sample_bench/out/266_decoys/0/output_77/pdbs/7.pdb,1514.1248362111835,0.095181611518005,0.6347991364488451,0.4159109701055718,0.3652008635511549,0.5840890298944282
479,/wynton/group/sali/mhancock/xray/sample_bench/out/266_decoys/0/output_91/pdbs/14.pdb,592.2562128168108,0.1824644103679938,0.7475054446322459,0.03516558077606656,0.2524945553677541,0.9648344192239334
480,/wynton/group/sali/mhancock/xray/sample_bench/out/266_decoys/0/output_118/pdbs/19.pdb,815.17442296069,0.2486492405092423,0.4255528952495285,0.4980516250306204,0.5744471047504714,0.5019483749693796
481,/wynton/group/sali/mhancock/xray/sample_bench/out/266_decoys/0/output_232/pdbs/10.pdb,1337.6276410019018,0.1314191495504683,0.1610037737918953,0.07243356880459742,0.8389962262081049,0.9275664311954026
482,/wynton/group/sali/mhancock/xray/sample_bench/out/266_decoys/0/output_47/pdbs/19.pdb,837.2719993506028,0.2442050286252725,0.5273935312698186,0.38844769709897375,0.4726064687301816,0.6115523029010261
483,/wynton/group/sali/mhancock/xray/sample_bench/out/266_decoys/0/output_51/pdbs/5.pdb,1627.0843950021704,0.0770999631526462,0.19861827505303561,0.5265417581186668,0.8013817249469645,0.4734582418813332
484,/wynton/group/sali/mhancock/xray/sample_bench/out/266_decoys/0/output_35/pdbs/17.pdb,596.1059030217616,0.2182383190281086,0.6562822420499754,0.35989261914877074,0.3437177579500246,0.6401073808512291
485,/wynton/group/sali/mhancock/xray/sample_bench/out/266_decoys/0/output_41/pdbs/12.pdb,724.5874146169622,0.1515725536269594,0.2973249401926233,0.9184470648897644,0.7026750598073767,0.0815529351102356
486,/wynton/group/sali/mhancock/xray/sample_bench/out/266_decoys/0/output_172/pdbs/14.pdb,585.1906739342371,0.1825616631119272,0.35271027176679776,0.760461981748692,0.6472897282332023,0.239538018251308
487,/wynton/group/sali/mhancock/xray/sample_bench/out/266_decoys/0/output_26/pdbs/11.pdb,670.9802573730294,0.1394485382300806,0.855686009341446,0.2823502950999721,0.14431399065855402,0.7176497049000279
488,/wynton/group/sali/mhancock/xray/sample_bench/out/266_decoys/0/output_38/pdbs/1.pdb,7255.202960189126,0.0309199568699682,0.14020672412394458,0.591991524213759,0.8597932758760554,0.408008475786241
489,/wynton/group/sali/mhancock/xray/sample_bench/out/266_decoys/0/output_165/pdbs/1.pdb,7244.836910856806,0.0303606228201153,0.7510857570655738,0.48941186904985196,0.2489142429344262,0.510588130950148
490,/wynton/group/sali/mhancock/xray/sample_bench/out/266_decoys/0/output_102/pdbs/19.pdb,819.6795763042717,0.248245863042156,0.5950911563840969,0.3951683315200044,0.404908843615903,0.6048316684799955
491,/wynton/group/sali/mhancock/xray/sample_bench/out/266_decoys/0/output_234/pdbs/8.pdb,899.7909886441005,0.1078197908942401,0.7818739946396225,0.37860729915914976,0.21812600536037757,0.6213927008408503
492,/wynton/group/sali/mhancock/xray/sample_bench/out/266_decoys/0/output_145/pdbs/19.pdb,828.2768126104345,0.2456364184084472,0.5220613451279765,0.538744175690339,0.4779386548720236,0.4612558243096609
493,/wynton/group/sali/mhancock/xray/sample_bench/out/266_decoys/0/output_155/pdbs/17.pdb,579.4238798461156,0.2186173773226019,0.47510081100264845,0.7882900779493258,0.5248991889973514,0.21170992205067424
494,/wynton/group/sali/mhancock/xray/sample_bench/out/266_decoys/0/output_141/pdbs/3.pdb,4706.878378814121,0.0533803195180641,0.6857211119958299,0.4287993823995563,0.31427888800417014,0.5712006176004436
495,/wynton/group/sali/mhancock/xray/sample_bench/out/266_decoys/0/output_70/pdbs/4.pdb,3006.6243773242595,0.0612922399340556,0.7495031111071718,0.47329874755649504,0.2504968888928281,0.5267012524435051
496,/wynton/group/sali/mhancock/xray/sample_bench/out/266_decoys/0/output_111/pdbs/14.pdb,574.560162659858,0.1801587700235483,0.39348913829244436,0.5441549371421933,0.6065108617075556,0.45584506285780674
497,/wynton/group/sali/mhancock/xray/sample_bench/out/266_decoys/0/output_91/pdbs/5.pdb,1613.2483675150904,0.0779709380617238,0.9577101902718923,0.33020045356153627,0.042289809728107745,0.6697995464384638
498,/wynton/group/sali/mhancock/xray/sample_bench/out/266_decoys/0/output_66/pdbs/4.pdb,3013.789072103111,0.0602043023472423,0.4396316039974785,0.3091343347288715,0.5603683960025214,0.6908656652711285
499,/wynton/group/sali/mhancock/xray/sample_bench/out/266_decoys/0/output_187/pdbs/1.pdb,7238.678445976953,0.0308506088116092,0.44854538183982684,0.3389441307383843,0.5514546181601732,0.6610558692616157
500,/wynton/group/sali/mhancock/xray/sample_bench/out/266_decoys/0/output_114/pdbs/14.pdb,593.1810329402042,0.1838297280189744,0.6496324619854892,0.38948437420486165,0.3503675380145107,0.6105156257951384
501,/wynton/group/sali/mhancock/xray/sample_bench/out/266_decoys/0/output_239/pdbs/17.pdb,587.8472469178439,0.2202459369664457,0.6258163074337961,0.47369686757736484,0.37418369256620393,0.526303132422635
502,/wynton/group/sali/mhancock/xray/sample_bench/out/266_decoys/0/output_129/pdbs/10.pdb,1336.442139029749,0.1287718621379478,0.6102367288410202,0.5168882853544683,0.38976327115897985,0.4831117146455316
503,/wynton/group/sali/mhancock/xray/sample_bench/out/266_decoys/0/output_84/pdbs/7.pdb,1504.0307017369523,0.0945884175828292,0.01087790489711047,0.9474175696264221,0.9891220951028895,0.05258243037357787
504,/wynton/group/sali/mhancock/xray/sample_bench/out/266_decoys/0/output_235/pdbs/13.pdb,911.9257245484366,0.1656258937760013,0.22693287789321004,0.02931147014559446,0.77306712210679,0.9706885298544056
505,/wynton/group/sali/mhancock/xray/sample_bench/out/266_decoys/0/output_88/pdbs/5.pdb,1625.121664801659,0.0762477635182403,0.859609185651626,0.45190782951404923,0.14039081434837397,0.5480921704859508
506,/wynton/group/sali/mhancock/xray/sample_bench/out/266_decoys/0/output_146/pdbs/5.pdb,1620.0874815587777,0.0789286653669964,0.09267804701949875,0.9130144273556854,0.9073219529805012,0.08698557264431458
507,/wynton/group/sali/mhancock/xray/sample_bench/out/266_decoys/0/output_121/pdbs/18.pdb,560.6123678266742,0.2338588065215758,0.5487090600938827,0.23588405620715983,0.4512909399061173,0.7641159437928402
508,/wynton/group/sali/mhancock/xray/sample_bench/out/266_decoys/0/output_52/pdbs/5.pdb,1645.4680909317908,0.0759262414145059,0.6088210084895106,0.8623234229728504,0.39117899151048935,0.13767657702714958
509,/wynton/group/sali/mhancock/xray/sample_bench/out/266_decoys/0/output_96/pdbs/3.pdb,4697.688436452325,0.0541579488385488,0.41274456498155093,0.6661524568195545,0.5872554350184491,0.3338475431804455
510,/wynton/group/sali/mhancock/xray/sample_bench/out/266_decoys/0/output_27/pdbs/15.pdb,561.6638506698193,0.1935137320935983,0.9364447390088554,0.49391841502729295,0.06355526099114463,0.506081584972707
511,/wynton/group/sali/mhancock/xray/sample_bench/out/266_decoys/0/output_206/pdbs/17.pdb,582.5741689386273,0.2162697104291529,0.5166678385247039,0.4656403573786922,0.4833321614752961,0.5343596426213078
512,/wynton/group/sali/mhancock/xray/sample_bench/out/266_decoys/0/output_97/pdbs/15.pdb,564.1154420226367,0.1922000696524504,0.5191352424984828,0.041377671040465795,0.4808647575015173,0.9586223289595343
513,/wynton/group/sali/mhancock/xray/sample_bench/out/266_decoys/0/output_83/pdbs/7.pdb,1518.239704648006,0.0962219864772233,0.8726204849026443,0.48321455758891857,0.12737951509735562,0.5167854424110814
514,/wynton/group/sali/mhancock/xray/sample_bench/out/266_decoys/0/output_137/pdbs/15.pdb,564.2607341461578,0.195833500422123,0.8049665888231885,0.017460692562022793,0.1950334111768115,0.9825393074379773
515,/wynton/group/sali/mhancock/xray/sample_bench/out/266_decoys/0/output_90/pdbs/5.pdb,1622.1282986486722,0.0770130225336387,0.46947795171609036,0.20742431971370273,0.5305220482839096,0.7925756802862973
516,/wynton/group/sali/mhancock/xray/sample_bench/out/266_decoys/0/output_112/pdbs/18.pdb,562.8988600698092,0.2361744718638978,0.29865141540431217,0.7060614739170464,0.7013485845956878,0.2939385260829535
517,/wynton/group/sali/mhancock/xray/sample_bench/out/266_decoys/0/output_237/pdbs/15.pdb,566.0066694311711,0.1930703332237346,0.7548245904313623,0.8474363837021044,0.2451754095686378,0.15256361629789572
518,/wynton/group/sali/mhancock/xray/sample_bench/out/266_decoys/0/output_95/pdbs/14.pdb,584.45269085715,0.1815825018697486,0.029152590358429858,0.43771370567967505,0.9708474096415701,0.562286294320325
519,/wynton/group/sali/mhancock/xray/sample_bench/out/266_decoys/0/output_199/pdbs/11.pdb,679.7667325911352,0.1405808469845456,0.37392883571513763,0.5986788269945599,0.6260711642848624,0.4013211730054402
520,/wynton/group/sali/mhancock/xray/sample_bench/out/266_decoys/0/output_206/pdbs/10.pdb,1351.5814703053557,0.1254705039247996,0.9636447564771546,0.13868175129023258,0.03635524352284539,0.8613182487097675
521,/wynton/group/sali/mhancock/xray/sample_bench/out/266_decoys/0/output_32/pdbs/1.pdb,7263.843489191881,0.0312230447334356,0.6699580748263638,0.3388193785823853,0.33004192517363623,0.6611806214176147
522,/wynton/group/sali/mhancock/xray/sample_bench/out/266_decoys/0/output_124/pdbs/18.pdb,564.5168713832979,0.2324750936212372,0.2228529320479888,0.5188735796960123,0.7771470679520112,0.4811264203039876
523,/wynton/group/sali/mhancock/xray/sample_bench/out/266_decoys/0/output_43/pdbs/12.pdb,718.9468566352596,0.1532250727057568,0.46458520254930413,0.18816652691401936,0.5354147974506959,0.8118334730859806
524,/wynton/group/sali/mhancock/xray/sample_bench/out/266_decoys/0/output_68/pdbs/12.pdb,728.4251929644727,0.152724985308742,0.7986371459689676,0.26457384156735175,0.20136285403103235,0.7354261584326482
525,/wynton/group/sali/mhancock/xray/sample_bench/out/266_decoys/0/output_35/pdbs/5.pdb,1642.2072145068028,0.0756237001287982,0.25922822828832126,0.0680526943881722,0.7407717717116789,0.9319473056118278
526,/wynton/group/sali/mhancock/xray/sample_bench/out/266_decoys/0/output_25/pdbs/3.pdb,4709.7495762544495,0.0538523687712406,0.48273158835770713,0.8703422514973248,0.5172684116422929,0.12965774850267517
527,/wynton/group/sali/mhancock/xray/sample_bench/out/266_decoys/0/output_128/pdbs/11.pdb,687.6194290914275,0.1399878402535017,0.6633170723116704,0.47801503173392274,0.33668292768832975,0.5219849682660772
528,/wynton/group/sali/mhancock/xray/sample_bench/out/266_decoys/0/output_142/pdbs/18.pdb,562.5358258875051,0.2328743455509597,0.7286594299697126,0.8595371891303367,0.27134057003028744,0.14046281086966322
529,/wynton/group/sali/mhancock/xray/sample_bench/out/266_decoys/0/output_30/pdbs/15.pdb,568.680077264074,0.1920706426958442,0.056169287650513516,0.6242745191854405,0.9438307123494865,0.3757254808145594
530,/wynton/group/sali/mhancock/xray/sample_bench/out/266_decoys/0/output_32/pdbs/19.pdb,828.3060371433421,0.2461231698769961,0.18133748222273186,0.7553047658885932,0.8186625177772682,0.24469523411140687
531,/wynton/group/sali/mhancock/xray/sample_bench/out/266_decoys/0/output_15/pdbs/4.pdb,3017.012788165327,0.0620630455219434,0.30061425796618596,0.5043443751652126,0.6993857420338141,0.4956556248347874
532,/wynton/group/sali/mhancock/xray/sample_bench/out/266_decoys/0/output_185/pdbs/6.pdb,1962.9570816518064,0.0845965729843192,0.6229967881485963,0.6324843256576327,0.3770032118514036,0.3675156743423673
533,/wynton/group/sali/mhancock/xray/sample_bench/out/266_decoys/0/output_0/pdbs/4.pdb,3008.6103765382745,0.0608295408310744,0.4878741168747905,0.4813388790136483,0.5121258831252097,0.5186611209863516
534,/wynton/group/sali/mhancock/xray/sample_bench/out/266_decoys/0/output_126/pdbs/16.pdb,783.2114789352577,0.2039103904467413,0.6464606536876282,0.6087029989710738,0.3535393463123718,0.3912970010289262
535,/wynton/group/sali/mhancock/xray/sample_bench/out/266_decoys/0/output_148/pdbs/8.pdb,886.0301122743972,0.1026319062341655,0.009364871469478004,0.07801586207943012,0.990635128530522,0.9219841379205698
536,/wynton/group/sali/mhancock/xray/sample_bench/out/266_decoys/0/output_44/pdbs/2.pdb,3746.7975045963967,0.04238899794247,0.6015750654592149,0.9256253842081114,0.3984249345407852,0.07437461579188866
537,/wynton/group/sali/mhancock/xray/sample_bench/out/266_decoys/0/output_35/pdbs/12.pdb,724.4694920691427,0.1517494875584687,0.12485747803730834,0.5211555189855556,0.8751425219626916,0.4788444810144443
538,/wynton/group/sali/mhancock/xray/sample_bench/out/266_decoys/0/output_224/pdbs/14.pdb,579.5388832690253,0.1791167678009403,0.39951307661115537,0.39925758038814785,0.6004869233888446,0.6007424196118522
539,/wynton/group/sali/mhancock/xray/sample_bench/out/266_decoys/0/output_70/pdbs/17.pdb,584.8115555353847,0.2174051964248046,0.37391361065428874,0.5072171868261737,0.6260863893457113,0.49278281317382633
540,/wynton/group/sali/mhancock/xray/sample_bench/out/266_decoys/0/output_18/pdbs/13.pdb,912.455100080164,0.1681289310339984,0.49983529253380005,0.27009997968405375,0.5001647074662,0.7299000203159463
541,/wynton/group/sali/mhancock/xray/sample_bench/out/266_decoys/0/output_158/pdbs/8.pdb,885.5772340938508,0.1059632664716273,0.41397119739516625,0.6233552494273471,0.5860288026048337,0.37664475057265295
542,/wynton/group/sali/mhancock/xray/sample_bench/out/266_decoys/0/output_121/pdbs/17.pdb,585.4674019367817,0.2193803799303481,0.45139554902063544,0.3042784165011092,0.5486044509793645,0.6957215834988908
543,/wynton/group/sali/mhancock/xray/sample_bench/out/266_decoys/0/output_205/pdbs/14.pdb,574.279118989841,0.1833709214093553,0.5513734537405536,0.4265849549564388,0.44862654625944637,0.5734150450435613
544,/wynton/group/sali/mhancock/xray/sample_bench/out/266_decoys/0/output_184/pdbs/9.pdb,1342.5024419256529,0.1145657927143454,0.3326560015064273,0.572426116125482,0.6673439984935728,0.42757388387451795
545,/wynton/group/sali/mhancock/xray/sample_bench/out/266_decoys/0/output_156/pdbs/17.pdb,589.0437866293798,0.220331810689577,0.8625793322567564,0.03555129050343016,0.13742066774324357,0.9644487094965698
546,/wynton/group/sali/mhancock/xray/sample_bench/out/266_decoys/0/output_45/pdbs/15.pdb,571.8900976584748,0.1946244049860934,0.4166029047699166,0.7437208339418815,0.5833970952300834,0.25627916605811846
547,/wynton/group/sali/mhancock/xray/sample_bench/out/266_decoys/0/output_91/pdbs/7.pdb,1500.0172605759024,0.0978846465546006,0.589737345722638,0.5586399757788371,0.4102626542773621,0.4413600242211629
548,/wynton/group/sali/mhancock/xray/sample_bench/out/266_decoys/0/output_171/pdbs/14.pdb,589.4040227353544,0.1809819976893615,0.833612335752149,0.30413126187740036,0.16638766424785098,0.6958687381225996
549,/wynton/group/sali/mhancock/xray/sample_bench/out/266_decoys/0/output_152/pdbs/11.pdb,683.2148296181383,0.1376506792958586,0.650833409460342,0.4868917129909792,0.349166590539658,0.5131082870090208
550,/wynton/group/sali/mhancock/xray/sample_bench/out/266_decoys/0/output_53/pdbs/1.pdb,7251.149402532828,0.031323374402312,0.4573955221627173,0.8368408424084143,0.5426044778372827,0.16315915759158567
551,/wynton/group/sali/mhancock/xray/sample_bench/out/266_decoys/0/output_1/pdbs/13.pdb,921.99718099814,0.1621034178101621,0.1676857863966096,0.509524284203553,0.8323142136033904,0.4904757157964471
552,/wynton/group/sali/mhancock/xray/sample_bench/out/266_decoys/0/output_125/pdbs/14.pdb,582.6762776855119,0.1799914612267653,0.13563548143425025,0.1882295350589376,0.8643645185657498,0.8117704649410624
553,/wynton/group/sali/mhancock/xray/sample_bench/out/266_decoys/0/output_190/pdbs/9.pdb,1328.811620264013,0.1161404513083838,0.7672654749194292,0.5717411800953964,0.23273452508057083,0.4282588199046036
554,/wynton/group/sali/mhancock/xray/sample_bench/out/266_decoys/0/output_149/pdbs/18.pdb,551.9761485627746,0.2346965898140754,0.5057789846892097,0.8949857142853583,0.4942210153107904,0.10501428571464162
555,/wynton/group/sali/mhancock/xray/sample_bench/out/266_decoys/0/output_207/pdbs/15.pdb,559.3904160222612,0.1962968161025472,0.8134364119214706,0.6958433448043678,0.18656358807852935,0.3041566551956321
556,/wynton/group/sali/mhancock/xray/sample_bench/out/266_decoys/0/output_186/pdbs/4.pdb,3001.5812795600623,0.0633383230428527,0.4164990142358271,0.24449120792590615,0.583500985764173,0.7555087920740937
557,/wynton/group/sali/mhancock/xray/sample_bench/out/266_decoys/0/output_188/pdbs/10.pdb,1338.3476212605212,0.1312496255593159,0.4911532843443122,0.495108218285748,0.5088467156556877,0.504891781714252
558,/wynton/group/sali/mhancock/xray/sample_bench/out/266_decoys/0/output_183/pdbs/4.pdb,2987.8574795283,0.0634613347756915,0.7906337321776004,0.6710527523350343,0.20936626782239953,0.3289472476649657
559,/wynton/group/sali/mhancock/xray/sample_bench/out/266_decoys/0/output_136/pdbs/15.pdb,572.2087530308709,0.1911760492597491,0.32182208347056823,0.7247044366473888,0.6781779165294318,0.27529556335261124
560,/wynton/group/sali/mhancock/xray/sample_bench/out/266_decoys/0/output_82/pdbs/3.pdb,4731.982566317934,0.0523025817169248,0.7285305568887678,0.058235765827469234,0.2714694431112323,0.9417642341725307
561,/wynton/group/sali/mhancock/xray/sample_bench/out/266_decoys/0/output_158/pdbs/10.pdb,1345.0491242027615,0.1275262573960858,0.7149218981251246,0.5614716499016613,0.2850781018748754,0.43852835009833874
562,/wynton/group/sali/mhancock/xray/sample_bench/out/266_decoys/0/output_215/pdbs/6.pdb,1972.637941080436,0.0825742394128514,0.09843705733815748,0.45790684652464203,0.9015629426618426,0.5420931534753579
563,/wynton/group/sali/mhancock/xray/sample_bench/out/266_decoys/0/output_128/pdbs/2.pdb,3772.9084459855417,0.0416645494769324,0.37147287733396067,0.7009457629575022,0.6285271226660393,0.29905423704249784
564,/wynton/group/sali/mhancock/xray/sample_bench/out/266_decoys/0/output_196/pdbs/12.pdb,712.5244634813475,0.1550863942402756,0.450256142061969,0.9555855410677276,0.549743857938031,0.04441445893227231
565,/wynton/group/sali/mhancock/xray/sample_bench/out/266_decoys/0/output_31/pdbs/10.pdb,1341.8753145458245,0.1265479062152431,0.35799563225679093,0.7835241093701184,0.6420043677432091,0.21647589062988157
566,/wynton/group/sali/mhancock/xray/sample_bench/out/266_decoys/0/output_198/pdbs/14.pdb,591.1415095805553,0.1838188405450225,0.5820890042539152,0.9266793659456003,0.41791099574608476,0.07332063405439973
567,/wynton/group/sali/mhancock/xray/sample_bench/out/266_decoys/0/output_4/pdbs/16.pdb,777.5721134764792,0.2046418954120075,0.5983727009616386,0.9462979184195563,0.4016272990383613,0.0537020815804436
568,/wynton/group/sali/mhancock/xray/sample_bench/out/266_decoys/0/output_70/pdbs/2.pdb,3734.895292065441,0.0421688526327402,0.5923623506979007,0.22335558152898127,0.4076376493020993,0.7766444184710187
569,/wynton/group/sali/mhancock/xray/sample_bench/out/266_decoys/0/output_167/pdbs/11.pdb,680.325170217458,0.1388309026745106,0.48560314496362555,0.8886675908687446,0.5143968550363744,0.11133240913125542
570,/wynton/group/sali/mhancock/xray/sample_bench/out/266_decoys/0/output_72/pdbs/9.pdb,1335.569783522839,0.1150264437831009,0.4357010672918223,0.512692190325486,0.5642989327081777,0.4873078096745139
571,/wynton/group/sali/mhancock/xray/sample_bench/out/266_decoys/0/output_139/pdbs/14.pdb,591.3133224371529,0.1795140564651759,0.5934582414937043,0.1823615198468114,0.4065417585062957,0.8176384801531886
572,/wynton/group/sali/mhancock/xray/sample_bench/out/266_decoys/0/output_150/pdbs/8.pdb,874.0123596205613,0.1042319786048769,0.6361799359150274,0.17297770860720918,0.36382006408497264,0.8270222913927908
573,/wynton/group/sali/mhancock/xray/sample_bench/out/266_decoys/0/output_178/pdbs/15.pdb,569.3384271066525,0.1944911598565464,0.0015943004433817752,0.983658900870785,0.9984056995566182,0.016341099129214994
574,/wynton/group/sali/mhancock/xray/sample_bench/out/266_decoys/0/output_30/pdbs/2.pdb,3763.3294423992006,0.0420791880977042,0.6148188992502089,0.5018742839050607,0.38518110074979117,0.4981257160949393
575,/wynton/group/sali/mhancock/xray/sample_bench/out/266_decoys/0/output_99/pdbs/11.pdb,686.957682458627,0.1392804764147138,0.5236001009653778,0.02093972771046744,0.47639989903462227,0.9790602722895325
576,/wynton/group/sali/mhancock/xray/sample_bench/out/266_decoys/0/output_195/pdbs/4.pdb,3009.887350985829,0.062918095186758,0.8469404946304133,0.8570350533325392,0.15305950536958673,0.14296494666746098
577,/wynton/group/sali/mhancock/xray/sample_bench/out/266_decoys/0/output_104/pdbs/9.pdb,1321.7744711707164,0.1155945900581048,0.521273135613217,0.5876749616426782,0.47872686438678297,0.41232503835732176
578,/wynton/group/sali/mhancock/xray/sample_bench/out/266_decoys/0/output_134/pdbs/11.pdb,689.7184872148857,0.1400116944533836,0.5545914469759217,0.715264534084362,0.44540855302407834,0.284735465915638
579,/wynton/group/sali/mhancock/xray/sample_bench/out/266_decoys/0/output_123/pdbs/2.pdb,3740.83024585044,0.0417309288557424,0.4400063025880336,0.6401444295344837,0.5599936974119665,0.35985557046551625
580,/wynton/group/sali/mhancock/xray/sample_bench/out/266_decoys/0/output_101/pdbs/17.pdb,582.6085059028871,0.219721253651374,0.9044244420037496,0.9711808608098752,0.09557555799625038,0.02881913919012481
581,/wynton/group/sali/mhancock/xray/sample_bench/out/266_decoys/0/output_56/pdbs/11.pdb,681.5868436566514,0.1328779162911448,0.5944599182229915,0.3507471415064532,0.4055400817770085,0.6492528584935469
582,/wynton/group/sali/mhancock/xray/sample_bench/out/266_decoys/0/output_41/pdbs/18.pdb,566.5577281130686,0.2334000539804427,0.686113857016751,0.8232429270762571,0.313886142983249,0.17675707292374293
583,/wynton/group/sali/mhancock/xray/sample_bench/out/266_decoys/0/output_195/pdbs/2.pdb,3775.932439780997,0.0419274588315015,0.8235622013267652,0.5821319864008369,0.17643779867323486,0.41786801359916326
584,/wynton/group/sali/mhancock/xray/sample_bench/out/266_decoys/0/output_244/pdbs/9.pdb,1329.194624987415,0.1139881757480881,0.32349150260421217,0.4789329585354469,0.6765084973957878,0.5210670414645532
585,/wynton/group/sali/mhancock/xray/sample_bench/out/266_decoys/0/output_114/pdbs/9.pdb,1333.683154871787,0.1192104100462726,0.48679623646599657,0.09670684249845699,0.5132037635340034,0.903293157501543
586,/wynton/group/sali/mhancock/xray/sample_bench/out/266_decoys/0/output_44/pdbs/1.pdb,7224.768700246024,0.0283304782597601,0.7071906475284767,0.5876581801619396,0.2928093524715232,0.41234181983806045
587,/wynton/group/sali/mhancock/xray/sample_bench/out/266_decoys/0/output_143/pdbs/9.pdb,1339.1312847081142,0.1135742653273152,0.6376771555379556,0.8363627945857578,0.3623228444620444,0.16363720541424218
588,/wynton/group/sali/mhancock/xray/sample_bench/out/266_decoys/0/output_107/pdbs/4.pdb,3002.0836224976915,0.063666098853297,0.44061735413989533,0.5685157619554299,0.5593826458601046,0.4314842380445702
589,/wynton/group/sali/mhancock/xray/sample_bench/out/266_decoys/0/output_0/pdbs/18.pdb,563.8265194433336,0.2332312669393665,0.11892968739449421,0.6038042124032639,0.8810703126055058,0.3961957875967361
590,/wynton/group/sali/mhancock/xray/sample_bench/out/266_decoys/0/output_67/pdbs/6.pdb,1957.574894275924,0.0816427476191158,0.5037673715617095,0.3949403379785545,0.4962326284382904,0.6050596620214456
591,/wynton/group/sali/mhancock/xray/sample_bench/out/266_decoys/0/output_237/pdbs/14.pdb,574.1773475395394,0.1797275358277241,0.11880169483760657,0.4451189135573645,0.8811983051623934,0.5548810864426355
592,/wynton/group/sali/mhancock/xray/sample_bench/out/266_decoys/0/output_78/pdbs/10.pdb,1338.384748742923,0.1274386096765013,0.25023982761696223,0.5623007847249516,0.7497601723830378,0.43769921527504846
593,/wynton/group/sali/mhancock/xray/sample_bench/out/266_decoys/0/output_96/pdbs/16.pdb,774.9158776906875,0.2100975984018053,0.5987358362195752,0.6564157496341891,0.40126416378042473,0.34358425036581086
594,/wynton/group/sali/mhancock/xray/sample_bench/out/266_decoys/0/output_85/pdbs/9.pdb,1328.539789401911,0.1193324189128635,0.2901761151704656,0.052146520104343494,0.7098238848295343,0.9478534798956564
595,/wynton/group/sali/mhancock/xray/sample_bench/out/266_decoys/0/output_3/pdbs/10.pdb,1338.0220282361154,0.1286240141475357,0.3702203110297803,0.5255713695117261,0.6297796889702196,0.4744286304882739
596,/wynton/group/sali/mhancock/xray/sample_bench/out/266_decoys/0/output_21/pdbs/16.pdb,779.6770943318163,0.2068753039346234,0.5148363493305786,0.6835769520664107,0.4851636506694212,0.31642304793358933
597,/wynton/group/sali/mhancock/xray/sample_bench/out/266_decoys/0/output_83/pdbs/16.pdb,794.3663417378555,0.2083637534237817,0.49946314392531693,0.5293946777277894,0.500536856074683,0.4706053222722107
598,/wynton/group/sali/mhancock/xray/sample_bench/out/266_decoys/0/output_149/pdbs/6.pdb,1970.4474674535984,0.0829933419458602,0.23592070053190756,0.7325646761670863,0.7640792994680925,0.26743532383291363
599,/wynton/group/sali/mhancock/xray/sample_bench/out/266_decoys/0/output_8/pdbs/10.pdb,1322.683417640328,0.1297276347601519,0.4107419801193912,0.32660324483049097,0.5892580198806088,0.673396755169509
600,/wynton/group/sali/mhancock/xray/sample_bench/out/266_decoys/0/output_208/pdbs/5.pdb,1608.432914118865,0.0772009909480402,0.9366632526343954,0.8947732287799168,0.06333674736560453,0.10522677122008312
601,/wynton/group/sali/mhancock/xray/sample_bench/out/266_decoys/0/output_95/pdbs/8.pdb,867.8835439651646,0.1050983156067878,0.873397272602376,0.559919607295241,0.12660272739762402,0.4400803927047589
602,/wynton/group/sali/mhancock/xray/sample_bench/out/266_decoys/0/output_54/pdbs/15.pdb,567.139323002795,0.1957107681121085,0.5727352307665424,0.6460955788547438,0.4272647692334575,0.35390442114525633
603,/wynton/group/sali/mhancock/xray/sample_bench/out/266_decoys/0/output_114/pdbs/11.pdb,681.5148956005214,0.1429603579449798,0.4313157141627789,0.4757318622674809,0.568684285837221,0.5242681377325191
604,/wynton/group/sali/mhancock/xray/sample_bench/out/266_decoys/0/output_182/pdbs/14.pdb,589.001065737177,0.1816173607009269,0.29686731201426136,0.5812332744151399,0.7031326879857386,0.41876672558485994
605,/wynton/group/sali/mhancock/xray/sample_bench/out/266_decoys/0/output_28/pdbs/14.pdb,581.6029779491555,0.1838898921111911,0.9902742873303234,0.8344085490249677,0.009725712669676614,0.16559145097503228
606,/wynton/group/sali/mhancock/xray/sample_bench/out/266_decoys/0/output_27/pdbs/13.pdb,906.8207159287322,0.1661288157608995,0.8469535661346433,0.4979831224244723,0.15304643386535666,0.5020168775755277
607,/wynton/group/sali/mhancock/xray/sample_bench/out/266_decoys/0/output_141/pdbs/7.pdb,1509.605411866639,0.0946089847435775,0.5945325812410814,0.7193082949034139,0.40546741875891856,0.28069170509658614
608,/wynton/group/sali/mhancock/xray/sample_bench/out/266_decoys/0/output_58/pdbs/12.pdb,724.087186254435,0.1553766051663958,0.3069524524947268,0.5111226926783833,0.6930475475052732,0.4888773073216166
609,/wynton/group/sali/mhancock/xray/sample_bench/out/266_decoys/0/output_37/pdbs/9.pdb,1333.7970378688112,0.1161695549391873,0.5250057977543964,0.4606010961589423,0.4749942022456037,0.5393989038410577
610,/wynton/group/sali/mhancock/xray/sample_bench/out/266_decoys/0/output_107/pdbs/11.pdb,688.0825512928106,0.1393046594018858,0.6904621226708443,0.719606580966372,0.3095378773291558,0.2803934190336281
611,/wynton/group/sali/mhancock/xray/sample_bench/out/266_decoys/0/output_220/pdbs/10.pdb,1345.644252715733,0.1268139221540162,0.627993369565579,0.6887996032014824,0.37200663043442106,0.3112003967985177
612,/wynton/group/sali/mhancock/xray/sample_bench/out/266_decoys/0/output_189/pdbs/3.pdb,4719.764906051665,0.0539074939585947,0.49996743815881706,0.8237249108571514,0.5000325618411829,0.17627508914284856
613,/wynton/group/sali/mhancock/xray/sample_bench/out/266_decoys/0/output_233/pdbs/13.pdb,911.6279051477608,0.1678536748503809,0.9863092097171764,0.4854988787877345,0.013690790282823554,0.5145011212122655
614,/wynton/group/sali/mhancock/xray/sample_bench/out/266_decoys/0/output_134/pdbs/9.pdb,1327.692221568546,0.1157231447765821,0.02945072127036755,0.5644327076274689,0.9705492787296325,0.43556729237253117
615,/wynton/group/sali/mhancock/xray/sample_bench/out/266_decoys/0/output_139/pdbs/7.pdb,1516.3838888647865,0.0928280687965204,0.7633278875599657,0.6465473620814307,0.23667211244003428,0.3534526379185693
616,/wynton/group/sali/mhancock/xray/sample_bench/out/266_decoys/0/output_215/pdbs/15.pdb,569.3962106002502,0.1907349196653502,0.8798704842878647,0.3373431021766148,0.12012951571213543,0.6626568978233851
617,/wynton/group/sali/mhancock/xray/sample_bench/out/266_decoys/0/output_27/pdbs/16.pdb,772.9468348485177,0.2077054647335516,0.4720294008342775,0.2967471509364698,0.5279705991657224,0.7032528490635301
618,/wynton/group/sali/mhancock/xray/sample_bench/out/266_decoys/0/output_85/pdbs/10.pdb,1325.7193436313496,0.1319598103254308,0.07701131000751565,0.3500730634192927,0.9229886899924842,0.6499269365807073
619,/wynton/group/sali/mhancock/xray/sample_bench/out/266_decoys/0/output_37/pdbs/11.pdb,682.8229899726227,0.1414215604490319,0.8654010915410332,0.35518564147437687,0.1345989084589668,0.6448143585256231
620,/wynton/group/sali/mhancock/xray/sample_bench/out/266_decoys/0/output_157/pdbs/4.pdb,3013.801148130089,0.061614486217249,0.1064585687419593,0.37366891132623536,0.8935414312580408,0.6263310886737645
621,/wynton/group/sali/mhancock/xray/sample_bench/out/266_decoys/0/output_226/pdbs/11.pdb,680.2331596221122,0.1398905696415237,0.505380291408344,0.6231724835122974,0.49461970859165594,0.3768275164877026
622,/wynton/group/sali/mhancock/xray/sample_bench/out/266_decoys/0/output_128/pdbs/1.pdb,7239.38472781009,0.029008691407108,0.7319588584179055,0.5459998146359545,0.2680411415820945,0.4540001853640455
623,/wynton/group/sali/mhancock/xray/sample_bench/out/266_decoys/0/output_186/pdbs/7.pdb,1503.4665454929816,0.0953253423575945,0.7677946464164322,0.5185029144092571,0.23220535358356761,0.4814970855907429
624,/wynton/group/sali/mhancock/xray/sample_bench/out/266_decoys/0/output_227/pdbs/8.pdb,875.9254797274384,0.1055474007978236,0.28330295954897,0.4450454197806873,0.71669704045103,0.5549545802193125
625,/wynton/group/sali/mhancock/xray/sample_bench/out/266_decoys/0/output_51/pdbs/12.pdb,721.1124239167577,0.1533413768902268,0.4545830787331661,0.34242483458724815,0.5454169212668339,0.6575751654127518
626,/wynton/group/sali/mhancock/xray/sample_bench/out/266_decoys/0/output_187/pdbs/19.pdb,824.2837083230859,0.2433545465663025,0.6847761847332373,0.14915022566175495,0.31522381526676263,0.850849774338245
627,/wynton/group/sali/mhancock/xray/sample_bench/out/266_decoys/0/output_214/pdbs/17.pdb,576.5740947847455,0.220013203333504,0.4325809153543468,0.20694748785213465,0.5674190846456532,0.7930525121478652
628,/wynton/group/sali/mhancock/xray/sample_bench/out/266_decoys/0/output_148/pdbs/7.pdb,1518.6127552038804,0.0944159769296774,0.6370384950103286,0.4840442004345863,0.36296150498967145,0.5159557995654138
629,/wynton/group/sali/mhancock/xray/sample_bench/out/266_decoys/0/output_202/pdbs/15.pdb,570.1539521124269,0.1934712292711576,0.2851939443409607,0.3440237822847821,0.7148060556590393,0.6559762177152179
630,/wynton/group/sali/mhancock/xray/sample_bench/out/266_decoys/0/output_23/pdbs/2.pdb,3749.747421295586,0.0430669733135291,0.43939570559920454,0.2703999275384145,0.5606042944007954,0.7296000724615854
631,/wynton/group/sali/mhancock/xray/sample_bench/out/266_decoys/0/output_125/pdbs/19.pdb,818.1255011269316,0.2454700103845056,0.6100583743096046,0.7180897743216643,0.3899416256903954,0.2819102256783357
632,/wynton/group/sali/mhancock/xray/sample_bench/out/266_decoys/0/output_198/pdbs/13.pdb,920.2661934481696,0.1683805808319065,0.15355776613012898,0.8162940173774133,0.846442233869871,0.18370598262258672
633,/wynton/group/sali/mhancock/xray/sample_bench/out/266_decoys/0/output_152/pdbs/12.pdb,725.7100860955006,0.1496134576774421,0.5031741076370835,0.2684485761899951,0.4968258923629165,0.7315514238100049
634,/wynton/group/sali/mhancock/xray/sample_bench/out/266_decoys/0/output_180/pdbs/1.pdb,7258.966158798589,0.0293850186045384,0.4458547468415651,0.14985087038007755,0.5541452531584349,0.8501491296199225
635,/wynton/group/sali/mhancock/xray/sample_bench/out/266_decoys/0/output_64/pdbs/2.pdb,3777.170934712355,0.0439339746678949,0.5204014785436385,0.3626030689083636,0.4795985214563615,0.6373969310916364
636,/wynton/group/sali/mhancock/xray/sample_bench/out/266_decoys/0/output_221/pdbs/4.pdb,3019.499310188365,0.0629326038677342,0.6878831985941113,0.3915684502396836,0.3121168014058887,0.6084315497603163
637,/wynton/group/sali/mhancock/xray/sample_bench/out/266_decoys/0/output_234/pdbs/17.pdb,590.6207840717402,0.2208140515228339,0.22297542327901032,0.3581102095833837,0.7770245767209897,0.6418897904166164
638,/wynton/group/sali/mhancock/xray/sample_bench/out/266_decoys/0/output_141/pdbs/18.pdb,549.8326315319885,0.2323214149333245,0.8226676821461617,0.5946678212906776,0.17733231785383824,0.40533217870932237
639,/wynton/group/sali/mhancock/xray/sample_bench/out/266_decoys/0/output_182/pdbs/17.pdb,582.819040869744,0.2207800504735673,0.03986706959611238,0.6316953353564215,0.9601329304038876,0.3683046646435785
640,/wynton/group/sali/mhancock/xray/sample_bench/out/266_decoys/0/output_63/pdbs/8.pdb,871.4988405170855,0.1064990255266832,0.4531867815077861,0.41402773965312484,0.5468132184922139,0.5859722603468752
641,/wynton/group/sali/mhancock/xray/sample_bench/out/266_decoys/0/output_216/pdbs/6.pdb,1960.199635636057,0.0859698657274624,0.7881472574789573,0.4834519103896397,0.21185274252104275,0.5165480896103604
642,/wynton/group/sali/mhancock/xray/sample_bench/out/266_decoys/0/output_24/pdbs/17.pdb,577.1201405769762,0.2207330429421382,0.4961004640220627,0.9403975794496174,0.5038995359779375,0.05960242055038255
643,/wynton/group/sali/mhancock/xray/sample_bench/out/266_decoys/0/output_50/pdbs/8.pdb,870.4389270966651,0.1064320655712129,0.7641535152898701,0.36632411293266187,0.2358464847101299,0.6336758870673381
644,/wynton/group/sali/mhancock/xray/sample_bench/out/266_decoys/0/output_163/pdbs/19.pdb,833.8830866668723,0.2468754670334693,0.5864951180349535,0.5206720910913837,0.41350488196504653,0.4793279089086164
645,/wynton/group/sali/mhancock/xray/sample_bench/out/266_decoys/0/output_242/pdbs/19.pdb,824.3191153110179,0.2468481923361877,0.47047026630737115,0.5541373647305685,0.5295297336926289,0.4458626352694315
646,/wynton/group/sali/mhancock/xray/sample_bench/out/266_decoys/0/output_19/pdbs/19.pdb,815.4743012659528,0.2466872306709557,0.6527924378466886,0.3832144343548703,0.34720756215331144,0.6167855656451297
647,/wynton/group/sali/mhancock/xray/sample_bench/out/266_decoys/0/output_147/pdbs/9.pdb,1331.588840975685,0.1132859788824667,0.6443949936548693,0.4136684905823358,0.3556050063451307,0.5863315094176641
648,/wynton/group/sali/mhancock/xray/sample_bench/out/266_decoys/0/output_132/pdbs/15.pdb,566.0639492334228,0.1915233064171479,0.380074904647729,0.6557424993280809,0.619925095352271,0.34425750067191907
649,/wynton/group/sali/mhancock/xray/sample_bench/out/266_decoys/0/output_27/pdbs/12.pdb,719.22065377891,0.1544375319486117,0.6195654983140204,0.4352988407164956,0.38043450168597964,0.5647011592835044
650,/wynton/group/sali/mhancock/xray/sample_bench/out/266_decoys/0/output_149/pdbs/3.pdb,4720.522967523954,0.0522742563052506,0.9235591535575709,0.8362877233561158,0.0764408464424291,0.16371227664388424
651,/wynton/group/sali/mhancock/xray/sample_bench/out/266_decoys/0/output_129/pdbs/8.pdb,884.7769961087292,0.1066973710799615,0.8856791164563231,0.3205095071136456,0.11432088354367681,0.6794904928863543
652,/wynton/group/sali/mhancock/xray/sample_bench/out/266_decoys/0/output_240/pdbs/17.pdb,581.7392689874905,0.2153222959785345,0.3028610374133419,0.3820152225320826,0.6971389625866581,0.6179847774679176
653,/wynton/group/sali/mhancock/xray/sample_bench/out/266_decoys/0/output_148/pdbs/14.pdb,576.6959770855033,0.1804962792261488,0.50356127458268,0.8362174118310294,0.49643872541732004,0.16378258816897062
654,/wynton/group/sali/mhancock/xray/sample_bench/out/266_decoys/0/output_59/pdbs/6.pdb,1970.1825321682977,0.0849316067332143,0.5814734821767009,0.193347137788511,0.418526517823299,0.806652862211489
655,/wynton/group/sali/mhancock/xray/sample_bench/out/266_decoys/0/output_161/pdbs/2.pdb,3781.8085118637255,0.0421162970179139,0.8071294689718591,0.5093784041690373,0.19287053102814092,0.4906215958309627
656,/wynton/group/sali/mhancock/xray/sample_bench/out/266_decoys/0/output_199/pdbs/19.pdb,830.5678552253971,0.2451339497759313,0.47672028005480166,0.54770296591147,0.5232797199451983,0.4522970340885299
657,/wynton/group/sali/mhancock/xray/sample_bench/out/266_decoys/0/output_211/pdbs/12.pdb,714.803375652248,0.1538898220824917,0.4792722394467117,0.6929217514676198,0.5207277605532883,0.30707824853238014
658,/wynton/group/sali/mhancock/xray/sample_bench/out/266_decoys/0/output_212/pdbs/7.pdb,1512.1748823382018,0.0961096490770685,0.2131940813124857,0.6708653492891928,0.7868059186875143,0.32913465071080716
659,/wynton/group/sali/mhancock/xray/sample_bench/out/266_decoys/0/output_130/pdbs/11.pdb,682.2407120480582,0.1376500952167133,0.8342368115065659,0.48309252731148117,0.16576318849343405,0.5169074726885188
660,/wynton/group/sali/mhancock/xray/sample_bench/out/266_decoys/0/output_156/pdbs/6.pdb,1967.517512620435,0.082328842888394,0.9104285576820493,0.2695389639650999,0.08957144231795063,0.7304610360349001
661,/wynton/group/sali/mhancock/xray/sample_bench/out/266_decoys/0/output_160/pdbs/13.pdb,908.0735868683398,0.1653656646435062,0.6947564648021358,0.22430481676037012,0.3052435351978641,0.7756951832396299
662,/wynton/group/sali/mhancock/xray/sample_bench/out/266_decoys/0/output_199/pdbs/7.pdb,1498.133411418365,0.0966903736718387,0.25877588002843616,0.847795501379095,0.7412241199715639,0.15220449862090488
663,/wynton/group/sali/mhancock/xray/sample_bench/out/266_decoys/0/output_215/pdbs/11.pdb,673.7468940362076,0.1382728214936143,0.15360625461999755,0.2264970885594934,0.8463937453800023,0.7735029114405066
664,/wynton/group/sali/mhancock/xray/sample_bench/out/266_decoys/0/output_206/pdbs/1.pdb,7242.451722094768,0.0300070677011697,0.45862001372724426,0.09684333963553368,0.5413799862727557,0.9031566603644663
665,/wynton/group/sali/mhancock/xray/sample_bench/out/266_decoys/0/output_60/pdbs/7.pdb,1508.729392357916,0.0963508031582907,0.5393364008036545,0.08992625261922987,0.4606635991963454,0.9100737473807702
666,/wynton/group/sali/mhancock/xray/sample_bench/out/266_decoys/0/output_74/pdbs/11.pdb,678.5746474099344,0.1394485260370134,0.11581746469557977,0.6088526274123045,0.8841825353044203,0.39114737258769555
667,/wynton/group/sali/mhancock/xray/sample_bench/out/266_decoys/0/output_206/pdbs/16.pdb,777.0355370951954,0.2045995217262717,0.5358401177735833,0.8232093585315441,0.4641598822264167,0.1767906414684559
668,/wynton/group/sali/mhancock/xray/sample_bench/out/266_decoys/0/output_124/pdbs/10.pdb,1341.323167849802,0.1285207829831519,0.4741914440648248,0.5672744789556833,0.5258085559351753,0.4327255210443167
669,/wynton/group/sali/mhancock/xray/sample_bench/out/266_decoys/0/output_240/pdbs/7.pdb,1516.755734246991,0.0945241160263013,0.5992348240396725,0.50898230191389,0.40076517596032757,0.49101769808611
670,/wynton/group/sali/mhancock/xray/sample_bench/out/266_decoys/0/output_164/pdbs/4.pdb,3010.7849216184995,0.0629415135881683,0.3541411499952625,0.5645356113945177,0.6458588500047375,0.43546438860548237
671,/wynton/group/sali/mhancock/xray/sample_bench/out/266_decoys/0/output_81/pdbs/3.pdb,4708.1696779405775,0.0538837762510153,0.9473075368070337,0.1991668444370812,0.052692463192966235,0.8008331555629188
672,/wynton/group/sali/mhancock/xray/sample_bench/out/266_decoys/0/output_228/pdbs/11.pdb,688.6194331535428,0.1401962658872653,0.8298676308711217,0.3525120310041636,0.17013236912887822,0.6474879689958364
673,/wynton/group/sali/mhancock/xray/sample_bench/out/266_decoys/0/output_80/pdbs/2.pdb,3766.336181639307,0.0438430457114729,0.7807976852315972,0.30121312053901184,0.21920231476840277,0.6987868794609882
674,/wynton/group/sali/mhancock/xray/sample_bench/out/266_decoys/0/output_106/pdbs/1.pdb,7259.281663419752,0.0309176569620977,0.8847963568861866,0.32786844601512416,0.11520364311381333,0.6721315539848759
675,/wynton/group/sali/mhancock/xray/sample_bench/out/266_decoys/0/output_241/pdbs/15.pdb,567.7424642736173,0.1941369236989649,0.4428402740419568,0.48173365417152514,0.5571597259580432,0.5182663458284748
676,/wynton/group/sali/mhancock/xray/sample_bench/out/266_decoys/0/output_167/pdbs/9.pdb,1320.9225577300824,0.1142720331999464,0.8825194186863796,0.5554208214180179,0.11748058131362037,0.44457917858198204
677,/wynton/group/sali/mhancock/xray/sample_bench/out/266_decoys/0/output_175/pdbs/1.pdb,7232.149985794084,0.0297408927422682,0.28278095849926466,0.5364848776830478,0.7172190415007355,0.4635151223169523
678,/wynton/group/sali/mhancock/xray/sample_bench/out/266_decoys/0/output_206/pdbs/6.pdb,1970.186412492089,0.0826410393814871,0.385232027108783,0.5919722552046232,0.614767972891217,0.4080277447953769
679,/wynton/group/sali/mhancock/xray/sample_bench/out/266_decoys/0/output_54/pdbs/1.pdb,7236.8111509365135,0.0290456753543507,0.5303333011166329,0.31868077918917903,0.46966669888336715,0.681319220810821
680,/wynton/group/sali/mhancock/xray/sample_bench/out/266_decoys/0/output_10/pdbs/5.pdb,1642.1170021193,0.0775503875263546,0.5549402161615269,0.32767481361829015,0.445059783838473,0.6723251863817099
681,/wynton/group/sali/mhancock/xray/sample_bench/out/266_decoys/0/output_48/pdbs/16.pdb,778.324537528588,0.2080164307635476,0.24449428448583385,0.6137361854928769,0.755505715514166,0.38626381450712327
682,/wynton/group/sali/mhancock/xray/sample_bench/out/266_decoys/0/output_29/pdbs/15.pdb,562.8659202502588,0.1910607380452783,0.5478474919328223,0.32648102040948107,0.4521525080671776,0.6735189795905189
683,/wynton/group/sali/mhancock/xray/sample_bench/out/266_decoys/0/output_246/pdbs/8.pdb,880.6166525436605,0.1042611053688114,0.45576070184708317,0.30241148503373994,0.5442392981529168,0.6975885149662601
684,/wynton/group/sali/mhancock/xray/sample_bench/out/266_decoys/0/output_4/pdbs/12.pdb,720.7239446064723,0.149812879056727,0.06457161917436736,0.5159244331134177,0.9354283808256326,0.4840755668865823
685,/wynton/group/sali/mhancock/xray/sample_bench/out/266_decoys/0/output_234/pdbs/15.pdb,579.0644743164796,0.1948039102115944,0.6086558404198164,0.4257660101587966,0.3913441595801837,0.5742339898412033
686,/wynton/group/sali/mhancock/xray/sample_bench/out/266_decoys/0/output_153/pdbs/11.pdb,686.4903943006184,0.13522419886635,0.560174992872205,0.4668581316471929,0.439825007127795,0.5331418683528072
687,/wynton/group/sali/mhancock/xray/sample_bench/out/266_decoys/0/output_185/pdbs/8.pdb,883.5982207643651,0.1067735856756369,0.857062978460524,0.6167594462812778,0.142937021539476,0.3832405537187223
688,/wynton/group/sali/mhancock/xray/sample_bench/out/266_decoys/0/output_206/pdbs/7.pdb,1509.8807586080986,0.0954865832640131,0.19650861904031333,0.9607202920104918,0.8034913809596866,0.039279707989508174
689,/wynton/group/sali/mhancock/xray/sample_bench/out/266_decoys/0/output_93/pdbs/16.pdb,770.9850530584242,0.208095010278229,0.5385308356335763,0.8681554908952283,0.4614691643664237,0.1318445091047718
690,/wynton/group/sali/mhancock/xray/sample_bench/out/266_decoys/0/output_220/pdbs/18.pdb,551.5540109021567,0.2324553334331236,0.6524989885040474,0.8088017992106065,0.3475010114959527,0.1911982007893936
691,/wynton/group/sali/mhancock/xray/sample_bench/out/266_decoys/0/output_162/pdbs/7.pdb,1512.506894513855,0.0959230682715979,0.4759479131994128,0.4502371791975332,0.5240520868005873,0.5497628208024669
692,/wynton/group/sali/mhancock/xray/sample_bench/out/266_decoys/0/output_225/pdbs/13.pdb,921.049464637018,0.1654458285812997,0.23650374042217548,0.30005572010698284,0.7634962595778244,0.6999442798930172
693,/wynton/group/sali/mhancock/xray/sample_bench/out/266_decoys/0/output_229/pdbs/6.pdb,1962.6151323258284,0.0834216912426698,0.019596159303689905,0.6755285178573495,0.9804038406963101,0.32447148214265037
694,/wynton/group/sali/mhancock/xray/sample_bench/out/266_decoys/0/output_1/pdbs/9.pdb,1331.0654936890066,0.1144946759987174,0.4163658895619951,0.5043604266165266,0.5836341104380048,0.4956395733834733
695,/wynton/group/sali/mhancock/xray/sample_bench/out/266_decoys/0/output_241/pdbs/18.pdb,545.3778472860022,0.2350396493919101,0.6897906542789098,0.3966816009385236,0.3102093457210901,0.6033183990614764
696,/wynton/group/sali/mhancock/xray/sample_bench/out/266_decoys/0/output_249/pdbs/5.pdb,1643.104313280876,0.0747804143248206,0.42731871884454115,0.4489698549944842,0.5726812811554589,0.5510301450055157
697,/wynton/group/sali/mhancock/xray/sample_bench/out/266_decoys/0/output_24/pdbs/8.pdb,887.7832837963598,0.1060084559337998,0.3396282208965205,0.1302983853591204,0.6603717791034794,0.8697016146408797
698,/wynton/group/sali/mhancock/xray/sample_bench/out/266_decoys/0/output_38/pdbs/4.pdb,3016.3644586446244,0.0629065078116549,0.7866368789247489,0.3836195552566119,0.21336312107525116,0.616380444743388
699,/wynton/group/sali/mhancock/xray/sample_bench/out/266_decoys/0/output_20/pdbs/2.pdb,3763.363959019528,0.0431391850200662,0.21539747889156396,0.005049449032319498,0.7846025211084361,0.9949505509676805
700,/wynton/group/sali/mhancock/xray/sample_bench/out/266_decoys/0/output_205/pdbs/8.pdb,878.1375242748775,0.1078522215244872,0.4635811972145941,0.21771910810738435,0.5364188027854059,0.7822808918926157
701,/wynton/group/sali/mhancock/xray/sample_bench/out/266_decoys/0/output_87/pdbs/4.pdb,2988.4355871784637,0.062878633301589,0.698919537166928,0.2618874620492609,0.301080462833072,0.7381125379507391
702,/wynton/group/sali/mhancock/xray/sample_bench/out/266_decoys/0/output_188/pdbs/15.pdb,578.217092301973,0.196366084738748,0.4802169915081749,0.9555023619597997,0.5197830084918251,0.044497638040200384
703,/wynton/group/sali/mhancock/xray/sample_bench/out/266_decoys/0/output_75/pdbs/2.pdb,3774.184487973682,0.0435354005319563,0.11476896260815167,0.7279705198523044,0.8852310373918483,0.27202948014769557
704,/wynton/group/sali/mhancock/xray/sample_bench/out/266_decoys/0/output_242/pdbs/15.pdb,567.8896833211732,0.1920617173778005,0.08390445075114451,0.5470709465409491,0.9160955492488555,0.452929053459051
705,/wynton/group/sali/mhancock/xray/sample_bench/out/266_decoys/0/output_240/pdbs/6.pdb,1971.5940616244895,0.0824913819287646,0.5049999952317814,0.21464157697553488,0.4950000047682186,0.7853584230244652
706,/wynton/group/sali/mhancock/xray/sample_bench/out/266_decoys/0/output_169/pdbs/17.pdb,577.2644444060295,0.2198281471190024,0.6578775515623647,0.07139464463764955,0.3421224484376353,0.9286053553623504
707,/wynton/group/sali/mhancock/xray/sample_bench/out/266_decoys/0/output_76/pdbs/13.pdb,923.7525153005396,0.1625769592541851,0.02227409197352245,0.0802449206694425,0.9777259080264775,0.9197550793305574
708,/wynton/group/sali/mhancock/xray/sample_bench/out/266_decoys/0/output_172/pdbs/17.pdb,581.6695579065572,0.2233137233818783,0.42972817456228224,0.7327034472974874,0.5702718254377177,0.2672965527025127
709,/wynton/group/sali/mhancock/xray/sample_bench/out/266_decoys/0/output_29/pdbs/10.pdb,1335.1951448922782,0.1237807830474968,0.5672453298251603,0.1212330175433545,0.43275467017483965,0.8787669824566455
710,/wynton/group/sali/mhancock/xray/sample_bench/out/266_decoys/0/output_118/pdbs/10.pdb,1337.9020919893117,0.1297341082726098,0.41887852636822515,0.28426352627620394,0.5811214736317748,0.715736473723796
711,/wynton/group/sali/mhancock/xray/sample_bench/out/266_decoys/0/output_195/pdbs/16.pdb,776.5869304345936,0.20342833360728,0.028851450923880785,0.4662188914725303,0.9711485490761192,0.5337811085274697
712,/wynton/group/sali/mhancock/xray/sample_bench/out/266_decoys/0/output_82/pdbs/10.pdb,1333.4028279805957,0.1278028996405096,0.5495178324712781,0.5786548773460467,0.450482167528722,0.42134512265395335
713,/wynton/group/sali/mhancock/xray/sample_bench/out/266_decoys/0/output_129/pdbs/1.pdb,7214.327603487909,0.0308423489481874,0.6139648739417519,0.8349515148087545,0.38603512605824813,0.1650484851912455
714,/wynton/group/sali/mhancock/xray/sample_bench/out/266_decoys/0/output_60/pdbs/18.pdb,563.2394373334096,0.2344696295030228,0.4519845397356093,0.6693969134330263,0.5480154602643906,0.3306030865669737
715,/wynton/group/sali/mhancock/xray/sample_bench/out/266_decoys/0/output_237/pdbs/7.pdb,1503.997007432743,0.0928486354812237,0.5049378630183413,0.18289187053256956,0.49506213698165863,0.8171081294674305
716,/wynton/group/sali/mhancock/xray/sample_bench/out/266_decoys/0/output_208/pdbs/4.pdb,2987.9289438742026,0.0641349210678325,0.2632904346078439,0.21239581755742568,0.736709565392156,0.7876041824425744
717,/wynton/group/sali/mhancock/xray/sample_bench/out/266_decoys/0/output_178/pdbs/14.pdb,590.766257424192,0.1820760619048124,0.34100582507098354,0.3065822647175876,0.6589941749290166,0.6934177352824124
718,/wynton/group/sali/mhancock/xray/sample_bench/out/266_decoys/0/output_105/pdbs/8.pdb,883.7617290006413,0.1029769277675708,0.5949749379733984,0.7673998889319238,0.40502506202660155,0.2326001110680762
719,/wynton/group/sali/mhancock/xray/sample_bench/out/266_decoys/0/output_40/pdbs/8.pdb,875.0178707308576,0.1037705564736041,0.42159509868878714,0.5466725316137796,0.5784049013112129,0.45332746838622034
720,/wynton/group/sali/mhancock/xray/sample_bench/out/266_decoys/0/output_9/pdbs/14.pdb,576.9094546201927,0.1808848282403236,0.4541959217392564,0.38303359813766225,0.5458040782607435,0.6169664018623378
721,/wynton/group/sali/mhancock/xray/sample_bench/out/266_decoys/0/output_123/pdbs/16.pdb,773.1575167044493,0.2092748599768124,0.9981819509980209,0.18328261524204406,0.0018180490019791197,0.816717384757956
722,/wynton/group/sali/mhancock/xray/sample_bench/out/266_decoys/0/output_68/pdbs/11.pdb,675.6355534203938,0.1398517147562797,0.15003286974975968,0.4858990998539191,0.8499671302502403,0.5141009001460809
723,/wynton/group/sali/mhancock/xray/sample_bench/out/266_decoys/0/output_187/pdbs/8.pdb,886.2378624502289,0.1051666903381773,0.40819734350481074,0.4347810061774896,0.5918026564951894,0.5652189938225104
724,/wynton/group/sali/mhancock/xray/sample_bench/out/266_decoys/0/output_132/pdbs/5.pdb,1639.392968131263,0.0762782476161789,0.7130256287992159,0.4650590689821081,0.2869743712007841,0.534940931017892
725,/wynton/group/sali/mhancock/xray/sample_bench/out/266_decoys/0/output_152/pdbs/3.pdb,4714.448650067318,0.0529821142527954,0.5313389900266979,0.524306912833321,0.46866100997330207,0.475693087166679
726,/wynton/group/sali/mhancock/xray/sample_bench/out/266_decoys/0/output_176/pdbs/7.pdb,1513.8341297737925,0.0970238388156847,0.3490895259575476,0.49504645030959027,0.6509104740424523,0.5049535496904096
727,/wynton/group/sali/mhancock/xray/sample_bench/out/266_decoys/0/output_142/pdbs/6.pdb,1970.6819438830223,0.0830135078974654,0.08019474939298239,0.7195373574875182,0.9198052506070177,0.28046264251248176
728,/wynton/group/sali/mhancock/xray/sample_bench/out/266_decoys/0/output_216/pdbs/3.pdb,4694.107248720599,0.0537401711405301,0.2811447416210832,0.463692399087289,0.7188552583789167,0.536307600912711
729,/wynton/group/sali/mhancock/xray/sample_bench/out/266_decoys/0/output_176/pdbs/8.pdb,877.0851325242013,0.1059058840911623,0.57803711983051,0.5067415457811191,0.42196288016948996,0.493258454218881
730,/wynton/group/sali/mhancock/xray/sample_bench/out/266_decoys/0/output_110/pdbs/14.pdb,574.6425736946951,0.1783143550225963,0.6664022455905391,0.6139358422691289,0.33359775440946093,0.38606415773087116
731,/wynton/group/sali/mhancock/xray/sample_bench/out/266_decoys/0/output_147/pdbs/12.pdb,721.2847899905903,0.1500463172481612,0.9337175917223157,0.5700868077236128,0.06628240827768428,0.42991319227638736
732,/wynton/group/sali/mhancock/xray/sample_bench/out/266_decoys/0/output_64/pdbs/16.pdb,770.2007488065776,0.209128177639001,0.46566503898820366,0.7654043345193444,0.5343349610117962,0.2345956654806556
733,/wynton/group/sali/mhancock/xray/sample_bench/out/266_decoys/0/output_139/pdbs/11.pdb,678.6186786682865,0.1383061903315973,0.515592495175761,0.10775136712189982,0.48440750482423894,0.8922486328781002
734,/wynton/group/sali/mhancock/xray/sample_bench/out/266_decoys/0/output_199/pdbs/12.pdb,728.0212884209611,0.1528048360748417,0.5023887153339207,0.7729298138151305,0.4976112846660793,0.22707018618486954
735,/wynton/group/sali/mhancock/xray/sample_bench/out/266_decoys/0/output_75/pdbs/3.pdb,4732.777307567453,0.0533285442502133,0.8475246954840532,0.775562309791267,0.15247530451594687,0.22443769020873303
736,/wynton/group/sali/mhancock/xray/sample_bench/out/266_decoys/0/output_71/pdbs/3.pdb,4716.2611299334485,0.0534292296413159,0.8617625675369758,0.8758388648494596,0.1382374324630242,0.12416113515054035
737,/wynton/group/sali/mhancock/xray/sample_bench/out/266_decoys/0/output_81/pdbs/9.pdb,1341.3280214832137,0.1132483161213268,0.639795880160968,0.36538478405979635,0.36020411983903206,0.6346152159402036
738,/wynton/group/sali/mhancock/xray/sample_bench/out/266_decoys/0/output_121/pdbs/7.pdb,1508.0207901377414,0.0956596500632446,0.0699405224885098,0.08828436562073703,0.9300594775114902,0.911715634379263
739,/wynton/group/sali/mhancock/xray/sample_bench/out/266_decoys/0/output_75/pdbs/12.pdb,732.7059101377704,0.1533116746366747,0.7240537716351886,0.8666851084762955,0.2759462283648113,0.13331489152370443
740,/wynton/group/sali/mhancock/xray/sample_bench/out/266_decoys/0/output_93/pdbs/12.pdb,714.4380410576455,0.1547216761346329,0.721263696071565,0.6938329996313004,0.27873630392843496,0.30616700036869954
741,/wynton/group/sali/mhancock/xray/sample_bench/out/266_decoys/0/output_218/pdbs/8.pdb,874.8343298154844,0.1062557260872252,0.45214922138920505,0.8888633778836376,0.5478507786107949,0.11113662211636247
742,/wynton/group/sali/mhancock/xray/sample_bench/out/266_decoys/0/output_156/pdbs/9.pdb,1324.2890132407213,0.1151827828130672,0.3741577534126019,0.6721540108013446,0.6258422465873981,0.3278459891986553
743,/wynton/group/sali/mhancock/xray/sample_bench/out/266_decoys/0/output_132/pdbs/7.pdb,1516.5209784885055,0.0961751610326239,0.5625279534345956,0.01861341810084048,0.43747204656540434,0.9813865818991595
744,/wynton/group/sali/mhancock/xray/sample_bench/out/266_decoys/0/output_165/pdbs/11.pdb,680.4958312004633,0.1399105882736033,0.5311797829238315,0.9662746170937275,0.4688202170761685,0.03372538290627246
745,/wynton/group/sali/mhancock/xray/sample_bench/out/266_decoys/0/output_101/pdbs/15.pdb,564.4365917556174,0.1926611535060298,0.400218293227787,0.06924057271440955,0.5997817067722131,0.9307594272855905
746,/wynton/group/sali/mhancock/xray/sample_bench/out/266_decoys/0/output_157/pdbs/15.pdb,579.4832517252785,0.1902114314169344,0.1334288031217363,0.33086462008680717,0.8665711968782637,0.6691353799131928
747,/wynton/group/sali/mhancock/xray/sample_bench/out/266_decoys/0/output_222/pdbs/18.pdb,551.9011051930399,0.232434707858507,0.9445244646319269,0.2674696685374599,0.05547553536807309,0.7325303314625401
748,/wynton/group/sali/mhancock/xray/sample_bench/out/266_decoys/0/output_151/pdbs/18.pdb,553.4558170346877,0.2372380007907181,0.15201567140733077,0.12428949229317904,0.8479843285926693,0.875710507706821
749,/wynton/group/sali/mhancock/xray/sample_bench/out/266_decoys/0/output_203/pdbs/18.pdb,548.5452508453952,0.2362317342957205,0.28460122847367214,0.6221906817760801,0.7153987715263279,0.37780931822391994
750,/wynton/group/sali/mhancock/xray/sample_bench/out/266_decoys/0/output_33/pdbs/38.pdb,864.3544089937002,0.4838777676471496,0.5156333281216393,0.3200590939046692,0.48436667187836063,0.6799409060953308
751,/wynton/group/sali/mhancock/xray/sample_bench/out/266_decoys/0/output_230/pdbs/20.pdb,792.1416037153172,0.2609701055932953,0.1804998070280331,0.43159829559979196,0.8195001929719669,0.568401704400208
752,/wynton/group/sali/mhancock/xray/sample_bench/out/266_decoys/0/output_108/pdbs/98.pdb,713.3356520592454,0.9773725069870054,0.8540918602718095,0.8827655383513179,0.14590813972819044,0.11723446164868222
753,/wynton/group/sali/mhancock/xray/sample_bench/out/266_decoys/0/output_180/pdbs/21.pdb,658.8807495069047,0.2783878061513029,0.44317023840276226,0.8476801759911041,0.5568297615972377,0.15231982400889585
754,/wynton/group/sali/mhancock/xray/sample_bench/out/266_decoys/0/output_243/pdbs/52.pdb,572.3838015744191,0.6352717955125642,0.16497491770115696,0.4160282502171244,0.835025082298843,0.5839717497828756
755,/wynton/group/sali/mhancock/xray/sample_bench/out/266_decoys/0/output_68/pdbs/36.pdb,671.9962969549606,0.4648188581766461,0.30979169346055363,0.8008063990744622,0.6902083065394464,0.1991936009255378
756,/wynton/group/sali/mhancock/xray/sample_bench/out/266_decoys/0/output_93/pdbs/69.pdb,726.1242643352888,0.7726042323492697,0.5500544897442556,0.24286759368652644,0.44994551025574425,0.7571324063134736
757,/wynton/group/sali/mhancock/xray/sample_bench/out/266_decoys/0/output_174/pdbs/60.pdb,720.7655645098696,0.70543824088405,0.2008581512751508,0.6289123978942366,0.7991418487248492,0.3710876021057634
758,/wynton/group/sali/mhancock/xray/sample_bench/out/266_decoys/0/output_175/pdbs/65.pdb,736.9026018174441,0.7311413516883141,0.2287013998095981,0.880830229478688,0.7712986001904019,0.11916977052131193
759,/wynton/group/sali/mhancock/xray/sample_bench/out/266_decoys/0/output_14/pdbs/21.pdb,657.2045836262071,0.273156184141366,0.5110198405150048,0.6840722022340257,0.4889801594849952,0.31592779776597435
760,/wynton/group/sali/mhancock/xray/sample_bench/out/266_decoys/0/output_216/pdbs/88.pdb,754.0651155479743,0.9133247612119264,0.6601975264373494,0.3689635082520059,0.33980247356265064,0.631036491747994
761,/wynton/group/sali/mhancock/xray/sample_bench/out/266_decoys/0/output_226/pdbs/68.pdb,724.1065548230293,0.7628143347157007,0.5197166961371149,0.8714244661644271,0.48028330386288504,0.1285755338355728
762,/wynton/group/sali/mhancock/xray/sample_bench/out/266_decoys/0/output_160/pdbs/85.pdb,757.1897070232803,0.9016674903108272,0.7902923344797396,0.5641008522817312,0.20970766552026043,0.4358991477182688
763,/wynton/group/sali/mhancock/xray/sample_bench/out/266_decoys/0/output_54/pdbs/19.pdb,817.1502774104083,0.2501472042973025,0.5236243547457294,0.80586522917841,0.4763756452542705,0.19413477082159006
764,/wynton/group/sali/mhancock/xray/sample_bench/out/266_decoys/0/output_116/pdbs/76.pdb,749.3319314733411,0.840888601405196,0.36501316481547813,0.5866680599363636,0.6349868351845219,0.4133319400636364
765,/wynton/group/sali/mhancock/xray/sample_bench/out/266_decoys/0/output_4/pdbs/86.pdb,847.6866144141524,0.912415541842293,0.5832951398939364,0.23494367470529334,0.41670486010606345,0.7650563252947066
766,/wynton/group/sali/mhancock/xray/sample_bench/out/266_decoys/0/output_38/pdbs/61.pdb,623.4634248639298,0.7097979236726917,0.8305556861758709,0.5075354497275972,0.16944431382412906,0.49246455027240266
767,/wynton/group/sali/mhancock/xray/sample_bench/out/266_decoys/0/output_220/pdbs/98.pdb,719.584973938164,0.9729261782727612,0.5857905447478111,0.35846722325013847,0.4142094552521889,0.6415327767498615
768,/wynton/group/sali/mhancock/xray/sample_bench/out/266_decoys/0/output_151/pdbs/39.pdb,742.4929483893206,0.5087801600415793,0.5376834429786945,0.6038151670100832,0.46231655702130553,0.3961848329899169
769,/wynton/group/sali/mhancock/xray/sample_bench/out/266_decoys/0/output_168/pdbs/42.pdb,601.2536479364562,0.5304546912703383,0.9596667522234301,0.7166506551243129,0.040333247776569894,0.28334934487568714
770,/wynton/group/sali/mhancock/xray/sample_bench/out/266_decoys/0/output_200/pdbs/46.pdb,628.2541112702781,0.5715604385725996,0.5827699667373778,0.4273209616402706,0.41723003326262215,0.5726790383597293
771,/wynton/group/sali/mhancock/xray/sample_bench/out/266_decoys/0/output_106/pdbs/20.pdb,785.7509773247009,0.2610980135241068,0.5121989579007362,0.3273139283644595,0.48780104209926395,0.6726860716355405
772,/wynton/group/sali/mhancock/xray/sample_bench/out/266_decoys/0/output_118/pdbs/31.pdb,931.1839343935162,0.4116926793115462,0.551507188382463,0.46876107194122907,0.44849281161753696,0.5312389280587708
773,/wynton/group/sali/mhancock/xray/sample_bench/out/266_decoys/0/output_133/pdbs/42.pdb,607.5592455270441,0.5331870276283472,0.41410543191656674,0.8576870543714509,0.5858945680834333,0.14231294562854915
774,/wynton/group/sali/mhancock/xray/sample_bench/out/266_decoys/0/output_220/pdbs/52.pdb,553.5111837640416,0.6286946136763376,0.3172879889134513,0.6572644181616079,0.6827120110865488,0.3427355818383921
775,/wynton/group/sali/mhancock/xray/sample_bench/out/266_decoys/0/output_138/pdbs/41.pdb,610.9885927654607,0.5217916149992765,0.29246161983767466,0.42097948369122823,0.7075383801623254,0.5790205163087718
776,/wynton/group/sali/mhancock/xray/sample_bench/out/266_decoys/0/output_42/pdbs/32.pdb,735.5766353066176,0.4228009657586019,0.37271108681082765,0.03746974584942498,0.6272889131891723,0.962530254150575
777,/wynton/group/sali/mhancock/xray/sample_bench/out/266_decoys/0/output_113/pdbs/39.pdb,763.0827633265892,0.500706570771092,0.4804215236930158,0.4245804559228001,0.5195784763069843,0.5754195440771999
778,/wynton/group/sali/mhancock/xray/sample_bench/out/266_decoys/0/output_237/pdbs/24.pdb,729.8536131618253,0.3175842895410524,0.7222989589076171,0.06341643858298716,0.27770104109238297,0.9365835614170128
779,/wynton/group/sali/mhancock/xray/sample_bench/out/266_decoys/0/output_64/pdbs/72.pdb,634.6059196263527,0.8063572815366971,0.6480834116898604,0.10211368305317944,0.3519165883101396,0.8978863169468205
780,/wynton/group/sali/mhancock/xray/sample_bench/out/266_decoys/0/output_127/pdbs/79.pdb,680.3781695699905,0.8395970519755219,0.23995850301416677,0.6065748107804804,0.7600414969858332,0.39342518921951963
781,/wynton/group/sali/mhancock/xray/sample_bench/out/266_decoys/0/output_109/pdbs/77.pdb,749.9596728608702,0.8363036076684365,0.13373797897522247,0.38962805513210136,0.8662620210247776,0.6103719448678986
782,/wynton/group/sali/mhancock/xray/sample_bench/out/266_decoys/0/output_226/pdbs/61.pdb,638.4786483777395,0.7043218665788784,0.7408221369305668,0.6099813764842016,0.2591778630694332,0.39001862351579847
783,/wynton/group/sali/mhancock/xray/sample_bench/out/266_decoys/0/output_17/pdbs/56.pdb,777.9589624941431,0.6637586575685802,0.5090765246054049,0.6164402654227246,0.4909234753945951,0.38355973457727555
784,/wynton/group/sali/mhancock/xray/sample_bench/out/266_decoys/0/output_104/pdbs/65.pdb,744.1688461037025,0.7458722864025996,0.4521432254949492,0.08949143140169005,0.5478567745050508,0.91050856859831
785,/wynton/group/sali/mhancock/xray/sample_bench/out/266_decoys/0/output_103/pdbs/90.pdb,808.3550270672392,0.9357679947462716,0.3869029873163576,0.5227159967052091,0.6130970126836425,0.4772840032947909
786,/wynton/group/sali/mhancock/xray/sample_bench/out/266_decoys/0/output_76/pdbs/82.pdb,740.4202694372293,0.8649239183648083,0.19035865063438423,0.12885389962648192,0.8096413493656157,0.8711461003735181
787,/wynton/group/sali/mhancock/xray/sample_bench/out/266_decoys/0/output_11/pdbs/97.pdb,773.5555866103858,0.982762592520108,0.4723050338172726,0.7332067177368713,0.5276949661827274,0.26679328226312876
788,/wynton/group/sali/mhancock/xray/sample_bench/out/266_decoys/0/output_120/pdbs/30.pdb,950.1618930867282,0.3933005886042422,0.9400612608380065,0.5532511283791561,0.05993873916199356,0.44674887162084387
789,/wynton/group/sali/mhancock/xray/sample_bench/out/266_decoys/0/output_184/pdbs/24.pdb,734.3873871317344,0.3160049671492348,0.4199840867419305,0.8299369879959266,0.5800159132580694,0.1700630120040733
790,/wynton/group/sali/mhancock/xray/sample_bench/out/266_decoys/0/output_129/pdbs/99.pdb,717.4882866213602,0.9840964131119816,0.06264302930704374,0.7714145700464019,0.9373569706929563,0.22858542995359815
791,/wynton/group/sali/mhancock/xray/sample_bench/out/266_decoys/0/output_217/pdbs/80.pdb,715.8944908743542,0.8622578790278749,0.7852639060941552,0.7449914848735747,0.21473609390584475,0.2550085151264253
792,/wynton/group/sali/mhancock/xray/sample_bench/out/266_decoys/0/output_19/pdbs/52.pdb,565.5310020456266,0.6292828096997405,0.8004503113400008,0.666635339407435,0.19954968865999928,0.333364660592565
793,/wynton/group/sali/mhancock/xray/sample_bench/out/266_decoys/0/output_236/pdbs/56.pdb,764.9861320880773,0.6641006531880773,0.5661511479192732,0.52189935527018,0.4338488520807268,0.47810064472982
794,/wynton/group/sali/mhancock/xray/sample_bench/out/266_decoys/0/output_139/pdbs/78.pdb,679.5542423411133,0.8505750909240821,0.040169822263957385,0.8495733714138792,0.9598301777360426,0.1504266285861208
795,/wynton/group/sali/mhancock/xray/sample_bench/out/266_decoys/0/output_177/pdbs/56.pdb,780.9335493234255,0.661518769059035,0.4760762289263276,0.5058829746760249,0.5239237710736724,0.4941170253239751
796,/wynton/group/sali/mhancock/xray/sample_bench/out/266_decoys/0/output_106/pdbs/71.pdb,615.7579331247443,0.7911541294772508,0.31784950076574364,0.6838147127176912,0.6821504992342563,0.3161852872823088
797,/wynton/group/sali/mhancock/xray/sample_bench/out/266_decoys/0/output_114/pdbs/31.pdb,914.9573567174862,0.4102885915795082,0.25327837928708696,0.7259096643848494,0.746721620712913,0.2740903356151506
798,/wynton/group/sali/mhancock/xray/sample_bench/out/266_decoys/0/output_188/pdbs/55.pdb,685.4316353650729,0.65605635503501,0.2321996013205189,0.491171793662454,0.7678003986794812,0.5088282063375459
799,/wynton/group/sali/mhancock/xray/sample_bench/out/266_decoys/0/output_241/pdbs/99.pdb,724.7895025973583,0.9627565004609862,0.8125842754486015,0.3963060362557725,0.18741572455139854,0.6036939637442276
800,/wynton/group/sali/mhancock/xray/sample_bench/out/266_decoys/0/output_0/pdbs/43.pdb,661.9380689282991,0.5479429536463863,0.09892955612349016,0.03433457091644595,0.9010704438765098,0.965665429083554
801,/wynton/group/sali/mhancock/xray/sample_bench/out/266_decoys/0/output_104/pdbs/31.pdb,930.2096309295528,0.4134645582529168,0.6334104885465008,0.36317489233916667,0.3665895114534992,0.6368251076608333
802,/wynton/group/sali/mhancock/xray/sample_bench/out/266_decoys/0/output_192/pdbs/62.pdb,647.6570985097813,0.7262912655122238,0.6250448027568819,0.7545280434361264,0.37495519724311804,0.24547195656387358
803,/wynton/group/sali/mhancock/xray/sample_bench/out/266_decoys/0/output_8/pdbs/35.pdb,887.9410098813969,0.4545973122832854,0.42287037297017666,0.8126335793721879,0.5771296270298234,0.1873664206278121
804,/wynton/group/sali/mhancock/xray/sample_bench/out/266_decoys/0/output_216/pdbs/91.pdb,748.3582185965059,0.9330017723442088,0.23891207058736516,0.7929901382052367,0.7610879294126348,0.20700986179476333
805,/wynton/group/sali/mhancock/xray/sample_bench/out/266_decoys/0/output_183/pdbs/71.pdb,598.5842866179826,0.7868847437970268,0.8336655983973549,0.2067904015398052,0.16633440160264512,0.7932095984601948
806,/wynton/group/sali/mhancock/xray/sample_bench/out/266_decoys/0/output_66/pdbs/25.pdb,829.97775337914,0.3294829036156882,0.4182381625182961,0.27299510346583994,0.5817618374817038,0.72700489653416
807,/wynton/group/sali/mhancock/xray/sample_bench/out/266_decoys/0/output_119/pdbs/96.pdb,790.4990444878385,0.9699718577140636,0.1986342673813727,0.5430672180917611,0.8013657326186273,0.45693278190823905
808,/wynton/group/sali/mhancock/xray/sample_bench/out/266_decoys/0/output_195/pdbs/55.pdb,722.3242401043756,0.6578549104657658,0.5032318919040241,0.007165817077913525,0.49676810809597605,0.9928341829220865
809,/wynton/group/sali/mhancock/xray/sample_bench/out/266_decoys/0/output_220/pdbs/80.pdb,695.7350652286932,0.8548381532059601,0.3117358839782134,0.25653897682699345,0.6882641160217866,0.7434610231730066
810,/wynton/group/sali/mhancock/xray/sample_bench/out/266_decoys/0/output_149/pdbs/38.pdb,838.6968676006588,0.4956125592714377,0.24587373456115844,0.40084840982321457,0.7541262654388415,0.5991515901767854
811,/wynton/group/sali/mhancock/xray/sample_bench/out/266_decoys/0/output_249/pdbs/78.pdb,684.437758136664,0.8364622732713304,0.23055839525537974,0.415187502557519,0.7694416047446203,0.584812497442481
812,/wynton/group/sali/mhancock/xray/sample_bench/out/266_decoys/0/output_175/pdbs/28.pdb,820.8232346279588,0.3704839978919728,0.7676550943762026,0.5873742118024802,0.23234490562379742,0.4126257881975198
813,/wynton/group/sali/mhancock/xray/sample_bench/out/266_decoys/0/output_35/pdbs/54.pdb,724.9927370671874,0.6560787649048124,0.46327024852318316,0.4231674185362822,0.5367297514768169,0.5768325814637179
814,/wynton/group/sali/mhancock/xray/sample_bench/out/266_decoys/0/output_153/pdbs/32.pdb,725.9307227966044,0.4130016754171756,0.7192738899352951,0.35616382677244873,0.2807261100647049,0.6438361732275513
815,/wynton/group/sali/mhancock/xray/sample_bench/out/266_decoys/0/output_230/pdbs/54.pdb,718.1036122712613,0.6559539449721135,0.8937869060141803,0.6290192606377875,0.10621309398581977,0.3709807393622126
816,/wynton/group/sali/mhancock/xray/sample_bench/out/266_decoys/0/output_165/pdbs/80.pdb,719.4997480442951,0.8709477636578851,0.6246395893658686,0.6593607656972896,0.37536041063413145,0.3406392343027104
817,/wynton/group/sali/mhancock/xray/sample_bench/out/266_decoys/0/output_244/pdbs/56.pdb,778.2754939659343,0.6691289088718468,0.792630193965233,0.823497692746063,0.20736980603476696,0.176502307253937
818,/wynton/group/sali/mhancock/xray/sample_bench/out/266_decoys/0/output_118/pdbs/40.pdb,610.2328963328707,0.5142098220963105,0.8224725659175035,0.9043422905109774,0.17752743408249644,0.09565770948902261
819,/wynton/group/sali/mhancock/xray/sample_bench/out/266_decoys/0/output_226/pdbs/62.pdb,632.7917353513627,0.7121775274519863,0.925335858796079,0.44787556875549134,0.07466414120392094,0.5521244312445086
820,/wynton/group/sali/mhancock/xray/sample_bench/out/266_decoys/0/output_51/pdbs/45.pdb,658.2952327248906,0.5727392687656817,0.6505199963926072,0.646150293685443,0.3494800036073929,0.3538497063145571
821,/wynton/group/sali/mhancock/xray/sample_bench/out/266_decoys/0/output_14/pdbs/40.pdb,607.8892508547092,0.5094594884943511,0.3475570641723044,0.7369407163494464,0.6524429358276955,0.26305928365055364
822,/wynton/group/sali/mhancock/xray/sample_bench/out/266_decoys/0/output_115/pdbs/73.pdb,735.4325419571262,0.8139080919411312,0.9767578836271003,0.8382687105246002,0.023242116372899736,0.1617312894753999
823,/wynton/group/sali/mhancock/xray/sample_bench/out/266_decoys/0/output_196/pdbs/21.pdb,625.8652578108301,0.275684075489349,0.5100627922713863,0.14891349611975246,0.48993720772861377,0.8510865038802475
824,/wynton/group/sali/mhancock/xray/sample_bench/out/266_decoys/0/output_16/pdbs/53.pdb,661.040310709702,0.6465526697332551,0.017563382749792605,0.6125634307286587,0.9824366172502074,0.38743656927134135
825,/wynton/group/sali/mhancock/xray/sample_bench/out/266_decoys/0/output_67/pdbs/85.pdb,769.5456886395855,0.8867089732265654,0.8261200078263167,0.2976122601002657,0.1738799921736833,0.7023877398997344
826,/wynton/group/sali/mhancock/xray/sample_bench/out/266_decoys/0/output_226/pdbs/72.pdb,662.7719844831586,0.7922618420329006,0.6804926555815923,0.42117499567834965,0.3195073444184077,0.5788250043216504
827,/wynton/group/sali/mhancock/xray/sample_bench/out/266_decoys/0/output_15/pdbs/72.pdb,642.9387451164199,0.7961318903126782,0.3225671479585847,0.8088438132179774,0.6774328520414153,0.19115618678202254
828,/wynton/group/sali/mhancock/xray/sample_bench/out/266_decoys/0/output_88/pdbs/48.pdb,686.9544046638312,0.597688385593039,0.7718316826496664,0.4880198640133463,0.22816831735033366,0.5119801359866537
829,/wynton/group/sali/mhancock/xray/sample_bench/out/266_decoys/0/output_134/pdbs/60.pdb,717.9611550313281,0.6989349420544171,0.07128436910680916,0.7408675983647768,0.928715630893191,0.2591324016352233
830,/wynton/group/sali/mhancock/xray/sample_bench/out/266_decoys/0/output_23/pdbs/35.pdb,901.265020773102,0.458829932991017,0.568352656352415,0.4909105511249692,0.431647343647585,0.5090894488750309
831,/wynton/group/sali/mhancock/xray/sample_bench/out/266_decoys/0/output_100/pdbs/59.pdb,735.4162864953614,0.6896258837886744,0.1374573974401251,0.64587883386258,0.8625426025598749,0.3541211661374199
832,/wynton/group/sali/mhancock/xray/sample_bench/out/266_decoys/0/output_171/pdbs/71.pdb,604.1632162049582,0.7895504024157212,0.5239708359995425,0.43132546515159764,0.4760291640004574,0.5686745348484024
833,/wynton/group/sali/mhancock/xray/sample_bench/out/266_decoys/0/output_49/pdbs/68.pdb,736.9565144643332,0.7688646714079341,0.5796292786444343,0.8927837352201022,0.42037072135556575,0.10721626477989775
834,/wynton/group/sali/mhancock/xray/sample_bench/out/266_decoys/0/output_234/pdbs/42.pdb,606.7929148238413,0.5444445833866159,0.9003666017575483,0.4489915509750107,0.09963339824245163,0.5510084490249894
835,/wynton/group/sali/mhancock/xray/sample_bench/out/266_decoys/0/output_73/pdbs/21.pdb,639.021765337952,0.2733850877180365,0.5838581784901579,7.963924813183782e-05,0.41614182150984214,0.9999203607518682
836,/wynton/group/sali/mhancock/xray/sample_bench/out/266_decoys/0/output_1/pdbs/70.pdb,711.412356240956,0.7826368825759484,0.2215772426289069,0.4686014970107447,0.7784227573710931,0.5313985029892553
837,/wynton/group/sali/mhancock/xray/sample_bench/out/266_decoys/0/output_9/pdbs/58.pdb,750.269420443715,0.672880288181346,0.03639862351778508,0.13686989327687685,0.9636013764822149,0.8631301067231232
838,/wynton/group/sali/mhancock/xray/sample_bench/out/266_decoys/0/output_116/pdbs/22.pdb,740.4308119606153,0.2844375940946648,0.3576925859509351,0.5665541703697917,0.642307414049065,0.43344582963020833
839,/wynton/group/sali/mhancock/xray/sample_bench/out/266_decoys/0/output_95/pdbs/28.pdb,830.8803740423555,0.3696127904521614,0.16639649442230656,0.41704503721727787,0.8336035055776935,0.5829549627827221
840,/wynton/group/sali/mhancock/xray/sample_bench/out/266_decoys/0/output_148/pdbs/33.pdb,698.4527352245132,0.4343763889955984,0.9824128962725728,0.07467526937217465,0.01758710372742726,0.9253247306278254
841,/wynton/group/sali/mhancock/xray/sample_bench/out/266_decoys/0/output_0/pdbs/56.pdb,779.6029667220296,0.6698662174208713,0.29446709226328277,0.7142069765692931,0.7055329077367172,0.285793023430707
842,/wynton/group/sali/mhancock/xray/sample_bench/out/266_decoys/0/output_249/pdbs/80.pdb,701.0858443697056,0.8468401398834777,0.143596711358362,0.6762917190900507,0.856403288641638,0.32370828090994924
843,/wynton/group/sali/mhancock/xray/sample_bench/out/266_decoys/0/output_208/pdbs/34.pdb,910.6950744035456,0.4460268590151037,0.11051564790980542,0.8783299465269725,0.8894843520901946,0.12167005347302749
844,/wynton/group/sali/mhancock/xray/sample_bench/out/266_decoys/0/output_96/pdbs/22.pdb,744.1648313700002,0.2906671922160123,0.8748125142353452,0.562179208948723,0.12518748576465472,0.4378207910512771
845,/wynton/group/sali/mhancock/xray/sample_bench/out/266_decoys/0/output_161/pdbs/80.pdb,718.789526159524,0.8539579957689616,0.6007390168279949,0.5894815785895492,0.3992609831720052,0.41051842141045075
846,/wynton/group/sali/mhancock/xray/sample_bench/out/266_decoys/0/output_159/pdbs/89.pdb,800.9463350209919,0.9153837200294545,0.27737768419827574,0.5852663282452115,0.7226223158017243,0.41473367175478854
847,/wynton/group/sali/mhancock/xray/sample_bench/out/266_decoys/0/output_34/pdbs/81.pdb,722.7434620462145,0.8720740346608853,0.7161537989710544,0.6023638069072806,0.28384620102894553,0.39763619309271925
848,/wynton/group/sali/mhancock/xray/sample_bench/out/266_decoys/0/output_144/pdbs/54.pdb,725.2258464049598,0.6603769992900811,0.8068071038786316,0.5094840408255806,0.1931928961213684,0.4905159591744193
849,/wynton/group/sali/mhancock/xray/sample_bench/out/266_decoys/0/output_215/pdbs/63.pdb,733.0278863119256,0.724808152408756,0.5784843362835711,0.25676608023113817,0.42151566371642885,0.7432339197688618
850,/wynton/group/sali/mhancock/xray/sample_bench/out/266_decoys/0/output_101/pdbs/82.pdb,714.0016564976258,0.8795761043085932,0.8811475988218308,0.05932620300551227,0.11885240117816932,0.9406737969944877
851,/wynton/group/sali/mhancock/xray/sample_bench/out/266_decoys/0/output_179/pdbs/67.pdb,765.8307380050461,0.7655471049609888,0.32288977500786376,0.8938207028382776,0.6771102249921362,0.1061792971617224
852,/wynton/group/sali/mhancock/xray/sample_bench/out/266_decoys/0/output_90/pdbs/44.pdb,707.6315010209846,0.5589989750000595,0.288862481181055,0.9095825549913672,0.711137518818945,0.09041744500863277
853,/wynton/group/sali/mhancock/xray/sample_bench/out/266_decoys/0/output_231/pdbs/85.pdb,779.9841795052537,0.8843168748852692,0.1844165112277646,0.23021584203333492,0.8155834887722354,0.7697841579666651
854,/wynton/group/sali/mhancock/xray/sample_bench/out/266_decoys/0/output_232/pdbs/31.pdb,913.4261057237215,0.4124160518413203,0.2704682533350515,0.6479286848710817,0.7295317466649485,0.35207131512891826
855,/wynton/group/sali/mhancock/xray/sample_bench/out/266_decoys/0/output_224/pdbs/59.pdb,702.025138100878,0.6916973979090485,0.5714264284603771,0.7531561729586252,0.42857357153962294,0.2468438270413748
856,/wynton/group/sali/mhancock/xray/sample_bench/out/266_decoys/0/output_45/pdbs/76.pdb,752.629726660088,0.8253016440705656,0.540798011775291,0.5434971895784916,0.45920198822470903,0.45650281042150836
857,/wynton/group/sali/mhancock/xray/sample_bench/out/266_decoys/0/output_48/pdbs/66.pdb,804.8287362918475,0.7432166429089067,0.8015647105483279,0.06259334280115773,0.1984352894516721,0.9374066571988423
858,/wynton/group/sali/mhancock/xray/sample_bench/out/266_decoys/0/output_216/pdbs/81.pdb,728.4564450542061,0.8644898962187793,0.2070294146913309,0.5763182982528966,0.792970585308669,0.42368170174710335
859,/wynton/group/sali/mhancock/xray/sample_bench/out/266_decoys/0/output_23/pdbs/70.pdb,710.5115267133987,0.7834637612463042,0.19459124116395013,0.01916907266264595,0.8054087588360499,0.980830927337354
860,/wynton/group/sali/mhancock/xray/sample_bench/out/266_decoys/0/output_167/pdbs/69.pdb,735.3530045178277,0.7801585736620579,0.5735169216428232,0.3642300051873635,0.42648307835717686,0.6357699948126365
861,/wynton/group/sali/mhancock/xray/sample_bench/out/266_decoys/0/output_24/pdbs/93.pdb,843.5831246004384,0.9508208895194477,0.10885610530435441,0.6415702312498516,0.8911438946956456,0.35842976875014854
862,/wynton/group/sali/mhancock/xray/sample_bench/out/266_decoys/0/output_75/pdbs/25.pdb,826.9974009970717,0.3274085738903412,0.5152148780569908,0.4153647544213097,0.48478512194300916,0.5846352455786903
863,/wynton/group/sali/mhancock/xray/sample_bench/out/266_decoys/0/output_178/pdbs/86.pdb,821.6302373731684,0.9012526517506296,0.6691017797263691,0.21230169115511646,0.33089822027363097,0.7876983088448836
864,/wynton/group/sali/mhancock/xray/sample_bench/out/266_decoys/0/output_209/pdbs/32.pdb,753.4955562749885,0.4251707033768379,0.6854903544813153,0.9463441527134978,0.31450964551868466,0.05365584728650218
865,/wynton/group/sali/mhancock/xray/sample_bench/out/266_decoys/0/output_160/pdbs/65.pdb,726.9449647515747,0.7422997994851834,0.1411035587254703,0.6111538101215289,0.8588964412745297,0.3888461898784711
866,/wynton/group/sali/mhancock/xray/sample_bench/out/266_decoys/0/output_216/pdbs/59.pdb,713.3477141496369,0.6890180802425347,0.6052699322893982,0.5341508447799832,0.3947300677106017,0.4658491552200169
867,/wynton/group/sali/mhancock/xray/sample_bench/out/266_decoys/0/output_145/pdbs/94.pdb,808.359454256685,0.9639380428191168,0.655946460641817,0.22650024847922645,0.344053539358183,0.7734997515207735
868,/wynton/group/sali/mhancock/xray/sample_bench/out/266_decoys/0/output_30/pdbs/65.pdb,741.2988358038198,0.7388214829960285,0.5356855411426346,0.1931449087853595,0.46431445885736544,0.8068550912146405
869,/wynton/group/sali/mhancock/xray/sample_bench/out/266_decoys/0/output_236/pdbs/91.pdb,755.1670625693508,0.934384406600368,0.20793596491700034,0.24374060623822336,0.7920640350829996,0.7562593937617766
870,/wynton/group/sali/mhancock/xray/sample_bench/out/266_decoys/0/output_224/pdbs/49.pdb,595.3982891806945,0.6074397770155037,0.2274751843787958,0.48359633156708015,0.7725248156212042,0.5164036684329198
871,/wynton/group/sali/mhancock/xray/sample_bench/out/266_decoys/0/output_144/pdbs/83.pdb,761.8490683948048,0.8976941836771867,0.5614976302423133,0.3349832262673111,0.43850236975768675,0.6650167737326889
872,/wynton/group/sali/mhancock/xray/sample_bench/out/266_decoys/0/output_7/pdbs/29.pdb,875.3329475478358,0.3814711465242857,0.5662475440540155,0.14081819945823443,0.43375245594598466,0.8591818005417655
873,/wynton/group/sali/mhancock/xray/sample_bench/out/266_decoys/0/output_16/pdbs/85.pdb,787.7500898890696,0.8932789997358472,0.6450098932184255,0.5607395896876797,0.3549901067815745,0.4392604103123203
874,/wynton/group/sali/mhancock/xray/sample_bench/out/266_decoys/0/output_6/pdbs/34.pdb,913.3117500495532,0.4441775712412,0.46815693634260885,0.28199117210233926,0.5318430636573911,0.7180088278976607
875,/wynton/group/sali/mhancock/xray/sample_bench/out/266_decoys/0/output_191/pdbs/73.pdb,733.8563659035284,0.8040441762218371,0.6668327861583966,0.8241379029857777,0.3331672138416033,0.17586209701422226
876,/wynton/group/sali/mhancock/xray/sample_bench/out/266_decoys/0/output_203/pdbs/55.pdb,706.7135027928257,0.6667196480975291,0.49463262376406947,0.3167152510339938,0.5053673762359305,0.6832847489660061
877,/wynton/group/sali/mhancock/xray/sample_bench/out/266_decoys/0/output_20/pdbs/92.pdb,774.4726406438068,0.9422551608420604,0.2645098269794473,0.9480998207803556,0.7354901730205528,0.051900179219644425
878,/wynton/group/sali/mhancock/xray/sample_bench/out/266_decoys/0/output_109/pdbs/20.pdb,788.4558373097329,0.2608738522229615,0.40190031400011816,0.5095979871262382,0.5980996859998817,0.49040201287376184
879,/wynton/group/sali/mhancock/xray/sample_bench/out/266_decoys/0/output_137/pdbs/84.pdb,743.7782162903989,0.8778530426732098,0.6947693719811694,0.4959049566250851,0.30523062801883055,0.5040950433749148
880,/wynton/group/sali/mhancock/xray/sample_bench/out/266_decoys/0/output_135/pdbs/90.pdb,831.9379613247711,0.9026011924442466,0.10796326424449258,0.45016516280607266,0.8920367357555075,0.5498348371939273
881,/wynton/group/sali/mhancock/xray/sample_bench/out/266_decoys/0/output_89/pdbs/90.pdb,807.5619669878693,0.9281812466393944,0.47863046789736513,0.44014070866039207,0.5213695321026348,0.5598592913396079
882,/wynton/group/sali/mhancock/xray/sample_bench/out/266_decoys/0/output_191/pdbs/34.pdb,896.2029573915104,0.4440123461673664,0.3544683947963432,0.2656207612584035,0.6455316052036568,0.7343792387415965
883,/wynton/group/sali/mhancock/xray/sample_bench/out/266_decoys/0/output_113/pdbs/47.pdb,714.906828659728,0.5788704790036179,0.6212311870645321,0.39128660591615666,0.37876881293546794,0.6087133940838434
884,/wynton/group/sali/mhancock/xray/sample_bench/out/266_decoys/0/output_113/pdbs/86.pdb,832.7072690416533,0.8957257581868378,0.5255305782309233,0.8213912944213662,0.47446942176907675,0.17860870557863384
885,/wynton/group/sali/mhancock/xray/sample_bench/out/266_decoys/0/output_201/pdbs/83.pdb,783.1022716453256,0.8888368460793233,0.08344493862998432,0.8288436781728541,0.9165550613700156,0.17115632182714588
886,/wynton/group/sali/mhancock/xray/sample_bench/out/266_decoys/0/output_187/pdbs/20.pdb,784.9002506993431,0.2576158108549042,0.7494587222753601,0.36275094362589244,0.25054127772463985,0.6372490563741076
887,/wynton/group/sali/mhancock/xray/sample_bench/out/266_decoys/0/output_117/pdbs/74.pdb,691.1147195880812,0.8131585283597791,0.31324115216391346,0.5522680445739925,0.6867588478360865,0.4477319554260075
888,/wynton/group/sali/mhancock/xray/sample_bench/out/266_decoys/0/output_240/pdbs/69.pdb,760.8474723396524,0.7785286807113241,0.6051623963281035,0.5169477253086163,0.3948376036718964,0.4830522746913837
889,/wynton/group/sali/mhancock/xray/sample_bench/out/266_decoys/0/output_75/pdbs/64.pdb,749.7953006673994,0.728539165297397,0.42254128678436825,0.30875737647906315,0.5774587132156317,0.6912426235209368
890,/wynton/group/sali/mhancock/xray/sample_bench/out/266_decoys/0/output_35/pdbs/30.pdb,941.7952351565192,0.3959740647712553,0.33558293137252015,0.672543075699612,0.6644170686274797,0.3274569243003878
891,/wynton/group/sali/mhancock/xray/sample_bench/out/266_decoys/0/output_33/pdbs/23.pdb,762.9215270373531,0.2997025148216905,0.3993977194553083,0.6923565860812744,0.6006022805446919,0.30764341391872563
892,/wynton/group/sali/mhancock/xray/sample_bench/out/266_decoys/0/output_160/pdbs/69.pdb,730.2112694716837,0.7770717267086531,0.5684582930516467,0.5898341299587152,0.4315417069483532,0.4101658700412849
893,/wynton/group/sali/mhancock/xray/sample_bench/out/266_decoys/0/output_4/pdbs/82.pdb,745.7845265335031,0.8877244698470551,0.7823873192639376,0.8408981944911186,0.2176126807360624,0.15910180550888137
894,/wynton/group/sali/mhancock/xray/sample_bench/out/266_decoys/0/output_121/pdbs/54.pdb,733.557385218835,0.6504636153753094,0.16800201448892574,0.23865840850285747,0.8319979855110743,0.7613415914971426
895,/wynton/group/sali/mhancock/xray/sample_bench/out/266_decoys/0/output_163/pdbs/36.pdb,661.6185212802561,0.4597572399513917,0.3217260544904698,0.12159815040938682,0.6782739455095301,0.8784018495906132
896,/wynton/group/sali/mhancock/xray/sample_bench/out/266_decoys/0/output_27/pdbs/80.pdb,712.8524488225189,0.8528068721005093,0.3134953734956194,0.6360390796871881,0.6865046265043806,0.3639609203128118
897,/wynton/group/sali/mhancock/xray/sample_bench/out/266_decoys/0/output_6/pdbs/76.pdb,752.0608437197295,0.8338338225925095,0.474982458627925,0.5937671641511235,0.525017541372075,0.40623283584887643
898,/wynton/group/sali/mhancock/xray/sample_bench/out/266_decoys/0/output_185/pdbs/51.pdb,620.8330144704134,0.6179361543052653,0.6023606932063789,0.7208147220152701,0.3976393067936211,0.27918527798473
899,/wynton/group/sali/mhancock/xray/sample_bench/out/266_decoys/0/output_37/pdbs/51.pdb,622.1675609866031,0.6170254806860261,0.5913660788977455,0.8000333381677434,0.40863392110225444,0.1999666618322566
900,/wynton/group/sali/mhancock/xray/sample_bench/out/266_decoys/0/output_104/pdbs/43.pdb,652.5540796416997,0.549869127909926,0.9492287886966609,0.7975944338825528,0.05077121130333903,0.2024055661174472
901,/wynton/group/sali/mhancock/xray/sample_bench/out/266_decoys/0/output_98/pdbs/63.pdb,747.8188106473604,0.7253269935907029,0.8594807289952922,0.20505891015786204,0.14051927100470782,0.794941089842138
902,/wynton/group/sali/mhancock/xray/sample_bench/out/266_decoys/0/output_97/pdbs/97.pdb,766.3098955030251,0.9869189268836032,0.40889351871615126,0.5258702009906303,0.5911064812838488,0.47412979900936963
903,/wynton/group/sali/mhancock/xray/sample_bench/out/266_decoys/0/output_153/pdbs/55.pdb,716.6007308635751,0.6560038987666064,0.1980367004867412,0.8651273193020397,0.8019632995132587,0.13487268069796027
904,/wynton/group/sali/mhancock/xray/sample_bench/out/266_decoys/0/output_178/pdbs/64.pdb,770.0430252600468,0.7448408072865916,0.7181571814669847,0.5112217957743365,0.28184281853301524,0.48877820422566365
905,/wynton/group/sali/mhancock/xray/sample_bench/out/266_decoys/0/output_195/pdbs/60.pdb,726.4936267716773,0.7000095805317509,0.8993653717653789,0.3833880186636495,0.10063462823462113,0.6166119813363504
906,/wynton/group/sali/mhancock/xray/sample_bench/out/266_decoys/0/output_71/pdbs/38.pdb,852.1392914606706,0.4833916312502685,0.7570702487743947,0.7761161715641968,0.24292975122560537,0.2238838284358033
907,/wynton/group/sali/mhancock/xray/sample_bench/out/266_decoys/0/output_128/pdbs/98.pdb,732.1252359805769,0.9804199740294806,0.8951181273231654,0.8210244042668752,0.10488187267683453,0.17897559573312488
908,/wynton/group/sali/mhancock/xray/sample_bench/out/266_decoys/0/output_189/pdbs/60.pdb,731.3479174836349,0.7012081899806155,0.5683973235411465,0.3559785565792985,0.4316026764588536,0.6440214434207014
909,/wynton/group/sali/mhancock/xray/sample_bench/out/266_decoys/0/output_162/pdbs/47.pdb,731.8076958860145,0.5896501640067773,0.3765515752159836,0.9681578332169237,0.6234484247840164,0.031842166783076276
910,/wynton/group/sali/mhancock/xray/sample_bench/out/266_decoys/0/output_10/pdbs/24.pdb,731.3573759540714,0.3156209793680438,0.8298872245396589,0.510626576905105,0.17011277546034112,0.4893734230948949
911,/wynton/group/sali/mhancock/xray/sample_bench/out/266_decoys/0/output_12/pdbs/71.pdb,596.5725798167722,0.7849115927101777,0.2688034594206563,0.6354706324672841,0.7311965405793437,0.364529367532716
912,/wynton/group/sali/mhancock/xray/sample_bench/out/266_decoys/0/output_35/pdbs/75.pdb,669.752750553523,0.8377423457022728,0.03746027930629494,0.5395654062071484,0.9625397206937051,0.4604345937928517
913,/wynton/group/sali/mhancock/xray/sample_bench/out/266_decoys/0/output_49/pdbs/80.pdb,718.2266690906621,0.8579401613592792,0.9057191455498835,0.4261667398939606,0.09428085445011648,0.5738332601060394
914,/wynton/group/sali/mhancock/xray/sample_bench/out/266_decoys/0/output_69/pdbs/90.pdb,814.6148660914774,0.9136585222245266,0.8674447554630726,0.5312845195436893,0.13255524453692735,0.46871548045631073
915,/wynton/group/sali/mhancock/xray/sample_bench/out/266_decoys/0/output_200/pdbs/39.pdb,752.5699528454791,0.4933726415087271,0.8251164172454729,0.37520091289909635,0.1748835827545271,0.6247990871009037
916,/wynton/group/sali/mhancock/xray/sample_bench/out/266_decoys/0/output_11/pdbs/59.pdb,683.1582964345754,0.684795169407735,0.5506541328103207,0.5527327505639569,0.4493458671896792,0.4472672494360431
917,/wynton/group/sali/mhancock/xray/sample_bench/out/266_decoys/0/output_27/pdbs/81.pdb,722.7726998450867,0.8606264720802965,0.6389826028003229,0.5600861404105049,0.3610173971996771,0.43991385958949514
918,/wynton/group/sali/mhancock/xray/sample_bench/out/266_decoys/0/output_177/pdbs/22.pdb,741.0819613347448,0.2894560639720753,0.9353668904873503,0.6675684412917062,0.06463310951264961,0.3324315587082939
919,/wynton/group/sali/mhancock/xray/sample_bench/out/266_decoys/0/output_240/pdbs/46.pdb,633.1640375355544,0.5774128333219656,0.5238744566696196,0.9182335375543831,0.4761255433303803,0.08176646244561696
920,/wynton/group/sali/mhancock/xray/sample_bench/out/266_decoys/0/output_146/pdbs/92.pdb,787.2372180938278,0.9316756786033178,0.4386130527108521,0.4484645942066758,0.561386947289148,0.5515354057933242
921,/wynton/group/sali/mhancock/xray/sample_bench/out/266_decoys/0/output_142/pdbs/99.pdb,727.2889343618041,0.990500617149934,0.3183998746950328,0.3264204525780597,0.6816001253049672,0.6735795474219403
922,/wynton/group/sali/mhancock/xray/sample_bench/out/266_decoys/0/output_113/pdbs/44.pdb,704.5410534112575,0.552932881343651,0.47791145141665864,0.8347856090395062,0.5220885485833414,0.1652143909604939
923,/wynton/group/sali/mhancock/xray/sample_bench/out/266_decoys/0/output_52/pdbs/47.pdb,721.3671616897172,0.5826493587855027,0.3581183601517992,0.28039165041902514,0.6418816398482008,0.719608349580975
924,/wynton/group/sali/mhancock/xray/sample_bench/out/266_decoys/0/output_79/pdbs/68.pdb,741.2749305040902,0.7784090838298552,0.6945780505912061,0.4359718994448645,0.3054219494087939,0.5640281005551355
925,/wynton/group/sali/mhancock/xray/sample_bench/out/266_decoys/0/output_152/pdbs/70.pdb,699.2369977397334,0.7819773820263378,0.37654256626342947,0.061469783466536844,0.6234574337365705,0.9385302165334631
926,/wynton/group/sali/mhancock/xray/sample_bench/out/266_decoys/0/output_166/pdbs/73.pdb,718.8428789207885,0.8085321248210824,0.9559447585172806,0.27605429927602704,0.04405524148271946,0.7239457007239731
927,/wynton/group/sali/mhancock/xray/sample_bench/out/266_decoys/0/output_59/pdbs/67.pdb,797.2073843912424,0.7593067846080772,0.7300343574474049,0.10359538734420044,0.2699656425525951,0.8964046126557995
928,/wynton/group/sali/mhancock/xray/sample_bench/out/266_decoys/0/output_201/pdbs/87.pdb,808.2407410585093,0.9143390721818416,0.6026081849509153,0.5550002716913559,0.39739181504908466,0.444999728308644
929,/wynton/group/sali/mhancock/xray/sample_bench/out/266_decoys/0/output_138/pdbs/87.pdb,774.7079224488766,0.8890282557773053,0.12077795813005637,0.9208929216475893,0.8792220418699437,0.07910707835241074
930,/wynton/group/sali/mhancock/xray/sample_bench/out/266_decoys/0/output_121/pdbs/39.pdb,750.651093710751,0.5006965762578152,0.38531288861365487,0.4857712463016166,0.614687111386345,0.5142287536983834
931,/wynton/group/sali/mhancock/xray/sample_bench/out/266_decoys/0/output_205/pdbs/62.pdb,634.9915940184693,0.7178648858265362,0.30964008444216573,0.4535377581460111,0.6903599155578343,0.546462241853989
932,/wynton/group/sali/mhancock/xray/sample_bench/out/266_decoys/0/output_37/pdbs/98.pdb,714.1715557321219,0.9613330479360328,0.5735780928196968,0.208569444344344,0.42642190718030315,0.7914305556556559
933,/wynton/group/sali/mhancock/xray/sample_bench/out/266_decoys/0/output_35/pdbs/36.pdb,660.4112302597739,0.4683592399089036,0.6520576741849358,0.6620610529711867,0.3479423258150641,0.3379389470288132
934,/wynton/group/sali/mhancock/xray/sample_bench/out/266_decoys/0/output_150/pdbs/56.pdb,791.0388741097255,0.6667384126149714,0.6738197991567502,0.39577247996460946,0.32618020084324983,0.6042275200353906
935,/wynton/group/sali/mhancock/xray/sample_bench/out/266_decoys/0/output_9/pdbs/34.pdb,902.46538065008,0.4401975146006924,0.4887395324316815,0.568509822829613,0.5112604675683186,0.431490177170387
936,/wynton/group/sali/mhancock/xray/sample_bench/out/266_decoys/0/output_134/pdbs/49.pdb,599.4716931188804,0.5988609464480206,0.860572758092377,0.16789766535409867,0.139427241907623,0.8321023346459013
937,/wynton/group/sali/mhancock/xray/sample_bench/out/266_decoys/0/output_215/pdbs/62.pdb,647.5777859570675,0.7159349004634861,0.9191784405144386,0.3911240807589801,0.0808215594855614,0.6088759192410199
938,/wynton/group/sali/mhancock/xray/sample_bench/out/266_decoys/0/output_217/pdbs/53.pdb,641.051262147824,0.6439166521726418,0.3938803312227164,0.4232621654419313,0.6061196687772836,0.5767378345580687
939,/wynton/group/sali/mhancock/xray/sample_bench/out/266_decoys/0/output_116/pdbs/68.pdb,731.2244870674068,0.7747228123876128,0.10087532553040558,0.13638006931436183,0.8991246744695944,0.8636199306856381
940,/wynton/group/sali/mhancock/xray/sample_bench/out/266_decoys/0/output_75/pdbs/20.pdb,794.271360415381,0.2593701388624551,0.7323903352753336,0.4787732653355862,0.26760966472466646,0.5212267346644138
941,/wynton/group/sali/mhancock/xray/sample_bench/out/266_decoys/0/output_49/pdbs/22.pdb,742.3391203531626,0.2891354417174773,0.026876448902104517,0.10833150969969302,0.9731235510978955,0.8916684903003069
942,/wynton/group/sali/mhancock/xray/sample_bench/out/266_decoys/0/output_200/pdbs/61.pdb,646.1106770032166,0.7132136204027124,0.6543198143228974,0.5430114177569961,0.3456801856771026,0.4569885822430038
943,/wynton/group/sali/mhancock/xray/sample_bench/out/266_decoys/0/output_35/pdbs/45.pdb,627.9517932555814,0.5687720383071228,0.43879957363712685,0.5763640725579642,0.5612004263628732,0.42363592744203576
944,/wynton/group/sali/mhancock/xray/sample_bench/out/266_decoys/0/output_88/pdbs/42.pdb,606.4512599845043,0.536747595469598,0.45521741974771407,0.36982457296275384,0.5447825802522859,0.6301754270372462
945,/wynton/group/sali/mhancock/xray/sample_bench/out/266_decoys/0/output_245/pdbs/52.pdb,569.767222761737,0.6255587406426416,0.31567358170629184,0.1546853679892715,0.6843264182937082,0.8453146320107285
946,/wynton/group/sali/mhancock/xray/sample_bench/out/266_decoys/0/output_83/pdbs/27.pdb,772.5985469413135,0.3572182989897952,0.7683396386165041,0.37268554290414824,0.23166036138349586,0.6273144570958519
947,/wynton/group/sali/mhancock/xray/sample_bench/out/266_decoys/0/output_149/pdbs/36.pdb,645.0566173063717,0.4725204415730527,0.5845581327275097,0.5159079269534813,0.4154418672724904,0.48409207304651863
948,/wynton/group/sali/mhancock/xray/sample_bench/out/266_decoys/0/output_192/pdbs/53.pdb,655.7976508091635,0.6493503675946095,0.5612493095314212,0.12319587712863693,0.4387506904685788,0.8768041228713631
949,/wynton/group/sali/mhancock/xray/sample_bench/out/266_decoys/0/output_95/pdbs/89.pdb,790.2266394123129,0.9312192921900652,0.48538830037372915,0.37863676215063513,0.5146116996262707,0.621363237849365
950,/wynton/group/sali/mhancock/xray/sample_bench/out/266_decoys/0/output_115/pdbs/49.pdb,594.7258098713794,0.6155189287534819,0.2979258083595674,0.2772687170171306,0.7020741916404327,0.7227312829828695
951,/wynton/group/sali/mhancock/xray/sample_bench/out/266_decoys/0/output_226/pdbs/60.pdb,718.0757299545634,0.6958542494729794,0.44273290718435904,0.512504889117347,0.557267092815641,0.48749511088265296
952,/wynton/group/sali/mhancock/xray/sample_bench/out/266_decoys/0/output_222/pdbs/91.pdb,755.3633735996532,0.939843022871569,0.816640892571041,0.5443149601260844,0.18335910742895895,0.45568503987391556
953,/wynton/group/sali/mhancock/xray/sample_bench/out/266_decoys/0/output_150/pdbs/22.pdb,748.1502323425468,0.2911966969830477,0.5383958213006635,0.45907319287219134,0.4616041786993364,0.5409268071278086
954,/wynton/group/sali/mhancock/xray/sample_bench/out/266_decoys/0/output_22/pdbs/98.pdb,693.3645860047161,0.979422183602644,0.9322304927581176,0.14091256747053582,0.06776950724188227,0.8590874325294641
955,/wynton/group/sali/mhancock/xray/sample_bench/out/266_decoys/0/output_86/pdbs/59.pdb,712.3448168275427,0.6943646963926635,0.2874470408427624,0.5136056287010321,0.7125529591572376,0.48639437129896784
956,/wynton/group/sali/mhancock/xray/sample_bench/out/266_decoys/0/output_243/pdbs/53.pdb,653.148605382107,0.6454286184999359,0.013625203688812934,0.5962403728879412,0.9863747963111871,0.4037596271120588
957,/wynton/group/sali/mhancock/xray/sample_bench/out/266_decoys/0/output_20/pdbs/51.pdb,625.0610489417347,0.6318136108176587,0.3660725147435159,0.49090601543702167,0.6339274852564841,0.5090939845629783
958,/wynton/group/sali/mhancock/xray/sample_bench/out/266_decoys/0/output_73/pdbs/97.pdb,773.4424385430325,0.970737746624944,0.6674071784932856,0.8557008412925012,0.33259282150671443,0.14429915870749874
959,/wynton/group/sali/mhancock/xray/sample_bench/out/266_decoys/0/output_191/pdbs/80.pdb,686.9460188165431,0.855397029279156,0.3570243104320975,0.41085226075333975,0.6429756895679026,0.5891477392466603
960,/wynton/group/sali/mhancock/xray/sample_bench/out/266_decoys/0/output_228/pdbs/64.pdb,763.4308491968749,0.7378961466468806,0.2916056306540676,0.40064118267368753,0.7083943693459324,0.5993588173263125
961,/wynton/group/sali/mhancock/xray/sample_bench/out/266_decoys/0/output_126/pdbs/57.pdb,841.0957104078868,0.6744755939321161,0.6649482503896165,0.9356365618070298,0.3350517496103835,0.06436343819297025
962,/wynton/group/sali/mhancock/xray/sample_bench/out/266_decoys/0/output_191/pdbs/62.pdb,633.9143834042643,0.7103710288900449,0.4730346869282348,0.5486101135237655,0.5269653130717652,0.45138988647623446
963,/wynton/group/sali/mhancock/xray/sample_bench/out/266_decoys/0/output_5/pdbs/34.pdb,889.5586530049204,0.4435394765515037,0.6191865256108932,0.1820301062349021,0.38081347438910695,0.8179698937650979
964,/wynton/group/sali/mhancock/xray/sample_bench/out/266_decoys/0/output_131/pdbs/41.pdb,612.3844687042927,0.5184481409428952,0.3889945794478492,0.5878582862118122,0.6110054205521508,0.41214171378818776
965,/wynton/group/sali/mhancock/xray/sample_bench/out/266_decoys/0/output_68/pdbs/34.pdb,922.8110194077922,0.4430711112543354,0.9355089073234776,0.46384295443737267,0.06449109267652242,0.5361570455626273
966,/wynton/group/sali/mhancock/xray/sample_bench/out/266_decoys/0/output_104/pdbs/83.pdb,787.7608006761692,0.8881392679568224,0.5998011544458538,0.671357995219034,0.4001988455541462,0.3286420047809659
967,/wynton/group/sali/mhancock/xray/sample_bench/out/266_decoys/0/output_174/pdbs/43.pdb,671.2029889302078,0.5539465268435821,0.46708677392626313,0.606944704633357,0.5329132260737369,0.3930552953666429
968,/wynton/group/sali/mhancock/xray/sample_bench/out/266_decoys/0/output_101/pdbs/53.pdb,656.8097429428883,0.6494793528880002,0.12853245345994668,0.10062978489891593,0.8714675465400533,0.8993702151010841
969,/wynton/group/sali/mhancock/xray/sample_bench/out/266_decoys/0/output_210/pdbs/51.pdb,624.1346621047962,0.632871019404809,0.8476323629165581,0.860200242169331,0.15236763708344192,0.13979975783066906
970,/wynton/group/sali/mhancock/xray/sample_bench/out/266_decoys/0/output_77/pdbs/74.pdb,703.3524383109682,0.8150788295115288,0.7123327764406481,0.9870402584349685,0.2876672235593519,0.012959741565031543
971,/wynton/group/sali/mhancock/xray/sample_bench/out/266_decoys/0/output_112/pdbs/64.pdb,749.6821526313148,0.7340800248199761,0.4522159461744247,0.40658904843430743,0.5477840538255753,0.5934109515656926
972,/wynton/group/sali/mhancock/xray/sample_bench/out/266_decoys/0/output_172/pdbs/78.pdb,654.2084694009679,0.8626535918795181,0.5453178973682997,0.9682432200392294,0.4546821026317004,0.03175677996077069
973,/wynton/group/sali/mhancock/xray/sample_bench/out/266_decoys/0/output_159/pdbs/39.pdb,751.7064038423896,0.5070599712076207,0.596029509576445,0.690290494146905,0.4039704904235549,0.30970950585309504
974,/wynton/group/sali/mhancock/xray/sample_bench/out/266_decoys/0/output_37/pdbs/96.pdb,794.3607836387556,0.9511584159817807,0.6363685779537251,0.47728739655866576,0.36363142204627485,0.5227126034413343
975,/wynton/group/sali/mhancock/xray/sample_bench/out/266_decoys/0/output_56/pdbs/35.pdb,884.7078254427329,0.4517353330234147,0.8367381045768393,0.04812487348307857,0.16326189542316083,0.9518751265169214
976,/wynton/group/sali/mhancock/xray/sample_bench/out/266_decoys/0/output_191/pdbs/31.pdb,923.2206438291132,0.4085076085501232,0.14033599186738718,0.5215156883607897,0.8596640081326128,0.4784843116392103
977,/wynton/group/sali/mhancock/xray/sample_bench/out/266_decoys/0/output_202/pdbs/50.pdb,647.2086971815966,0.6108418983598572,0.24244817905521807,0.4964230119597013,0.7575518209447819,0.5035769880402987
978,/wynton/group/sali/mhancock/xray/sample_bench/out/266_decoys/0/output_109/pdbs/51.pdb,623.913502151609,0.6219263591459568,0.6198449818879435,0.9249565803493097,0.38015501811205665,0.07504341965069028
979,/wynton/group/sali/mhancock/xray/sample_bench/out/266_decoys/0/output_191/pdbs/66.pdb,798.142030390944,0.7475870729457289,0.8763472226095478,0.5883623524862843,0.12365277739045225,0.41163764751371573
980,/wynton/group/sali/mhancock/xray/sample_bench/out/266_decoys/0/output_202/pdbs/20.pdb,783.2043308830771,0.258671028001868,0.35774624570429786,0.15401810842552335,0.6422537542957022,0.8459818915744767
981,/wynton/group/sali/mhancock/xray/sample_bench/out/266_decoys/0/output_140/pdbs/92.pdb,761.2373906871117,0.9421168782134454,0.4808269907382372,0.11378742122866818,0.5191730092617628,0.8862125787713319
982,/wynton/group/sali/mhancock/xray/sample_bench/out/266_decoys/0/output_105/pdbs/59.pdb,719.3172750392068,0.6875797749401941,0.266611369257351,0.6979784993400663,0.733388630742649,0.30202150065993366
983,/wynton/group/sali/mhancock/xray/sample_bench/out/266_decoys/0/output_28/pdbs/62.pdb,666.4719626693137,0.7051679767275896,0.6533812412070932,0.588298833725123,0.3466187587929068,0.411701166274877
984,/wynton/group/sali/mhancock/xray/sample_bench/out/266_decoys/0/output_156/pdbs/21.pdb,649.914374305904,0.2741311882067093,0.8719535172377079,0.16045238790377397,0.12804648276229216,0.839547612096226
985,/wynton/group/sali/mhancock/xray/sample_bench/out/266_decoys/0/output_79/pdbs/88.pdb,734.6148082837112,0.921131891629055,0.041624944073151274,0.7392377068339044,0.9583750559268487,0.26076229316609556
986,/wynton/group/sali/mhancock/xray/sample_bench/out/266_decoys/0/output_64/pdbs/99.pdb,729.7514203187309,0.9918660834879824,0.4370149935379124,0.30335465215118634,0.5629850064620876,0.6966453478488137
987,/wynton/group/sali/mhancock/xray/sample_bench/out/266_decoys/0/output_20/pdbs/48.pdb,697.9340375465179,0.6025714101403674,0.3662040111258232,0.6626651604750522,0.6337959888741768,0.33733483952494786
988,/wynton/group/sali/mhancock/xray/sample_bench/out/266_decoys/0/output_150/pdbs/33.pdb,685.6766553854513,0.4367238418221851,0.7424529097367799,0.8168577413443299,0.25754709026322015,0.1831422586556701
989,/wynton/group/sali/mhancock/xray/sample_bench/out/266_decoys/0/output_91/pdbs/66.pdb,814.5667583473147,0.7560117312092629,0.20245007627885567,0.055488015204167934,0.7975499237211443,0.9445119847958321
990,/wynton/group/sali/mhancock/xray/sample_bench/out/266_decoys/0/output_35/pdbs/31.pdb,914.8872652037616,0.4085793533011138,0.22873113052484811,0.5710944055926541,0.7712688694751519,0.4289055944073459
991,/wynton/group/sali/mhancock/xray/sample_bench/out/266_decoys/0/output_227/pdbs/70.pdb,698.0583261000346,0.7917744350677558,0.4867948506909201,0.23331682426507197,0.5132051493090799,0.7666831757349281
992,/wynton/group/sali/mhancock/xray/sample_bench/out/266_decoys/0/output_135/pdbs/23.pdb,762.9483682086914,0.2989026747132441,0.3084851636262497,0.4857818124747875,0.6915148363737502,0.5142181875252124
993,/wynton/group/sali/mhancock/xray/sample_bench/out/266_decoys/0/output_190/pdbs/76.pdb,761.1146487143792,0.8343425458469012,0.2373176838150531,0.3923919536150871,0.7626823161849469,0.607608046384913
994,/wynton/group/sali/mhancock/xray/sample_bench/out/266_decoys/0/output_92/pdbs/24.pdb,735.6677084103983,0.3171007510965932,0.7001715750100522,0.42223193142021764,0.2998284249899477,0.5777680685797824
995,/wynton/group/sali/mhancock/xray/sample_bench/out/266_decoys/0/output_205/pdbs/58.pdb,769.63154294933,0.6825108514054656,0.2862240819934236,0.08674764224199631,0.7137759180065764,0.9132523577580037
996,/wynton/group/sali/mhancock/xray/sample_bench/out/266_decoys/0/output_175/pdbs/82.pdb,700.2975267667498,0.8549407820040176,0.2043402976801098,0.7061190478222862,0.7956597023198901,0.2938809521777139
997,/wynton/group/sali/mhancock/xray/sample_bench/out/266_decoys/0/output_182/pdbs/60.pdb,735.7919885809348,0.6984576684607608,0.8439714911637218,0.733688913091519,0.1560285088362782,0.26631108690848104
998,/wynton/group/sali/mhancock/xray/sample_bench/out/266_decoys/0/output_7/pdbs/69.pdb,732.2218869425869,0.7792820922436461,0.5502968116329958,0.9473422065157994,0.44970318836700424,0.05265779348420068
999,/wynton/group/sali/mhancock/xray/sample_bench/out/266_decoys/0/output_38/pdbs/32.pdb,730.4959652240527,0.4206278854438746,0.6922114393718695,0.48622729443924484,0.30778856062813054,0.5137727055607552
