,index,nat,avg
0,48,3.7535214546056284,3.0273382228139396
1,49,3.078688757133969,2.5308122543637235
2,50,2.759684707340138,2.3706139235827326
3,51,2.73103712123013,2.369952593282672
4,52,2.6685773836004403,2.4325833339055976
5,53,3.4942318897631064,3.036716499532604
6,54,3.735477674828481,2.8514110902874474
7,55,2.9141320924413177,2.534187825529837
8,56,2.9516633060615587,2.630282532216063
9,57,3.873842526249886,2.6994722971425507
10,58,3.75543060231996,2.789770174281297
11,59,3.273699242507358,2.6918639978386216
12,60,2.855152262163794,2.9101986134521827
13,61,2.93895545023238,2.718498610918319
14,62,2.8997382152391364,2.547203146126726
15,63,3.84484914566509,2.6319342427821493
16,64,3.254843929306532,2.7421716580098514
17,65,3.226758463541402,2.735415581787573
18,66,2.657575574484001,2.5849330575481257
19,67,2.790919336867469,2.381518265713491
20,68,2.815883850939595,2.3185905231147337
21,69,3.0253375243161473,2.3764039390688207
22,70,3.0231098695400167,2.50888171955021
23,71,2.791293320049125,2.5033589467378174
24,72,2.6767736547610044,2.60510068051715
25,73,2.9572576710422602,2.8432343581364834
26,74,2.8367491981667596,2.69764508606078
27,75,2.9147353200034076,2.8451183198461703
28,76,2.9475963307454998,2.7853722665513536
29,77,3.3373294311479476,2.9262547170391535
30,78,2.965170614134196,2.7079139848365257
31,79,3.3530617402950478,2.770717197220584
32,80,4.066547042596216,2.6728534682203566
33,81,3.021388660045876,2.4712322086822476
34,82,3.141377047501367,2.505663733102017
35,83,2.979474510576367,2.805495940518795
36,84,3.3968814318116074,2.6682896720320564
37,85,2.72142014602723,2.667508002013636
38,86,3.3878465451717763,2.7569888700135374
39,87,2.743006101550567,2.7670119310767896
40,88,2.6043534993034343,2.61897485473543
41,89,2.740596763132174,2.5410898592814535
42,90,2.7944964783495423,2.3412910915661644
43,91,2.6701856607445853,2.6839082332910844
44,92,3.2124518079095483,2.7359842294109877
45,93,2.9064337699436305,2.4148624400259426
46,94,4.197607251917455,2.73499856774492
47,95,3.644885755015664,2.71681232294789
48,96,2.6855543342761137,2.6050386956525857
49,97,3.0142728159934182,3.4927360621116192
