,index,nat,avg
0,48,1441068.6226710202,1441068.631750733
1,49,1329869.8476434518,1329869.8411327482
2,50,1271265.1877520503,1271265.1796346705
3,51,1140199.209650403,1140199.2008399647
4,52,1085210.4331456309,1085210.427374543
5,53,1167875.2953028213,1167875.2863421908
6,54,1310906.6410207532,1310906.6410460789
7,55,1242524.605653249,1242524.5966101338
8,56,1425140.425387402,1425140.4240991944
9,57,238476.50965202652,238476.51415566934
10,58,871680.3554129957,871680.3601047366
11,59,1011118.5116547571,1011118.5098139758
12,60,1639095.1621204526,1639095.16144692
13,61,1521269.1086403867,1521269.1016183351
14,62,1540868.333605935,1540868.3340671752
15,63,1548312.8438431006,1548312.832433758
16,64,1449879.6253134867,1449879.6206228214
17,65,1459488.2239175038,1459488.232275693
18,66,1294031.9949782428,1294031.996139853
19,67,734131.890794881,734131.8865300083
20,68,91962.04939247124,91962.04835692236
21,69,21266.029801344583,21266.027159088142
22,70,19427.667806616337,19427.668259262005
23,71,13199.510520060134,13199.513518153972
24,72,5070.576855177534,5070.579135759793
25,73,937.1656550707754,937.1645868121154
26,74,1027.0782395474978,1027.0683544893764
27,75,1134.318248408639,1134.321681834763
28,76,1241.5479677257717,1241.5555328506455
29,77,9478.641369232842,9478.643472849173
30,78,13796.068848255913,13796.067132544202
31,79,14680.268644943273,14680.262502113592
32,80,16544.262940722274,16544.26378278395
33,81,15290.285638852663,15290.278824422146
34,82,16082.143433661071,16082.148771893766
35,83,75537.69113468494,75537.6907895197
36,84,83491.7603697747,83491.76776531819
37,85,84438.01337586177,84438.01385406962
38,86,105897.75423442612,105897.75404212058
39,87,50402.1350834611,50402.13361993171
40,88,77093.9413144819,77093.93916525049
41,89,83579.08244348844,83579.07920583301
42,90,65211.968043638335,65211.96331397164
43,91,55434.06020055308,55434.05926261085
44,92,48743.94588045412,48743.943175200475
45,93,41409.097033873564,41409.095925230795
46,94,69589.20951501066,69589.20839096475
47,95,2344.560278852356,2344.56054446635
48,96,2678.8136431710063,2678.8126110514145
49,97,2937.4356477702627,2937.433830606049
