,index,nat,avg
0,48,0.11604635840506806,0.12147928750416849
1,49,0.13046290564118657,0.11947451539525174
2,50,0.16498710198975686,0.12013636415958119
3,51,0.12333046208404075,0.11226441855688189
4,52,0.11950928015989018,0.11214438910937889
5,53,0.12296972379301087,0.12740116555766534
6,54,0.8321523242535185,0.3536531006906611
7,55,0.12133808085209247,0.12492563592379613
8,56,0.11514611333728898,0.11625137914450881
9,57,0.12169573302594967,0.11049446508701077
10,58,0.13552906188028055,0.115719686287116
11,59,0.12563404555655722,0.12031944634990493
12,60,0.12520526119082598,0.11398606362272891
13,61,0.11638511931017013,0.1240686612861837
14,62,0.13195649467761378,0.12537835637128028
15,63,1.4918185681184584,0.11829098880671801
16,64,0.12797306835041922,0.1223033321945944
17,65,0.12501594963788848,0.11885583381645244
18,66,0.11965505028786128,0.11056980958781426
19,67,0.21250345999394793,0.12325452195329611
20,68,0.12449554741378269,0.12144550346190801
21,69,0.9311362099619422,0.17361094071926148
22,70,0.1204675796105697,0.11759331408992485
23,71,0.12725928045369703,0.10486426729950521
24,72,0.1443164996517958,0.12469633138990398
25,73,0.1410680236634757,0.12946048246457478
26,74,0.12075080084140387,0.12655291040141417
27,75,0.12851956745493023,0.11957878871430418
28,76,0.11626104571960959,0.10775635587549465
29,77,0.12501234028465663,0.13383913105386555
30,78,0.13798812304588892,0.11533867715133796
31,79,0.1258142791744802,0.12946477008468196
32,80,0.12281857084346218,0.11859844459665882
33,81,0.12077619434898275,0.10982696288909796
34,82,0.12799490048244383,0.1158069234448721
35,83,0.12829181422637184,0.11246070599362394
36,84,1.3355801136625536,0.6243225688254246
37,85,0.153959457852719,0.13200411082893232
38,86,0.12204999234129184,0.11669192383519675
39,87,0.1270151168446014,0.1326353220546409
40,88,0.13531045812250145,0.12483027571908022
41,89,0.12222081069998916,0.13302285611390485
42,90,0.15073345395486085,0.11451600280506126
43,91,0.11963960405606591,0.11791135306444664
44,92,0.14087646964408906,0.11491569342469585
45,93,0.8277249073429935,0.20657543166314157
46,94,0.1226373867429777,0.11371082531297579
47,95,0.13070716695616943,0.12035704338799359
48,96,0.1428421126099512,0.12000788693108586
49,97,0.14761240098720171,0.11556797908756518
