,index,nat,avg
0,48,140.62211814173958,80.25010225190233
1,49,140.6806952502664,80.24033341513838
2,50,140.6975509258963,80.2391990826771
3,51,140.74156700242753,80.23829982555755
4,52,140.6592434991891,80.23770915467986
5,53,140.90049371318491,80.25718609143824
6,54,140.72248313291584,80.2476636451415
7,55,140.66212593105917,80.24146026497553
8,56,140.6339854563089,80.24058364794602
9,57,140.72152407709333,80.23851067203401
10,58,140.67644476609684,80.24156688163069
11,59,140.7028187106828,80.23232753570264
12,60,140.6796598627867,80.23546511808482
13,61,140.67151418325497,80.23627846201246
14,62,140.66579791119185,80.23912931489846
15,63,140.60590058033668,80.23881456556974
16,64,140.73070135506066,80.2420194330127
17,65,140.69435213408372,80.23811174605696
18,66,140.75731375070666,80.24454851404398
19,67,140.6975510377327,80.23757490626583
20,68,140.73249747430694,80.27798054593016
21,69,140.51026963327973,80.2653908757535
22,70,140.70579173598964,80.23710753933116
23,71,140.67044981754688,80.24055675462411
24,72,140.68745691559502,80.23520588248033
25,73,140.52502579912627,80.22403824733377
26,74,140.694691092946,80.24348438640533
27,75,140.75743309260974,80.24328908921103
28,76,140.63952448490153,80.25500814367695
29,77,140.6268860576682,80.24077596942388
30,78,140.6346785750733,80.23657418249199
31,79,140.6501724225824,80.23973076852413
32,80,140.65603826179424,80.24227226741024
33,81,140.6825197485152,80.23678516508642
34,82,140.7034583537944,80.2390407578747
35,83,140.71608002735422,80.22512032489603
36,84,140.59084583456576,80.24627620421589
37,85,140.69804455694347,80.24099211346494
38,86,140.6866601916555,80.24042753917622
39,87,140.68950032750118,80.23626783820765
40,88,140.67578657613544,80.23723943263498
41,89,140.68708930585157,80.2373758798216
42,90,140.66795136079168,80.23344555518611
43,91,140.64019722071063,80.23429286221987
44,92,140.64909562682104,80.23810408624108
45,93,140.4804891118136,80.21464247707489
46,94,140.65149171192346,80.24136275458422
47,95,140.8372495202873,80.24893023229167
48,96,140.72203839835865,80.23215655488468
49,97,140.3315723115841,80.25132018038656
