,index,nat,avg
0,48,1.116533127808512,0.7161913426213862
1,49,0.7207641316578516,0.5836220513427931
2,50,0.6420257247937303,0.5680301166190562
3,51,0.6538671327978689,0.6143660336214483
4,52,0.7024372390645898,0.5435513960474724
5,53,0.7997286187823919,0.6472007100414734
6,54,0.7585470610510041,0.6594314153789849
7,55,0.6539749794127567,0.5836410716647887
8,56,0.9739489893307852,0.7779846633313211
9,57,0.828997793657437,0.5792910069332281
10,58,0.6466953907403488,0.5544690920991883
11,59,0.6816849040027736,0.5682404298811463
12,60,0.7968821344443376,0.5883295196487611
13,61,0.612087985545851,0.5384922135423411
14,62,0.7340616814985084,0.6689740332634365
15,63,1.2156549687685883,1.1157778941157122
16,64,1.137016452590654,0.9577811251731527
17,65,0.9568038326497954,0.8858079876181397
18,66,0.9335140293256258,0.7417580871018002
19,67,0.8451651633669063,0.6568821396780893
20,68,0.7234740371605213,0.65915463022269
21,69,0.8758169328224915,0.6730624351325263
22,70,0.9451510368044356,0.9290013616635276
23,71,0.7144812071767078,0.5810898846346987
24,72,0.795373959562053,0.6828857645995349
25,73,0.8284815402053907,0.715719402857894
26,74,0.8074875322849058,0.6167601919102317
27,75,0.6849642006361658,0.6160304847779902
28,76,0.6102330374980465,0.5686923405172429
29,77,0.6795324237292005,0.6064614052360702
30,78,0.6275764182368855,0.5679392553878109
31,79,0.6404564673667659,0.607694316622034
32,80,0.5860649036477522,0.5108814578105145
33,81,0.9326139297278321,0.7839942362018157
34,82,0.9161680837881723,0.7004843166218654
35,83,0.7226636571330025,0.7147520166790959
36,84,0.7977728804054347,0.8336095408020626
37,85,0.8044976418593519,0.7480486947453403
38,86,0.787384386382388,0.7248036395864378
39,87,0.751719914068291,0.6821690387214494
40,88,0.7595768393115947,0.6094196488799026
41,89,1.0190564755890987,0.940979828863637
42,90,0.8999320767456693,0.7702137611037163
43,91,1.1202274232892773,0.7728347412855994
44,92,0.7555581697902265,0.6482060143338637
45,93,0.7698345271399873,0.5973886715166066
46,94,1.2230252221902072,0.7363284205177262
47,95,0.7203716624977287,0.5910700857090965
48,96,0.8894109571667042,0.6549430129554062
49,97,0.9405292581846385,0.8056065419182572
