,index,nat,avg
0,48,2186080.659174801,2185689.9038343634
1,49,2326950.938311381,2326469.6868530307
2,50,2366900.536401031,2366166.8005526303
3,51,2318687.9730655234,2317930.573399569
4,52,2523518.7290538396,2522655.6195818274
5,53,2470433.661818999,2469853.766877361
6,54,2491390.8059237865,2491119.900178416
7,55,2511268.512892309,2510846.2197440313
8,56,2541577.5813535713,2541009.5039143874
9,57,2360554.0977311567,2359798.531665676
10,58,2401208.8579837894,2400748.5278391275
11,59,2266730.985478357,2266101.0902962573
12,60,2319690.7060770234,2318945.4711619457
13,61,2284618.9544103714,2284318.6450252733
14,62,2159991.2050857353,2159486.7686522724
15,63,2364267.0594722726,2363612.7359010363
16,64,2349283.9050431442,2348505.4660363807
17,65,2404198.6264539952,2403873.8995653572
18,66,2671792.801144757,2670657.3909990205
19,67,2801896.869925936,2800629.7371880757
20,68,2871581.208598723,2870479.311295546
21,69,3088938.117368099,3087217.7742802626
22,70,2839067.4668026594,2837952.7174074096
23,71,2799561.5902992864,2798485.243032694
24,72,2850569.53405046,2849427.6907280786
25,73,2911263.767923983,2910258.4469325906
26,74,2731160.2108439966,2730178.0267673554
27,75,2977495.779817647,2977482.105053363
28,76,2952289.6562830014,2952261.4446233306
29,77,3016779.32308478,3016765.133022639
30,78,3153605.8630379876,3153604.635799494
31,79,3052976.859661934,3052989.7574881273
32,80,2902169.627380723,2902193.8164727367
33,81,2489106.3042706163,2489141.424339304
34,82,2328766.194002466,2328813.0953179384
35,83,2234948.797459526,2235005.2681545857
36,84,2365264.6978511363,2365285.9161232384
37,85,2062223.9894196317,2062247.7985346182
38,86,1758904.9099132111,1758928.4534494325
39,87,1662414.7297597157,1662437.0251350037
40,88,1550476.5113360777,1550514.8203296799
41,89,1449542.3706165084,1449603.1480481299
42,90,1562231.738909301,1562303.8961765247
43,91,1523050.7488833263,1523132.7815533772
44,92,1701833.0868468217,1701919.4898697578
45,93,1966409.9598995044,1966497.2516486282
46,94,2192541.8089002213,2192627.583108073
47,95,2471245.704418569,2471346.777391195
48,96,2228614.0119981435,2228713.3722333866
49,97,2337452.9934567343,2337551.664265174
