,index,nat,avg
0,48,4671594.757583731,4671594.676718389
1,49,4658103.952753101,4658103.963582132
2,50,4667355.340327543,4667353.904625464
3,51,4641285.58702836,4641283.44509229
4,52,4630278.200961211,4630272.743360796
5,53,5121948.714040445,5121942.234551045
6,54,5235067.597942104,5235059.44664363
7,55,5713741.788476404,5713737.590311354
8,56,5400719.99785498,5400205.114936268
9,57,5217256.980793589,5215153.813068337
10,58,5475247.0171462605,5473174.61419692
11,59,4862591.963312679,4860542.294965366
12,60,5027694.661489034,5024061.347365671
13,61,5066162.653691777,5063648.975387004
14,62,4792963.301573453,4790127.701729679
15,63,4995726.285981209,4991996.392629108
16,64,4889621.212129299,4887630.615120525
17,65,4637863.245240499,4635261.32475942
18,66,4801181.600720352,4798578.797113129
19,67,4337178.833442785,4337175.266899204
20,68,4543220.142566689,4542562.291237079
21,69,4623358.774019993,4622237.8919021245
22,70,4679658.556566093,4678971.0321110785
23,71,5179920.982056118,5178846.820359597
24,72,4923304.76058854,4922375.673475313
25,73,4719338.142119389,4718823.024754071
26,74,4874287.379783667,4873694.373108937
27,75,4978596.291582267,4978124.565137977
28,76,5044617.569816757,5044174.088889247
29,77,5474882.803665133,5474294.93388331
30,78,5592118.289085116,5591640.735714985
31,79,5259070.721096454,5258447.450643959
32,80,5301034.506384504,5301026.132210636
33,81,4945990.811655966,4946001.510615101
34,82,5023061.1824135985,5023065.071896137
35,83,5012542.620726502,5012543.451942921
36,84,5027044.530106458,5027044.709154353
37,85,5061945.320695289,5061945.417948365
38,86,5115214.908318313,5115214.553345903
39,87,5429547.520020166,5429546.825628712
40,88,5239486.892054502,5239486.577812926
41,89,5182437.256863827,5182437.011361202
42,90,5214621.758576039,5214621.7939977795
43,91,5230002.250074343,5230001.728217514
44,92,5312187.324304144,5312186.434340418
45,93,5487631.786547007,5487631.522374982
46,94,5286296.223920693,5286296.208901983
47,95,5125065.652618163,5125065.950671953
48,96,4850081.80518891,4850082.052453279
49,97,4860524.3010654235,4860524.164203193
