,index,nat,avg
0,48,5000404.424817379,5000403.70108318
1,49,5141255.990729024,5141255.19802298
2,50,5141160.0480487,5141159.46470422
3,51,5225716.981041656,5225716.696072246
4,52,5366291.875931265,5366291.424240892
5,53,5411708.296241957,5411708.351303656
6,54,5050694.924426205,5050694.943915491
7,55,5285752.7393199615,5285752.78336732
8,56,5146744.102974668,5146744.531415447
9,57,5206942.483721853,5206943.081740168
10,58,5140016.753461548,5140017.033345982
11,59,5075285.767419881,5075286.402625526
12,60,4997265.089559577,4997265.676881114
13,61,5087411.635405383,5087412.074439539
14,62,5345422.452662001,5345422.508500905
15,63,5321198.303199942,5321198.345023412
16,64,5103663.640797984,5103663.561842109
17,65,5097384.366148272,5097384.105164996
18,66,5621836.428196102,5621835.356409981
19,67,5689073.789518519,5689071.275120028
20,68,5595550.833455352,5595547.061454182
21,69,5553866.189306501,5553859.374884291
22,70,5690773.398045104,5690763.701476571
23,71,5499450.119607329,5499433.816755694
24,72,5359146.833799382,5359124.302216532
25,73,5244494.663871024,5244463.772573221
26,74,5389436.834914288,5389390.475285575
27,75,5360960.851520129,5360893.146597758
28,76,5313812.910176285,5313725.403491463
29,77,5147767.81442996,5147651.983573917
30,78,5220584.500525071,5220433.112555353
31,79,5104665.898717239,5101046.529820283
32,80,5191361.2907658545,5187977.682326539
33,81,5148326.194238032,5145534.444993498
34,82,5887794.875308235,5883576.618027117
35,83,5938396.459319,5933702.082008174
36,84,6009916.060497053,6005664.568261085
37,85,5874129.728496821,5868601.899630875
38,86,5777404.741548442,5772618.400348557
39,87,6138459.653405285,6134008.83482098
40,88,5958892.872740729,5954351.126580711
41,89,5503109.814701008,5499873.472940059
42,90,5217523.784717438,5214974.494279044
43,91,5060577.865581748,5060531.04665368
44,92,4653051.724335798,4653157.3611582
45,93,4535070.851503217,4535325.4838076215
46,94,4576143.516459084,4576511.53527068
47,95,4500655.89418193,4501125.002694519
48,96,4288884.866279552,4289431.502522307
49,97,4227198.370817813,4227807.277824531
