,xray_native_5_0+xray_native_5_1,w_1_native_5_1,w_0_native_5_1,pdb,r_work_native_5_0,r_free_native_5_0,w_1_native_5_0,xray_native_5_1,r_free_native_5_1,xray_native_5_0,w_0_native_5_0,rmsd,ff,r_work_native_5_1,out_id
0,9.731012031429545,0.8488284095626796,0.1511715904373204,/wynton/group/sali/vipul/xray/matthew/multixray/sample_bench/out/277_native_5_t1000/2/output_588/pdbs/382.pdb,0.1635312338484444,0.1880586131161797,0.4251035931192892,4.88364328202211,0.1949038624222211,4.847368749407435,0.5748964068807108,0.1805258697325306,12797.081156531009,0.1707430495486166,588
1,9.922746659239017,0.2585789365176369,0.741421063482363,/wynton/group/sali/vipul/xray/matthew/multixray/sample_bench/out/277_native_5_t1000/2/output_178/pdbs/353.pdb,0.1927290099920252,0.2130434477614861,0.1511200402368628,4.958274569615489,0.2118624258826233,4.964472089623527,0.8488799597631372,0.1319031331370767,12844.4848878174,0.1897316905549528,178
2,9.941661695954528,0.7850424965498372,0.2149575034501628,/wynton/group/sali/vipul/xray/matthew/multixray/sample_bench/out/277_native_5_t1000/2/output_394/pdbs/352.pdb,0.1972822269444072,0.2225845082671482,0.0072012767434908,4.915077569641416,0.1997467830006562,5.026584126313112,0.9927987232565092,0.1495478955650083,12597.712301982465,0.1798708803000621,394
3,9.696656583864886,0.5970040739467541,0.4029959260532458,/wynton/group/sali/vipul/xray/matthew/multixray/sample_bench/out/277_native_5_t1000/2/output_109/pdbs/302.pdb,0.167884669474428,0.188726425896206,0.4546301862346983,4.8300559304039945,0.1816539590703365,4.866600653460892,0.5453698137653017,0.1356202679631092,12928.699577361494,0.1626814773075097,109
4,9.853481113558786,0.302489100390871,0.697510899609129,/wynton/group/sali/vipul/xray/matthew/multixray/sample_bench/out/277_native_5_t1000/2/output_813/pdbs/358.pdb,0.1854473708612594,0.2037376566528466,0.1341042541174807,4.929927984928177,0.2032327996934347,4.923553128630608,0.8658957458825193,0.1368519311707496,13023.675245539707,0.1830295867189336,813
5,9.650365147812787,0.2267070029491959,0.7732929970508041,/wynton/group/sali/vipul/xray/matthew/multixray/sample_bench/out/277_native_5_t1000/2/output_121/pdbs/434.pdb,0.1616762470649633,0.1848602379014651,0.6124400887461128,4.82043287663434,0.1856846695762274,4.829932271178447,0.3875599112538871,0.1464360069514544,12622.8602756278,0.160532097088307,121
6,9.898485056597215,0.9934923965221428,0.0065076034778573,/wynton/group/sali/vipul/xray/matthew/multixray/sample_bench/out/277_native_5_t1000/2/output_157/pdbs/392.pdb,0.1693216773239601,0.1859641206879516,0.540234096825526,5.031037985418595,0.2252386234469811,4.86744707117862,0.459765903174474,0.1323474237058773,12924.447607659926,0.1998270679184145,157
7,9.776538632803604,0.150572326816368,0.849427673183632,/wynton/group/sali/vipul/xray/matthew/multixray/sample_bench/out/277_native_5_t1000/2/output_750/pdbs/382.pdb,0.1744269635151319,0.1967926280005557,0.6701561739981324,4.887754654511595,0.1947079967657125,4.888783978292009,0.3298438260018675,0.1583148974841045,12569.759380198217,0.1771592881362756,750
8,9.792120628369752,0.393505953999084,0.606494046000916,/wynton/group/sali/vipul/xray/matthew/multixray/sample_bench/out/277_native_5_t1000/2/output_643/pdbs/435.pdb,0.1788858380836341,0.196049694357811,0.4670202488051047,4.877340401149341,0.1894871562617271,4.914780227220412,0.5329797511948953,0.1475902414053462,12974.61598978802,0.1722060947348364,643
9,9.987509310976431,0.9618470025299518,0.0381529974700482,/wynton/group/sali/vipul/xray/matthew/multixray/sample_bench/out/277_native_5_t1000/2/output_403/pdbs/443.pdb,0.1891755260612777,0.225474915561959,0.0977322505131375,4.993233837719753,0.2237633432342947,4.994275473256678,0.9022677494868624,0.168444599107815,12455.220978411437,0.1926897613633823,403
10,9.619139588803563,0.6753856446533374,0.3246143553466626,/wynton/group/sali/vipul/xray/matthew/multixray/sample_bench/out/277_native_5_t1000/2/output_71/pdbs/367.pdb,0.157316910055556,0.1792283703254811,0.2382352616480845,4.80514920673566,0.1748241566431315,4.813990382067904,0.7617647383519155,0.1226750564805432,12589.102224253278,0.1566699806596131,71
11,9.766020792535691,0.3456738866963532,0.6543261133036468,/wynton/group/sali/vipul/xray/matthew/multixray/sample_bench/out/277_native_5_t1000/2/output_245/pdbs/421.pdb,0.1738339624131268,0.1920217561039164,0.2880373571881455,4.884442308683952,0.1916475747203535,4.88157848385174,0.7119626428118545,0.1259029214971467,12899.61778430202,0.1719341274607979,245
12,9.870271924099033,0.9210037419115542,0.0789962580884458,/wynton/group/sali/vipul/xray/matthew/multixray/sample_bench/out/277_native_5_t1000/2/output_339/pdbs/379.pdb,0.1733394435507819,0.2030400927781074,0.3734235041067469,4.984275089446747,0.2205078022795476,4.8859968346522855,0.626576495893253,0.1725219967523873,12725.58897415998,0.1932599130776942,339
13,9.886925538175703,0.0427410094821908,0.9572589905178092,/wynton/group/sali/vipul/xray/matthew/multixray/sample_bench/out/277_native_5_t1000/2/output_6/pdbs/333.pdb,0.1712413670122731,0.1903366097686519,0.7735979398905318,5.018712220075782,0.2245444202075471,4.868213318099921,0.2264020601094682,0.1305037061369173,12623.314521371189,0.1971469476991125,6
14,9.783333556039747,0.5345492846072565,0.4654507153927436,/wynton/group/sali/vipul/xray/matthew/multixray/sample_bench/out/277_native_5_t1000/2/output_131/pdbs/310.pdb,0.181408106979878,0.2020704659833689,0.6277825258686887,4.857963838742728,0.1957768946750572,4.925369717297017,0.3722174741313113,0.1503087923669874,12966.480346018354,0.1694854513951569,131
15,9.814786814716822,0.4175190386503123,0.5824809613496876,/wynton/group/sali/vipul/xray/matthew/multixray/sample_bench/out/277_native_5_t1000/2/output_3/pdbs/379.pdb,0.1805907204688968,0.2011332188323597,0.2249622554615828,4.906847737642656,0.2009865842230317,4.9079390770741655,0.7750377445384172,0.1313367308187603,12854.784079853198,0.1756576331186861,3
16,9.81808220567764,0.4728486199502161,0.5271513800497838,/wynton/group/sali/vipul/xray/matthew/multixray/sample_bench/out/277_native_5_t1000/2/output_216/pdbs/330.pdb,0.1851818861341305,0.2112570271774112,0.4785640389948615,4.862417979410084,0.19224810201427,4.955664226267556,0.5214359610051386,0.1376274271510548,13190.655509882885,0.1677104834967095,216
17,9.811284276362468,0.5397186581100328,0.4602813418899671,/wynton/group/sali/vipul/xray/matthew/multixray/sample_bench/out/277_native_5_t1000/2/output_156/pdbs/379.pdb,0.1845563700793373,0.2036576828798189,0.669357554126498,4.876403143777167,0.1938859710075906,4.9348811325853,0.330642445873502,0.1260776599918135,13051.05917672553,0.1746809376243809,156
18,9.977118188006445,0.2535447304752045,0.7464552695247955,/wynton/group/sali/vipul/xray/matthew/multixray/sample_bench/out/277_native_5_t1000/2/output_89/pdbs/307.pdb,0.1951601634631048,0.2185172480773744,0.1374148146970471,5.003299663054717,0.2233513382313043,4.973818524951728,0.8625851853029529,0.1443668886357165,12862.468695705013,0.196500425196979,89
19,9.853533300955892,0.1223839176503906,0.8776160823496093,/wynton/group/sali/vipul/xray/matthew/multixray/sample_bench/out/277_native_5_t1000/2/output_910/pdbs/438.pdb,0.1736862691250168,0.2014944210716462,0.4764249910036894,4.956702753418899,0.2167116904143571,4.896830547536992,0.5235750089963105,0.1679928814590605,12807.22536702797,0.1863691310075208,910
20,9.724343769895757,0.8516283380890043,0.1483716619109956,/wynton/group/sali/vipul/xray/matthew/multixray/sample_bench/out/277_native_5_t1000/2/output_402/pdbs/478.pdb,0.1565055204093216,0.1749340555850224,0.4702095932572921,4.925231153818605,0.2071059398030215,4.799112616077153,0.5297904067427079,0.1483701202723595,12819.642284513802,0.1770713927201768,402
21,9.83456590690884,0.9468305785178096,0.0531694214821904,/wynton/group/sali/vipul/xray/matthew/multixray/sample_bench/out/277_native_5_t1000/2/output_253/pdbs/427.pdb,0.1669787836795139,0.1888382907719092,0.2894999239979588,4.980928513723929,0.2171078568278004,4.8536373931849095,0.7105000760020411,0.1345007507975501,12632.87463625187,0.1902133056934236,253
22,10.184804749614187,0.9209795785401322,0.0790204214598677,/wynton/group/sali/vipul/xray/matthew/multixray/sample_bench/out/277_native_5_t1000/2/output_423/pdbs/76.pdb,0.2190670252856529,0.2450361039082431,0.8973769043146697,5.113956127161603,0.2580372033970484,5.070848622452584,0.1026230956853303,0.160203546555437,12705.286722393375,0.2267197038197948,423
23,9.656705304815372,0.6394644637699952,0.3605355362300049,/wynton/group/sali/vipul/xray/matthew/multixray/sample_bench/out/277_native_5_t1000/2/output_38/pdbs/292.pdb,0.1747312762071471,0.1898481617901013,0.2623402362750265,4.7612851070169775,0.1699757355073526,4.895420197798395,0.7376597637249734,0.1616123097871362,12811.361801149107,0.1537256084590812,38
24,9.755491746184079,0.5428194033164829,0.457180596683517,/wynton/group/sali/vipul/xray/matthew/multixray/sample_bench/out/277_native_5_t1000/2/output_12/pdbs/390.pdb,0.1763033493820244,0.199476000820142,0.3487083343796729,4.848537218708649,0.1942954379083593,4.90695452747543,0.6512916656203271,0.1462785172478233,13132.111575457287,0.1659437695308213,12
25,9.754232710983661,0.4853045677775461,0.5146954322224538,/wynton/group/sali/vipul/xray/matthew/multixray/sample_bench/out/277_native_5_t1000/2/output_338/pdbs/347.pdb,0.1778848416852848,0.1974292943138402,0.8601741072787964,4.831419159512166,0.1816401134790543,4.922813551471496,0.1398258927212036,0.1203130218701916,12845.00665570209,0.1614457919439849,338
26,9.741344633206372,0.4937858054136955,0.5062141945863045,/wynton/group/sali/vipul/xray/matthew/multixray/sample_bench/out/277_native_5_t1000/2/output_487/pdbs/331.pdb,0.1750891348117683,0.1986414724160683,0.2465160677501714,4.839485188462512,0.1879749284185443,4.90185944474386,0.7534839322498285,0.1179577794728993,12803.150492788747,0.1656400744010236,487
27,9.90219368811374,0.0272867447151649,0.9727132552848352,/wynton/group/sali/vipul/xray/matthew/multixray/sample_bench/out/277_native_5_t1000/2/output_332/pdbs/457.pdb,0.1715363174375583,0.1980430222504348,0.6832832742387172,5.024224571081583,0.2260294719157432,4.877969117032157,0.3167167257612828,0.1289387115851615,12861.900684028657,0.1986929687467399,332
28,9.855424944778875,0.1324757419478607,0.8675242580521394,/wynton/group/sali/vipul/xray/matthew/multixray/sample_bench/out/277_native_5_t1000/2/output_209/pdbs/364.pdb,0.1792061435109885,0.1945114311838931,0.3701381756119265,4.957219125165233,0.2081876010313871,4.898205819613643,0.6298618243880735,0.1400752129852943,13000.15007233038,0.1884932665639278,209
29,9.942835062877224,0.1606292172958829,0.839370782704117,/wynton/group/sali/vipul/xray/matthew/multixray/sample_bench/out/277_native_5_t1000/2/output_342/pdbs/327.pdb,0.1983892752027528,0.2259545241800989,0.9421413684468916,4.918954194733672,0.2067303111151996,5.023880868143552,0.0578586315531082,0.1519286530409515,12657.801427722305,0.1802006108696423,342
30,9.794096014664369,0.6458330483556942,0.3541669516443058,/wynton/group/sali/vipul/xray/matthew/multixray/sample_bench/out/277_native_5_t1000/2/output_18/pdbs/333.pdb,0.1877865236004472,0.2154174130808352,0.0887735493574672,4.819900267821762,0.1928521789359916,4.974195746842607,0.9112264506425328,0.1261209338587548,12738.708200989451,0.1639427599075379,18
31,9.812099381858353,0.3331089627921917,0.6668910372078083,/wynton/group/sali/vipul/xray/matthew/multixray/sample_bench/out/277_native_5_t1000/2/output_86/pdbs/284.pdb,0.1817558452028916,0.1976608425291097,0.4379274858540578,4.893551315088972,0.1976709404940444,4.918548066769381,0.5620725141459422,0.1362384450513999,12981.9783335042,0.1765312159654865,86
32,9.663642901126307,0.304437424713318,0.695562575286682,/wynton/group/sali/vipul/xray/matthew/multixray/sample_bench/out/277_native_5_t1000/2/output_425/pdbs/457.pdb,0.1672625294729162,0.1914605335757286,0.627448286630805,4.808864019981587,0.1834766074428375,4.85477888114472,0.3725517133691949,0.1431444744991997,12702.47253308247,0.1629998925819845,425
33,9.705557741796593,0.486075462721882,0.513924537278118,/wynton/group/sali/vipul/xray/matthew/multixray/sample_bench/out/277_native_5_t1000/2/output_845/pdbs/448.pdb,0.1647745843910781,0.1939037832867866,0.3408798369132091,4.861217430022314,0.1936089327970691,4.844340311774278,0.6591201630867909,0.1114182383026429,12954.625695820094,0.1668116678316383,845
34,9.842439028516178,0.3518960174721162,0.6481039825278838,/wynton/group/sali/vipul/xray/matthew/multixray/sample_bench/out/277_native_5_t1000/2/output_190/pdbs/408.pdb,0.1829238828426386,0.2057735568593764,0.4086111015826239,4.915068160502782,0.2078668955484433,4.927370868013395,0.5913888984173761,0.1201195164378923,13123.862145330444,0.1782579099571504,190
35,9.82025758898991,0.1302018317972306,0.8697981682027693,/wynton/group/sali/vipul/xray/matthew/multixray/sample_bench/out/277_native_5_t1000/2/output_367/pdbs/336.pdb,0.1710806493355826,0.1901119719424546,0.6866964984206237,4.957995945431196,0.2130166977754283,4.862261643558714,0.3133035015793763,0.1381860141275725,12594.64711406072,0.1866769954478792,367
36,9.761017675994092,0.4482611312701883,0.5517388687298117,/wynton/group/sali/vipul/xray/matthew/multixray/sample_bench/out/277_native_5_t1000/2/output_172/pdbs/332.pdb,0.176647542890792,0.1942347233346831,0.4035186467658019,4.857598349580269,0.1819043632170749,4.903419326413823,0.596481353234198,0.1284974793774337,12943.030785897834,0.1679312759360421,172
37,9.783182515704869,0.585219912312301,0.414780087687699,/wynton/group/sali/vipul/xray/matthew/multixray/sample_bench/out/277_native_5_t1000/2/output_135/pdbs/232.pdb,0.17056422829586,0.1876078510203979,0.5863609239057646,4.913229142533655,0.2004658427831881,4.869953373171214,0.4136390760942355,0.1420564088655503,13091.82833074908,0.1766845048578204,135
38,9.911245922534475,0.7422377516712222,0.2577622483287778,/wynton/group/sali/vipul/xray/matthew/multixray/sample_bench/out/277_native_5_t1000/2/output_303/pdbs/314.pdb,0.1893273378336812,0.2066161523706867,0.7979293214257072,4.958750116000129,0.2043406372861681,4.952495806534346,0.2020706785742928,0.1385679922655553,13085.326245841476,0.1881491117931821,303
39,9.78411701165668,0.8339560341643072,0.1660439658356927,/wynton/group/sali/vipul/xray/matthew/multixray/sample_bench/out/277_native_5_t1000/2/output_226/pdbs/424.pdb,0.1655881000603769,0.1811901312399786,0.5148132474260754,4.934274812440338,0.211789139679342,4.849842199216342,0.4851867525739247,0.1422786515657113,12964.369406531088,0.1790710156460263,226
40,9.765448999586527,0.5365436723395423,0.4634563276604577,/wynton/group/sali/vipul/xray/matthew/multixray/sample_bench/out/277_native_5_t1000/2/output_106/pdbs/408.pdb,0.1789960133373534,0.1963943894310609,0.5395121366700532,4.848433069468577,0.1904235242584127,4.91701593011795,0.4604878633299468,0.11838691941028,12867.54613901754,0.16639376087943,106
41,9.95855061888844,0.7690584410587971,0.2309415589412029,/wynton/group/sali/vipul/xray/matthew/multixray/sample_bench/out/277_native_5_t1000/2/output_146/pdbs/255.pdb,0.1913857216415883,0.2159454479181104,0.7552065723356985,4.986157953620896,0.21643228703567,4.972392665267543,0.2447934276643015,0.138136999090435,13039.39305650365,0.1933596095294758,146
42,9.786383770020768,0.6838060427144133,0.3161939572855868,/wynton/group/sali/vipul/xray/matthew/multixray/sample_bench/out/277_native_5_t1000/2/output_42/pdbs/414.pdb,0.1756882474004463,0.2015994287156388,0.4519556639246454,4.882880762639339,0.1992156083579783,4.9035030073814285,0.5480443360753545,0.1209892865973207,13188.070279508123,0.1730910775742214,42
43,9.713321640077044,0.28758779919242,0.71241220080758,/wynton/group/sali/vipul/xray/matthew/multixray/sample_bench/out/277_native_5_t1000/2/output_925/pdbs/373.pdb,0.1745175238777872,0.1996220323157639,0.7508169215710786,4.824395626574302,0.1834894309757245,4.888926013502742,0.2491830784289212,0.1317573902137834,12875.27605552046,0.1631808418139735,925
44,9.7965129579954,0.4272759339502021,0.572724066049798,/wynton/group/sali/vipul/xray/matthew/multixray/sample_bench/out/277_native_5_t1000/2/output_268/pdbs/359.pdb,0.1780701873914263,0.1892492365237338,0.5382337322166904,4.884049953366855,0.1969453230198747,4.9124630046285445,0.4617662677833096,0.1252508665599717,12913.969007274683,0.1741801845873032,268
45,9.873927050330018,0.4850428842573973,0.5149571157426027,/wynton/group/sali/vipul/xray/matthew/multixray/sample_bench/out/277_native_5_t1000/2/output_16/pdbs/383.pdb,0.2005512047138691,0.2212067339743179,0.0373197099214195,4.857844739164003,0.1872335068566909,5.016082311166014,0.9626802900785804,0.1333904881337513,12920.50952868366,0.1706384663869646,16
46,9.956843412271537,0.2116110283500731,0.7883889716499268,/wynton/group/sali/vipul/xray/matthew/multixray/sample_bench/out/277_native_5_t1000/2/output_824/pdbs/338.pdb,0.1942742074007107,0.2094796556632577,0.281674037358087,4.979197983557971,0.2180432872582242,4.977645428713566,0.7183259626419131,0.1429803423613713,12871.400966259223,0.1948386932231772,824
47,9.679582910726094,0.6603707823830235,0.3396292176169765,/wynton/group/sali/vipul/xray/matthew/multixray/sample_bench/out/277_native_5_t1000/2/output_34/pdbs/454.pdb,0.1717026179183662,0.1995631581531074,0.1737056980127263,4.78731708960757,0.1764185581973877,4.892265821118524,0.8262943019872737,0.1157328404264905,12725.84762126886,0.1573010321161835,34
48,9.687369662434719,0.5537682797011899,0.4462317202988101,/wynton/group/sali/vipul/xray/matthew/multixray/sample_bench/out/277_native_5_t1000/2/output_863/pdbs/384.pdb,0.1712843143159408,0.1875940185396682,0.105707556843356,4.821330529758525,0.1792455150092088,4.866039132676194,0.894292443156644,0.1271095633895613,12645.47867217935,0.1604876129279612,863
49,9.91348013691319,0.7802230909851402,0.2197769090148598,/wynton/group/sali/vipul/xray/matthew/multixray/sample_bench/out/277_native_5_t1000/2/output_271/pdbs/396.pdb,0.1909683338798774,0.2151323675947711,0.6620103355911254,4.94769435465203,0.2148918760773859,4.96578578226116,0.3379896644088746,0.1788366568792531,13168.755046623184,0.1871811058465904,271
50,9.83308428941383,0.5881477420316226,0.4118522579683774,/wynton/group/sali/vipul/xray/matthew/multixray/sample_bench/out/277_native_5_t1000/2/output_585/pdbs/391.pdb,0.1871898154820107,0.2083628404705749,0.8524695442003049,4.894487852087307,0.2003318230476229,4.938596437326523,0.1475304557996951,0.1199615774509239,12946.832874396812,0.1753695735993683,585
51,9.82237481300539,0.448633271127514,0.551366728872486,/wynton/group/sali/vipul/xray/matthew/multixray/sample_bench/out/277_native_5_t1000/2/output_222/pdbs/377.pdb,0.182582377354001,0.2060253602358231,0.3896123516588162,4.896406735824071,0.1949034473915561,4.925968077181319,0.6103876483411838,0.1294682733793386,13097.395296907636,0.174208899202391,222
52,9.75818860200497,0.1306784971678455,0.8693215028321545,/wynton/group/sali/vipul/xray/matthew/multixray/sample_bench/out/277_native_5_t1000/2/output_64/pdbs/422.pdb,0.1686672326961528,0.1902793097918369,0.6978090359566481,4.885582663783318,0.1994526574006607,4.872605938221653,0.3021909640433519,0.1287278059796406,12621.64096919761,0.172828501123396,64
53,9.683028371051677,0.2089529805632607,0.7910470194367393,/wynton/group/sali/vipul/xray/matthew/multixray/sample_bench/out/277_native_5_t1000/2/output_539/pdbs/279.pdb,0.1596015617858515,0.1841785229183135,0.6293102721948968,4.86268546059739,0.1888003766976786,4.820342910454287,0.3706897278051033,0.1268944650988048,12689.411444203348,0.1666586991689254,539
54,9.790822730384814,0.4510435522697814,0.5489564477302187,/wynton/group/sali/vipul/xray/matthew/multixray/sample_bench/out/277_native_5_t1000/2/output_354/pdbs/444.pdb,0.1962931647952289,0.2182429714711579,0.9743903555668492,4.769708026144112,0.1712418426890216,5.021114704240701,0.0256096444331507,0.1416996227919799,12770.3677346547,0.1565742477026083,354
55,9.831655785311966,0.4890954910611759,0.510904508938824,/wynton/group/sali/vipul/xray/matthew/multixray/sample_bench/out/277_native_5_t1000/2/output_285/pdbs/436.pdb,0.1791454288886204,0.2049046288554532,0.5541033452203669,4.910072153763992,0.2059674060093386,4.921583631547973,0.4458966547796332,0.1277568218442568,13054.644614040057,0.1768496018378788,285
56,9.702188360530677,0.8483300011824532,0.1516699988175468,/wynton/group/sali/vipul/xray/matthew/multixray/sample_bench/out/277_native_5_t1000/2/output_142/pdbs/368.pdb,0.1575186810013848,0.1747823402383072,0.385137808090013,4.905000505729571,0.194701040354858,4.797187854801105,0.6148621919099869,0.1323982897436907,12702.836114483156,0.1754075278728075,142
57,10.03596457037441,0.8089030532145506,0.1910969467854494,/wynton/group/sali/vipul/xray/matthew/multixray/sample_bench/out/277_native_5_t1000/2/output_689/pdbs/464.pdb,0.2052471898853411,0.2246508937295243,0.885048322091879,5.027400887724088,0.2276206292243179,5.008563682650322,0.114951677908121,0.1519827276481762,12954.3017742459,0.2060625259732557,689
58,9.723357579363,0.6372221761242582,0.3627778238757417,/wynton/group/sali/vipul/xray/matthew/multixray/sample_bench/out/277_native_5_t1000/2/output_105/pdbs/129.pdb,0.1679116124832761,0.1868943271803512,0.3756551535080341,4.854788034185125,0.1881984541194842,4.868569545177876,0.624344846491966,0.13752012067684,12603.334264929175,0.1654838684226624,105
59,9.852340944911843,0.6613341009792649,0.3386658990207351,/wynton/group/sali/vipul/xray/matthew/multixray/sample_bench/out/277_native_5_t1000/2/output_417/pdbs/301.pdb,0.1834262952821574,0.2070132653786649,0.8001589228108987,4.92894473272992,0.2064391301733501,4.923396212181923,0.1998410771891013,0.1510346002524055,12993.792063398912,0.180557398616153,417
60,9.812519823909355,0.5092089435698239,0.4907910564301762,/wynton/group/sali/vipul/xray/matthew/multixray/sample_bench/out/277_native_5_t1000/2/output_649/pdbs/382.pdb,0.1930126495751012,0.2218256352165257,0.9971066789238958,4.803133163213455,0.1798997738185125,5.0093866606959,0.0028933210761042,0.129344784275715,12902.435623784895,0.1602575348535743,649
61,9.904930053227414,0.2262063655279788,0.7737936344720212,/wynton/group/sali/vipul/xray/matthew/multixray/sample_bench/out/277_native_5_t1000/2/output_467/pdbs/283.pdb,0.1854459892288767,0.2165211473892415,0.3858803479240983,4.950627663685678,0.2180014792705004,4.954302389541735,0.6141196520759017,0.1331366381643802,13101.647484879028,0.1862797313095747,467
62,9.927616543873802,0.7132225044892782,0.2867774955107219,/wynton/group/sali/vipul/xray/matthew/multixray/sample_bench/out/277_native_5_t1000/2/output_485/pdbs/246.pdb,0.1855327191899888,0.2077121639104127,0.7460460156879416,4.990425168933131,0.2198961248232984,4.937191374940671,0.2539539843120584,0.1384000935893645,12978.922269645544,0.1924294422477836,485
63,9.741067578995288,0.5907952634976369,0.409204736502363,/wynton/group/sali/vipul/xray/matthew/multixray/sample_bench/out/277_native_5_t1000/2/output_224/pdbs/425.pdb,0.1768856712031438,0.2000160939790567,0.3546487106385392,4.840620814481637,0.1935649293159732,4.900446764513651,0.6453512893614607,0.1251422254139268,12864.109112486902,0.1669666330178599,224
64,9.85149063026237,0.6263979334297621,0.3736020665702378,/wynton/group/sali/vipul/xray/matthew/multixray/sample_bench/out/277_native_5_t1000/2/output_536/pdbs/415.pdb,0.1954746560430482,0.2228813985090596,0.9669147615643482,4.848525710277861,0.1907990361519099,5.002964919984509,0.0330852384356518,0.1251727242229508,12994.03120969616,0.1680377065947465,536
65,9.897370457286438,0.3182673461742487,0.6817326538257512,/wynton/group/sali/vipul/xray/matthew/multixray/sample_bench/out/277_native_5_t1000/2/output_849/pdbs/359.pdb,0.1928698415640154,0.2112539847295144,0.1020019161623635,4.921791368073495,0.1991282844813073,4.975579089212944,0.8979980838376365,0.1423780453543417,12959.418529196022,0.1786285767458644,849
66,9.774486030584644,0.6979226081297818,0.3020773918702182,/wynton/group/sali/vipul/xray/matthew/multixray/sample_bench/out/277_native_5_t1000/2/output_763/pdbs/483.pdb,0.1706223355908152,0.1930150573592713,0.4474021484750868,4.903883965984373,0.2009605625303271,4.870602064600272,0.5525978515249133,0.1400595582655166,13042.623200472131,0.1783864457935883,763
67,9.820742134964476,0.3338166704146867,0.6661833295853133,/wynton/group/sali/vipul/xray/matthew/multixray/sample_bench/out/277_native_5_t1000/2/output_832/pdbs/487.pdb,0.1801801155967549,0.2005502117101935,0.3734921119097784,4.909520735041283,0.2071464907297089,4.911221399923194,0.6265078880902216,0.1438943354772728,12958.689008919378,0.1792233816571045,832
68,9.796025732211179,0.3231354374231581,0.676864562576842,/wynton/group/sali/vipul/xray/matthew/multixray/sample_bench/out/277_native_5_t1000/2/output_496/pdbs/397.pdb,0.1857700202210342,0.207416323937685,0.8129254248690477,4.843280832485364,0.1813145185633813,4.952744899725815,0.1870745751309523,0.1167186902052941,12900.524611203902,0.1682851989613485,496
69,9.901787773572872,0.6888678595280442,0.3111321404719558,/wynton/group/sali/vipul/xray/matthew/multixray/sample_bench/out/277_native_5_t1000/2/output_653/pdbs/349.pdb,0.188335988230148,0.2047418302426452,0.6970827922481243,4.949013723712185,0.2048610768552343,4.952774049860687,0.3029172077518757,0.1422953893258503,13028.525857225566,0.1871250344418013,653
70,9.843409949597977,0.8922829755201571,0.1077170244798428,/wynton/group/sali/vipul/xray/matthew/multixray/sample_bench/out/277_native_5_t1000/2/output_164/pdbs/430.pdb,0.1759174436575141,0.2118208095336656,0.1978125658890229,4.913055435747287,0.2044654201507187,4.93035451385069,0.802187434110977,0.1388849933524629,12496.979702249662,0.1773015750296105,164
71,9.931368227113872,0.2379499600833012,0.7620500399166987,/wynton/group/sali/vipul/xray/matthew/multixray/sample_bench/out/277_native_5_t1000/2/output_985/pdbs/370.pdb,0.186430025397091,0.2152633990178605,0.3011678845816841,4.977136655078343,0.2196804180642272,4.954231572035527,0.6988321154183158,0.1474220678705868,12924.653208847045,0.1940267241830964,985
72,9.86698399992713,0.6234405812002176,0.3765594187997824,/wynton/group/sali/vipul/xray/matthew/multixray/sample_bench/out/277_native_5_t1000/2/output_117/pdbs/320.pdb,0.1992078144317819,0.2116877590548416,0.0134672526259349,4.848603598857152,0.1838317547015881,5.018380401069979,0.986532747374065,0.1276235495209318,12585.942236653407,0.1685343627126599,117
73,9.714633991659653,0.5318845280510548,0.4681154719489453,/wynton/group/sali/vipul/xray/matthew/multixray/sample_bench/out/277_native_5_t1000/2/output_278/pdbs/353.pdb,0.1647684342532385,0.1884175348539809,0.5462343681712366,4.85882765238094,0.1885561437811644,4.855806339278713,0.4537656318287633,0.117810363592605,12787.296489363303,0.1659413945674609,278
74,9.938337056824642,0.2476043086532966,0.7523956913467034,/wynton/group/sali/vipul/xray/matthew/multixray/sample_bench/out/277_native_5_t1000/2/output_486/pdbs/413.pdb,0.1884901359384719,0.2139898961990809,0.2637011446866736,4.985787227266625,0.2227068385904302,4.952549829558016,0.7362988553133264,0.1675818410524325,13188.319253650516,0.1944893271005884,486
75,9.855550937012794,0.8989867641792052,0.1010132358207948,/wynton/group/sali/vipul/xray/matthew/multixray/sample_bench/out/277_native_5_t1000/2/output_488/pdbs/374.pdb,0.1715130400453837,0.1971090623248288,0.1911899346766903,4.975958279156773,0.2115064326542372,4.879592657856021,0.8088100653233097,0.1429510501725856,12431.973330653504,0.1893526545867839,488
76,9.743245452879663,0.3881271589069269,0.6118728410930732,/wynton/group/sali/vipul/xray/matthew/multixray/sample_bench/out/277_native_5_t1000/2/output_444/pdbs/394.pdb,0.1728899966384771,0.1965647010577473,0.8990442860905697,4.851055190765762,0.1902858672999366,4.892190262113901,0.1009557139094302,0.125011662847435,12496.834043917104,0.1687817217031903,444
77,9.878473002127077,0.6511480755568086,0.3488519244431913,/wynton/group/sali/vipul/xray/matthew/multixray/sample_bench/out/277_native_5_t1000/2/output_743/pdbs/349.pdb,0.1942905587856425,0.2183447051838586,0.9440973527137124,4.886046634311984,0.2011707705542428,4.992426367815092,0.0559026472862875,0.1251755143408885,12906.122502849134,0.17421320274561,743
78,9.663535953960569,0.6041098314882205,0.3958901685117794,/wynton/group/sali/vipul/xray/matthew/multixray/sample_bench/out/277_native_5_t1000/2/output_823/pdbs/408.pdb,0.1642125704833296,0.1914912273129241,0.3407905353118985,4.8173518470790535,0.1852289037869389,4.846184106881514,0.6592094646881015,0.1231607554604151,12949.190549286932,0.1607510656318059,823
79,9.64164016575235,0.6828880280579342,0.3171119719420658,/wynton/group/sali/vipul/xray/matthew/multixray/sample_bench/out/277_native_5_t1000/2/output_15/pdbs/473.pdb,0.157749425541454,0.1820133802603027,0.2563404726110957,4.828032861540244,0.1890370585823945,4.8136073042121055,0.7436595273889044,0.1436383543254286,12743.895992138,0.1607542133106607,15
80,9.716461864320166,0.5337267221967688,0.4662732778032312,/wynton/group/sali/vipul/xray/matthew/multixray/sample_bench/out/277_native_5_t1000/2/output_642/pdbs/422.pdb,0.1751091196087671,0.187266438005299,0.4132583785473193,4.821617505729151,0.1760341987844574,4.894844358591015,0.5867416214526807,0.1586958040314642,12873.41943570394,0.1627932684985257,642
81,9.804502097605413,0.542416345274665,0.457583654725335,/wynton/group/sali/vipul/xray/matthew/multixray/sample_bench/out/277_native_5_t1000/2/output_465/pdbs/313.pdb,0.1826721570504745,0.2047783529093599,0.6353578228182898,4.867876350475602,0.1889358599865894,4.936625747129811,0.3646421771817101,0.1280086177996854,13008.84089911994,0.1691508589164555,465
82,9.68394326956912,0.7415628886783474,0.2584371113216526,/wynton/group/sali/vipul/xray/matthew/multixray/sample_bench/out/277_native_5_t1000/2/output_290/pdbs/327.pdb,0.16329716013208,0.1797113519795877,0.4751585894251656,4.854874839487997,0.1888022814494097,4.829068430081122,0.5248414105748344,0.1252144856636815,12802.190307158346,0.168094035722211,290
83,9.814374633424514,0.0467532443309775,0.9532467556690224,/wynton/group/sali/vipul/xray/matthew/multixray/sample_bench/out/277_native_5_t1000/2/output_909/pdbs/369.pdb,0.1596538409138076,0.1812382152191335,0.8443035034651531,4.989362176206347,0.215523895328181,4.825012457218167,0.1556964965348468,0.1444384087071027,12341.154018194578,0.1897828783313866,909
84,9.769987373155269,0.3816160231375556,0.6183839768624444,/wynton/group/sali/vipul/xray/matthew/multixray/sample_bench/out/277_native_5_t1000/2/output_233/pdbs/314.pdb,0.1741083077988305,0.2044751859873236,0.5751910099924195,4.873964805276442,0.1967537144790512,4.896022567878827,0.4248089900075806,0.1589859092108401,12721.048962876732,0.1725748640900125,233
85,9.589166921098624,0.2924191067505148,0.7075808932494851,/wynton/group/sali/vipul/xray/matthew/multixray/sample_bench/out/277_native_5_t1000/2/output_288/pdbs/386.pdb,0.1537068828422608,0.1743245440447487,0.6256940522401043,4.811017233802806,0.1834632167451969,4.778149687295818,0.3743059477598957,0.1346630672416746,12751.777892545526,0.1589211551084829,288
86,9.917576480342923,0.2367813488263534,0.7632186511736465,/wynton/group/sali/vipul/xray/matthew/multixray/sample_bench/out/277_native_5_t1000/2/output_388/pdbs/241.pdb,0.1839412196937568,0.2055543841908407,0.2552349724057515,4.981882677477115,0.2095035665799407,4.935693802865808,0.7447650275942485,0.1383577213503807,13038.679158072508,0.1925361168005748,388
87,9.885890602219849,0.201333288906621,0.798666711093379,/wynton/group/sali/vipul/xray/matthew/multixray/sample_bench/out/277_native_5_t1000/2/output_836/pdbs/385.pdb,0.1889287893519606,0.2135701060507591,0.9214887577624584,4.899346447350241,0.2027436927271216,4.986544154869609,0.0785112422375416,0.1329799568116025,12664.387663188858,0.1779761885295372,836
88,9.744997010448934,0.4684097403656456,0.5315902596343545,/wynton/group/sali/vipul/xray/matthew/multixray/sample_bench/out/277_native_5_t1000/2/output_901/pdbs/297.pdb,0.1811307976984146,0.2096108008243467,0.8031107302461146,4.814380571640128,0.1790471274205309,4.930616438808805,0.1968892697538854,0.123647856789611,13021.883476351282,0.1619112093066191,901
89,9.714603732929593,0.7524360701756784,0.2475639298243216,/wynton/group/sali/vipul/xray/matthew/multixray/sample_bench/out/277_native_5_t1000/2/output_57/pdbs/314.pdb,0.1594053115551305,0.1800750223459292,0.4288745208370594,4.884761688068204,0.1975959297176387,4.829842044861388,0.5711254791629405,0.1339223285062268,12891.132065053474,0.17208233241991,57
90,9.739850177288714,0.5438137164691983,0.4561862835308016,/wynton/group/sali/vipul/xray/matthew/multixray/sample_bench/out/277_native_5_t1000/2/output_607/pdbs/433.pdb,0.1898100204509833,0.206784638746864,0.0982709642985253,4.773101353434698,0.1720691819409091,4.966748823854016,0.9017290357014748,0.1522163184832504,12586.361229323777,0.1562122007549984,607
91,10.042660449707927,0.0661099468699178,0.9338900531300822,/wynton/group/sali/vipul/xray/matthew/multixray/sample_bench/out/277_native_5_t1000/2/output_298/pdbs/134.pdb,0.1920831223350534,0.2213332844424394,0.258106872775912,5.07384992014238,0.2412048765971221,4.9688105295655465,0.741893127224088,0.145608609330962,12871.412316734648,0.2134391682411532,298
92,9.738610601854347,0.772795045019732,0.2272049549802681,/wynton/group/sali/vipul/xray/matthew/multixray/sample_bench/out/277_native_5_t1000/2/output_77/pdbs/396.pdb,0.1743259746662649,0.1999025901539286,0.4439174943493005,4.8443775506935065,0.1891215264549934,4.894233051160842,0.5560825056506994,0.1484438003281139,12900.60153933471,0.1667235302148453,77
93,9.918527832557329,0.303502052942956,0.6964979470570439,/wynton/group/sali/vipul/xray/matthew/multixray/sample_bench/out/277_native_5_t1000/2/output_358/pdbs/371.pdb,0.199119481381708,0.2231006642151252,0.0381881524745624,4.90708643010182,0.1990805675054764,5.0114414024555085,0.9618118475254376,0.1399434960881247,13012.619473218025,0.1777019714417575,358
94,9.827278385584197,0.8238984091905251,0.1761015908094748,/wynton/group/sali/vipul/xray/matthew/multixray/sample_bench/out/277_native_5_t1000/2/output_266/pdbs/363.pdb,0.1760911552833399,0.1958904361452381,0.171448837458968,4.928990182029185,0.2040394082771157,4.898288203555012,0.8285511625410319,0.1470945537776499,12538.063897016376,0.1816195037989706,266
95,10.00029132834004,0.7668012201143922,0.2331987798856078,/wynton/group/sali/vipul/xray/matthew/multixray/sample_bench/out/277_native_5_t1000/2/output_902/pdbs/270.pdb,0.2019124427647939,0.2299878854491865,0.9453357977805112,4.977535876339634,0.2133363906154118,5.022755452000405,0.0546642022194887,0.1434104927710643,13004.301919438924,0.1922629365384832,902
96,9.991530908091306,0.7646906094881898,0.2353093905118101,/wynton/group/sali/vipul/xray/matthew/multixray/sample_bench/out/277_native_5_t1000/2/output_855/pdbs/441.pdb,0.2053953202167742,0.2236681483503432,0.9303413574574368,4.9723414254357925,0.2144538236887684,5.019189482655514,0.0696586425425631,0.1526693103335352,12952.745952815849,0.1938602404789301,855
97,9.71063383771276,0.5437105530478422,0.4562894469521579,/wynton/group/sali/vipul/xray/matthew/multixray/sample_bench/out/277_native_5_t1000/2/output_116/pdbs/246.pdb,0.1752375032200531,0.1995776953397452,0.3729791995209645,4.801203257595236,0.1789852264784014,4.909430580117524,0.6270208004790355,0.1191122920528227,13132.21105653652,0.1585245353356181,116
98,9.773172591825293,0.4406078926290847,0.5593921073709153,/wynton/group/sali/vipul/xray/matthew/multixray/sample_bench/out/277_native_5_t1000/2/output_246/pdbs/320.pdb,0.1786307690520252,0.2055135535158423,0.8304409093267863,4.85908752921519,0.1936810368868569,4.914085062610103,0.1695590906732137,0.1311854769076913,12745.653016555369,0.1670097150123699,246
99,9.727473227943008,0.4666996393212819,0.533300360678718,/wynton/group/sali/vipul/xray/matthew/multixray/sample_bench/out/277_native_5_t1000/2/output_399/pdbs/418.pdb,0.1736330443546497,0.1980041910646397,0.2635259530977,4.850565236463281,0.194939868630538,4.876907991479727,0.7364740469023001,0.1228308245597161,12813.128857835623,0.167121775767283,399
100,9.785013473965776,0.4516989166870381,0.5483010833129619,/wynton/group/sali/vipul/xray/matthew/multixray/sample_bench/out/277_native_5_t1000/2/output_147/pdbs/378.pdb,0.173444135890752,0.1900589658373042,0.5727537443832307,4.910778043997786,0.2018689231949349,4.87423542996799,0.4272462556167693,0.1340653978538131,12776.396873309504,0.1805616583457789,147
101,9.904426223285906,0.8729520733975035,0.1270479266024965,/wynton/group/sali/vipul/xray/matthew/multixray/sample_bench/out/277_native_5_t1000/2/output_384/pdbs/375.pdb,0.1854534260507676,0.2083221253792138,0.6599133677470296,4.960143142396941,0.2098825989626938,4.944283080888964,0.3400866322529705,0.1541983370583155,13045.403114826182,0.1904622672217375,384
102,9.708898569022818,0.7064982700327935,0.2935017299672065,/wynton/group/sali/vipul/xray/matthew/multixray/sample_bench/out/277_native_5_t1000/2/output_381/pdbs/395.pdb,0.1775958744409361,0.202666584141927,0.1523309055359156,4.792000221705989,0.176208612960414,4.916898347316828,0.8476690944640843,0.1369582987574622,12449.33992165956,0.1552239707690294,381
103,9.723574347581046,0.7343402376323951,0.2656597623676049,/wynton/group/sali/vipul/xray/matthew/multixray/sample_bench/out/277_native_5_t1000/2/output_421/pdbs/451.pdb,0.1645829756177614,0.1891732119449132,0.3411470109484089,4.8861203101256905,0.1946449491255605,4.837454037455356,0.6588529890515912,0.1313208706023629,12832.22284796952,0.1742620034504353,421
104,9.901015625180314,0.6495206222714183,0.3504793777285817,/wynton/group/sali/vipul/xray/matthew/multixray/sample_bench/out/277_native_5_t1000/2/output_148/pdbs/326.pdb,0.1912494117714572,0.2159359577862849,0.8480260961992401,4.94571295153949,0.20320789391976,4.955302673640823,0.1519739038007599,0.1469110615960924,12907.77910994219,0.1826419782869877,148
105,9.834365449178213,0.5201040586972172,0.4798959413027827,/wynton/group/sali/vipul/xray/matthew/multixray/sample_bench/out/277_native_5_t1000/2/output_211/pdbs/292.pdb,0.1812357484351933,0.2017548419038266,0.5378981635000667,4.908412008649233,0.2010091049245663,4.92595344052898,0.4621018364999332,0.1323494843746682,12873.504490657951,0.1764842960723059,211
106,9.738689919437263,0.2290652553664071,0.7709347446335929,/wynton/group/sali/vipul/xray/matthew/multixray/sample_bench/out/277_native_5_t1000/2/output_118/pdbs/380.pdb,0.1680718615537346,0.1957155383337437,0.590921781868936,4.874240749660818,0.1976330817247557,4.864449169776446,0.409078218131064,0.1301147004913849,12903.971130096244,0.171910134405853,118
107,9.801986008624814,0.5716404309638224,0.4283595690361776,/wynton/group/sali/vipul/xray/matthew/multixray/sample_bench/out/277_native_5_t1000/2/output_45/pdbs/323.pdb,0.179667936047614,0.20475167133213,0.742137589311595,4.8870180863591095,0.1990937612634598,4.914967922265705,0.257862410688405,0.1235367322958735,12848.79206879442,0.1712502526243791,45
108,9.817075336229308,0.9923051489370776,0.0076948510629223,/wynton/group/sali/vipul/xray/matthew/multixray/sample_bench/out/277_native_5_t1000/2/output_349/pdbs/358.pdb,0.1565278244869778,0.184346653696554,0.2423798189707397,5.009753825352783,0.2213745436112918,4.807321510876526,0.7576201810292603,0.1426132622997383,12600.886668320683,0.1919141585196258,349
109,9.898738725335718,0.1413932940178358,0.8586067059821642,/wynton/group/sali/vipul/xray/matthew/multixray/sample_bench/out/277_native_5_t1000/2/output_103/pdbs/392.pdb,0.1878534141434125,0.2145536486342135,0.9913265823065588,4.9164534787119205,0.2074450881171242,4.982285246623797,0.0086734176934412,0.1372547225772541,12383.998622638284,0.1746978723687061,103
110,9.87253282248184,0.7761035105728321,0.2238964894271679,/wynton/group/sali/vipul/xray/matthew/multixray/sample_bench/out/277_native_5_t1000/2/output_837/pdbs/397.pdb,0.1806219831901766,0.2097899788347765,0.5862603822161844,4.940202222075375,0.2123896880823863,4.932330600406464,0.4137396177838155,0.1406006027492503,13075.544755086265,0.1828337939344532,837
111,9.743687320528755,0.2541290171652165,0.7458709828347835,/wynton/group/sali/vipul/xray/matthew/multixray/sample_bench/out/277_native_5_t1000/2/output_277/pdbs/356.pdb,0.1762584478554196,0.1967129137110886,0.9212776094450076,4.819875285755437,0.1883309148384637,4.923812034773318,0.0787223905549924,0.1260172833107286,12488.547302862198,0.1606262376845332,277
112,9.829616271013943,0.8759995587126347,0.1240004412873652,/wynton/group/sali/vipul/xray/matthew/multixray/sample_bench/out/277_native_5_t1000/2/output_313/pdbs/352.pdb,0.1675809422486499,0.1905783062858431,0.5160266437619269,4.9646321391768735,0.2155520250885817,4.864984131837071,0.4839733562380731,0.1435800770884362,12659.258348196548,0.1844778010924971,313
113,9.742795472300877,0.5016210628213013,0.4983789371786988,/wynton/group/sali/vipul/xray/matthew/multixray/sample_bench/out/277_native_5_t1000/2/output_311/pdbs/394.pdb,0.1704775008099908,0.1926473333513063,0.4640294052157981,4.868250819828316,0.1929503672899309,4.87454465247256,0.5359705947842018,0.1249056929790597,13011.646374886444,0.1693166443019287,311
114,9.872396381256772,0.3396275054106482,0.6603724945893518,/wynton/group/sali/vipul/xray/matthew/multixray/sample_bench/out/277_native_5_t1000/2/output_344/pdbs/354.pdb,0.1844634369961943,0.2119773955821909,0.3319904031353127,4.923963966978563,0.2078244907376961,4.9484324142782095,0.6680095968646873,0.1327447109454625,13156.920160834448,0.1804463595721915,344
115,9.652449101564166,0.4466361060909973,0.5533638939090028,/wynton/group/sali/vipul/xray/matthew/multixray/sample_bench/out/277_native_5_t1000/2/output_43/pdbs/342.pdb,0.1669345610962289,0.1857294388799044,0.2145780412499816,4.808698071257868,0.1839670626528247,4.843751030306299,0.7854219587500183,0.1224472276306059,13109.804367608089,0.1576127803045788,43
116,9.79340844917266,0.4089115610756029,0.5910884389243971,/wynton/group/sali/vipul/xray/matthew/multixray/sample_bench/out/277_native_5_t1000/2/output_249/pdbs/398.pdb,0.1766569483881978,0.1966825510746341,0.5370578279299949,4.895508298018246,0.1962950548050095,4.897900151154414,0.462942172070005,0.1217803969863704,13106.627326371605,0.1746159758286313,249
117,9.93163651328101,0.2846734771488662,0.7153265228511337,/wynton/group/sali/vipul/xray/matthew/multixray/sample_bench/out/277_native_5_t1000/2/output_839/pdbs/433.pdb,0.193247102869071,0.2127359224730926,0.2067626810342115,4.9637365192457645,0.2141708609229493,4.967899994035244,0.7932373189657884,0.1396915332677297,12972.412873656858,0.1902495603341651,839
118,9.789795465707959,0.3134153764634644,0.6865846235365355,/wynton/group/sali/vipul/xray/matthew/multixray/sample_bench/out/277_native_5_t1000/2/output_258/pdbs/318.pdb,0.1788940342950096,0.2005668051529876,0.494116303642242,4.870043510129445,0.1919973949874935,4.919751955578514,0.505883696357758,0.1668072628171218,12958.699590890006,0.1727353804985354,258
119,9.650372808494877,0.695107543324819,0.3048924566751809,/wynton/group/sali/vipul/xray/matthew/multixray/sample_bench/out/277_native_5_t1000/2/output_134/pdbs/371.pdb,0.1619787060412666,0.1781998704836024,0.2973218724069235,4.82529624908053,0.1777116269111534,4.825076559414347,0.7026781275930766,0.1344514448079856,12775.67735254735,0.163540874236966,134
120,9.794410047784412,0.7754961088336841,0.2245038911663159,/wynton/group/sali/vipul/xray/matthew/multixray/sample_bench/out/277_native_5_t1000/2/output_426/pdbs/410.pdb,0.1729308644444328,0.2010277856075522,0.1052039264168916,4.888441814127279,0.1957801177277229,4.905968233657133,0.8947960735831084,0.1291950665642373,12500.98681976445,0.1735791503559605,426
121,9.866575521236893,0.6261552654898813,0.3738447345101187,/wynton/group/sali/vipul/xray/matthew/multixray/sample_bench/out/277_native_5_t1000/2/output_844/pdbs/455.pdb,0.1860689027833652,0.2130058297192412,0.6711012641997796,4.924631057613569,0.2070433319721845,4.941944463623323,0.3288987358002204,0.1841614182032546,13115.34220548702,0.1826621417119883,844
122,9.996714107317487,0.9753424366720878,0.0246575633279122,/wynton/group/sali/vipul/xray/matthew/multixray/sample_bench/out/277_native_5_t1000/2/output_918/pdbs/368.pdb,0.1849369086249814,0.2103224663138977,0.090096452466566,5.045384175816412,0.232501357963013,4.951329931501074,0.909903547533434,0.1444447081365951,12561.215851702978,0.2047398675809337,918
123,9.686295102479008,0.4879317666772877,0.5120682333227122,/wynton/group/sali/vipul/xray/matthew/multixray/sample_bench/out/277_native_5_t1000/2/output_692/pdbs/447.pdb,0.1717475864856405,0.1942766652702168,0.6994071356366109,4.805750920040322,0.1823002048869081,4.880544182438685,0.300592864363389,0.1121489177762544,13093.218136899604,0.1572811262225803,692
124,9.78763023135264,0.2038529507710544,0.7961470492289455,/wynton/group/sali/vipul/xray/matthew/multixray/sample_bench/out/277_native_5_t1000/2/output_28/pdbs/366.pdb,0.1736108657041149,0.1922475817412841,0.6351491142896728,4.897166806692283,0.1964863210571868,4.890463424660356,0.3648508857103272,0.1349666628156422,12660.54060746291,0.1763407115234913,28
125,9.818502302045882,0.1434373396795781,0.8565626603204219,/wynton/group/sali/vipul/xray/matthew/multixray/sample_bench/out/277_native_5_t1000/2/output_484/pdbs/420.pdb,0.1688561499009833,0.1902597888853946,0.4519979889273916,4.953784110268094,0.2104838325897349,4.864718191777789,0.5480020110726084,0.1663089355837958,12980.52320646974,0.1825555675255973,484
126,9.752010513100558,0.337528395992953,0.662471604007047,/wynton/group/sali/vipul/xray/matthew/multixray/sample_bench/out/277_native_5_t1000/2/output_247/pdbs/378.pdb,0.175423203812565,0.1955741253904583,0.5400031012826638,4.856859427892526,0.1893231499979901,4.895151085208032,0.4599968987173361,0.1549426037958132,12919.895494906688,0.169493341120671,247
127,9.741375095742487,0.4624987137886362,0.5375012862113637,/wynton/group/sali/vipul/xray/matthew/multixray/sample_bench/out/277_native_5_t1000/2/output_4/pdbs/491.pdb,0.1748597407025367,0.1943212049264762,0.3019478759447125,4.856022876609678,0.1892573641223651,4.885352219132811,0.6980521240552875,0.1303126733807999,12805.805307599736,0.1680273785316882,4
128,9.78376238905836,0.4910352432381763,0.5089647567618236,/wynton/group/sali/vipul/xray/matthew/multixray/sample_bench/out/277_native_5_t1000/2/output_631/pdbs/420.pdb,0.1781284133627983,0.1972028426171422,0.3952075089046664,4.882985794183337,0.2015541936232619,4.900776594875023,0.6047924910953336,0.1297135454255115,13162.123461337846,0.1715652472812512,631
129,9.750664666465825,0.8014444992966273,0.1985555007033726,/wynton/group/sali/vipul/xray/matthew/multixray/sample_bench/out/277_native_5_t1000/2/output_601/pdbs/400.pdb,0.1670285381220662,0.19684546199496,0.3163991616143438,4.899376038072363,0.2030084473704608,4.851288628393462,0.6836008383856561,0.1306115410734998,12765.528649763331,0.1771612695231683,601
130,9.809632533897513,0.6450993293550712,0.3549006706449288,/wynton/group/sali/vipul/xray/matthew/multixray/sample_bench/out/277_native_5_t1000/2/output_252/pdbs/356.pdb,0.1752979838513609,0.1935005443189904,0.591876375188655,4.907421425434772,0.1964706115145465,4.90221110846274,0.408123624811345,0.125897561909022,13071.53628190813,0.1764918596955982,252
131,9.76504271008269,0.498885776289165,0.501114223710835,/wynton/group/sali/vipul/xray/matthew/multixray/sample_bench/out/277_native_5_t1000/2/output_302/pdbs/385.pdb,0.1770859849161195,0.1986356027574203,0.7607043877252279,4.872633730023862,0.1959062067298508,4.892408980058828,0.239295612274772,0.147759263456275,12887.292843294736,0.1704820964927434,302
132,9.736106105794622,0.5542829142854389,0.4457170857145611,/wynton/group/sali/vipul/xray/matthew/multixray/sample_bench/out/277_native_5_t1000/2/output_355/pdbs/370.pdb,0.1770927835300703,0.1991990442843463,0.7977943774434686,4.831521659597479,0.1902291684216786,4.904584446197143,0.2022056225565315,0.1174339035304402,12535.135606832268,0.162858046953141,355
133,9.722033662117582,0.6061076926023636,0.3938923073976364,/wynton/group/sali/vipul/xray/matthew/multixray/sample_bench/out/277_native_5_t1000/2/output_799/pdbs/376.pdb,0.1735986304196402,0.1940826824651285,0.4515115107952411,4.832639457667369,0.1872742061776939,4.889394204450213,0.5484884892047589,0.1549345441638924,12985.34962244889,0.1657158556177382,799
134,9.802970905999961,0.681003886595292,0.318996113404708,/wynton/group/sali/vipul/xray/matthew/multixray/sample_bench/out/277_native_5_t1000/2/output_251/pdbs/378.pdb,0.1811352279106896,0.2019870598613782,0.5407972699417426,4.876614269428437,0.1920849648682673,4.926356636571525,0.4592027300582574,0.1611712122117329,13201.355686777288,0.1741756975439897,251
135,9.966470037051366,0.9898132851044952,0.0101867148955046,/wynton/group/sali/vipul/xray/matthew/multixray/sample_bench/out/277_native_5_t1000/2/output_374/pdbs/467.pdb,0.1821740281853157,0.2133519446849632,0.1887047968424758,5.020656500735275,0.2302349266200644,4.945813536316091,0.8112952031575241,0.1423945238521138,12389.56914913675,0.1980976361186139,374
136,9.771126983182514,0.4782725660095847,0.5217274339904153,/wynton/group/sali/vipul/xray/matthew/multixray/sample_bench/out/277_native_5_t1000/2/output_295/pdbs/365.pdb,0.187375241659076,0.2145972947392815,0.9308257447422542,4.798001805995092,0.1779336284364635,4.973125177187422,0.0691742552577457,0.1216016456102774,12690.35795904013,0.1582188948786941,295
137,9.967853255778039,0.9404838324028034,0.0595161675971966,/wynton/group/sali/vipul/xray/matthew/multixray/sample_bench/out/277_native_5_t1000/2/output_63/pdbs/404.pdb,0.1852845116232713,0.2065479592441233,0.6427678604017647,5.035369816930502,0.2332041893473126,4.932483438847536,0.3572321395982353,0.1518217694891211,13055.821149299269,0.2032338894924047,63
138,9.924941551619835,0.7498037758112792,0.2501962241887208,/wynton/group/sali/vipul/xray/matthew/multixray/sample_bench/out/277_native_5_t1000/2/output_644/pdbs/392.pdb,0.1871203497383282,0.2147014856368883,0.72860667431071,4.964921782218255,0.2107177550627567,4.96001976940158,0.27139332568929,0.1474787459063019,13254.341413156808,0.1908569227800435,644
139,9.855410466646653,0.0979920083199751,0.9020079916800248,/wynton/group/sali/vipul/xray/matthew/multixray/sample_bench/out/277_native_5_t1000/2/output_53/pdbs/321.pdb,0.1689688159550074,0.1950412440465527,0.3915973098700498,4.984562806847408,0.2269433668166961,4.870847659799245,0.6084026901299502,0.1297416350908445,12928.258428945184,0.1859790796099743,53
140,9.780286794196176,0.5587321827558192,0.4412678172441809,/wynton/group/sali/vipul/xray/matthew/multixray/sample_bench/out/277_native_5_t1000/2/output_572/pdbs/426.pdb,0.1767261115676304,0.1972556290876748,0.4385064493766403,4.883365323961955,0.1998962485531746,4.896921470234219,0.5614935506233597,0.1392583092808667,12982.696151461454,0.1727196281650331,572
141,9.80889039276584,0.4931993517725433,0.5068006482274566,/wynton/group/sali/vipul/xray/matthew/multixray/sample_bench/out/277_native_5_t1000/2/output_615/pdbs/418.pdb,0.1830517140153471,0.2117074815077906,0.7248586827145979,4.870043588883076,0.1963675565141887,4.938846803882764,0.2751413172854022,0.126802659319101,12946.155890440084,0.1721995917076377,615
142,9.894791982784662,0.0693860790602644,0.9306139209397356,/wynton/group/sali/vipul/xray/matthew/multixray/sample_bench/out/277_native_5_t1000/2/output_327/pdbs/381.pdb,0.1791988105109608,0.2051250660174591,0.5912265614163469,4.978759519095775,0.2167346302752236,4.916032463688887,0.4087734385836531,0.1566591485242322,12770.284751885478,0.1913631314332816,327
143,9.865166270249205,0.1807211265918288,0.8192788734081711,/wynton/group/sali/vipul/xray/matthew/multixray/sample_bench/out/277_native_5_t1000/2/output_694/pdbs/459.pdb,0.1793905130102294,0.2077888967169675,0.3499994895193804,4.943449039420728,0.2149722765730628,4.9217172308284765,0.6500005104806196,0.1492108353909552,13175.366160332322,0.182809436922203,694
144,9.771069060405747,0.6014261850915251,0.3985738149084748,/wynton/group/sali/vipul/xray/matthew/multixray/sample_bench/out/277_native_5_t1000/2/output_230/pdbs/454.pdb,0.1779713619407378,0.1990463441248057,0.7562287669456724,4.858755213630767,0.1941311794009147,4.91231384677498,0.2437712330543275,0.1389868986805939,13066.89605105995,0.1679732545416421,230
145,9.8359380128564,0.3326670679016585,0.6673329320983414,/wynton/group/sali/vipul/xray/matthew/multixray/sample_bench/out/277_native_5_t1000/2/output_112/pdbs/280.pdb,0.1817853275373748,0.2015741217883146,0.2818529363032416,4.916283914914217,0.1970806302904152,4.919654097942183,0.7181470636967584,0.1269695331719872,13228.461388322885,0.1786828743331283,112
146,9.696674951940548,0.4953583388948041,0.5046416611051958,/wynton/group/sali/vipul/xray/matthew/multixray/sample_bench/out/277_native_5_t1000/2/output_237/pdbs/388.pdb,0.174767038258158,0.1990686672898846,0.4018816004200901,4.780498775883971,0.1698089556963025,4.916176176056577,0.5981183995799099,0.1208932832202252,13001.523036770492,0.1549354877278839,237
147,9.627157551215557,0.6483216620774179,0.3516783379225821,/wynton/group/sali/vipul/xray/matthew/multixray/sample_bench/out/277_native_5_t1000/2/output_340/pdbs/261.pdb,0.1622191284416176,0.1797145545439619,0.3536613807748264,4.798433562697468,0.1825934835555039,4.828723988518089,0.6463386192251737,0.1307125509234925,12887.19391027336,0.1578114672607367,340
148,9.86535691210166,0.7210647066834638,0.2789352933165361,/wynton/group/sali/vipul/xray/matthew/multixray/sample_bench/out/277_native_5_t1000/2/output_449/pdbs/330.pdb,0.1896445843451775,0.2072548965034403,0.5616750562931967,4.910187416804451,0.2011620819125792,4.955169495297208,0.4383249437068032,0.1681125681634142,12670.215674480583,0.1820398855165067,449
149,9.6318005067947,0.3211518454477424,0.6788481545522576,/wynton/group/sali/vipul/xray/matthew/multixray/sample_bench/out/277_native_5_t1000/2/output_482/pdbs/339.pdb,0.1670121632011154,0.194404714872958,0.7202225747517368,4.777084417224652,0.1815051316947919,4.854716089570049,0.2797774252482632,0.1484408122548619,12675.447710652415,0.1563152967120244,482
150,9.723237867460536,0.3413997917667181,0.6586002082332819,/wynton/group/sali/vipul/xray/matthew/multixray/sample_bench/out/277_native_5_t1000/2/output_393/pdbs/387.pdb,0.1674385628006442,0.1910391378252102,0.6823035893753163,4.8572858957548055,0.1938553360949765,4.865951971705731,0.3176964106246837,0.13457158122928,13121.669396958096,0.1675829074835881,393
151,9.691778897980186,0.5714071841495839,0.4285928158504161,/wynton/group/sali/vipul/xray/matthew/multixray/sample_bench/out/277_native_5_t1000/2/output_309/pdbs/399.pdb,0.176842369470921,0.2011833543005556,0.1872198191501019,4.777668767598375,0.1799486323113051,4.914110130381811,0.8127801808498981,0.1154729461169864,12884.539145374729,0.1550042963261727,309
152,9.76774512947253,0.1884743675465959,0.8115256324534041,/wynton/group/sali/vipul/xray/matthew/multixray/sample_bench/out/277_native_5_t1000/2/output_404/pdbs/486.pdb,0.1709042304323661,0.1900466219855252,0.8118194489008455,4.903786153039677,0.2030617853765374,4.863958976432854,0.1881805510991545,0.1365268233195388,12623.631755562184,0.1778346068191193,404
153,10.091271451257747,0.1173695454456698,0.8826304545543302,/wynton/group/sali/vipul/xray/matthew/multixray/sample_bench/out/277_native_5_t1000/2/output_335/pdbs/304.pdb,0.206309895437964,0.2408751635319746,0.2065744546815836,5.060515513150716,0.2473129070230279,5.0307559381070295,0.7934255453184164,0.1473831649588902,12846.1472364355,0.2122520760730361,335
154,9.801208957815733,0.4511056265541712,0.5488943734458287,/wynton/group/sali/vipul/xray/matthew/multixray/sample_bench/out/277_native_5_t1000/2/output_198/pdbs/332.pdb,0.1855958665896912,0.2080734228354626,0.0855646294654711,4.848633308718737,0.1913169526609467,4.952575649096996,0.9144353705345288,0.1374896599133301,12752.464595295747,0.1689685713605357,198
155,10.029870483778792,0.0493113339659959,0.950688666034004,/wynton/group/sali/vipul/xray/matthew/multixray/sample_bench/out/277_native_5_t1000/2/output_473/pdbs/334.pdb,0.1966555179875612,0.2137606108035395,0.9628261562188436,5.008540647184407,0.2221612226710295,5.021329836594385,0.0371738437811564,0.144799147260771,12505.099017516945,0.1937672778685117,473
156,9.903661464425031,0.0313226113559418,0.9686773886440582,/wynton/group/sali/vipul/xray/matthew/multixray/sample_bench/out/277_native_5_t1000/2/output_136/pdbs/253.pdb,0.1786132921598456,0.2058323660466862,0.6487491111730406,4.996467161150616,0.2215878744961108,4.907194303274416,0.3512508888269595,0.1421968316508715,12836.886777422518,0.1945157025557058,136
157,9.674237819141696,0.563132333196091,0.436867666803909,/wynton/group/sali/vipul/xray/matthew/multixray/sample_bench/out/277_native_5_t1000/2/output_120/pdbs/344.pdb,0.1691407679107156,0.1885379785372924,0.3818672705480796,4.809827023483329,0.1806505209147856,4.864410795658367,0.6181327294519204,0.175387374179865,12916.026652282537,0.1585504435507628,120
158,9.791610665419828,0.3269267980107221,0.6730732019892779,/wynton/group/sali/vipul/xray/matthew/multixray/sample_bench/out/277_native_5_t1000/2/output_405/pdbs/331.pdb,0.1800579621259498,0.1968288533575784,0.4061342300654508,4.867331745255896,0.1929209097143689,4.924278920163932,0.5938657699345491,0.1271814412355808,12960.078487166653,0.1713941394001351,405
159,9.836173724696101,0.4257056704397953,0.5742943295602047,/wynton/group/sali/vipul/xray/matthew/multixray/sample_bench/out/277_native_5_t1000/2/output_52/pdbs/435.pdb,0.1798703516819821,0.1999900513075181,0.4483214827933141,4.913637208366882,0.202867152037751,4.922536516329219,0.5516785172066859,0.1297898955956336,13005.599342017093,0.1756043044361488,52
160,9.72498862201422,0.1863606812263701,0.8136393187736299,/wynton/group/sali/vipul/xray/matthew/multixray/sample_bench/out/277_native_5_t1000/2/output_76/pdbs/355.pdb,0.1632481768448639,0.189002968434704,0.6187142885273768,4.874231263019518,0.1971882810692201,4.8507573589947,0.3812857114726232,0.1480479380094346,12831.291650948308,0.1699037471859347,76
161,9.75468189821973,0.616629752270971,0.3833702477290289,/wynton/group/sali/vipul/xray/matthew/multixray/sample_bench/out/277_native_5_t1000/2/output_364/pdbs/402.pdb,0.1746175690152741,0.2023191720345873,0.5109088490061222,4.854311840934468,0.1890650353626916,4.9003700572852615,0.4890911509938777,0.1260529362402917,13164.673562155662,0.1679651309278805,364
162,9.816264863284776,0.4437357292380415,0.5562642707619585,/wynton/group/sali/vipul/xray/matthew/multixray/sample_bench/out/277_native_5_t1000/2/output_79/pdbs/399.pdb,0.1943511596929604,0.2232121591509616,0.9910347742744096,4.805760977065254,0.1814886736271103,5.010503886219523,0.0089652257255904,0.1264258885608274,12885.602484492614,0.159419125874458,79
163,9.731150818799037,0.4365398376748767,0.5634601623251234,/wynton/group/sali/vipul/xray/matthew/multixray/sample_bench/out/277_native_5_t1000/2/output_436/pdbs/451.pdb,0.1852065598573585,0.2131082256988002,0.8687610245030468,4.769757167246771,0.1738705328332888,4.961393651552266,0.1312389754969531,0.1209936674423779,12910.717509546575,0.1536586996291493,436
164,9.763737270331426,0.4368740342495557,0.5631259657504443,/wynton/group/sali/vipul/xray/matthew/multixray/sample_bench/out/277_native_5_t1000/2/output_468/pdbs/291.pdb,0.174580372392073,0.1974508814995242,0.3659086473241861,4.876757248425792,0.1920051879078738,4.886980021905633,0.6340913526758138,0.1625359154062908,12998.010798544434,0.1710507217325388,468
165,9.92674313138237,0.6689864392261606,0.3310135607738393,/wynton/group/sali/vipul/xray/matthew/multixray/sample_bench/out/277_native_5_t1000/2/output_114/pdbs/388.pdb,0.1935544946869786,0.2094517347009477,0.726873468802342,4.967033092249834,0.2108865498725936,4.959710039132535,0.2731265311976579,0.1450994638041493,12991.750548665086,0.1952599011427269,114
166,9.736079539085555,0.4917012932622604,0.5082987067377396,/wynton/group/sali/vipul/xray/matthew/multixray/sample_bench/out/277_native_5_t1000/2/output_181/pdbs/364.pdb,0.1706049505614451,0.1899934741948985,0.3663337652890565,4.863177845658945,0.1914476839998585,4.87290169342661,0.6336662347109435,0.115731566112294,12903.255585249904,0.1715260450352034,181
167,9.84707605880994,0.4036944151853979,0.596305584814602,/wynton/group/sali/vipul/xray/matthew/multixray/sample_bench/out/277_native_5_t1000/2/output_999/pdbs/451.pdb,0.1811148797920849,0.2012750692835171,0.4120223524531368,4.924671087806744,0.2030067950845595,4.922404971003195,0.5879776475468632,0.1348008426110616,13004.89930310161,0.1812732977913626,999
168,9.723497166379104,0.6272669444530863,0.3727330555469137,/wynton/group/sali/vipul/xray/matthew/multixray/sample_bench/out/277_native_5_t1000/2/output_153/pdbs/429.pdb,0.1698299132000331,0.1944592973264512,0.3540227472170367,4.859217082906292,0.1917302891778549,4.864280083472813,0.6459772527829633,0.1385463105910362,13061.640345470378,0.1704427578199575,153
169,9.717282323991478,0.5069576835959498,0.4930423164040501,/wynton/group/sali/vipul/xray/matthew/multixray/sample_bench/out/277_native_5_t1000/2/output_162/pdbs/423.pdb,0.1730130603891054,0.1931437625098135,0.4360272423913741,4.834501558694366,0.1855377557855241,4.882780765297112,0.5639727576086259,0.1543521880285331,13113.848563715435,0.1652244184909946,162
170,9.612349468207622,0.4103134102017968,0.5896865897982032,/wynton/group/sali/vipul/xray/matthew/multixray/sample_bench/out/277_native_5_t1000/2/output_628/pdbs/333.pdb,0.1624944961294199,0.1737209081304959,0.5668495343020596,4.786788590398554,0.1751667551201424,4.825560877809068,0.4331504656979403,0.1460210688454958,12900.843597984043,0.1539977326184931,628
171,9.867639657461599,0.3548168117908254,0.6451831882091746,/wynton/group/sali/vipul/xray/matthew/multixray/sample_bench/out/277_native_5_t1000/2/output_219/pdbs/338.pdb,0.1894678925533773,0.2059592256747514,0.3099076111359976,4.901776715165233,0.1971386030792589,4.965862942296365,0.6900923888640025,0.1389066919370426,12894.188607108645,0.1787021679591547,219
172,9.80972637467677,0.5002975919910216,0.4997024080089784,/wynton/group/sali/vipul/xray/matthew/multixray/sample_bench/out/277_native_5_t1000/2/output_221/pdbs/291.pdb,0.1899858399516762,0.2149731881401954,0.8771953712783531,4.831658190409386,0.1809478166851167,4.978068184267386,0.1228046287216469,0.1249246661808379,12456.755838377348,0.1644413778066931,221
173,9.679216106829767,0.4510362212317374,0.5489637787682626,/wynton/group/sali/vipul/xray/matthew/multixray/sample_bench/out/277_native_5_t1000/2/output_40/pdbs/374.pdb,0.1703965997916297,0.1901714793863569,0.7444003115219814,4.810569563460653,0.1829938813481616,4.868646543369113,0.2555996884780186,0.1585774346843678,12865.818398770563,0.1615351406903148,40
174,9.890181718766506,0.904461131237566,0.0955388687624339,/wynton/group/sali/vipul/xray/matthew/multixray/sample_bench/out/277_native_5_t1000/2/output_477/pdbs/279.pdb,0.1763453078967385,0.1999539095013183,0.552432997799063,4.983142479633485,0.221121381198581,4.907039239133021,0.4475670022009371,0.1395787622795877,12896.286924604648,0.1923869311755501,477
175,9.933813244167368,0.7871131558814509,0.2128868441185491,/wynton/group/sali/vipul/xray/matthew/multixray/sample_bench/out/277_native_5_t1000/2/output_326/pdbs/355.pdb,0.1908389971837726,0.2172116307829621,0.7139881403545328,4.967340819563752,0.2192517838471146,4.966472424603615,0.2860118596454672,0.1551678907932532,13049.109789037191,0.1925419716995761,326
176,9.681332263553976,0.4096529283999484,0.5903470716000516,/wynton/group/sali/vipul/xray/matthew/multixray/sample_bench/out/277_native_5_t1000/2/output_85/pdbs/355.pdb,0.1706699645874471,0.1898747934097587,0.6265471908989548,4.806308999613665,0.1793398610967402,4.875023263940311,0.3734528091010452,0.1797629568105069,12732.33153176024,0.1605783502296149,85
177,9.84872309886161,0.8796002472881056,0.1203997527118943,/wynton/group/sali/vipul/xray/matthew/multixray/sample_bench/out/277_native_5_t1000/2/output_552/pdbs/346.pdb,0.1762235973035685,0.1911330662100117,0.5779458428245104,4.959558361932896,0.212388448552033,4.889164736928715,0.4220541571754895,0.1383082546330478,12917.801652498583,0.1879636046807007,552
178,9.868608374714213,0.9983464529411358,0.0016535470588641,/wynton/group/sali/vipul/xray/matthew/multixray/sample_bench/out/277_native_5_t1000/2/output_72/pdbs/333.pdb,0.1639913172360767,0.1883111948186831,0.3698427667271159,5.032687534453783,0.2276294706955308,4.835920840260431,0.6301572332728841,0.1339804195369708,12800.40287247078,0.2022665295406691,72
179,9.798448218583738,0.3674825412722551,0.6325174587277449,/wynton/group/sali/vipul/xray/matthew/multixray/sample_bench/out/277_native_5_t1000/2/output_36/pdbs/371.pdb,0.1767782727132086,0.1987010685140483,0.53464419734778,4.893375392811433,0.1953391593768893,4.905072825772305,0.46535580265222,0.1273645172724175,13134.49665570399,0.1718920749541871,36
180,9.674898436130047,0.4819010950455429,0.5180989049544571,/wynton/group/sali/vipul/xray/matthew/multixray/sample_bench/out/277_native_5_t1000/2/output_341/pdbs/417.pdb,0.1682956722199052,0.1927085171579772,0.6440371113887894,4.804999024958583,0.1841212538620293,4.869899411171462,0.3559628886112106,0.1429616453980441,12927.555411325977,0.1560124621605691,341
181,9.770125506837804,0.6046122507255297,0.3953877492744703,/wynton/group/sali/vipul/xray/matthew/multixray/sample_bench/out/277_native_5_t1000/2/output_289/pdbs/275.pdb,0.1753390257109451,0.2002300351290238,0.4329481241652723,4.879279497629847,0.1987016563750497,4.890846009207956,0.5670518758347276,0.1600444913489053,13183.726648241449,0.1713771251177471,289
182,9.781402926553517,0.4806252576413543,0.5193747423586457,/wynton/group/sali/vipul/xray/matthew/multixray/sample_bench/out/277_native_5_t1000/2/output_848/pdbs/396.pdb,0.1811784891450543,0.1990194671834347,0.7097229917092512,4.857275516395755,0.1942795633028821,4.9241274101577615,0.2902770082907488,0.1289318806214989,12950.5067399025,0.169150657578353,848
183,9.79665693379349,0.4357032606669476,0.5642967393330524,/wynton/group/sali/vipul/xray/matthew/multixray/sample_bench/out/277_native_5_t1000/2/output_356/pdbs/357.pdb,0.1752853184571394,0.2036874298028225,0.3360091830301963,4.907702446187329,0.2041890697493895,4.888954487606161,0.6639908169698037,0.1385845449559752,13082.833592041325,0.1764818405524583,356
184,9.800094449590647,0.3820908745371275,0.6179091254628725,/wynton/group/sali/vipul/xray/matthew/multixray/sample_bench/out/277_native_5_t1000/2/output_101/pdbs/275.pdb,0.1775755332977099,0.1904790740829585,0.3541323256878612,4.901624523226092,0.1998804591811203,4.898469926364555,0.6458676743121388,0.1515457019052443,12729.497135796417,0.1769958433122429,101
185,9.789561424877663,0.4362845940027411,0.5637154059972589,/wynton/group/sali/vipul/xray/matthew/multixray/sample_bench/out/277_native_5_t1000/2/output_809/pdbs/482.pdb,0.1733123180720851,0.19664668661323,0.4419322425976775,4.902489165990253,0.203267484825592,4.88707225888741,0.5580677574023224,0.1354795528989625,12853.015828124937,0.1748654188807852,809
186,9.969141723461544,0.214617481283082,0.785382518716918,/wynton/group/sali/vipul/xray/matthew/multixray/sample_bench/out/277_native_5_t1000/2/output_630/pdbs/247.pdb,0.1959925394077265,0.2225486226155319,0.294551298315123,4.985156175639123,0.223122930581463,4.983985547822421,0.7054487016848769,0.146250149720417,13027.26500255373,0.1960185566553624,630
187,9.820957283323539,0.7354491147987415,0.2645508852012586,/wynton/group/sali/vipul/xray/matthew/multixray/sample_bench/out/277_native_5_t1000/2/output_474/pdbs/423.pdb,0.1815921597460587,0.2117628867007046,0.1001293529675041,4.876040678881373,0.1983475103879244,4.944916604442166,0.8998706470324959,0.1294679958114893,12746.384304329424,0.1730825354863785,474
188,9.73061590235556,0.3549728455925974,0.6450271544074027,/wynton/group/sali/vipul/xray/matthew/multixray/sample_bench/out/277_native_5_t1000/2/output_376/pdbs/374.pdb,0.1735905887422758,0.199575082604705,0.7378778075712452,4.828559323512875,0.1858735476859517,4.902056578842684,0.2621221924287547,0.115396837539225,12937.807230109342,0.1635124611729373,376
189,9.805624773647773,0.179379119218629,0.8206208807813709,/wynton/group/sali/vipul/xray/matthew/multixray/sample_bench/out/277_native_5_t1000/2/output_912/pdbs/257.pdb,0.177487796124664,0.2001197930631703,0.7968437085300716,4.88967501786037,0.1929750093961154,4.915949755787404,0.2031562914699284,0.1446552522831293,12210.46162930528,0.1738653812399477,912
190,9.745959773991828,0.4187763425083539,0.5812236574916462,/wynton/group/sali/vipul/xray/matthew/multixray/sample_bench/out/277_native_5_t1000/2/output_35/pdbs/324.pdb,0.1743563721856191,0.1941490066799188,0.5167675778492956,4.857230907499443,0.1910880453311478,4.888728866492385,0.4832324221507044,0.1515077294196768,13065.328371029336,0.1696110272628143,35
191,9.933810081534833,0.9488945122642204,0.0511054877357796,/wynton/group/sali/vipul/xray/matthew/multixray/sample_bench/out/277_native_5_t1000/2/output_833/pdbs/376.pdb,0.1760140565843579,0.2024823967740271,0.6676010358273866,5.042510909675689,0.2345336100405837,4.891299171859145,0.3323989641726134,0.1261930084746715,12675.431390740072,0.2013047088351408,833
192,9.820114240037785,0.5269985746383722,0.4730014253616277,/wynton/group/sali/vipul/xray/matthew/multixray/sample_bench/out/277_native_5_t1000/2/output_323/pdbs/383.pdb,0.1916376536939524,0.2192146076753429,0.9436778245113177,4.833979754857335,0.1901308009306647,4.986134485180451,0.0563221754886823,0.1286195287017572,13065.011253952413,0.1630033405906943,323
193,9.710927780903102,0.4878319797135207,0.5121680202864793,/wynton/group/sali/vipul/xray/matthew/multixray/sample_bench/out/277_native_5_t1000/2/output_280/pdbs/377.pdb,0.1739308598963054,0.1918817511678476,0.2618733880454358,4.816984351184443,0.1822914877745151,4.89394342971866,0.7381266119545642,0.1400856716018361,12952.26895729631,0.1588634477327299,280
194,9.727305153159193,0.3673738856065528,0.6326261143934472,/wynton/group/sali/vipul/xray/matthew/multixray/sample_bench/out/277_native_5_t1000/2/output_390/pdbs/393.pdb,0.1855093597586655,0.2021636672120219,0.8839375198883928,4.774899555600321,0.1699802208922034,4.952405597558871,0.1160624801116072,0.1462794879446013,12621.107762977355,0.1559041838346094,390
195,10.023780758470146,0.2112846084925652,0.7887153915074349,/wynton/group/sali/vipul/xray/matthew/multixray/sample_bench/out/277_native_5_t1000/2/output_821/pdbs/108.pdb,0.1993234895090625,0.223638864976422,0.2284594842291908,5.023632296570416,0.2262891448765068,5.000148461899729,0.7715405157708092,0.1366656741921318,12895.21168906497,0.2025027309885106,821
196,9.694401235654976,0.6102772154573952,0.3897227845426048,/wynton/group/sali/vipul/xray/matthew/multixray/sample_bench/out/277_native_5_t1000/2/output_184/pdbs/416.pdb,0.1691696858471037,0.1868088556222032,0.3119536680106438,4.83604035208627,0.1919643115385222,4.858360883568705,0.6880463319893562,0.1224167192741664,12848.730523448072,0.1639315475141204,184
197,9.938326899126409,0.8111327062007867,0.1888672937992133,/wynton/group/sali/vipul/xray/matthew/multixray/sample_bench/out/277_native_5_t1000/2/output_177/pdbs/245.pdb,0.1915542067069902,0.21001786355831,0.7225883348306276,4.981361576151889,0.2194104685650013,4.95696532297452,0.2774116651693724,0.1405559554474354,12931.78811377142,0.1959063241108561,177
198,9.672264174248056,0.5538608968325122,0.4461391031674878,/wynton/group/sali/vipul/xray/matthew/multixray/sample_bench/out/277_native_5_t1000/2/output_433/pdbs/495.pdb,0.1678522677626144,0.1878966625822327,0.4033555901616318,4.808455879393044,0.1815771470983623,4.863808294855011,0.5966444098383682,0.1144327991433818,12937.132327239591,0.1588790534774272,433
199,9.780399910260346,0.4643771322147371,0.5356228677852628,/wynton/group/sali/vipul/xray/matthew/multixray/sample_bench/out/277_native_5_t1000/2/output_471/pdbs/407.pdb,0.1784297689636007,0.2015428069061815,0.7236756147804285,4.864263424810517,0.1911090081071957,4.9161364854498295,0.2763243852195714,0.1247969102511744,12677.529405698053,0.1692490697360245,471
200,9.686068129524916,0.5425545132689551,0.4574454867310449,/wynton/group/sali/vipul/xray/matthew/multixray/sample_bench/out/277_native_5_t1000/2/output_846/pdbs/330.pdb,0.1722444544890207,0.1914777093233686,0.3212524945938365,4.806049615984472,0.1826538893578647,4.880018513540443,0.6787475054061635,0.1440994341552557,12853.867525043644,0.1611737372651343,846
201,9.758929055415413,0.6030863353084704,0.3969136646915295,/wynton/group/sali/vipul/xray/matthew/multixray/sample_bench/out/277_native_5_t1000/2/output_577/pdbs/310.pdb,0.1758720742201808,0.2029048588060157,0.398941287087544,4.852197363547592,0.1920699340797416,4.9067316918678205,0.601058712912456,0.1554000083599936,12803.928923172323,0.1673746207817773,577
202,10.119341503566655,0.9761843917910824,0.0238156082089177,/wynton/group/sali/vipul/xray/matthew/multixray/sample_bench/out/277_native_5_t1000/2/output_58/pdbs/202.pdb,0.2045758724498877,0.2258191925380094,0.821668944000844,5.108734231624069,0.2507992882371284,5.010607271942587,0.1783310559991559,0.1477419862195008,12768.166133964667,0.2252558189981353,58
203,9.79923289811397,0.1864770016407809,0.813522998359219,/wynton/group/sali/vipul/xray/matthew/multixray/sample_bench/out/277_native_5_t1000/2/output_705/pdbs/302.pdb,0.1725609004703229,0.1919502694842052,0.4939619743661289,4.912837615089631,0.2043017471919404,4.88639528302434,0.506038025633871,0.1249999224344032,12879.821746311392,0.1788136963338075,705
204,9.853803473034668,0.6419394046449783,0.3580605953550216,/wynton/group/sali/vipul/xray/matthew/multixray/sample_bench/out/277_native_5_t1000/2/output_264/pdbs/348.pdb,0.1866919294707559,0.201061498187736,0.8164537970544082,4.911639163012822,0.1970462033773392,4.942164310021846,0.1835462029455918,0.1526691520918067,12826.100327098213,0.1785956032630085,264
205,9.83170228376721,0.226368609339607,0.773631390660393,/wynton/group/sali/vipul/xray/matthew/multixray/sample_bench/out/277_native_5_t1000/2/output_95/pdbs/237.pdb,0.1747243546239062,0.1985360826464055,0.4419585358527911,4.931406473862052,0.2108189772803625,4.900295809905158,0.558041464147209,0.1434245929370282,12610.977547081058,0.1820796214159873,95
206,9.868712417332336,0.387922579032363,0.612077420967637,/wynton/group/sali/vipul/xray/matthew/multixray/sample_bench/out/277_native_5_t1000/2/output_218/pdbs/387.pdb,0.2010694914079149,0.2250936980403211,0.0022572230218104,4.835603859843742,0.1864872838201529,5.033108557488595,0.9977427769781896,0.1274897129567697,12856.84017823614,0.1650726495400664,218
207,9.690847295112963,0.2223448642467997,0.7776551357532002,/wynton/group/sali/vipul/xray/matthew/multixray/sample_bench/out/277_native_5_t1000/2/output_80/pdbs/312.pdb,0.1614670919262328,0.1827990183486665,0.6066382512557282,4.869030777390921,0.1919573707256249,4.821816517722043,0.3933617487442717,0.1354036504892165,12753.508497528615,0.168801274844858,80
208,9.777924951524072,0.3912356844637003,0.6087643155362997,/wynton/group/sali/vipul/xray/matthew/multixray/sample_bench/out/277_native_5_t1000/2/output_856/pdbs/347.pdb,0.1789137973512987,0.2023492822490373,0.2806405078598314,4.871944858612799,0.1900979658658968,4.905980092911274,0.7193594921401686,0.1505244186820986,12882.816707817688,0.1677295847294311,856
209,9.720609631938451,0.3583096219847025,0.6416903780152974,/wynton/group/sali/vipul/xray/matthew/multixray/sample_bench/out/277_native_5_t1000/2/output_379/pdbs/410.pdb,0.1826294159993572,0.2064493366215393,0.8946772889636526,4.772263291264348,0.1766297928033127,4.948346340674102,0.1053227110363473,0.1216656274061315,12570.659514830422,0.1572742638159125,379
210,9.910943673326642,0.9567589496899268,0.0432410503100731,/wynton/group/sali/vipul/xray/matthew/multixray/sample_bench/out/277_native_5_t1000/2/output_49/pdbs/401.pdb,0.1812797732670196,0.2033235047406529,0.4444462966272742,4.994280862521158,0.2210305033168429,4.916662810805485,0.5555537033727258,0.1339446079199715,12926.03318861047,0.1922518353656835,49
211,9.801164893669467,0.1041906143536114,0.8958093856463886,/wynton/group/sali/vipul/xray/matthew/multixray/sample_bench/out/277_native_5_t1000/2/output_803/pdbs/368.pdb,0.1650286161782455,0.1886876289459693,0.5632733059968249,4.961745196696007,0.2138884729603417,4.839419696973461,0.436726694003175,0.1233290885951635,12668.24438067876,0.1865263289379121,803
212,9.883172725287828,0.3242374798711585,0.6757625201288415,/wynton/group/sali/vipul/xray/matthew/multixray/sample_bench/out/277_native_5_t1000/2/output_19/pdbs/92.pdb,0.183736468185902,0.1993709286257469,0.4367494009579429,4.937388201543646,0.2021296425442642,4.945784523744181,0.5632505990420571,0.1572600280190806,12769.225260597545,0.1814807541183503,19
213,9.784365783938497,0.4219091667462286,0.5780908332537714,/wynton/group/sali/vipul/xray/matthew/multixray/sample_bench/out/277_native_5_t1000/2/output_815/pdbs/388.pdb,0.1743051868478656,0.192775214809432,0.490447557870105,4.887604271145083,0.1833979348356963,4.896761512793415,0.509552442129895,0.1728311084375398,12744.717747898188,0.1727466787007704,815
214,9.91602300704762,0.0830966101320505,0.9169033898679496,/wynton/group/sali/vipul/xray/matthew/multixray/sample_bench/out/277_native_5_t1000/2/output_145/pdbs/408.pdb,0.1791611968035379,0.1997832603441225,0.8409095721322903,5.0013733550127935,0.2236355176305539,4.914649652034826,0.1590904278677097,0.1466980833859437,12761.585422598797,0.1956188283606694,145
215,9.730275961247205,0.2657414863838144,0.7342585136161855,/wynton/group/sali/vipul/xray/matthew/multixray/sample_bench/out/277_native_5_t1000/2/output_189/pdbs/373.pdb,0.167166257136738,0.182728007903324,0.5248823952756485,4.872863413018791,0.1940191343195017,4.857412548228415,0.4751176047243515,0.1317737628454927,12823.52536706406,0.1707522482747084,189
216,10.007684368087808,0.8429381640217934,0.1570618359782065,/wynton/group/sali/vipul/xray/matthew/multixray/sample_bench/out/277_native_5_t1000/2/output_20/pdbs/357.pdb,0.194034341782075,0.2203357926221035,0.7649486469896685,5.034396310038131,0.23673732767719,4.973288058049677,0.2350513530103316,0.1442354645711124,13053.47698485152,0.2035972661443644,20
217,9.794496965339366,0.3880029927921024,0.6119970072078976,/wynton/group/sali/vipul/xray/matthew/multixray/sample_bench/out/277_native_5_t1000/2/output_279/pdbs/458.pdb,0.1793419216700349,0.1987527808176559,0.5052847921013132,4.875685060416777,0.1944676279005072,4.91881190492259,0.4947152078986869,0.1376029210723925,13170.28640751194,0.1723567052408887,279
218,9.798774261849559,0.8498149698203822,0.1501850301796178,/wynton/group/sali/vipul/xray/matthew/multixray/sample_bench/out/277_native_5_t1000/2/output_548/pdbs/436.pdb,0.1671450721621662,0.1920188930264348,0.4335881801833796,4.939702376569586,0.2146175857002938,4.859071885279973,0.5664118198166204,0.122513153070043,12914.266204204709,0.1805579765325076,548
219,9.650114477332634,0.3086483861332116,0.6913516138667883,/wynton/group/sali/vipul/xray/matthew/multixray/sample_bench/out/277_native_5_t1000/2/output_207/pdbs/246.pdb,0.1695701619933541,0.1909070737359969,0.6960083576913206,4.774347651380928,0.171495249851762,4.875766825951706,0.3039916423086793,0.1330439426431367,12526.274560365488,0.1563456108155618,207
220,9.810190760498987,0.7862405999462515,0.2137594000537485,/wynton/group/sali/vipul/xray/matthew/multixray/sample_bench/out/277_native_5_t1000/2/output_401/pdbs/337.pdb,0.1770317036386449,0.2002781576476449,0.5959735916974905,4.905050957229674,0.2005837386130322,4.905139803269313,0.4040264083025095,0.1571848583106488,13015.187234237525,0.1787804891136531,401
221,9.844208142472858,0.8606069024726261,0.1393930975273739,/wynton/group/sali/vipul/xray/matthew/multixray/sample_bench/out/277_native_5_t1000/2/output_922/pdbs/388.pdb,0.1782367092609181,0.2019160986864362,0.1787253007346973,4.921628833553284,0.2019691631967995,4.922579308919573,0.8212746992653027,0.141110391731063,12338.431939344391,0.1798729069321409,922
222,10.080745260262466,0.1260238141308002,0.8739761858691998,/wynton/group/sali/vipul/xray/matthew/multixray/sample_bench/out/277_native_5_t1000/2/output_686/pdbs/321.pdb,0.2068352806141167,0.2326555382620765,0.1821900591672702,5.060230930008199,0.2391490267939028,5.020514330254267,0.8178099408327297,0.1492431782911722,13266.94384247264,0.2155255838667671,686
223,9.87034253748728,0.1575352613879422,0.8424647386120577,/wynton/group/sali/vipul/xray/matthew/multixray/sample_bench/out/277_native_5_t1000/2/output_102/pdbs/403.pdb,0.17744993921831,0.201336617324292,0.3706879276327081,4.954785209068252,0.2134225034767478,4.915557328419029,0.6293120723672919,0.1630640917755589,13233.724013847328,0.1850960063542788,102
224,9.811854621752929,0.5310952902061779,0.4689047097938221,/wynton/group/sali/vipul/xray/matthew/multixray/sample_bench/out/277_native_5_t1000/2/output_234/pdbs/357.pdb,0.1848096059734992,0.2091804980343576,0.5176315658670093,4.869999507276881,0.1935573210881205,4.941855114476048,0.4823684341329906,0.149097670809938,13020.509866655697,0.1714850909479925,234
225,9.74039938532439,0.6406373469453542,0.3593626530546458,/wynton/group/sali/vipul/xray/matthew/multixray/sample_bench/out/277_native_5_t1000/2/output_714/pdbs/451.pdb,0.1754903859991016,0.1918267028580114,0.5061914451783474,4.845781302459455,0.18868009341469,4.894618082864934,0.4938085548216526,0.1434655406497096,12925.902655402882,0.1663842192557018,714
226,9.752996262705729,0.7931865066448949,0.206813493355105,/wynton/group/sali/vipul/xray/matthew/multixray/sample_bench/out/277_native_5_t1000/2/output_54/pdbs/384.pdb,0.1675152635554672,0.1872840079171602,0.5068326763640848,4.895436952611399,0.2035245560228261,4.857559310094331,0.4931673236359151,0.1126546253043353,12808.660303503217,0.1741858344413834,54
227,9.950679819187854,0.7940297286533031,0.2059702713466968,/wynton/group/sali/vipul/xray/matthew/multixray/sample_bench/out/277_native_5_t1000/2/output_33/pdbs/125.pdb,0.2037060944269509,0.2297996054372503,0.0106894534375639,4.88973869927904,0.1932249079122243,5.060941119908813,0.989310546562436,0.1440523094463524,12166.081220545224,0.1737249709760781,33
228,9.67048056512173,0.6862895708372226,0.3137104291627773,/wynton/group/sali/vipul/xray/matthew/multixray/sample_bench/out/277_native_5_t1000/2/output_312/pdbs/425.pdb,0.165923410546105,0.1840169705170153,0.3642218007349408,4.821710944615299,0.1861424962032813,4.848769620506431,0.6357781992650592,0.1229064557343363,12814.011991908896,0.1638961097402739,312
229,9.661042144057342,0.8120353832885013,0.1879646167114986,/wynton/group/sali/vipul/xray/matthew/multixray/sample_bench/out/277_native_5_t1000/2/output_599/pdbs/342.pdb,0.1553266536708998,0.1755146049482688,0.4468555615271936,4.870077084721829,0.1892442715854926,4.790965059335513,0.5531444384728064,0.1600092125532467,12717.17712892764,0.1668462348405378,599
230,9.846426241111347,0.2253510702282817,0.7746489297717183,/wynton/group/sali/vipul/xray/matthew/multixray/sample_bench/out/277_native_5_t1000/2/output_92/pdbs/344.pdb,0.1832935855877644,0.20262449315781,0.939328083106283,4.902284478409076,0.2046422085947543,4.944141762702271,0.0606719168937168,0.1365319296739693,12451.78362076249,0.1763812062600963,92
231,9.69577699602429,0.4650536245789716,0.5349463754210284,/wynton/group/sali/vipul/xray/matthew/multixray/sample_bench/out/277_native_5_t1000/2/output_561/pdbs/426.pdb,0.1668109484041492,0.1901289142749591,0.6641601810378972,4.847284475073731,0.187459868744907,4.848492520950559,0.3358398189621027,0.1187123036759602,12789.276045628663,0.1641542014887846,561
232,9.932478220574186,0.9686721398815772,0.0313278601184226,/wynton/group/sali/vipul/xray/matthew/multixray/sample_bench/out/277_native_5_t1000/2/output_283/pdbs/340.pdb,0.1734608680543809,0.1951824398018582,0.682435366943268,5.047128556863015,0.2263571008857775,4.88534966371117,0.317564633056732,0.1245848048204204,12769.904237661716,0.2028698621599277,283
233,9.880488812484632,0.6471532120660372,0.3528467879339628,/wynton/group/sali/vipul/xray/matthew/multixray/sample_bench/out/277_native_5_t1000/2/output_385/pdbs/331.pdb,0.1834447530722085,0.2020006575231001,0.6007822140508435,4.955467413937405,0.2143131429937604,4.925021398547227,0.3992177859491564,0.1773510208993609,13114.469254760264,0.1886902506992099,385
234,9.851923463802727,0.6895639989160153,0.3104360010839848,/wynton/group/sali/vipul/xray/matthew/multixray/sample_bench/out/277_native_5_t1000/2/output_201/pdbs/336.pdb,0.1832216508368098,0.2021405239390337,0.5806077097451191,4.920315870261832,0.2051066807252261,4.931607593540895,0.4193922902548808,0.1773941473748508,12925.000713069485,0.1810441966926935,201
235,9.821271920970126,0.9066156023014192,0.0933843976985807,/wynton/group/sali/vipul/xray/matthew/multixray/sample_bench/out/277_native_5_t1000/2/output_10/pdbs/294.pdb,0.1645941645323159,0.1825807820026251,0.4652901972591615,4.988185417861164,0.2150732798018046,4.833086503108963,0.5347098027408385,0.1397233433419599,12586.43783972634,0.1913775852862093,10
236,9.792469340663267,0.5031666743157686,0.4968333256842314,/wynton/group/sali/vipul/xray/matthew/multixray/sample_bench/out/277_native_5_t1000/2/output_629/pdbs/278.pdb,0.1823227207935877,0.2015897129948079,0.6362639238900389,4.868273431410604,0.1841160694838588,4.924195909252662,0.363736076109961,0.1337694459491255,12997.625997064626,0.17266034581705,629
237,9.854149589161121,0.9023329101620414,0.0976670898379585,/wynton/group/sali/vipul/xray/matthew/multixray/sample_bench/out/277_native_5_t1000/2/output_466/pdbs/286.pdb,0.1693801292127134,0.1931432980447111,0.6124736906569735,4.987351184760718,0.2188715667300642,4.866798404400404,0.3875263093430264,0.1435675627346571,12957.063705420616,0.1896633331986912,466
238,9.754005051015708,0.4836559120499747,0.5163440879500253,/wynton/group/sali/vipul/xray/matthew/multixray/sample_bench/out/277_native_5_t1000/2/output_215/pdbs/456.pdb,0.1740700932170395,0.1953174053871927,0.3377271660039153,4.87392308816853,0.1948133238835565,4.8800819628471785,0.6622728339960846,0.1243285033833008,13190.52004553746,0.1711937983656293,215
239,9.747047466385933,0.3904845189504385,0.6095154810495614,/wynton/group/sali/vipul/xray/matthew/multixray/sample_bench/out/277_native_5_t1000/2/output_509/pdbs/417.pdb,0.1740112030260505,0.1964257671166722,0.592209247369748,4.8613968493160336,0.1983118304990793,4.8856506170699,0.407790752630252,0.1178718057778582,13137.581704586584,0.1687073595675657,509
240,9.79158075728262,0.7065893515468,0.2934106484531999,/wynton/group/sali/vipul/xray/matthew/multixray/sample_bench/out/277_native_5_t1000/2/output_857/pdbs/252.pdb,0.1809948726665071,0.1926986167362559,0.6109529983705949,4.8782789754734885,0.1924934008952699,4.913301781809131,0.3890470016294051,0.1459825476439361,12967.13700818,0.176411806560378,857
241,9.784156593895428,0.3480145736002571,0.6519854263997429,/wynton/group/sali/vipul/xray/matthew/multixray/sample_bench/out/277_native_5_t1000/2/output_816/pdbs/355.pdb,0.1775601128103743,0.1957258998435802,0.419641126512834,4.875854549730454,0.1899922118661978,4.908302044164974,0.580358873487166,0.1259788349427297,13066.376721174896,0.1705669035722736,816
242,9.65213346213747,0.6270994429747759,0.3729005570252241,/wynton/group/sali/vipul/xray/matthew/multixray/sample_bench/out/277_native_5_t1000/2/output_650/pdbs/342.pdb,0.1644039735636573,0.1878247797822755,0.1994036987399478,4.812163964596522,0.1827943564795576,4.83996949754095,0.8005963012600522,0.1251687053251822,12442.059037760246,0.1585359402620675,650
243,9.824001015455112,0.6639546949579959,0.3360453050420042,/wynton/group/sali/vipul/xray/matthew/multixray/sample_bench/out/277_native_5_t1000/2/output_163/pdbs/331.pdb,0.1841753214269324,0.2030181681048772,0.6588278159391014,4.891290170377522,0.1974915943455507,4.93271084507759,0.3411721840608985,0.147522589915546,12709.5272077436,0.1765149909039936,163
244,9.82346864611879,0.3624507274715972,0.6375492725284029,/wynton/group/sali/vipul/xray/matthew/multixray/sample_bench/out/277_native_5_t1000/2/output_392/pdbs/456.pdb,0.1809087831475374,0.1936761480027131,0.4872222697585877,4.90013891919381,0.2009874256612127,4.923329726924981,0.5127777302414123,0.1527748099205027,13022.921777225589,0.1767048204659015,392
245,10.070715673045989,0.9798544768960648,0.0201455231039352,/wynton/group/sali/vipul/xray/matthew/multixray/sample_bench/out/277_native_5_t1000/2/output_213/pdbs/210.pdb,0.1900671980701742,0.2192353074574888,0.7889872085470585,5.094165348653142,0.2477013738731242,4.976550324392846,0.2110127914529415,0.145925901632539,12772.466515212074,0.2160062300182941,213
246,9.700916562488267,0.2668197820845333,0.7331802179154666,/wynton/group/sali/vipul/xray/matthew/multixray/sample_bench/out/277_native_5_t1000/2/output_541/pdbs/374.pdb,0.166974662329587,0.1863630082037161,0.5186453386422081,4.842286121988553,0.1882975979688917,4.858630440499713,0.4813546613577919,0.1542338311457309,12767.328031064404,0.1637652513698822,541
247,9.769510564682577,0.499433861897633,0.500566138102367,/wynton/group/sali/vipul/xray/matthew/multixray/sample_bench/out/277_native_5_t1000/2/output_690/pdbs/354.pdb,0.1732945984583341,0.2005844424650559,0.338772598400354,4.896700458166233,0.2014619438898794,4.872810106516344,0.6612274015996459,0.1209317011794406,12776.867043409193,0.1757902136097209,690
248,9.736281653673522,0.5124366614971217,0.4875633385028782,/wynton/group/sali/vipul/xray/matthew/multixray/sample_bench/out/277_native_5_t1000/2/output_560/pdbs/427.pdb,0.1737476945437071,0.198155711204111,0.21600949796166,4.845599776227261,0.1868487177867115,4.890681877446262,0.78399050203834,0.1173024181191921,12817.85094998566,0.1645405460994327,560
249,9.641663222121434,0.2703883843943984,0.7296116156056016,/wynton/group/sali/vipul/xray/matthew/multixray/sample_bench/out/277_native_5_t1000/2/output_703/pdbs/458.pdb,0.1672746313618155,0.1846866483402198,0.6719021451052419,4.804258629093317,0.1788346160807798,4.8374045930281175,0.328097854894758,0.1210901462739175,12782.137828294415,0.162344494272786,703
250,9.739407767613741,0.8097074065448101,0.1902925934551899,/wynton/group/sali/vipul/xray/matthew/multixray/sample_bench/out/277_native_5_t1000/2/output_337/pdbs/318.pdb,0.1672761065136605,0.1914675279033608,0.3905905518252922,4.891743560485323,0.2022069813031149,4.847664207128419,0.6094094481747079,0.1504647440290137,12800.425851987233,0.1740093578062423,337
251,9.679602196149553,0.6242523938740692,0.3757476061259309,/wynton/group/sali/vipul/xray/matthew/multixray/sample_bench/out/277_native_5_t1000/2/output_751/pdbs/443.pdb,0.1671031941480567,0.1860249148013882,0.377582859999771,4.842639541384955,0.1871700714015841,4.836962654764598,0.6224171400002291,0.1559224191582162,12889.970536860004,0.1679100053585142,751
252,9.714257316084371,0.1598811980535029,0.840118801946497,/wynton/group/sali/vipul/xray/matthew/multixray/sample_bench/out/277_native_5_t1000/2/output_746/pdbs/446.pdb,0.1583250888956155,0.1811414418573772,0.5512128175176301,4.905541441242668,0.2062477975382425,4.808715874841703,0.4487871824823699,0.1429261416914758,12612.982883101136,0.173590246572791,746
253,10.209156198514309,0.0756307569330017,0.9243692430669984,/wynton/group/sali/vipul/xray/matthew/multixray/sample_bench/out/277_native_5_t1000/2/output_633/pdbs/15.pdb,0.2176334056835907,0.2433197963911544,0.0121130875609,5.107323047732433,0.2533845237269109,5.101833150781876,0.9878869124391,0.1683763020035585,12062.770384696383,0.2197971087653325,633
254,9.78142318111787,0.6643410272352949,0.3356589727647051,/wynton/group/sali/vipul/xray/matthew/multixray/sample_bench/out/277_native_5_t1000/2/output_317/pdbs/363.pdb,0.1724048881617761,0.1901975232207728,0.5236196624497685,4.8974881161596,0.1961626895994785,4.883935064958268,0.4763803375502315,0.1302850514076753,12742.832566081906,0.1754265372470934,317
255,9.748815786781769,0.4983875398498287,0.5016124601501712,/wynton/group/sali/vipul/xray/matthew/multixray/sample_bench/out/277_native_5_t1000/2/output_378/pdbs/358.pdb,0.1764055436014655,0.1956191366132177,0.3938767548791382,4.854721482949981,0.1933072404312094,4.894094303831787,0.6061232451208618,0.1203027159879051,13063.006549287134,0.1697231183661233,378
256,9.864027503514368,0.6742684550180297,0.3257315449819702,/wynton/group/sali/vipul/xray/matthew/multixray/sample_bench/out/277_native_5_t1000/2/output_195/pdbs/285.pdb,0.1842291889533646,0.2069181034267095,0.5465470902690461,4.927536853686635,0.205158427712176,4.936490649827734,0.4534529097309538,0.1606293016312262,13133.919198804935,0.1813173730753925,195
257,9.784459563344615,0.6169988157631048,0.3830011842368953,/wynton/group/sali/vipul/xray/matthew/multixray/sample_bench/out/277_native_5_t1000/2/output_533/pdbs/314.pdb,0.1779099030551325,0.1978921303930794,0.4884803573346901,4.87906710655368,0.1930800583565432,4.905392456790937,0.5115196426653098,0.1540286895361566,13045.465224444912,0.1731260301605799,533
258,9.941069905115352,0.080855080917037,0.919144919082963,/wynton/group/sali/vipul/xray/matthew/multixray/sample_bench/out/277_native_5_t1000/2/output_753/pdbs/337.pdb,0.1849689663117232,0.2089408828732223,0.3421531306146232,4.995476782993875,0.2190464926421111,4.945593122121478,0.6578468693853767,0.1359728448639125,12989.053505303456,0.1969385227774437,753
259,9.96615307215547,0.1164620828565065,0.8835379171434935,/wynton/group/sali/vipul/xray/matthew/multixray/sample_bench/out/277_native_5_t1000/2/output_208/pdbs/341.pdb,0.1921361721238068,0.2200148194596613,0.2949284266278514,4.986794862252528,0.2235215933199244,4.979358209902942,0.7050715733721485,0.1320929654105443,12961.604820280716,0.1955781907768499,208
260,9.727034360444847,0.2970364582566399,0.7029635417433602,/wynton/group/sali/vipul/xray/matthew/multixray/sample_bench/out/277_native_5_t1000/2/output_568/pdbs/334.pdb,0.1716290590966626,0.189646993574996,0.550604801442063,4.842986085890058,0.1881680815430718,4.884048274554788,0.4493951985579369,0.1274912690739457,12721.931835513244,0.1678031628704668,568
261,9.822836574080423,0.938884312766576,0.0611156872334239,/wynton/group/sali/vipul/xray/matthew/multixray/sample_bench/out/277_native_5_t1000/2/output_257/pdbs/368.pdb,0.1662705857649148,0.1871808661555359,0.4137678222405587,4.979304824387062,0.2138810954245532,4.843531749693361,0.5862321777594413,0.1306838429699294,12570.454820498737,0.1896559249829913,257
262,9.684137799583983,0.5371914898325346,0.4628085101674654,/wynton/group/sali/vipul/xray/matthew/multixray/sample_bench/out/277_native_5_t1000/2/output_834/pdbs/312.pdb,0.1728059087903138,0.1972359048240578,0.3195792862995229,4.801561125121815,0.1781412424008604,4.882576674462167,0.6804207137004771,0.1102454178376699,12871.926352271448,0.1601823309182883,834
263,9.848624426881013,0.4199124741761045,0.5800875258238956,/wynton/group/sali/vipul/xray/matthew/multixray/sample_bench/out/277_native_5_t1000/2/output_138/pdbs/421.pdb,0.1897594258271651,0.2073656382484554,0.1362833826613067,4.889736975810028,0.1945980780541291,4.958887451070986,0.8637166173386932,0.1562190892651574,13033.57069248939,0.1765458934048469,138
264,9.814852037466025,0.6110156953874029,0.3889843046125972,/wynton/group/sali/vipul/xray/matthew/multixray/sample_bench/out/277_native_5_t1000/2/output_801/pdbs/317.pdb,0.1809375334543757,0.203429607096641,0.7826605708980025,4.9010386949135,0.2032466134259526,4.913813342552526,0.2173394291019975,0.1261600791818157,13287.290570264093,0.1768357045756764,801
265,9.683469666769906,0.5115823188276165,0.4884176811723834,/wynton/group/sali/vipul/xray/matthew/multixray/sample_bench/out/277_native_5_t1000/2/output_48/pdbs/409.pdb,0.1663953778633574,0.182990307655379,0.3231952956425425,4.836388961867741,0.1810476311262684,4.847080704902164,0.6768047043574575,0.1145469474070612,12762.055354633569,0.162332618251841,48
266,9.97008458267541,0.1044544279721329,0.8955455720278671,/wynton/group/sali/vipul/xray/matthew/multixray/sample_bench/out/277_native_5_t1000/2/output_804/pdbs/400.pdb,0.1951850534800092,0.2236061014361358,0.9778385673453168,4.949652080411049,0.2113416905913703,5.020432502264361,0.0221614326546832,0.1518983535470665,12662.02081326966,0.1808244293988493,804
267,9.77750246620574,0.5636169622079107,0.4363830377920892,/wynton/group/sali/vipul/xray/matthew/multixray/sample_bench/out/277_native_5_t1000/2/output_242/pdbs/320.pdb,0.177474606260165,0.1914148502559274,0.7356049736661153,4.885147914202089,0.1912325186533441,4.892354552003652,0.2643950263338846,0.1239868712831205,12996.78615462965,0.1723399927380917,242
268,9.765128706331614,0.4260814805275004,0.5739185194724995,/wynton/group/sali/vipul/xray/matthew/multixray/sample_bench/out/277_native_5_t1000/2/output_447/pdbs/194.pdb,0.1741780796404874,0.1919894385884706,0.4701901535810351,4.869299739912466,0.1886517588606942,4.895828966419148,0.5298098464189649,0.1281341473666556,12981.598656921804,0.1702379180417658,447
269,9.745904533557708,0.1898399868288235,0.8101600131711765,/wynton/group/sali/vipul/xray/matthew/multixray/sample_bench/out/277_native_5_t1000/2/output_590/pdbs/406.pdb,0.165306959340745,0.191754433391477,0.7061562549684874,4.889636543285335,0.195488547727671,4.856267990272372,0.2938437450315126,0.1708951992034392,12718.660322265448,0.1719659080858931,590
270,9.679168015457405,0.2184892310251106,0.7815107689748894,/wynton/group/sali/vipul/xray/matthew/multixray/sample_bench/out/277_native_5_t1000/2/output_275/pdbs/400.pdb,0.1661257453706155,0.1845810184649187,0.5768135478541836,4.83578228947136,0.1866635230377178,4.843385725986045,0.4231864521458163,0.1617988679779702,12942.072910054943,0.1659914934829191,275
271,9.8369488561568,0.4759936498483325,0.5240063501516674,/wynton/group/sali/vipul/xray/matthew/multixray/sample_bench/out/277_native_5_t1000/2/output_852/pdbs/483.pdb,0.1872203116952366,0.2017986612171731,0.2411819385444182,4.896400776627657,0.1965358527853686,4.940548079529143,0.7588180614555817,0.1296282468593103,12968.997206462664,0.1770681797448955,852
272,9.62380600291154,0.6737969361572428,0.3262030638427572,/wynton/group/sali/vipul/xray/matthew/multixray/sample_bench/out/277_native_5_t1000/2/output_506/pdbs/499.pdb,0.1577520393007502,0.1758955315707714,0.3199525515622999,4.83268584789163,0.1907627473116262,4.791120155019909,0.6800474484377,0.1183778275351624,12867.16875023315,0.1644140783893066,506
273,9.937420008440855,0.0628595376312387,0.9371404623687613,/wynton/group/sali/vipul/xray/matthew/multixray/sample_bench/out/277_native_5_t1000/2/output_223/pdbs/336.pdb,0.1789947583423338,0.2079018944888955,0.7358444950776138,5.011592524424377,0.2267483564529777,4.9258274840164775,0.2641555049223862,0.1413795194484083,12838.13476478593,0.1955503157247242,223
274,9.747872497355413,0.41998102428489,0.5800189757151101,/wynton/group/sali/vipul/xray/matthew/multixray/sample_bench/out/277_native_5_t1000/2/output_232/pdbs/362.pdb,0.178928136782455,0.1991727097822932,0.8593564031078669,4.831868055654756,0.1877888010504587,4.916004441700657,0.1406435968921331,0.1148830678944704,12722.506267630826,0.1640714581664968,232
275,9.88978058457218,0.981381054665008,0.0186189453349918,/wynton/group/sali/vipul/xray/matthew/multixray/sample_bench/out/277_native_5_t1000/2/output_805/pdbs/368.pdb,0.1703367368019212,0.1933487375255953,0.3098585297197388,5.021627923853186,0.2267090295255532,4.868152660718994,0.6901414702802612,0.1343039139618445,12904.83234872071,0.1992713382962709,805
276,9.686868551925006,0.3273286820206025,0.6726713179793975,/wynton/group/sali/vipul/xray/matthew/multixray/sample_bench/out/277_native_5_t1000/2/output_331/pdbs/254.pdb,0.1652227294812815,0.1830607665738078,0.5796122620664552,4.836387455826624,0.1832395779277864,4.850481096098383,0.4203877379335447,0.1244300894751128,12648.546865018336,0.1650360389189358,331
277,9.761240252675002,0.67935934586723,0.32064065413277,/wynton/group/sali/vipul/xray/matthew/multixray/sample_bench/out/277_native_5_t1000/2/output_952/pdbs/287.pdb,0.1747342801892215,0.1952154735557831,0.5910130693435683,4.864678555944214,0.191346509805261,4.896561696730788,0.4089869306564316,0.1284075292260843,13102.431527862434,0.168134526193851,952
278,9.691525954536646,0.5890695054560492,0.4109304945439508,/wynton/group/sali/vipul/xray/matthew/multixray/sample_bench/out/277_native_5_t1000/2/output_161/pdbs/294.pdb,0.17107272516984,0.198605705114092,0.1967298010247222,4.805908948806578,0.1871322913162708,4.885617005730068,0.8032701989752778,0.1165775393866082,12865.148399637808,0.1599003098234156,161
279,9.791309920046217,0.5305083208430317,0.4694916791569682,/wynton/group/sali/vipul/xray/matthew/multixray/sample_bench/out/277_native_5_t1000/2/output_22/pdbs/484.pdb,0.1765388426971234,0.1951116148919102,0.6142826748175749,4.8911049272011855,0.2001254809121904,4.900204992845031,0.3857173251824252,0.131185606677579,13177.074281801542,0.1722480019139478,22
280,9.76888702274935,0.4725604459346112,0.5274395540653888,/wynton/group/sali/vipul/xray/matthew/multixray/sample_bench/out/277_native_5_t1000/2/output_267/pdbs/415.pdb,0.1825110523520722,0.2029203264072713,0.2400699665050638,4.841100102409134,0.1903816702537345,4.927786920340218,0.7599300334949362,0.1279756282550343,12911.35185952432,0.1665377593026302,267
281,9.995238027781884,0.1601702220787909,0.839829777921209,/wynton/group/sali/vipul/xray/matthew/multixray/sample_bench/out/277_native_5_t1000/2/output_748/pdbs/349.pdb,0.196040518374956,0.223889321391862,0.2725933635829625,5.012702444723469,0.23509174322404,4.982535583058416,0.7274066364170375,0.137243433523196,13064.201019965152,0.2022316524946637,748
282,9.720579648141168,0.7082367983565964,0.2917632016434036,/wynton/group/sali/vipul/xray/matthew/multixray/sample_bench/out/277_native_5_t1000/2/output_911/pdbs/414.pdb,0.1686908928154668,0.1870665691492603,0.4157132505700995,4.860682551958173,0.1935921413564127,4.859897096182995,0.5842867494299006,0.1515526127154787,13049.393249297513,0.1694517677672952,911
283,9.683203135595981,0.5196042593526704,0.4803957406473295,/wynton/group/sali/vipul/xray/matthew/multixray/sample_bench/out/277_native_5_t1000/2/output_892/pdbs/421.pdb,0.1737616245204884,0.1936111723487948,0.2377402066424868,4.789671000943477,0.179640534660646,4.893532134652506,0.7622597933575133,0.1165341806917392,12943.04516830392,0.1576651394294979,892
284,9.751266877168431,0.4757284962091123,0.5242715037908877,/wynton/group/sali/vipul/xray/matthew/multixray/sample_bench/out/277_native_5_t1000/2/output_360/pdbs/373.pdb,0.1800596135126419,0.2006231829432571,0.1967486201921448,4.834534713940029,0.1827342982855428,4.916732163228402,0.8032513798078551,0.1443447691142513,12833.77840814543,0.1642661356768849,360
285,9.757525744158249,0.5004409052322369,0.499559094767763,/wynton/group/sali/vipul/xray/matthew/multixray/sample_bench/out/277_native_5_t1000/2/output_558/pdbs/356.pdb,0.1821475323734602,0.2039501407320045,0.7878374319996344,4.820579963676145,0.1874618584723331,4.936945780482104,0.2121625680003655,0.1129843385102777,12946.579254960252,0.1619584996592039,558
286,9.732491897506392,0.3570084920041707,0.6429915079958294,/wynton/group/sali/vipul/xray/matthew/multixray/sample_bench/out/277_native_5_t1000/2/output_259/pdbs/266.pdb,0.175927412623957,0.2048115232823193,0.8331412881543176,4.818435433873033,0.1872748426488854,4.914056463633361,0.1668587118456824,0.1283855296183081,12712.559057124126,0.1616607400390384,259
287,9.879233739114628,0.8596127462452031,0.1403872537547968,/wynton/group/sali/vipul/xray/matthew/multixray/sample_bench/out/277_native_5_t1000/2/output_62/pdbs/123.pdb,0.1787746346655532,0.2096776478816178,0.5417705216512739,4.939207916540062,0.2081788940806212,4.940025822574566,0.458229478348726,0.1418401595805389,12730.98961502954,0.1798942656509068,62
288,9.897085368760216,0.7088356124257539,0.2911643875742462,/wynton/group/sali/vipul/xray/matthew/multixray/sample_bench/out/277_native_5_t1000/2/output_227/pdbs/373.pdb,0.1897822997433552,0.2107534897564268,0.689236554926711,4.937848233837832,0.2024365707590103,4.959237134922385,0.310763445073289,0.1549486800189109,13030.490299137951,0.1868524253400153,227
289,9.799387869589404,0.5739090128916414,0.4260909871083586,/wynton/group/sali/vipul/xray/matthew/multixray/sample_bench/out/277_native_5_t1000/2/output_534/pdbs/318.pdb,0.180046244374051,0.1991331693682976,0.5764862811286317,4.882306030153714,0.1975212773663837,4.91708183943569,0.4235137188713683,0.1620669402460664,13145.389771429676,0.1732694192088334,534
290,9.910680615024035,0.2446568137732919,0.755343186226708,/wynton/group/sali/vipul/xray/matthew/multixray/sample_bench/out/277_native_5_t1000/2/output_68/pdbs/381.pdb,0.1946132196288489,0.2135311091123997,0.2482214489217211,4.935253310201519,0.2003743292494604,4.975427304822515,0.7517785510782788,0.1693748895976389,12980.025924430363,0.1863183260548488,68
291,9.598311202573345,0.6407166134215438,0.3592833865784561,/wynton/group/sali/vipul/xray/matthew/multixray/sample_bench/out/277_native_5_t1000/2/output_132/pdbs/390.pdb,0.1612566493932708,0.1813695766878766,0.2990178854561273,4.7842933257980444,0.1747116470412952,4.814017876775302,0.7009821145438728,0.1892739262086442,12705.175121941367,0.1561975708190904,132
292,9.868583424577961,0.3210024020977728,0.6789975979022271,/wynton/group/sali/vipul/xray/matthew/multixray/sample_bench/out/277_native_5_t1000/2/output_969/pdbs/333.pdb,0.1872483956968826,0.2126821205170756,0.3527282761962022,4.910015821832665,0.2036972575882721,4.958567602745297,0.6472717238037978,0.1439533476817301,13020.974449647609,0.1789729347826894,969
293,9.887266474192938,0.2851715188495227,0.7148284811504774,/wynton/group/sali/vipul/xray/matthew/multixray/sample_bench/out/277_native_5_t1000/2/output_235/pdbs/320.pdb,0.187813380287705,0.2130277578818446,0.3604210971437357,4.929506846276287,0.2069663535382664,4.95775962791665,0.6395789028562643,0.155603282439972,12779.015363169898,0.1845528829295326,235
294,9.84267163867126,0.6344267723314722,0.3655732276685278,/wynton/group/sali/vipul/xray/matthew/multixray/sample_bench/out/277_native_5_t1000/2/output_371/pdbs/357.pdb,0.1858665493877954,0.2031455835082491,0.7651278220608885,4.912075161872747,0.1985662837922807,4.930596476798512,0.2348721779391115,0.1373482167053182,12818.09329675876,0.1795849825367277,371
295,9.799724656434428,0.688934174548625,0.3110658254513749,/wynton/group/sali/vipul/xray/matthew/multixray/sample_bench/out/277_native_5_t1000/2/output_179/pdbs/292.pdb,0.18350341355828,0.2046920580337735,0.6110169990786634,4.86265131615314,0.1914711861496268,4.937073340281287,0.3889830009213367,0.1506960042903415,13004.55593677998,0.1726730277400808,179
296,9.750171497695353,0.5448063679552966,0.4551936320447033,/wynton/group/sali/vipul/xray/matthew/multixray/sample_bench/out/277_native_5_t1000/2/output_238/pdbs/360.pdb,0.1780834575440826,0.2020435129200826,0.6308815164479625,4.829443710809654,0.1846888155952732,4.920727786885699,0.3691184835520374,0.1296177174722012,13028.63180353418,0.1640054757130775,238
297,10.13906806526192,0.8727422679013062,0.1272577320986938,/wynton/group/sali/vipul/xray/matthew/multixray/sample_bench/out/277_native_5_t1000/2/output_107/pdbs/102.pdb,0.2105822590157303,0.2307278180947719,0.9312469264887407,5.08979737784443,0.2384641561310442,5.04927068741749,0.0687530735112593,0.1601663145621889,12834.36121102727,0.2166773668913497,107
298,9.88832423848892,0.9700708547769742,0.0299291452230257,/wynton/group/sali/vipul/xray/matthew/multixray/sample_bench/out/277_native_5_t1000/2/output_104/pdbs/287.pdb,0.1693983807248709,0.1917422935508051,0.2218216488035573,5.02132989339471,0.2256455706203055,4.866994345094209,0.7781783511964427,0.1471543259049962,12777.275860646536,0.1967925472189836,104
299,9.926361468538246,0.0251327022751118,0.974867297724888,/wynton/group/sali/vipul/xray/matthew/multixray/sample_bench/out/277_native_5_t1000/2/output_193/pdbs/292.pdb,0.1766902655919312,0.2065917777544899,0.8214730784796881,5.01034946725007,0.2283592278928406,4.916012001288176,0.1785269215203118,0.139222483919083,12690.032522934316,0.1947565121566537,193
300,9.642770811166862,0.6628735037207466,0.3371264962792534,/wynton/group/sali/vipul/xray/matthew/multixray/sample_bench/out/277_native_5_t1000/2/output_531/pdbs/459.pdb,0.1699680191565649,0.1891462615050242,0.3196187699525048,4.767561620774472,0.1748049308514626,4.87520919039239,0.6803812300474952,0.1312560915544907,13097.540654854747,0.1546483214982639,531
301,9.708728900653906,0.4357019330676727,0.5642980669323273,/wynton/group/sali/vipul/xray/matthew/multixray/sample_bench/out/277_native_5_t1000/2/output_351/pdbs/317.pdb,0.1726844666065214,0.1920056494747731,0.7867257871218598,4.843360064238545,0.1891967120272941,4.86536883641536,0.2132742128781402,0.1195950736861903,12778.80142238422,0.1673265895706783,351
302,9.841506191161159,0.3360326474132242,0.6639673525867757,/wynton/group/sali/vipul/xray/matthew/multixray/sample_bench/out/277_native_5_t1000/2/output_580/pdbs/372.pdb,0.1766649802332396,0.1946561304402678,0.4054570230820698,4.938474385021747,0.2109781699032499,4.903031806139412,0.5945429769179301,0.1777163778328643,12928.608621142996,0.181497889993177,580
303,9.864708609536166,0.7493371061062594,0.2506628938937407,/wynton/group/sali/vipul/xray/matthew/multixray/sample_bench/out/277_native_5_t1000/2/output_745/pdbs/394.pdb,0.1813856671007966,0.2015847036702828,0.6095403245726537,4.938695500098158,0.2051089304373168,4.926013109438008,0.3904596754273462,0.1326679224856916,13000.611595400966,0.1817070562004125,745
304,9.867484821194795,0.0308012888236184,0.9691987111763816,/wynton/group/sali/vipul/xray/matthew/multixray/sample_bench/out/277_native_5_t1000/2/output_544/pdbs/426.pdb,0.166064613356209,0.1848296253694837,0.5083974777748241,5.025755671693891,0.2281276253355197,4.841729149500904,0.4916025222251758,0.1396327671286154,12783.216781319408,0.1984273349540913,544
305,9.750050936006593,0.4896925000211911,0.510307499978809,/wynton/group/sali/vipul/xray/matthew/multixray/sample_bench/out/277_native_5_t1000/2/output_831/pdbs/468.pdb,0.1710319013745956,0.1998994126028942,0.729890021736023,4.88509689469187,0.2006616774111382,4.864954041314723,0.2701099782639769,0.1416589488125564,12914.12531678469,0.1719399520299601,831
306,9.792798318248902,0.609934950210654,0.390065049789346,/wynton/group/sali/vipul/xray/matthew/multixray/sample_bench/out/277_native_5_t1000/2/output_817/pdbs/324.pdb,0.1826663306258203,0.202351652879092,0.1259427089585357,4.8708734178501,0.1969868378425107,4.921924900398803,0.8740572910414642,0.1320395670582252,12610.349106110882,0.172172299055282,817
307,9.826292203148348,0.8229468347655421,0.1770531652344579,/wynton/group/sali/vipul/xray/matthew/multixray/sample_bench/out/277_native_5_t1000/2/output_742/pdbs/359.pdb,0.1730797952227659,0.202682523942043,0.1688297785068168,4.910529994432642,0.2021641035776552,4.915762208715707,0.8311702214931833,0.1281908964472333,12595.580398900824,0.1776077826298745,742
308,9.785811900254565,0.4791745984764914,0.5208254015235085,/wynton/group/sali/vipul/xray/matthew/multixray/sample_bench/out/277_native_5_t1000/2/output_123/pdbs/287.pdb,0.1799385768875031,0.1995047006921673,0.529757154634289,4.850142121026568,0.1880544158645767,4.935669779227996,0.470242845365711,0.1349231980921233,13043.19695286598,0.1669630783328492,123
309,9.824774835375859,0.3987574368910515,0.6012425631089484,/wynton/group/sali/vipul/xray/matthew/multixray/sample_bench/out/277_native_5_t1000/2/output_194/pdbs/392.pdb,0.1837377679515135,0.196642008536955,0.235066945335234,4.912453381388656,0.2011643342505034,4.912321453987204,0.764933054664766,0.1604584023629694,12970.586925544145,0.1799842245943593,194
310,9.818063962305004,0.3866525111278518,0.6133474888721482,/wynton/group/sali/vipul/xray/matthew/multixray/sample_bench/out/277_native_5_t1000/2/output_347/pdbs/379.pdb,0.1816041037071466,0.2117950065300095,0.4498090514481378,4.877996658001738,0.1981311751837264,4.940067304303267,0.5501909485518622,0.1582909777987974,13341.835787881468,0.1713926522066506,347
311,9.776054666159357,0.5470221421733894,0.4529778578266105,/wynton/group/sali/vipul/xray/matthew/multixray/sample_bench/out/277_native_5_t1000/2/output_908/pdbs/412.pdb,0.1731614466922195,0.1932935392892399,0.3803921727266559,4.892512703566776,0.1950013234125553,4.883541962592582,0.6196078272733441,0.1400702745408946,13129.26815152635,0.1729367084941354,908
312,9.792766625797768,0.4239268672067919,0.576073132793208,/wynton/group/sali/vipul/xray/matthew/multixray/sample_bench/out/277_native_5_t1000/2/output_21/pdbs/387.pdb,0.1810526938527785,0.1998845706079534,0.4724974555450343,4.8606249429120325,0.1909276245870552,4.932141682885736,0.5275025444549657,0.1465047595995331,12885.978824062382,0.1690549749903653,21
313,9.87308178611082,0.1013400043532982,0.8986599956467018,/wynton/group/sali/vipul/xray/matthew/multixray/sample_bench/out/277_native_5_t1000/2/output_437/pdbs/389.pdb,0.1744040565716166,0.1935651542706826,0.8118480878449945,4.980379978849684,0.2146188531329486,4.892701807261136,0.1881519121550054,0.1304926004372277,12431.938311879358,0.1929391608242697,437
314,10.05254492932832,0.8854008385087715,0.1145991614912284,/wynton/group/sali/vipul/xray/matthew/multixray/sample_bench/out/277_native_5_t1000/2/output_951/pdbs/311.pdb,0.1986761780845271,0.2232722148968202,0.8019076905531668,5.060673940474673,0.2367450780347931,4.991870988853647,0.1980923094468332,0.1438376293331413,13176.654785930428,0.2119900206892904,951
315,9.799973107114543,0.9437839036199062,0.0562160963800939,/wynton/group/sali/vipul/xray/matthew/multixray/sample_bench/out/277_native_5_t1000/2/output_263/pdbs/478.pdb,0.1752037190648619,0.1986682460743505,0.3105731096092237,4.898490345007654,0.1986488045206349,4.901482762106888,0.6894268903907763,0.1347074772336744,12643.917730518837,0.1762267213306645,263
316,9.712520974749712,0.8404085540796431,0.1595914459203569,/wynton/group/sali/vipul/xray/matthew/multixray/sample_bench/out/277_native_5_t1000/2/output_55/pdbs/280.pdb,0.1652719914412631,0.1843175599304121,0.4442962744944626,4.874123877094205,0.198642554327019,4.8383970976555055,0.5557037255055375,0.1484758920156902,12793.201265578073,0.1707033831177182,55
317,9.777857312287345,0.5363469421932339,0.4636530578067661,/wynton/group/sali/vipul/xray/matthew/multixray/sample_bench/out/277_native_5_t1000/2/output_166/pdbs/260.pdb,0.1752128275122068,0.1993096326639432,0.4762825696775152,4.871504085594414,0.1959111981862512,4.90635322669293,0.5237174303224849,0.1257072899086934,12877.9375667046,0.1697647057375359,166
318,9.986073494799877,0.8797967316268637,0.1202032683731363,/wynton/group/sali/vipul/xray/matthew/multixray/sample_bench/out/277_native_5_t1000/2/output_265/pdbs/280.pdb,0.1925029927366044,0.2129882271700674,0.6972385185176283,5.01156251026862,0.2291988942143612,4.974510984531257,0.3027614814823717,0.1418093939940921,13045.345611795095,0.1993811059476175,265
319,9.857907650785515,0.4149430989449303,0.5850569010550697,/wynton/group/sali/vipul/xray/matthew/multixray/sample_bench/out/277_native_5_t1000/2/output_281/pdbs/354.pdb,0.1828843022366464,0.1997849586933232,0.3216632508622625,4.925325617798879,0.2027513094983264,4.9325820329866366,0.6783367491377376,0.1491820120118037,13221.30549219951,0.1810780066961718,281
320,9.7153499605347,0.4519773841029185,0.5480226158970815,/wynton/group/sali/vipul/xray/matthew/multixray/sample_bench/out/277_native_5_t1000/2/output_269/pdbs/306.pdb,0.1719192127476492,0.1876413909858408,0.5920210597393885,4.837994232038009,0.1842049466435464,4.877355728496691,0.4079789402606115,0.1255151763045952,12698.089236052165,0.1670786029591579,269
321,9.8334044607031,0.1201810790228515,0.8798189209771484,/wynton/group/sali/vipul/xray/matthew/multixray/sample_bench/out/277_native_5_t1000/2/output_562/pdbs/413.pdb,0.168270113852024,0.1930764285951095,0.4744814374522734,4.971857441269619,0.2171762483373143,4.86154701943348,0.5255185625477266,0.1252446462779706,12926.614904671322,0.1889417811618328,562
322,10.021424389858288,0.2384529355586917,0.7615470644413083,/wynton/group/sali/vipul/xray/matthew/multixray/sample_bench/out/277_native_5_t1000/2/output_537/pdbs/356.pdb,0.2064521276182827,0.2317832058420482,0.0613459828174718,4.996557994221026,0.2310524031703269,5.024866395637262,0.9386540171825282,0.1593701568099564,12978.85990911264,0.1984219338436079,537
323,9.75375814246046,0.7657179354096123,0.2342820645903877,/wynton/group/sali/vipul/xray/matthew/multixray/sample_bench/out/277_native_5_t1000/2/output_165/pdbs/359.pdb,0.1735846764655828,0.1917542031285757,0.4537708747699555,4.86735731507683,0.193802421536203,4.886400827383631,0.5462291252300444,0.1708743600413204,12788.278216856985,0.1683433270550845,165
324,9.840152524098253,0.2704605219368923,0.7295394780631077,/wynton/group/sali/vipul/xray/matthew/multixray/sample_bench/out/277_native_5_t1000/2/output_51/pdbs/350.pdb,0.1997264664067352,0.2313031410631197,0.9209948513393784,4.812336485038007,0.1831119791593878,5.027816039060245,0.0790051486606217,0.1268900995325359,12819.646524971527,0.1634746486463122,51
325,9.671744153535533,0.703796968803703,0.296203031196297,/wynton/group/sali/vipul/xray/matthew/multixray/sample_bench/out/277_native_5_t1000/2/output_982/pdbs/355.pdb,0.1695822048584505,0.1957455542424111,0.4214283030671508,4.796288376085548,0.1813730925205108,4.875455777449985,0.5785716969328493,0.145396126353461,12884.912990029838,0.1597788534987542,982
326,10.17214691748723,0.0105936782723504,0.9894063217276496,/wynton/group/sali/vipul/xray/matthew/multixray/sample_bench/out/277_native_5_t1000/2/output_545/pdbs/18.pdb,0.2088413768575841,0.2283902930808538,0.1052677486228786,5.1126824746532895,0.2459873879836535,5.059464442833941,0.8947322513771213,0.1626525698615301,13049.07262484394,0.2208006245631447,545
327,9.800707637967445,0.0859573776888269,0.9140426223111732,/wynton/group/sali/vipul/xray/matthew/multixray/sample_bench/out/277_native_5_t1000/2/output_318/pdbs/356.pdb,0.1622177448556531,0.1820393516373334,0.5188658117488101,4.976890065619246,0.2116172693853698,4.823817572348199,0.4811341882511899,0.1453141687463903,12960.67693881142,0.1875556384615831,318
328,9.711655437158612,0.628248983591268,0.371751016408732,/wynton/group/sali/vipul/xray/matthew/multixray/sample_bench/out/277_native_5_t1000/2/output_167/pdbs/413.pdb,0.1682005535994542,0.1933118022231712,0.4436185620316786,4.842745666216223,0.1870081920254503,4.868909770942388,0.5563814379683214,0.1520242182980223,12871.286298650346,0.1653306640381279,167
329,9.735842556632644,0.6046122617760408,0.3953877382239592,/wynton/group/sali/vipul/xray/matthew/multixray/sample_bench/out/277_native_5_t1000/2/output_23/pdbs/271.pdb,0.1786469560272486,0.2005348843133426,0.2373064991591485,4.826643662287112,0.1877086664727017,4.909198894345533,0.7626935008408515,0.1332261494181076,12680.978768780613,0.1657829247935985,23
330,9.897056265510503,0.2596267678228844,0.7403732321771156,/wynton/group/sali/vipul/xray/matthew/multixray/sample_bench/out/277_native_5_t1000/2/output_204/pdbs/384.pdb,0.1852399116318377,0.2091237279392426,0.3076194453791698,4.9552401498884535,0.2113073648237052,4.941816115622049,0.6923805546208301,0.1463169833340085,13257.69743666302,0.1877261688165878,204
331,9.807655884000663,0.2116623950232959,0.788337604976704,/wynton/group/sali/vipul/xray/matthew/multixray/sample_bench/out/277_native_5_t1000/2/output_328/pdbs/362.pdb,0.174234233965883,0.1976669639409677,0.5004982012233913,4.906084461774818,0.2056198920394155,4.901571422225845,0.4995017987766088,0.1459086536303199,13031.730321437031,0.1752583298250285,328
332,9.926734430328926,0.9162715262104542,0.0837284737895458,/wynton/group/sali/vipul/xray/matthew/multixray/sample_bench/out/277_native_5_t1000/2/output_478/pdbs/454.pdb,0.1794267308286453,0.2031749819798851,0.1178415227774811,4.99114176004435,0.219243499376995,4.935592670284576,0.8821584772225189,0.1510437479924196,12494.155138306229,0.1928919894428324,478
333,9.78270085829391,0.508711387104491,0.4912886128955089,/wynton/group/sali/vipul/xray/matthew/multixray/sample_bench/out/277_native_5_t1000/2/output_761/pdbs/382.pdb,0.1774897959075572,0.1934064443280575,0.3318913885122295,4.885244960337432,0.1965034864680741,4.897455897956478,0.6681086114877705,0.120637363018096,12947.238477961557,0.1749260004688999,761
334,9.838810938090923,0.112100812628818,0.887899187371182,/wynton/group/sali/vipul/xray/matthew/multixray/sample_bench/out/277_native_5_t1000/2/output_348/pdbs/367.pdb,0.1720574865851258,0.1897383841032719,0.4787128351260969,4.967535380006707,0.2202573446338096,4.871275558084217,0.5212871648739031,0.166271502852792,12815.596924005218,0.1897154485415607,348
335,10.069685351600942,0.0293760039899688,0.9706239960100312,/wynton/group/sali/vipul/xray/matthew/multixray/sample_bench/out/277_native_5_t1000/2/output_1/pdbs/413.pdb,0.1958040403851564,0.2160918795701429,0.2426420578101354,5.087627292415435,0.2454902321935869,4.982058059185506,0.7573579421898646,0.1336796655092191,12824.476086135142,0.2170579692315368,1
336,9.616892014082964,0.3991956338258394,0.6008043661741607,/wynton/group/sali/vipul/xray/matthew/multixray/sample_bench/out/277_native_5_t1000/2/output_688/pdbs/441.pdb,0.1653750325212103,0.1836033273377837,0.6634677961531636,4.780492238189481,0.1744217685211005,4.836399775893482,0.3365322038468364,0.1466101082260163,12857.752496547197,0.1553512236316022,688
337,9.8309017602746,0.4609352589415043,0.5390647410584957,/wynton/group/sali/vipul/xray/matthew/multixray/sample_bench/out/277_native_5_t1000/2/output_733/pdbs/486.pdb,0.2010766768016513,0.2218803175346918,0.9884286037723063,4.811596890352714,0.1832928452794045,5.019304869921886,0.0115713962276936,0.1302298056612263,12721.625198323747,0.1596409439384956,733
338,9.913409490100232,0.3298437247097927,0.6701562752902074,/wynton/group/sali/vipul/xray/matthew/multixray/sample_bench/out/277_native_5_t1000/2/output_828/pdbs/406.pdb,0.1918903002473142,0.210401788916915,0.344287240134236,4.932831095520268,0.2082839072844762,4.980578394579963,0.655712759865764,0.1529952929075212,13059.998517889,0.1840208208239822,828
339,9.82548635197616,0.1212781312648478,0.8787218687351522,/wynton/group/sali/vipul/xray/matthew/multixray/sample_bench/out/277_native_5_t1000/2/output_800/pdbs/329.pdb,0.167636421265622,0.1972346961490779,0.5041183024475006,4.963449209941862,0.22148255518057,4.862037142034297,0.4958816975524995,0.148435243473722,12716.281932235996,0.1879970344980426,800
340,9.893792823523988,0.1431782218638893,0.8568217781361106,/wynton/group/sali/vipul/xray/matthew/multixray/sample_bench/out/277_native_5_t1000/2/output_842/pdbs/467.pdb,0.177993273565769,0.2018257044713982,0.4018793020173778,4.976033845628269,0.2258749074681312,4.917758977895718,0.5981206979826221,0.1327173206904245,12880.225545320429,0.1902350899589877,842
341,9.85485736503571,0.0545557908250752,0.9454442091749248,/wynton/group/sali/vipul/xray/matthew/multixray/sample_bench/out/277_native_5_t1000/2/output_830/pdbs/331.pdb,0.1705157752996013,0.1895256720538642,0.5804313605878627,4.9901587863131445,0.2150097644456129,4.864698578722565,0.4195686394121373,0.1325254191966636,12613.604798137088,0.1937470398867787,830
342,9.781511426367587,0.5385202172897093,0.4614797827102907,/wynton/group/sali/vipul/xray/matthew/multixray/sample_bench/out/277_native_5_t1000/2/output_840/pdbs/440.pdb,0.1794267279933642,0.193933604871817,0.7182267071309567,4.887541409174945,0.1940193301597415,4.8939700171926415,0.2817732928690433,0.1380621889416888,13104.994347843696,0.1731304323135604,840
343,9.987645483349533,0.267803248938105,0.7321967510618951,/wynton/group/sali/vipul/xray/matthew/multixray/sample_bench/out/277_native_5_t1000/2/output_191/pdbs/242.pdb,0.1955237890176398,0.2186693820846586,0.1685905278259626,5.002545419009181,0.2166718494257561,4.985100064340353,0.8314094721740374,0.1490384637592504,13073.95184876348,0.1965212183282455,191
344,9.82545281845742,0.2609612859241438,0.7390387140758561,/wynton/group/sali/vipul/xray/matthew/multixray/sample_bench/out/277_native_5_t1000/2/output_400/pdbs/377.pdb,0.1827247687089881,0.2032119716152455,0.4721871291274224,4.890453047434161,0.1947095605651568,4.934999771023258,0.5278128708725777,0.1722858607868755,12997.248278689014,0.1773516164402412,400
345,9.710335920147735,0.5049910283062214,0.4950089716937786,/wynton/group/sali/vipul/xray/matthew/multixray/sample_bench/out/277_native_5_t1000/2/output_60/pdbs/280.pdb,0.1681639577334258,0.1884885367430123,0.7107589924842516,4.854467494458953,0.1895679676818328,4.855868425688782,0.2892410075157484,0.1141036033634505,13271.7943336169,0.1657313058010836,60
346,9.789356688096088,0.4735468763926753,0.5264531236073248,/wynton/group/sali/vipul/xray/matthew/multixray/sample_bench/out/277_native_5_t1000/2/output_50/pdbs/288.pdb,0.1784678825152108,0.201464414096556,0.5008872665265982,4.86704077838314,0.1913427779446387,4.922315909712948,0.4991127334734019,0.1321997067883262,13009.399862262942,0.1698518410761021,50
347,9.819128921747573,0.3322148448231338,0.6677851551768661,/wynton/group/sali/vipul/xray/matthew/multixray/sample_bench/out/277_native_5_t1000/2/output_196/pdbs/462.pdb,0.174124642801739,0.2026344129036485,0.4222255104427141,4.924167476622763,0.2055261836599104,4.894961445124811,0.5777744895572858,0.1291424366291671,12906.491271237752,0.1761149583662935,196
348,9.781779584570565,0.4466823080862667,0.5533176919137333,/wynton/group/sali/vipul/xray/matthew/multixray/sample_bench/out/277_native_5_t1000/2/output_27/pdbs/405.pdb,0.1772992626291936,0.1971391295599657,0.4806111216151488,4.865999934460134,0.1913223363535455,4.915779650110432,0.5193888783848513,0.1289957956476386,12925.798987157952,0.1697539185228219,27
349,9.735280619471812,0.5293867144534906,0.4706132855465094,/wynton/group/sali/vipul/xray/matthew/multixray/sample_bench/out/277_native_5_t1000/2/output_741/pdbs/392.pdb,0.1757926755802046,0.1936175494965622,0.2581633815390328,4.834429246855904,0.1860894366110495,4.900851372615909,0.7418366184609673,0.1435386169749697,12703.675297346716,0.1627622327650469,741
350,9.703037103371726,0.5516133766737248,0.4483866233262753,/wynton/group/sali/vipul/xray/matthew/multixray/sample_bench/out/277_native_5_t1000/2/output_70/pdbs/474.pdb,0.1687255468942451,0.1864000203087244,0.729215230799992,4.857205628261824,0.1859778194754404,4.845831475109901,0.2707847692000081,0.1205481286366763,12975.32019636898,0.1689668189565424,70
351,9.765812704809413,0.4938402299535735,0.5061597700464264,/wynton/group/sali/vipul/xray/matthew/multixray/sample_bench/out/277_native_5_t1000/2/output_382/pdbs/353.pdb,0.1815755801259276,0.2049727983555935,0.6305979186898415,4.843321725552663,0.1942877208097956,4.922490979256751,0.3694020813101584,0.1591041164621273,12966.09645523724,0.1664770525170532,382
352,9.824254995688626,0.4494529317043493,0.5505470682956507,/wynton/group/sali/vipul/xray/matthew/multixray/sample_bench/out/277_native_5_t1000/2/output_2/pdbs/397.pdb,0.1940766205682694,0.2144362368485527,0.0646400874788321,4.838943209687026,0.1826177140101923,4.985311786001601,0.935359912521168,0.1275542624899844,12690.919427479335,0.1664521712339755,2
353,9.91615147653211,0.0238235734542861,0.9761764265457138,/wynton/group/sali/vipul/xray/matthew/multixray/sample_bench/out/277_native_5_t1000/2/output_662/pdbs/450.pdb,0.173615941878206,0.1907866292688395,0.7831191322849492,5.0334805820806885,0.2338352844338152,4.882670894451421,0.2168808677150507,0.13796058153637,12448.414834187584,0.2004410389568587,662
354,9.74319839377119,0.5010962043794398,0.4989037956205602,/wynton/group/sali/vipul/xray/matthew/multixray/sample_bench/out/277_native_5_t1000/2/output_651/pdbs/356.pdb,0.1773669714731175,0.2006351121667118,0.5508758079022863,4.833916981806924,0.1873903187455823,4.909281411964265,0.4491241920977138,0.1184898617000372,13145.01542014596,0.1653512205649533,651
355,9.751197716770587,0.7111608977860183,0.2888391022139817,/wynton/group/sali/vipul/xray/matthew/multixray/sample_bench/out/277_native_5_t1000/2/output_380/pdbs/434.pdb,0.1753031267391357,0.1923434100881692,0.4115845490159691,4.860549069567278,0.1949930458355962,4.890648647203308,0.5884154509840309,0.1485062783584602,12566.961354853214,0.1717036116629245,380
356,9.889557010647286,0.9877365615091896,0.0122634384908104,/wynton/group/sali/vipul/xray/matthew/multixray/sample_bench/out/277_native_5_t1000/2/output_203/pdbs/385.pdb,0.1710574643537523,0.198182231742626,0.4389832801182368,5.009667665196482,0.2271833300241956,4.879889345450803,0.5610167198817632,0.1572144356461442,12722.38001899208,0.1929255642065296,203
357,9.633231807116218,0.3504998274440272,0.6495001725559728,/wynton/group/sali/vipul/xray/matthew/multixray/sample_bench/out/277_native_5_t1000/2/output_936/pdbs/408.pdb,0.1646614807015479,0.1847664369923104,0.6308533832643543,4.782815376412216,0.1785999969105322,4.850416430704001,0.3691466167356458,0.1264521521350887,12829.202875652412,0.1546418106236927,936
358,9.846679639398555,0.4039915696240567,0.5960084303759434,/wynton/group/sali/vipul/xray/matthew/multixray/sample_bench/out/277_native_5_t1000/2/output_44/pdbs/328.pdb,0.1825918781828206,0.2014668636250333,0.4642851025293289,4.913315808795786,0.2066198992609865,4.9333638306027705,0.5357148974706711,0.1266182166709037,13086.47750559847,0.1791025835984719,44
359,9.815857692207594,0.887408663885367,0.112591336114633,/wynton/group/sali/vipul/xray/matthew/multixray/sample_bench/out/277_native_5_t1000/2/output_959/pdbs/397.pdb,0.1670425738275401,0.1927334967385729,0.4596807745291896,4.964517307073172,0.2129534649888077,4.851340385134422,0.5403192254708103,0.1528674085995323,12803.670071975095,0.1871779906569134,959
360,10.17444810619168,0.0924032255909289,0.907596774409071,/wynton/group/sali/vipul/xray/matthew/multixray/sample_bench/out/277_native_5_t1000/2/output_126/pdbs/13.pdb,0.2118881501033159,0.2393952763626989,0.005315254484378,5.087033480678811,0.2421992177434805,5.087414625512868,0.994684745515622,0.1677576612862607,12341.582050297608,0.2121918780481957,126
361,9.856012653766316,0.7049318859733351,0.2950681140266649,/wynton/group/sali/vipul/xray/matthew/multixray/sample_bench/out/277_native_5_t1000/2/output_320/pdbs/363.pdb,0.1843199949567472,0.2041237841029113,0.6023480907523072,4.9150560993592025,0.2044042188040606,4.940956554407113,0.3976519092476928,0.1392201592006196,13144.232434217847,0.1797914643007007,320
362,9.829749160858542,0.8074947608721671,0.1925052391278329,/wynton/group/sali/vipul/xray/matthew/multixray/sample_bench/out/277_native_5_t1000/2/output_752/pdbs/375.pdb,0.1773669269060753,0.2094368252639533,0.5553539284724827,4.910714722745437,0.2078982827113059,4.919034438113105,0.4446460715275173,0.1578304183166944,13169.64789334004,0.1786085385050442,752
363,9.651764740321486,0.629672042020585,0.3703279579794151,/wynton/group/sali/vipul/xray/matthew/multixray/sample_bench/out/277_native_5_t1000/2/output_29/pdbs/368.pdb,0.1608788202055666,0.1794036371977364,0.4230308140185184,4.826242645905067,0.1841665429249088,4.825522094416418,0.5769691859814816,0.1866964701712816,12883.892818904436,0.1601947842065566,29
364,9.643556095236885,0.3635620123214649,0.6364379876785351,/wynton/group/sali/vipul/xray/matthew/multixray/sample_bench/out/277_native_5_t1000/2/output_715/pdbs/359.pdb,0.17422404325502,0.1929509474210235,0.668223492214221,4.75950147241626,0.1734657068727931,4.884054622820624,0.331776507785779,0.1414665733372576,12717.708012249595,0.1548276521747469,715
365,9.75892713015907,0.1919294209256458,0.8080705790743542,/wynton/group/sali/vipul/xray/matthew/multixray/sample_bench/out/277_native_5_t1000/2/output_307/pdbs/337.pdb,0.1779367484563732,0.2073141416720212,0.6636440405482975,4.832565373861424,0.1860946839488516,4.926361756297646,0.3363559594517025,0.1338300964954512,12796.071619006045,0.1640307273606494,307
366,9.835520556908392,0.3220277448710231,0.677972255128977,/wynton/group/sali/vipul/xray/matthew/multixray/sample_bench/out/277_native_5_t1000/2/output_93/pdbs/97.pdb,0.1802486185100143,0.202704087457045,0.738980095639343,4.90660996905547,0.2066857729756351,4.928910587852922,0.261019904360657,0.1398814400047678,12412.00958960372,0.1766687660352187,93
367,9.602810181095432,0.6751176600116665,0.3248823399883334,/wynton/group/sali/vipul/xray/matthew/multixray/sample_bench/out/277_native_5_t1000/2/output_137/pdbs/340.pdb,0.1637548728045743,0.1820366819241574,0.3401248947546434,4.758226325587579,0.1720292043026905,4.844583855507853,0.6598751052453565,0.1175719525524289,12718.55809910676,0.1533409929820273,137
368,9.885380242909635,0.3495501058854466,0.6504498941145533,/wynton/group/sali/vipul/xray/matthew/multixray/sample_bench/out/277_native_5_t1000/2/output_158/pdbs/350.pdb,0.1857763888048679,0.2100032263995483,0.2872361032710188,4.945648499498077,0.2138468545160635,4.939731743411558,0.7127638967289812,0.134512829232049,13180.255366605948,0.1853245307485093,158
369,9.732184164346943,0.2265716241965846,0.7734283758034153,/wynton/group/sali/vipul/xray/matthew/multixray/sample_bench/out/277_native_5_t1000/2/output_128/pdbs/355.pdb,0.1695629143361705,0.1887914696088431,0.635462336172235,4.876846508276247,0.1977833262768775,4.855337656070695,0.364537663827765,0.1431767163620154,12736.2147675779,0.1729418912140686,128
370,9.854632741901984,0.0810270899610796,0.9189729100389205,/wynton/group/sali/vipul/xray/matthew/multixray/sample_bench/out/277_native_5_t1000/2/output_186/pdbs/347.pdb,0.171775421180933,0.1992806413967858,0.682550491172944,4.956826719173486,0.2167551389882457,4.897806022728499,0.317449508827056,0.1334512174441258,12674.61362516804,0.1838006961653879,186
371,9.772027415930088,0.686452335282379,0.313547664717621,/wynton/group/sali/vipul/xray/matthew/multixray/sample_bench/out/277_native_5_t1000/2/output_820/pdbs/454.pdb,0.1729312332256403,0.1933604044148804,0.5094363959876238,4.88429164389511,0.195183735687878,4.887735772034978,0.4905636040123762,0.1606983486750157,12785.94754905241,0.1734110927800956,820
372,9.799338608112851,0.3816540046965902,0.6183459953034098,/wynton/group/sali/vipul/xray/matthew/multixray/sample_bench/out/277_native_5_t1000/2/output_483/pdbs/415.pdb,0.1795144542704593,0.196749867192569,0.4685523324655837,4.889314394590184,0.1974807673646235,4.910024213522667,0.5314476675344164,0.149926311131148,12946.057686589922,0.1755644165891944,483
373,9.853889265539312,0.3741576793301411,0.625842320669859,/wynton/group/sali/vipul/xray/matthew/multixray/sample_bench/out/277_native_5_t1000/2/output_370/pdbs/337.pdb,0.1820699399485628,0.199656119232729,0.4093675911726321,4.929972644957285,0.2041709720084956,4.923916620582028,0.5906324088273678,0.1452502369734475,12961.09348397208,0.1806796470267938,370
374,9.871100842524363,0.3381978976958907,0.6618021023041092,/wynton/group/sali/vipul/xray/matthew/multixray/sample_bench/out/277_native_5_t1000/2/output_997/pdbs/445.pdb,0.1926383504695641,0.2171613301714563,0.0803722536283656,4.89742315588673,0.1933115206427627,4.973677686637632,0.9196277463716344,0.1373401685226959,12730.639006159096,0.1768099036748885,997
375,9.760104338490075,0.600819448118924,0.399180551881076,/wynton/group/sali/vipul/xray/matthew/multixray/sample_bench/out/277_native_5_t1000/2/output_287/pdbs/292.pdb,0.1859851451604269,0.212004871384105,0.1080969660792675,4.807203439950822,0.182929847205487,4.952900898539253,0.8919030339207324,0.1238558589141617,12823.28081719234,0.1597511508637477,287
376,9.66920179506534,0.5820771952194392,0.4179228047805607,/wynton/group/sali/vipul/xray/matthew/multixray/sample_bench/out/277_native_5_t1000/2/output_434/pdbs/460.pdb,0.1730979406172486,0.1962634072093712,0.2971921063205205,4.785321054066928,0.1805283687671215,4.883880740998412,0.7028078936794795,0.1196362229421152,12685.739325245366,0.1573331184389693,434
377,9.77660370041764,0.8094914423819919,0.1905085576180081,/wynton/group/sali/vipul/xray/matthew/multixray/sample_bench/out/277_native_5_t1000/2/output_261/pdbs/458.pdb,0.168407337220419,0.1994004614733496,0.5067904689817655,4.90825848371166,0.2063664217954488,4.86834521670598,0.4932095310182346,0.1423537015753742,12946.126676639267,0.1792120133107492,261
378,9.713253028540272,0.3734695959120545,0.6265304040879456,/wynton/group/sali/vipul/xray/matthew/multixray/sample_bench/out/277_native_5_t1000/2/output_898/pdbs/458.pdb,0.1728459346682457,0.1815085997612038,0.4448135869298766,4.834448995950974,0.1860240120714549,4.878804032589299,0.5551864130701233,0.1405033208753058,13018.33463197555,0.1638345564031252,898
379,9.733462813735784,0.4796695163383779,0.520330483661622,/wynton/group/sali/vipul/xray/matthew/multixray/sample_bench/out/277_native_5_t1000/2/output_547/pdbs/483.pdb,0.1816057174133689,0.1917591000926813,0.8096775257888256,4.818410282003947,0.17969953352728,4.915052531731837,0.1903224742111744,0.131002677101044,13191.88916496514,0.161154744044199,547
380,9.74354515686585,0.5123537730425372,0.4876462269574628,/wynton/group/sali/vipul/xray/matthew/multixray/sample_bench/out/277_native_5_t1000/2/output_744/pdbs/444.pdb,0.1781912659989242,0.1981561495026776,0.7518928427910662,4.82646052381176,0.1875348922669635,4.917084633054088,0.2481071572089337,0.1085275941110065,12994.33382781556,0.1629059414821158,744
381,9.790801456210566,0.480191388893278,0.519808611106722,/wynton/group/sali/vipul/xray/matthew/multixray/sample_bench/out/277_native_5_t1000/2/output_507/pdbs/375.pdb,0.1837697763561173,0.2041013038555157,0.813635051248668,4.8551056712430745,0.1908892393332807,4.935695784967491,0.1863649487513319,0.1217091671963019,12973.304123325634,0.1683409767725285,507
382,9.679056366958353,0.8423109669981435,0.1576890330018565,/wynton/group/sali/vipul/xray/matthew/multixray/sample_bench/out/277_native_5_t1000/2/output_239/pdbs/438.pdb,0.1546902372291917,0.1730021212808572,0.333882145981614,4.905092951886208,0.1990261165966542,4.773963415072146,0.666117854018386,0.1748752318471375,12841.036686677346,0.1730029110312339,239
383,9.917915622556908,0.7894971825477324,0.2105028174522676,/wynton/group/sali/vipul/xray/matthew/multixray/sample_bench/out/277_native_5_t1000/2/output_766/pdbs/495.pdb,0.1833904315945572,0.2105446607586687,0.6971141640678392,4.984958606016144,0.2152362830246402,4.932957016540765,0.3028858359321608,0.1398435514162889,13248.79396234412,0.1935098974452871,766
384,9.860499235577702,0.6460955920675707,0.3539044079324293,/wynton/group/sali/vipul/xray/matthew/multixray/sample_bench/out/277_native_5_t1000/2/output_511/pdbs/303.pdb,0.188043096802987,0.2087507691649546,0.8599141427556369,4.909219811516658,0.2039610748628333,4.951279424061044,0.1400858572443629,0.1318466005284704,13032.93837844574,0.1797404884241715,511
385,9.762477849584943,0.8428606670500042,0.1571393329499958,/wynton/group/sali/vipul/xray/matthew/multixray/sample_bench/out/277_native_5_t1000/2/output_212/pdbs/462.pdb,0.1661472736778446,0.186686459176402,0.382653978182035,4.907175485117052,0.2000723249007701,4.855302364467892,0.6173460218179649,0.1359382868428969,12908.55392545343,0.1731333166672373,212
386,9.809813045150415,0.5366386586860981,0.4633613413139019,/wynton/group/sali/vipul/xray/matthew/multixray/sample_bench/out/277_native_5_t1000/2/output_248/pdbs/410.pdb,0.1816389466413514,0.1996298504330686,0.5249317620602534,4.885552340498177,0.196431548769092,4.924260704652238,0.4750682379397467,0.1350232302925656,13130.684552936968,0.1734441120546518,248
387,9.764081962025465,0.4665862147577108,0.5334137852422891,/wynton/group/sali/vipul/xray/matthew/multixray/sample_bench/out/277_native_5_t1000/2/output_61/pdbs/355.pdb,0.1748854559126686,0.1906299430610278,0.5115669817910601,4.8727108657594895,0.1909863483497418,4.891371096265975,0.4884330182089399,0.1594563442841981,12888.051313111897,0.169293473866872,61
388,9.954593788091394,0.2704594389522212,0.7295405610477789,/wynton/group/sali/vipul/xray/matthew/multixray/sample_bench/out/277_native_5_t1000/2/output_336/pdbs/373.pdb,0.1958688112444174,0.2211334887416476,0.119083293987564,4.985485842128022,0.2230651301673737,4.969107945963371,0.880916706012436,0.1443135433947009,13137.308310908693,0.1934963102165517,336
389,9.982814876736036,0.0207077887638761,0.9792922112361238,/wynton/group/sali/vipul/xray/matthew/multixray/sample_bench/out/277_native_5_t1000/2/output_185/pdbs/404.pdb,0.1857368891310749,0.2102894034715277,0.7461869919633565,5.026495809035554,0.2304505985968219,4.956319067700481,0.2538130080366435,0.1497387844662867,12474.120490003912,0.2004002812614947,185
390,9.845749257929462,0.6902639758534883,0.3097360241465116,/wynton/group/sali/vipul/xray/matthew/multixray/sample_bench/out/277_native_5_t1000/2/output_808/pdbs/333.pdb,0.1787840372664111,0.2080949706251302,0.6806841670931127,4.923384824530028,0.2051871465793472,4.922364433399435,0.3193158329068873,0.1299052649298003,13032.122844286589,0.1772189239291474,808
391,9.892841630268784,0.1649494598039819,0.835050540196018,/wynton/group/sali/vipul/xray/matthew/multixray/sample_bench/out/277_native_5_t1000/2/output_377/pdbs/408.pdb,0.182898437631538,0.2052453180836795,0.4110018611628582,4.948367593285268,0.2111259417716356,4.944474036983515,0.5889981388371418,0.1257761370081096,13145.852014644966,0.1866017446288657,377
392,9.688330031522145,0.723920534615923,0.276079465384077,/wynton/group/sali/vipul/xray/matthew/multixray/sample_bench/out/277_native_5_t1000/2/output_67/pdbs/410.pdb,0.1650992695116523,0.1910508774676529,0.3310534033676583,4.846461180777503,0.191541447507078,4.841868850744642,0.6689465966323416,0.1615154597577488,12748.95556421026,0.1666991867854078,67
393,9.662287990936516,0.4232091715530806,0.5767908284469194,/wynton/group/sali/vipul/xray/matthew/multixray/sample_bench/out/277_native_5_t1000/2/output_645/pdbs/400.pdb,0.1599166306485651,0.1821820771897988,0.6478808390136046,4.82897262363242,0.1826485487638672,4.833315367304097,0.3521191609863953,0.126370742480833,12598.974532908484,0.1587718601494119,645
394,9.828000100115279,0.4639535985012692,0.5360464014987307,/wynton/group/sali/vipul/xray/matthew/multixray/sample_bench/out/277_native_5_t1000/2/output_47/pdbs/129.pdb,0.1807433564039491,0.1994072471856378,0.5535767989364491,4.899886277452866,0.1978395139246655,4.9281138226624135,0.4464232010635509,0.1328479200936673,12984.924515337145,0.1741082514488696,47
395,9.871946597554484,0.2224731868704358,0.7775268131295641,/wynton/group/sali/vipul/xray/matthew/multixray/sample_bench/out/277_native_5_t1000/2/output_100/pdbs/324.pdb,0.1921079283288868,0.2176348444594137,0.9381754037267036,4.876942994739174,0.1926015543697434,4.995003602815308,0.0618245962732962,0.1331784468507132,12633.332556959402,0.1734154097704271,100
396,9.682047205592779,0.3123433173160501,0.6876566826839499,/wynton/group/sali/vipul/xray/matthew/multixray/sample_bench/out/277_native_5_t1000/2/output_205/pdbs/423.pdb,0.1662298176570157,0.1894162476476803,0.7114602796980115,4.842742548288335,0.1923051554042896,4.839304657304444,0.2885397203019885,0.1319482559376177,12768.613471343186,0.1660114860969142,205
397,9.836928395583984,0.3808621059802591,0.619137894019741,/wynton/group/sali/vipul/xray/matthew/multixray/sample_bench/out/277_native_5_t1000/2/output_225/pdbs/316.pdb,0.1823850205677739,0.2073997483070947,0.4990876409551684,4.903069990896526,0.2066134552816552,4.933858404687458,0.5009123590448317,0.1835200181071251,13187.807293952836,0.1764461634431519,225
398,9.692945927553659,0.4480301980244595,0.5519698019755406,/wynton/group/sali/vipul/xray/matthew/multixray/sample_bench/out/277_native_5_t1000/2/output_276/pdbs/353.pdb,0.1679329465913449,0.1849181908416438,0.5470744941884357,4.836095661134905,0.1852921345745065,4.856850266418753,0.4529255058115642,0.1224475981834325,13113.134461097496,0.1625386033393451,276
399,9.798344640600611,0.8393396560027536,0.1606603439972463,/wynton/group/sali/vipul/xray/matthew/multixray/sample_bench/out/277_native_5_t1000/2/output_129/pdbs/390.pdb,0.1778740807353547,0.2015737268052903,0.1296846512840059,4.863622539993936,0.1932352758896681,4.934722100606674,0.8703153487159941,0.1330694627496408,12683.3020630211,0.1703178352661126,129
400,9.816380783174129,0.4170091324358809,0.5829908675641191,/wynton/group/sali/vipul/xray/matthew/multixray/sample_bench/out/277_native_5_t1000/2/output_567/pdbs/397.pdb,0.1825495460837224,0.200161105848337,0.1619075421507825,4.887240450355004,0.1952616670505042,4.929140332819125,0.8380924578492176,0.1226364712757533,12757.578927973596,0.1726006584289968,567
401,9.973173494910421,0.7394357104722888,0.2605642895277111,/wynton/group/sali/vipul/xray/matthew/multixray/sample_bench/out/277_native_5_t1000/2/output_214/pdbs/416.pdb,0.1926514306023136,0.2160009198236622,0.8228883555205171,5.002592506794879,0.2183441180629385,4.970580988115542,0.1771116444794829,0.1587407255484749,13055.889597933949,0.1962618564426258,214
402,9.748709423383087,0.1048858335220586,0.8951141664779414,/wynton/group/sali/vipul/xray/matthew/multixray/sample_bench/out/277_native_5_t1000/2/output_640/pdbs/407.pdb,0.1629714089813685,0.1876056723184363,0.6062600857694007,4.909745782184769,0.2051209543618634,4.838963641198316,0.3937399142305994,0.1603728085418635,12453.408888403805,0.1757389436377211,640
403,9.798942474675504,0.4733868728925256,0.5266131271074744,/wynton/group/sali/vipul/xray/matthew/multixray/sample_bench/out/277_native_5_t1000/2/output_243/pdbs/352.pdb,0.1935847109987475,0.2161764176779139,0.949403254190762,4.796601953927107,0.1781672418249125,5.0023405207483975,0.0505967458092381,0.1270074841075467,12669.309665966268,0.1595602840975578,243
404,9.635155438107063,0.5836252884520514,0.4163747115479485,/wynton/group/sali/vipul/xray/matthew/multixray/sample_bench/out/277_native_5_t1000/2/output_325/pdbs/227.pdb,0.1693174234585718,0.1885907985076281,0.3468098048689969,4.768858501187231,0.1753641240558443,4.866296936919831,0.6531901951310032,0.123254622826912,12682.208386071072,0.1536686913999023,325
405,9.875084810266657,0.6458524471471361,0.3541475528528639,/wynton/group/sali/vipul/xray/matthew/multixray/sample_bench/out/277_native_5_t1000/2/output_143/pdbs/423.pdb,0.2006945111247045,0.229341168972742,0.0109313336707536,4.837188620715414,0.1873173906117126,5.037896189551243,0.9890686663292464,0.1397187154538556,12723.996551005388,0.1653197727540957,143
406,9.64495260164069,0.6755843054304993,0.3244156945695007,/wynton/group/sali/vipul/xray/matthew/multixray/sample_bench/out/277_native_5_t1000/2/output_284/pdbs/355.pdb,0.1725128444809358,0.2006428461614418,0.2039102793802905,4.759135820565087,0.1728031410732037,4.885816781075603,0.7960897206197095,0.1291066188774481,12453.733221529932,0.1546171952185012,284
407,9.897950544065443,0.8999793413117578,0.1000206586882422,/wynton/group/sali/vipul/xray/matthew/multixray/sample_bench/out/277_native_5_t1000/2/output_299/pdbs/357.pdb,0.1757308683609391,0.1993288850093985,0.1639142101419159,5.006556919909997,0.2220905846453176,4.891393624155446,0.836085789858084,0.1383560543904936,12740.987138086468,0.1916997057818693,299
408,9.808104076036516,0.3899396654274552,0.6100603345725448,/wynton/group/sali/vipul/xray/matthew/multixray/sample_bench/out/277_native_5_t1000/2/output_96/pdbs/315.pdb,0.18270397719373,0.202388851085146,0.4638416411266342,4.883835197803488,0.1962475268386944,4.924268878233028,0.5361583588733659,0.1437315830264959,13199.038324402853,0.1772348710551738,96
409,9.775303078815716,0.3482197706882132,0.6517802293117869,/wynton/group/sali/vipul/xray/matthew/multixray/sample_bench/out/277_native_5_t1000/2/output_160/pdbs/384.pdb,0.1854418746374961,0.2143883677420084,0.9114185798077068,4.819532513927324,0.1852359518371313,4.955770564888391,0.0885814201922931,0.1222871842864236,12653.20167071428,0.1657214400076613,160
410,9.800223998057835,0.4156876575090981,0.5843123424909019,/wynton/group/sali/vipul/xray/matthew/multixray/sample_bench/out/277_native_5_t1000/2/output_924/pdbs/402.pdb,0.1871803824728273,0.2085584929250562,0.245595170915802,4.866171861834129,0.1916002090367057,4.934052136223705,0.7544048290841978,0.1406217128587115,12839.57936495203,0.1729989414173474,924
411,9.692815982466831,0.4070599243564608,0.5929400756435391,/wynton/group/sali/vipul/xray/matthew/multixray/sample_bench/out/277_native_5_t1000/2/output_570/pdbs/404.pdb,0.1670210610528275,0.1895214605330114,0.7004772379639486,4.843025766899772,0.1941040474021431,4.849790215567059,0.2995227620360514,0.1171716898292928,12903.535515701677,0.1667013514965934,570
412,9.707017563152256,0.332354006285137,0.667645993714863,/wynton/group/sali/vipul/xray/matthew/multixray/sample_bench/out/277_native_5_t1000/2/output_240/pdbs/344.pdb,0.1789997853554838,0.1936069168732297,0.7861646793125978,4.796122962346975,0.1741804482490545,4.910894600805281,0.2138353206874022,0.1190232409234418,12655.203114843318,0.1599514683497917,240
413,9.876889414633212,0.035691655294324,0.964308344705676,/wynton/group/sali/vipul/xray/matthew/multixray/sample_bench/out/277_native_5_t1000/2/output_151/pdbs/285.pdb,0.1661970654568948,0.1912859593882636,0.5130760426909059,5.032590273410433,0.2326491963317991,4.84429914122278,0.4869239573090941,0.16885664232768,12799.237103230776,0.2007888219962155,151
414,9.839496700444826,0.9132121615278868,0.086787838472113,/wynton/group/sali/vipul/xray/matthew/multixray/sample_bench/out/277_native_5_t1000/2/output_806/pdbs/428.pdb,0.1751578216304344,0.1989576896630604,0.4946493147982249,4.9501365643716335,0.2109278919393696,4.889360136073193,0.5053506852017751,0.1538719071646976,12661.105620202236,0.1873894075781875,806
415,9.814314488127572,0.1268723281497595,0.8731276718502403,/wynton/group/sali/vipul/xray/matthew/multixray/sample_bench/out/277_native_5_t1000/2/output_110/pdbs/458.pdb,0.1687231986710739,0.1900165979313268,0.4383714954527278,4.952616253074329,0.2169816601136099,4.861698235053243,0.5616285045472722,0.1542946793711014,12555.023485446703,0.1848011549286976,110
416,9.955131350090262,0.9412116292432476,0.0587883707567525,/wynton/group/sali/vipul/xray/matthew/multixray/sample_bench/out/277_native_5_t1000/2/output_740/pdbs/374.pdb,0.1849310937642228,0.2209699630439775,0.125990649596722,4.981192799309516,0.2206604034867264,4.973938550780745,0.8740093504032779,0.1456377321251987,12670.790181612194,0.1902845652859786,740
417,9.847873353367309,0.4269333116535936,0.5730666883464064,/wynton/group/sali/vipul/xray/matthew/multixray/sample_bench/out/277_native_5_t1000/2/output_812/pdbs/224.pdb,0.1931980139081888,0.2177446330736633,0.9501344089508068,4.849929490015424,0.1829341293223043,4.997943863351885,0.049865591049193,0.1472931415287029,12494.416149641218,0.1691853270206854,812
418,9.783069288204734,0.5230720026146931,0.476927997385307,/wynton/group/sali/vipul/xray/matthew/multixray/sample_bench/out/277_native_5_t1000/2/output_693/pdbs/418.pdb,0.178787653684514,0.1980159032136272,0.5350809341076702,4.877300720879436,0.1962831260504015,4.905768567325298,0.4649190658923298,0.1230795411397253,12955.918170191964,0.1728104442476407,693
419,9.800378028114277,0.1953148851980759,0.8046851148019241,/wynton/group/sali/vipul/xray/matthew/multixray/sample_bench/out/277_native_5_t1000/2/output_369/pdbs/368.pdb,0.1729301104060374,0.2013107411096064,0.5290060912261372,4.913185265139012,0.2099170676572714,4.887192762975265,0.4709939087738627,0.1379382327120259,12788.778375747184,0.1804367894828336,369
420,9.782284168522988,0.3793227980656299,0.62067720193437,/wynton/group/sali/vipul/xray/matthew/multixray/sample_bench/out/277_native_5_t1000/2/output_854/pdbs/448.pdb,0.174871336027073,0.1944340881207171,0.471161194045349,4.885015427937356,0.1927587233231289,4.897268740585632,0.5288388059546509,0.1652655100244208,13164.956585498634,0.1712672552819209,854
421,9.855944718430726,0.5634156751014733,0.4365843248985268,/wynton/group/sali/vipul/xray/matthew/multixray/sample_bench/out/277_native_5_t1000/2/output_712/pdbs/454.pdb,0.1971303086340901,0.2157313259280288,0.93943044830403,4.843767448643844,0.1833283853234354,5.012177269786882,0.0605695516959701,0.1322689576572069,12975.063690648856,0.1674575209808515,712
422,9.88037965683986,0.2863293129498426,0.7136706870501575,/wynton/group/sali/vipul/xray/matthew/multixray/sample_bench/out/277_native_5_t1000/2/output_119/pdbs/189.pdb,0.1891924944077894,0.2163174419006845,0.4356668220456439,4.928850124980317,0.2124723905092283,4.951529531859542,0.5643331779543561,0.1555886970064246,12958.078421934426,0.1830982458932999,119
423,9.735041125730636,0.5808605570070039,0.4191394429929961,/wynton/group/sali/vipul/xray/matthew/multixray/sample_bench/out/277_native_5_t1000/2/output_314/pdbs/351.pdb,0.1806237677554376,0.2069848894247015,0.1037753454913008,4.795998797485751,0.1779332359981786,4.939042328244883,0.8962246545086991,0.1334532903364172,12677.708568165446,0.1580633700776977,314
424,9.812369057448532,0.5127776674148676,0.4872223325851323,/wynton/group/sali/vipul/xray/matthew/multixray/sample_bench/out/277_native_5_t1000/2/output_346/pdbs/393.pdb,0.1812213280349568,0.199885551183183,0.5247821566919121,4.887754472739655,0.1946056756411391,4.924614584708878,0.475217843308088,0.1335110866367043,12845.2046174334,0.1730810682676046,346
425,9.727854228548468,0.7907073355725966,0.2092926644274034,/wynton/group/sali/vipul/xray/matthew/multixray/sample_bench/out/277_native_5_t1000/2/output_329/pdbs/343.pdb,0.1630357363367705,0.1845137412827515,0.2885536571351679,4.886250093980271,0.1931501030241652,4.841604134568197,0.711446342864832,0.1248833720030865,12693.356306034646,0.1706769525837511,329
426,9.747575799407064,0.3357573927848452,0.6642426072151548,/wynton/group/sali/vipul/xray/matthew/multixray/sample_bench/out/277_native_5_t1000/2/output_228/pdbs/331.pdb,0.1749351981896113,0.1970568129979778,0.7740816830912172,4.845241241641242,0.1844099092142481,4.902334557765823,0.2259183169087829,0.1439518056439728,13079.308138319298,0.1675025462199587,228
427,9.745572095348896,0.588786488320795,0.4112135116792049,/wynton/group/sali/vipul/xray/matthew/multixray/sample_bench/out/277_native_5_t1000/2/output_569/pdbs/337.pdb,0.1724912810114706,0.200893195019847,0.1197880701744283,4.856498366819372,0.1945610721743068,4.889073728529524,0.8802119298255716,0.127734505324138,12910.429859180018,0.1662179475985166,569
428,9.951788311964059,0.9392663344502964,0.0607336655497035,/wynton/group/sali/vipul/xray/matthew/multixray/sample_bench/out/277_native_5_t1000/2/output_847/pdbs/422.pdb,0.192682516985392,0.2182567210429554,0.1794161482777888,4.972264228994,0.2215697621783871,4.979524082970058,0.8205838517222112,0.1367206021343826,12662.139550873697,0.1872346045852582,847
429,9.817790415960918,0.1177492315671201,0.8822507684328799,/wynton/group/sali/vipul/xray/matthew/multixray/sample_bench/out/277_native_5_t1000/2/output_26/pdbs/422.pdb,0.172384269603074,0.1964270214978443,0.5832178310457523,4.938324624634549,0.2122726048971709,4.8794657913263695,0.4167821689542477,0.1489346789862555,12865.97223236005,0.1817949880004065,26
430,9.753058588131491,0.6381675497614478,0.3618324502385521,/wynton/group/sali/vipul/xray/matthew/multixray/sample_bench/out/277_native_5_t1000/2/output_254/pdbs/360.pdb,0.1854201361546343,0.2127720741437104,0.104805468022754,4.800017996084035,0.1815561204825151,4.953040592047455,0.895194531977246,0.1230667684930665,12702.231131965433,0.1633490551414122,254
431,9.83477198842322,0.5637654679801274,0.4362345320198725,/wynton/group/sali/vipul/xray/matthew/multixray/sample_bench/out/277_native_5_t1000/2/output_140/pdbs/413.pdb,0.1922215953094666,0.2179864812687501,0.8749813301060779,4.865468746691468,0.1919895083907871,4.969303241731753,0.125018669893922,0.1201993793397787,12881.337381025383,0.1704457735957999,140
432,9.846222253344582,0.545235859824212,0.4547641401757881,/wynton/group/sali/vipul/xray/matthew/multixray/sample_bench/out/277_native_5_t1000/2/output_174/pdbs/300.pdb,0.1999645705933832,0.2215394542511454,0.0106281025578358,4.828943772747891,0.1858789219055299,5.017278480596691,0.989371897442164,0.1245292102875971,12845.53687774168,0.1641104359985636,174
433,9.80843801375958,0.5861556605713417,0.4138443394286583,/wynton/group/sali/vipul/xray/matthew/multixray/sample_bench/out/277_native_5_t1000/2/output_250/pdbs/336.pdb,0.1821182393833813,0.2045017002847184,0.4797027195693377,4.874798767272944,0.1966055815478048,4.933639246486638,0.5202972804306624,0.158345068029434,13128.867374931378,0.1703986142079729,250
434,9.836549793419191,0.4639641516775202,0.5360358483224797,/wynton/group/sali/vipul/xray/matthew/multixray/sample_bench/out/277_native_5_t1000/2/output_30/pdbs/349.pdb,0.1914100339299365,0.2171140207538766,0.9176567166208742,4.850983089427554,0.1920626604035783,4.985566703991637,0.0823432833791258,0.1488525635985277,12925.803795821555,0.1674279193753226,30
435,9.892556928303943,0.9731920078438308,0.0268079921561692,/wynton/group/sali/vipul/xray/matthew/multixray/sample_bench/out/277_native_5_t1000/2/output_334/pdbs/227.pdb,0.1685063200196088,0.1903977293931675,0.3012917223729062,5.018768719373858,0.2224276245818825,4.873788208930086,0.6987082776270938,0.1375026877530628,12636.269462891854,0.1969454225876498,334
436,9.89059054029492,0.2163721364346398,0.7836278635653601,/wynton/group/sali/vipul/xray/matthew/multixray/sample_bench/out/277_native_5_t1000/2/output_409/pdbs/423.pdb,0.1839673433715073,0.2056323639424814,0.3726842450245523,4.952878322411944,0.2133779842013413,4.937712217882975,0.6273157549754477,0.1270724088074009,13052.736878741856,0.1884011521129311,409
437,9.805120753338187,0.9169877633848836,0.0830122366151163,/wynton/group/sali/vipul/xray/matthew/multixray/sample_bench/out/277_native_5_t1000/2/output_492/pdbs/349.pdb,0.1652761673086729,0.1863121678271835,0.3293534758617694,4.97444358123237,0.2137990223086454,4.830677172105816,0.6706465241382306,0.1335420199654853,12663.173488202305,0.1890432276426177,492
438,9.73676534058272,0.5311253239365697,0.4688746760634303,/wynton/group/sali/vipul/xray/matthew/multixray/sample_bench/out/277_native_5_t1000/2/output_90/pdbs/447.pdb,0.1737151077303235,0.1914190460638524,0.3396963814223333,4.8570279345744805,0.1927520781120948,4.879737406008239,0.6603036185776667,0.1302876520977904,13010.51687416762,0.169077394052143,90
439,9.63660704621517,0.7024997091706899,0.29750029082931,/wynton/group/sali/vipul/xray/matthew/multixray/sample_bench/out/277_native_5_t1000/2/output_125/pdbs/451.pdb,0.1608006571864711,0.1837445820022932,0.3427066684328862,4.815891759438014,0.1835729545598234,4.820715286777156,0.6572933315671138,0.1137066317963798,12880.636980748492,0.1589282727152959,125
440,9.698521196429626,0.2879660348406554,0.7120339651593446,/wynton/group/sali/vipul/xray/matthew/multixray/sample_bench/out/277_native_5_t1000/2/output_551/pdbs/429.pdb,0.1711714630014969,0.1984868931785556,0.5968454248671736,4.826488657559731,0.1910647391151876,4.872032538869894,0.4031545751328264,0.2026231581927725,13181.5580926967,0.1630604508280136,551
441,10.047786366420077,0.0510449447371653,0.9489550552628346,/wynton/group/sali/vipul/xray/matthew/multixray/sample_bench/out/277_native_5_t1000/2/output_798/pdbs/387.pdb,0.1983326481862553,0.2228462184891804,0.2290409098798109,5.057906702620228,0.2405156846451128,4.98987966379985,0.770959090120189,0.1506425993980462,12958.040323422609,0.210690350094474,798
442,9.756569941970328,0.5005658569270406,0.4994341430729594,/wynton/group/sali/vipul/xray/matthew/multixray/sample_bench/out/277_native_5_t1000/2/output_202/pdbs/426.pdb,0.1740761956177426,0.1944142639010869,0.6198534582589041,4.861514010834942,0.1925527718987671,4.895055931135386,0.3801465417410959,0.1445881851124474,13198.630750350609,0.1690878522635262,202
443,9.76799816453932,0.5299997845070015,0.4700002154929986,/wynton/group/sali/vipul/xray/matthew/multixray/sample_bench/out/277_native_5_t1000/2/output_579/pdbs/301.pdb,0.1787534365669534,0.2053883527934754,0.7882594642800206,4.84869917222225,0.1852838834897958,4.91929899231707,0.2117405357199794,0.1144982907660778,12820.758088917006,0.1673369445278472,579
444,9.813595554227753,0.6215493923107023,0.3784506076892977,/wynton/group/sali/vipul/xray/matthew/multixray/sample_bench/out/277_native_5_t1000/2/output_415/pdbs/377.pdb,0.1813835181027669,0.1968443620949233,0.627378227897221,4.88870692951484,0.1919631712878169,4.924888624712912,0.372621772102779,0.1375860167586571,12766.596244731712,0.173681544296586,415
445,9.751280040247112,0.548036828410695,0.4519631715893049,/wynton/group/sali/vipul/xray/matthew/multixray/sample_bench/out/277_native_5_t1000/2/output_171/pdbs/315.pdb,0.1818785979266048,0.2032105721574913,0.7325007017997965,4.827177674830094,0.1827659535200414,4.924102365417018,0.2674992982002034,0.121880115015326,12803.747897448644,0.1634407571206943,171
446,9.667722823467116,0.3635843125557725,0.6364156874442275,/wynton/group/sali/vipul/xray/matthew/multixray/sample_bench/out/277_native_5_t1000/2/output_139/pdbs/365.pdb,0.1675949451110238,0.1913953809966477,0.7607887129529468,4.8055162554610105,0.1808285565169461,4.862206568006105,0.2392112870470532,0.1224204347301758,12714.83120420638,0.159570695264073,139
447,9.96460643746196,0.7956707245300858,0.2043292754699142,/wynton/group/sali/vipul/xray/matthew/multixray/sample_bench/out/277_native_5_t1000/2/output_159/pdbs/251.pdb,0.2039768873477213,0.2312904988326569,0.0047247487860681,4.910561066242979,0.207440538763606,5.05404537121898,0.995275251213932,0.1361778413939066,12502.2902239503,0.1781274684228326,159
448,9.839569116795577,0.0639295165558494,0.9360704834441506,/wynton/group/sali/vipul/xray/matthew/multixray/sample_bench/out/277_native_5_t1000/2/output_472/pdbs/302.pdb,0.1615602300617005,0.1890728952542198,0.5250568179864327,5.002479400112161,0.2234476700660383,4.837089716683415,0.4749431820135673,0.1356424479533462,12785.365234919484,0.192785436789568,472
449,9.700088228537702,0.6823170551660052,0.3176829448339948,/wynton/group/sali/vipul/xray/matthew/multixray/sample_bench/out/277_native_5_t1000/2/output_398/pdbs/445.pdb,0.166176024691264,0.1814583076136063,0.2124766621855035,4.873520427090624,0.1879550639571583,4.826567801447078,0.7875233378144965,0.1142517017094576,12705.00789567499,0.1725260120168842,398
450,9.997513901871448,0.2381910150367024,0.7618089849632975,/wynton/group/sali/vipul/xray/matthew/multixray/sample_bench/out/277_native_5_t1000/2/output_851/pdbs/422.pdb,0.2055525363255952,0.2231195080866283,0.0230368076448859,4.9804266411511575,0.2183600170862659,5.017087260720291,0.976963192355114,0.1415452967527922,13079.864352272887,0.1938230155726151,851
451,9.868716002561257,0.0010392082437182,0.9989607917562818,/wynton/group/sali/vipul/xray/matthew/multixray/sample_bench/out/277_native_5_t1000/2/output_273/pdbs/367.pdb,0.1628201139460845,0.1845125873021281,0.7274012960000736,5.035759848150381,0.2304985783146983,4.8329561544108754,0.2725987039999264,0.1290789340448987,12600.70049871947,0.1974011829074851,273
452,9.695111681417423,0.4356127138564857,0.5643872861435143,/wynton/group/sali/vipul/xray/matthew/multixray/sample_bench/out/277_native_5_t1000/2/output_200/pdbs/353.pdb,0.167180047590946,0.190946129823977,0.672520425686367,4.839297070105135,0.1898355592884497,4.855814611312287,0.3274795743136329,0.1113975466023526,12862.844711454987,0.1643295379686509,200
453,9.774566476123448,0.9039637481414264,0.0960362518585736,/wynton/group/sali/vipul/xray/matthew/multixray/sample_bench/out/277_native_5_t1000/2/output_352/pdbs/386.pdb,0.1606935282941612,0.1744940812161831,0.4140137599397179,4.965326383972335,0.2175336328770697,4.809240092151113,0.5859862400602821,0.1381593759585544,12530.095731966245,0.1847330385808645,352
454,9.943421100055971,0.7177302333395172,0.2822697666604828,/wynton/group/sali/vipul/xray/matthew/multixray/sample_bench/out/277_native_5_t1000/2/output_282/pdbs/338.pdb,0.1982739947953983,0.2228206230360475,0.9188122624335132,4.949369897930478,0.2108292040417057,4.994051202125493,0.0811877375664866,0.1437884753248751,12904.773060963484,0.1863812179677428,282
455,9.59859061742877,0.7368138449027313,0.2631861550972688,/wynton/group/sali/vipul/xray/matthew/multixray/sample_bench/out/277_native_5_t1000/2/output_953/pdbs/424.pdb,0.1577239630166628,0.180241081101894,0.2772099683401959,4.788238729491202,0.1768327309028988,4.810351887937566,0.722790031659804,0.1169756449771952,12581.272518764548,0.1562437708802709,953
456,9.786535163752148,0.5083291224471849,0.4916708775528152,/wynton/group/sali/vipul/xray/matthew/multixray/sample_bench/out/277_native_5_t1000/2/output_73/pdbs/320.pdb,0.1767103453343053,0.1971960568544476,0.6532997905412034,4.882892470690639,0.1905992351647224,4.90364269306151,0.3467002094587966,0.1216118240167014,13072.074891751665,0.1741830473288693,73
457,9.716032816076204,0.739126749097774,0.2608732509022259,/wynton/group/sali/vipul/xray/matthew/multixray/sample_bench/out/277_native_5_t1000/2/output_641/pdbs/402.pdb,0.1654559420412109,0.1848038704106323,0.5484060906250686,4.86257637589825,0.1877227566451016,4.853456440177953,0.4515939093749314,0.1750176929018265,13076.126190372672,0.1678944267042571,641
458,10.043129170116202,0.0379993102838638,0.9620006897161362,/wynton/group/sali/vipul/xray/matthew/multixray/sample_bench/out/277_native_5_t1000/2/output_270/pdbs/307.pdb,0.2009482899431543,0.227531864860988,0.9511763275437124,5.002659189334437,0.2252966653590109,5.040469980781764,0.0488236724562877,0.1533125843880631,12425.328678515458,0.1951983737363757,270
459,9.759533474587844,0.8129790685311883,0.1870209314688117,/wynton/group/sali/vipul/xray/matthew/multixray/sample_bench/out/277_native_5_t1000/2/output_389/pdbs/387.pdb,0.1698087198318119,0.189565963295812,0.1158813190882906,4.876382174299983,0.1917803314507183,4.883151300287861,0.8841186809117093,0.1265733755747059,12680.656299757817,0.1673754235708718,389
460,9.602276844253431,0.7372092691527542,0.2627907308472457,/wynton/group/sali/vipul/xray/matthew/multixray/sample_bench/out/277_native_5_t1000/2/output_272/pdbs/409.pdb,0.1493996816376644,0.1665706444207317,0.3835466853782802,4.856794056870686,0.1929871251751131,4.745482787382746,0.6164533146217198,0.1498990385066507,12756.088669715144,0.1658804728308634,272
461,9.801016300617263,0.4048025092075578,0.5951974907924422,/wynton/group/sali/vipul/xray/matthew/multixray/sample_bench/out/277_native_5_t1000/2/output_573/pdbs/358.pdb,0.1948637632395395,0.2234654780920005,0.0121422525250009,4.795120233920609,0.1765065540051374,5.005896066696655,0.9878577474749992,0.1184097465051558,13003.247964684702,0.1577586475781517,573
462,9.750567217769122,0.5911088114977575,0.4088911885022424,/wynton/group/sali/vipul/xray/matthew/multixray/sample_bench/out/277_native_5_t1000/2/output_98/pdbs/447.pdb,0.1804199487928011,0.2098106720890291,0.1649533735421887,4.825862045340576,0.1895561974540298,4.924705172428546,0.8350466264578114,0.1217181185702392,12749.12265312647,0.1624852260282303,98
463,9.712208507654761,0.5826224012213479,0.4173775987786521,/wynton/group/sali/vipul/xray/matthew/multixray/sample_bench/out/277_native_5_t1000/2/output_210/pdbs/358.pdb,0.1806765462527132,0.2080315670169534,0.1165750197016934,4.771121571509147,0.1743580739678445,4.941086936145616,0.8834249802983065,0.1269619580999779,12751.003194237808,0.1504041043401666,210
464,9.966841565799449,0.0240183156686188,0.9759816843313812,/wynton/group/sali/vipul/xray/matthew/multixray/sample_bench/out/277_native_5_t1000/2/output_37/pdbs/378.pdb,0.182646084432069,0.204364037777649,0.7946563751756908,5.021752113629578,0.2255911731951677,4.945089452169871,0.2053436248243092,0.1397707535766388,12574.375206606612,0.1960873497622859,37
465,9.904789717514143,0.1137739460373579,0.886226053962642,/wynton/group/sali/vipul/xray/matthew/multixray/sample_bench/out/277_native_5_t1000/2/output_91/pdbs/347.pdb,0.1820284146847433,0.2048770650591984,0.3631482208793686,4.970538215931204,0.2201486309823004,4.934251501582939,0.6368517791206314,0.1457263481842378,13007.52002917952,0.1896466615322216,91
466,9.775021419596516,0.506504033274489,0.493495966725511,/wynton/group/sali/vipul/xray/matthew/multixray/sample_bench/out/277_native_5_t1000/2/output_168/pdbs/359.pdb,0.1771937967863796,0.1979443013824315,0.3324999047154379,4.878573475708745,0.1959689174955596,4.896447943887771,0.667500095284562,0.139840729481671,12809.675528762857,0.1724467826582068,168
467,9.718597939410477,0.6235012170125029,0.376498782987497,/wynton/group/sali/vipul/xray/matthew/multixray/sample_bench/out/277_native_5_t1000/2/output_574/pdbs/431.pdb,0.1713104524782274,0.1901948332354216,0.4565667299794188,4.849705111011509,0.1871994090182681,4.868892828398969,0.5434332700205813,0.1515122011699628,13042.262512431773,0.1682618242762846,574
468,9.711128728951492,0.6819086263031966,0.3180913736968033,/wynton/group/sali/vipul/xray/matthew/multixray/sample_bench/out/277_native_5_t1000/2/output_638/pdbs/400.pdb,0.1703728465180389,0.1894500381609893,0.5515932239501199,4.836208918302905,0.1878935057261889,4.874919810648587,0.4484067760498802,0.1545034577590872,13060.64860566951,0.1649956352097189,638
469,9.707252527193251,0.2413007689149538,0.7586992310850462,/wynton/group/sali/vipul/xray/matthew/multixray/sample_bench/out/277_native_5_t1000/2/output_87/pdbs/395.pdb,0.1714941939961476,0.1868135528387723,0.5631709479304852,4.833515405141781,0.1912928084814451,4.873737122051471,0.4368290520695149,0.1399726230397533,12735.415842561732,0.1681272896292616,87
470,9.698657555234652,0.5174584842911187,0.4825415157088812,/wynton/group/sali/vipul/xray/matthew/multixray/sample_bench/out/277_native_5_t1000/2/output_197/pdbs/430.pdb,0.1655552052646457,0.1792268162503087,0.4884296131711848,4.843104035686115,0.1842587189458396,4.855553519548537,0.5115703868288152,0.1202825696501724,12957.953182839992,0.1647675397467883,197
471,9.772830721085356,0.2523137779196551,0.7476862220803449,/wynton/group/sali/vipul/xray/matthew/multixray/sample_bench/out/277_native_5_t1000/2/output_749/pdbs/356.pdb,0.1707685174582943,0.1960476611906906,0.424515717627833,4.896400776623519,0.1966863734363455,4.8764299444618375,0.5754842823721671,0.1360617277494844,12861.420880178364,0.1744691455489803,749
472,9.702392476267477,0.6496583235937441,0.3503416764062559,/wynton/group/sali/vipul/xray/matthew/multixray/sample_bench/out/277_native_5_t1000/2/output_891/pdbs/406.pdb,0.1768441513002705,0.2018704699855265,0.2282925536168903,4.786680339612761,0.1768646182645991,4.915712136654717,0.7717074463831096,0.1209277134534279,12891.514130748346,0.1599726526829362,891
473,9.903743044802487,0.9907663851677256,0.0092336148322744,/wynton/group/sali/vipul/xray/matthew/multixray/sample_bench/out/277_native_5_t1000/2/output_124/pdbs/354.pdb,0.1696069534761984,0.1871807192008627,0.5475173863202654,5.048466826960273,0.2356412115498304,4.855276217842214,0.4524826136797346,0.1351720056151789,12720.024904024673,0.2022385224470174,124
474,9.86535899344413,0.0340635556802968,0.9659364443197032,/wynton/group/sali/vipul/xray/matthew/multixray/sample_bench/out/277_native_5_t1000/2/output_407/pdbs/277.pdb,0.1694720459752259,0.1911916036250782,0.5537393329649464,5.006463264523092,0.2275896191846517,4.858895728921036,0.4462606670350536,0.1503214593197381,12881.552810482031,0.1931949468985186,407
475,9.73911309253695,0.3023634527662369,0.6976365472337631,/wynton/group/sali/vipul/xray/matthew/multixray/sample_bench/out/277_native_5_t1000/2/output_827/pdbs/422.pdb,0.1732254835343726,0.1998291617642273,0.4745241520599895,4.839625145202724,0.1855922867102035,4.899487947334225,0.5254758479400106,0.139565408915747,12992.113221957688,0.1627064807793577,827
476,10.024404416124593,0.9546633834589252,0.0453366165410748,/wynton/group/sali/vipul/xray/matthew/multixray/sample_bench/out/277_native_5_t1000/2/output_502/pdbs/436.pdb,0.1970141870546926,0.2132230707392467,0.0287335882796505,5.009103369389056,0.2250362887427218,5.015301046735536,0.9712664117203494,0.1528648656650511,12424.03917974098,0.1940545483841978,502
477,9.683707748604139,0.5152804902613246,0.4847195097386754,/wynton/group/sali/vipul/xray/matthew/multixray/sample_bench/out/277_native_5_t1000/2/output_890/pdbs/358.pdb,0.1692744481513133,0.1848613847967755,0.3941563958290279,4.817025837323524,0.1802117164768499,4.866681911280614,0.6058436041709722,0.135428972357253,13024.106734706118,0.1613970305302966,890
478,9.764946205738052,0.564072421056173,0.4359275789438271,/wynton/group/sali/vipul/xray/matthew/multixray/sample_bench/out/277_native_5_t1000/2/output_584/pdbs/429.pdb,0.1758127034170521,0.1930513662798657,0.5169074766113927,4.871005021229655,0.1944456209649359,4.893941184508397,0.4830925233886073,0.1260300201410156,13142.379711112932,0.1688922909376826,584
479,9.739727278602167,0.4934231379595699,0.5065768620404301,/wynton/group/sali/vipul/xray/matthew/multixray/sample_bench/out/277_native_5_t1000/2/output_691/pdbs/443.pdb,0.1840801463521924,0.2022520212911843,0.1449073135821217,4.793615193990542,0.1762673385595261,4.946112084611625,0.8550926864178783,0.1225297223670936,12870.250123399386,0.157500246390277,691
480,9.996009407544179,0.769753782244543,0.2302462177554569,/wynton/group/sali/vipul/xray/matthew/multixray/sample_bench/out/277_native_5_t1000/2/output_365/pdbs/336.pdb,0.1938390826449947,0.210752411870545,0.7896004273384082,5.022674158622178,0.2295126141514119,4.973335248922,0.2103995726615919,0.1380182395085686,13038.875083925095,0.2033146350004022,365
481,10.083334411695379,0.1984139078162172,0.8015860921837827,/wynton/group/sali/vipul/xray/matthew/multixray/sample_bench/out/277_native_5_t1000/2/output_74/pdbs/123.pdb,0.2049125702529428,0.2291911580549538,0.1226958559410139,5.065514847092484,0.2360253482567511,5.017819564602895,0.877304144058986,0.1628854603424168,12779.310644787089,0.2130234795128836,74
482,9.8950300229629,0.6729076810675972,0.3270923189324027,/wynton/group/sali/vipul/xray/matthew/multixray/sample_bench/out/277_native_5_t1000/2/output_24/pdbs/433.pdb,0.1929723367230312,0.2145853488204636,0.9168484672088224,4.918673576249999,0.2026153827973325,4.9763564467129,0.0831515327911775,0.1374849975420462,13072.395871753992,0.1787528787862827,24
483,9.741619592996937,0.8299477786205749,0.1700522213794251,/wynton/group/sali/vipul/xray/matthew/multixray/sample_bench/out/277_native_5_t1000/2/output_59/pdbs/358.pdb,0.1609251844298063,0.1798965887812626,0.4346914397449816,4.929915357065743,0.2070843964500738,4.811704235931195,0.5653085602550184,0.14235907196305,12857.589648776824,0.1781541649415328,59
484,9.752110225052661,0.282819423860391,0.7171805761396091,/wynton/group/sali/vipul/xray/matthew/multixray/sample_bench/out/277_native_5_t1000/2/output_315/pdbs/343.pdb,0.1721628855238056,0.1851243301357621,0.5379785374591318,4.882725379359962,0.1923745304285429,4.869384845692698,0.4620214625408682,0.1651675002047793,12914.742967421247,0.1726606468188273,315
485,9.742410368415602,0.3775963643512917,0.6224036356487083,/wynton/group/sali/vipul/xray/matthew/multixray/sample_bench/out/277_native_5_t1000/2/output_500/pdbs/403.pdb,0.1702092544130216,0.1969120120219062,0.4969793673821014,4.870239302765229,0.1950170951891189,4.872171065650373,0.5030206326178985,0.1708107696392018,12848.342400588035,0.170585289697524,500
486,9.817470717536011,0.6363529836689987,0.3636470163310013,/wynton/group/sali/vipul/xray/matthew/multixray/sample_bench/out/277_native_5_t1000/2/output_807/pdbs/451.pdb,0.1795559637770262,0.2034545632118859,0.5364533937283869,4.896614548916309,0.205026987366487,4.920856168619702,0.4635466062716131,0.1370795844695835,13048.987637379809,0.1741937129078959,807
487,9.953385040762445,0.2834571770266313,0.7165428229733687,/wynton/group/sali/vipul/xray/matthew/multixray/sample_bench/out/277_native_5_t1000/2/output_350/pdbs/325.pdb,0.2025980075130115,0.2293627451919273,0.0296268551690528,4.924423232879135,0.2026808907678827,5.028961807883309,0.9703731448309472,0.156220096694878,12914.60487728381,0.180627489882372,350
488,10.123388814663754,0.0538247692979974,0.9461752307020026,/wynton/group/sali/vipul/xray/matthew/multixray/sample_bench/out/277_native_5_t1000/2/output_949/pdbs/323.pdb,0.2100809413306206,0.2304682525597931,0.1709835572597022,5.101130737750512,0.2446789583171765,5.022258076913242,0.8290164427402977,0.1587269233983952,13114.30608324438,0.2266260968685746,949
489,10.080330301243762,0.8313710777351822,0.1686289222648178,/wynton/group/sali/vipul/xray/matthew/multixray/sample_bench/out/277_native_5_t1000/2/output_998/pdbs/274.pdb,0.2093571657474636,0.2307784280939999,0.8970017277602846,5.047848125847895,0.2362164818906749,5.032482175395867,0.1029982722397153,0.1585544957516619,13001.606105067274,0.209464739610628,998
490,9.817690856891694,0.8569655095434171,0.1430344904565828,/wynton/group/sali/vipul/xray/matthew/multixray/sample_bench/out/277_native_5_t1000/2/output_383/pdbs/378.pdb,0.1693083171772474,0.1918038734101889,0.4912256652476668,4.935084465717697,0.2073919029769324,4.882606391173996,0.5087743347523332,0.1200162756562225,12926.87664314234,0.1800925224221911,383
491,9.854426689911968,0.4115034358086746,0.5884965641913255,/wynton/group/sali/vipul/xray/matthew/multixray/sample_bench/out/277_native_5_t1000/2/output_391/pdbs/406.pdb,0.1863521405663381,0.2079690698412942,0.4245702945098544,4.903427046330253,0.2016764641857444,4.950999643581715,0.5754297054901456,0.1472165723621857,13009.778717051882,0.1785614610414511,391
492,10.166407353152248,0.0741393234372548,0.9258606765627452,/wynton/group/sali/vipul/xray/matthew/multixray/sample_bench/out/277_native_5_t1000/2/output_470/pdbs/25.pdb,0.2068764806577381,0.233532253877507,0.0767998060105552,5.126354639558184,0.2577367974836364,5.040052713594064,0.9232001939894448,0.1639469092069052,12488.064632421276,0.2242597439451469,470
493,9.888970992167565,0.3084074139094447,0.6915925860905553,/wynton/group/sali/vipul/xray/matthew/multixray/sample_bench/out/277_native_5_t1000/2/output_810/pdbs/351.pdb,0.1892425016200254,0.2135940860219713,0.1214007851550133,4.9249594510761945,0.2068623502595063,4.96401154109137,0.8785992148449866,0.128051572712497,13002.441596068857,0.1809961041221023,810
494,9.80588252724826,0.625892266639954,0.3741077333600461,/wynton/group/sali/vipul/xray/matthew/multixray/sample_bench/out/277_native_5_t1000/2/output_173/pdbs/237.pdb,0.1796209274724621,0.2042605507688458,0.5137665913040727,4.878556362952175,0.1911031391899034,4.927326164296085,0.4862334086959273,0.1580850882118536,12982.707017284143,0.1732602565151396,173
495,9.87933625850113,0.0183715200710537,0.9816284799289462,/wynton/group/sali/vipul/xray/matthew/multixray/sample_bench/out/277_native_5_t1000/2/output_853/pdbs/380.pdb,0.1681872648402201,0.1911241449400088,0.4569339061081137,5.015776942522252,0.2225982053470094,4.863559315978877,0.5430660938918863,0.1436018348739572,12784.53172230319,0.1978919599822317,853
496,9.761065825987924,0.4186271588250165,0.5813728411749834,/wynton/group/sali/vipul/xray/matthew/multixray/sample_bench/out/277_native_5_t1000/2/output_41/pdbs/273.pdb,0.1889643496071096,0.2068272051252354,0.8935999196151044,4.789095922350317,0.1745150793711285,4.971969903637608,0.1064000803848955,0.1214016365938085,12669.16323934555,0.1577649421388658,41
497,9.850628255065683,0.6678927155980378,0.3321072844019622,/wynton/group/sali/vipul/xray/matthew/multixray/sample_bench/out/277_native_5_t1000/2/output_504/pdbs/314.pdb,0.1812650410205386,0.2078682559016919,0.715935142908865,4.930251323518261,0.2120095669645787,4.9203769315474215,0.2840648570911351,0.181694300669687,13117.093338900642,0.1807872927300906,504
498,9.839225117199922,0.4160269257693429,0.5839730742306571,/wynton/group/sali/vipul/xray/matthew/multixray/sample_bench/out/277_native_5_t1000/2/output_895/pdbs/313.pdb,0.1896302280959242,0.2114391226850111,0.1187231881830789,4.874411780532669,0.1969401543055065,4.964813336667253,0.8812768118169211,0.1430032322927007,13037.533699547012,0.1703964679413992,895
499,9.731960248319073,0.7754061283687095,0.2245938716312905,/wynton/group/sali/vipul/xray/matthew/multixray/sample_bench/out/277_native_5_t1000/2/output_170/pdbs/370.pdb,0.1705580614522122,0.1923985373003078,0.2200962217247206,4.8583124110875024,0.1934662246025625,4.8736478372315695,0.7799037782752795,0.1409159768968379,12578.001416641424,0.1692714486378033,170
500,9.756318427518586,0.8059901687996497,0.1940098312003502,/wynton/group/sali/vipul/xray/matthew/multixray/sample_bench/out/277_native_5_t1000/2/output_850/pdbs/350.pdb,0.1703464076806276,0.1928639369972108,0.5075698405335861,4.877111635880364,0.1977278998335433,4.879206791638222,0.4924301594664139,0.1556230077219322,12862.942203383427,0.1701810900948902,850
501,9.744329875624114,0.475178912567237,0.524821087432763,/wynton/group/sali/vipul/xray/matthew/multixray/sample_bench/out/277_native_5_t1000/2/output_359/pdbs/378.pdb,0.1740728131762334,0.1913201739257749,0.5236698953197544,4.843912627442689,0.1856152088851957,4.900417248181426,0.4763301046802456,0.12806703060201,13174.556742016266,0.166240415239025,359
502,9.912531221912364,0.8859477902779271,0.1140522097220728,/wynton/group/sali/vipul/xray/matthew/multixray/sample_bench/out/277_native_5_t1000/2/output_564/pdbs/414.pdb,0.181613013387213,0.2117653718854257,0.6341589413097641,4.981413926877392,0.2212600424934713,4.931117295034972,0.365841058690236,0.1499994547581808,12853.155468793457,0.1945504436404398,564
503,9.643336994049903,0.6601010931382222,0.3398989068617778,/wynton/group/sali/vipul/xray/matthew/multixray/sample_bench/out/277_native_5_t1000/2/output_155/pdbs/394.pdb,0.1695815043464281,0.1890836021142328,0.3710163410065588,4.7818771691754245,0.178708464688489,4.86145982487448,0.6289836589934412,0.148205509223,13033.480704973066,0.1581724336888017,155
504,9.814327231539375,0.8938544872771591,0.1061455127228408,/wynton/group/sali/vipul/xray/matthew/multixray/sample_bench/out/277_native_5_t1000/2/output_368/pdbs/415.pdb,0.1649665242948418,0.1864916060848516,0.3604207991888954,4.980241249081342,0.2111485021111305,4.834085982458033,0.6395792008111045,0.1363522494571592,12736.978627247194,0.1898406247903618,368
505,9.826538620345147,0.7494403226668526,0.2505596773331474,/wynton/group/sali/vipul/xray/matthew/multixray/sample_bench/out/277_native_5_t1000/2/output_756/pdbs/460.pdb,0.1823480125222571,0.2022291066341183,0.5923289124229668,4.896134795993023,0.2017658696108991,4.930403824352125,0.4076710875770332,0.1338377232030632,12725.842180612444,0.1778871105952484,756
506,9.815815768362599,0.6687076858854455,0.3312923141145544,/wynton/group/sali/vipul/xray/matthew/multixray/sample_bench/out/277_native_5_t1000/2/output_333/pdbs/276.pdb,0.1783548408491705,0.2035557551251736,0.5261325761396607,4.8943725516571135,0.1995783714974268,4.921443216705486,0.4738674238603393,0.1556305467413657,12942.439576979294,0.1731438255234731,333
507,9.795886661378836,0.4833122828884649,0.516687717111535,/wynton/group/sali/vipul/xray/matthew/multixray/sample_bench/out/277_native_5_t1000/2/output_387/pdbs/423.pdb,0.1962247733523617,0.2219621240508296,0.9772617640512472,4.792545018026274,0.1797313543387151,5.003341643352561,0.0227382359487528,0.1265334834367873,12608.759667336966,0.159380842025932,387
508,9.843223626160265,0.5621959290721595,0.4378040709278404,/wynton/group/sali/vipul/xray/matthew/multixray/sample_bench/out/277_native_5_t1000/2/output_293/pdbs/269.pdb,0.1858537421736683,0.2048320349891841,0.5813472861727543,4.895315167670503,0.1904723830872324,4.947908458489762,0.4186527138272456,0.1588644635407704,12860.043315885538,0.1766839482335051,293
509,9.816657459337979,0.1603045654389989,0.839695434561001,/wynton/group/sali/vipul/xray/matthew/multixray/sample_bench/out/277_native_5_t1000/2/output_291/pdbs/345.pdb,0.1719291007027863,0.1967038481753466,0.6341819597655964,4.935444388076648,0.2089901119263986,4.881213071261331,0.3658180402344035,0.1455400750851304,12814.139634722662,0.1814309418647496,291
510,9.65704396841453,0.6597552086353248,0.3402447913646752,/wynton/group/sali/vipul/xray/matthew/multixray/sample_bench/out/277_native_5_t1000/2/output_582/pdbs/215.pdb,0.1594105881299999,0.17694657359247,0.4420560284137341,4.843808233237509,0.1854900474997894,4.81323573517702,0.557943971586266,0.1296102498940628,12848.5826992177,0.1602598796434463,582
511,9.841808443308992,0.0851563716505878,0.9148436283494122,/wynton/group/sali/vipul/xray/matthew/multixray/sample_bench/out/277_native_5_t1000/2/output_589/pdbs/399.pdb,0.1680384736075632,0.1946051318789834,0.6037674215437617,4.975757467771941,0.2187412934867016,4.86605097553705,0.3962325784562382,0.130380489425546,12884.925432438306,0.1912525133330537,589
512,10.070649448508355,0.9619289658482992,0.0380710341517006,/wynton/group/sali/vipul/xray/matthew/multixray/sample_bench/out/277_native_5_t1000/2/output_411/pdbs/347.pdb,0.1952664644104091,0.2211412935033417,0.774951313571496,5.08232163394097,0.2444748376992669,4.988327814567384,0.2250486864285039,0.1455593355988574,12953.841773168624,0.2154224793810959,411
513,9.882036907990269,0.6209834935061442,0.3790165064938557,/wynton/group/sali/vipul/xray/matthew/multixray/sample_bench/out/277_native_5_t1000/2/output_481/pdbs/375.pdb,0.1891525306905588,0.2110744262802751,0.6122997560637732,4.922811512064048,0.2055436802051481,4.95922539592622,0.3877002439362269,0.1761360527157376,12975.819091814034,0.1824820435903417,481
514,9.64772758214944,0.7248492560130353,0.2751507439869647,/wynton/group/sali/vipul/xray/matthew/multixray/sample_bench/out/277_native_5_t1000/2/output_566/pdbs/398.pdb,0.1626400212780976,0.1831718300695726,0.3025528087933727,4.824938688514826,0.1828620228968005,4.822788893634613,0.6974471912066272,0.1266202169642258,12719.519287067633,0.1648525172349388,566
515,9.818089097560039,0.5606952961402757,0.4393047038597243,/wynton/group/sali/vipul/xray/matthew/multixray/sample_bench/out/277_native_5_t1000/2/output_366/pdbs/376.pdb,0.1997005492219314,0.2303242683631365,0.0249795386037887,4.7898852797115,0.1741574489609197,5.028203817848539,0.9750204613962112,0.1247224807215855,12606.49386557435,0.1578461712171361,366
516,9.579167956599413,0.2781092928884508,0.7218907071115491,/wynton/group/sali/vipul/xray/matthew/multixray/sample_bench/out/277_native_5_t1000/2/output_306/pdbs/391.pdb,0.16300264228369,0.1841985128053213,0.6899550752053719,4.734964834505791,0.1716178702955617,4.844203122093623,0.3100449247946281,0.1564310903532583,13073.745103297695,0.1489242662089799,306
517,9.798984479396644,0.8577295891465556,0.1422704108534443,/wynton/group/sali/vipul/xray/matthew/multixray/sample_bench/out/277_native_5_t1000/2/output_199/pdbs/407.pdb,0.1710298536032365,0.194567909527258,0.4214828454975661,4.920337705955559,0.2079521252387509,4.878646773441085,0.5785171545024339,0.146966425101012,13049.193930940512,0.1771802444049486,199
518,9.699300802595172,0.5401712087137788,0.4598287912862213,/wynton/group/sali/vipul/xray/matthew/multixray/sample_bench/out/277_native_5_t1000/2/output_372/pdbs/415.pdb,0.1706235068735478,0.1853982268283317,0.6116847452119297,4.832957319283158,0.1851447623357019,4.866343483312014,0.3883152547880703,0.1212614536323787,13037.42070701861,0.1633936187800133,372
519,9.789516414193525,0.6144924349900934,0.3855075650099066,/wynton/group/sali/vipul/xray/matthew/multixray/sample_bench/out/277_native_5_t1000/2/output_835/pdbs/444.pdb,0.1822005719208611,0.2065747791873371,0.4202309053576224,4.868549405838587,0.1971991187159331,4.920967008354938,0.5797690946423776,0.1578859416381846,13284.589253882838,0.1730022343207003,835
520,9.82447969931939,0.5086225679746076,0.4913774320253924,/wynton/group/sali/vipul/xray/matthew/multixray/sample_bench/out/277_native_5_t1000/2/output_687/pdbs/287.pdb,0.19558205891788,0.215993281251276,0.0554441712373324,4.831487122926455,0.1872779525626778,4.992992576392935,0.9445558287626676,0.1228727210556364,12693.189208374835,0.1645862323389381,687
521,9.701128781696468,0.6891727107761756,0.3108272892238244,/wynton/group/sali/vipul/xray/matthew/multixray/sample_bench/out/277_native_5_t1000/2/output_701/pdbs/439.pdb,0.1659795093772064,0.1876320365255675,0.2424723023184523,4.86374625095101,0.192465848367898,4.837382530745459,0.7575276976815477,0.1327861633174774,12883.131811750916,0.1711281824844136,701
522,9.784912521674258,0.4723375462028578,0.5276624537971422,/wynton/group/sali/vipul/xray/matthew/multixray/sample_bench/out/277_native_5_t1000/2/output_575/pdbs/444.pdb,0.1751169387585959,0.1892805804276911,0.4338357332873579,4.884664471826219,0.1936611181768412,4.900248049848039,0.5661642667126421,0.131475543411169,12937.36373848135,0.1748538325632597,575
523,9.949724723814125,0.0291500065015751,0.9708499934984248,/wynton/group/sali/vipul/xray/matthew/multixray/sample_bench/out/277_native_5_t1000/2/output_11/pdbs/396.pdb,0.1809843179695344,0.2070853286865122,0.7946000889088922,5.018031946071635,0.2344931506436436,4.93169277774249,0.2053999110911077,0.1413849337618221,12623.907589316254,0.1980046236788634,11
524,9.662039252244742,0.4932697019836735,0.5067302980163265,/wynton/group/sali/vipul/xray/matthew/multixray/sample_bench/out/277_native_5_t1000/2/output_361/pdbs/377.pdb,0.1618651119088362,0.1866095857798476,0.6573969435004361,4.8285984564758335,0.182810447515211,4.833440795768909,0.3426030564995639,0.139953411844768,12943.711100206405,0.1605212927045624,361
525,9.990823011549308,0.7195810974577858,0.2804189025422142,/wynton/group/sali/vipul/xray/matthew/multixray/sample_bench/out/277_native_5_t1000/2/output_141/pdbs/384.pdb,0.2034195869197353,0.2224826000233966,0.9383282649373522,4.965043018434479,0.2057678400055201,5.025779993114829,0.0616717350626477,0.1371353269644945,13197.174485444217,0.1896985249869472,141
526,9.743443389853331,0.4306473326934691,0.5693526673065308,/wynton/group/sali/vipul/xray/matthew/multixray/sample_bench/out/277_native_5_t1000/2/output_13/pdbs/388.pdb,0.179149690716804,0.2019230032941839,0.9398862586102834,4.804434927937594,0.1776615043888215,4.939008461915737,0.0601137413897165,0.1295444729104557,12471.044385401963,0.1584879706878416,13
527,10.06069683523891,0.0017768608682216,0.9982231391317784,/wynton/group/sali/vipul/xray/matthew/multixray/sample_bench/out/277_native_5_t1000/2/output_397/pdbs/376.pdb,0.1997448849330688,0.228873397116441,0.9599281851896546,5.017954673729227,0.2281076120245177,5.042742161509683,0.0400718148103454,0.142339610902442,12671.302091754693,0.1975626012690763,397
528,9.729325427755427,0.6941888484652099,0.3058111515347901,/wynton/group/sali/vipul/xray/matthew/multixray/sample_bench/out/277_native_5_t1000/2/output_464/pdbs/361.pdb,0.16916061774956,0.1921973675432237,0.407992835516684,4.853100975341111,0.1885640354648098,4.876224452414316,0.592007164483316,0.1564474417516996,12785.0975934177,0.1681249976416425,464
529,9.865798559094891,0.2139904447329506,0.7860095552670495,/wynton/group/sali/vipul/xray/matthew/multixray/sample_bench/out/277_native_5_t1000/2/output_476/pdbs/399.pdb,0.1799086790153349,0.2034000144078226,0.8646445751798869,4.9372475930763775,0.2081425895794052,4.9285509660185145,0.135355424820113,0.1307924187865591,12665.66373281997,0.1821620614771352,476
530,9.6235562322975,0.6148184947251828,0.3851815052748172,/wynton/group/sali/vipul/xray/matthew/multixray/sample_bench/out/277_native_5_t1000/2/output_950/pdbs/342.pdb,0.1665559294931379,0.1874715257583816,0.4133864961409013,4.770292516618342,0.1732994542313165,4.853263715679158,0.5866135038590987,0.1541802084190071,12749.57806625506,0.154100467568107,950
531,9.855925760706683,0.1109164328827649,0.889083567117235,/wynton/group/sali/vipul/xray/matthew/multixray/sample_bench/out/277_native_5_t1000/2/output_169/pdbs/428.pdb,0.1732268973739951,0.2008134434320457,0.7661298229779993,4.960811566392071,0.215212729275748,4.895114194314613,0.2338701770220007,0.1253289161819672,12746.278317983626,0.1854333849615628,169
532,9.790540734870365,0.5916266670383472,0.4083733329616528,/wynton/group/sali/vipul/xray/matthew/multixray/sample_bench/out/277_native_5_t1000/2/output_362/pdbs/288.pdb,0.1771718592763927,0.2025546641727658,0.7726733663581187,4.89047068489278,0.1945139523289563,4.900070049977584,0.2273266336418813,0.1283952058401372,13018.901390658688,0.1735037603914683,362
533,9.795423497145197,0.941752841541543,0.0582471584584569,/wynton/group/sali/vipul/xray/matthew/multixray/sample_bench/out/277_native_5_t1000/2/output_255/pdbs/374.pdb,0.1587367590641074,0.1796926765606626,0.3014275280729091,4.989855851323412,0.2184661552389423,4.805567645821786,0.6985724719270908,0.1399775032012605,12605.19441859296,0.1905022396931007,255
534,9.763520140167644,0.823697444277595,0.176302555722405,/wynton/group/sali/vipul/xray/matthew/multixray/sample_bench/out/277_native_5_t1000/2/output_938/pdbs/359.pdb,0.1649453782747815,0.1856357266443741,0.2804829857483525,4.925339474803823,0.2056823288191098,4.838180665363821,0.7195170142516476,0.1287582735154268,12568.031097888455,0.1814194742985888,938
535,9.713096467974122,0.5810266923105495,0.4189733076894506,/wynton/group/sali/vipul/xray/matthew/multixray/sample_bench/out/277_native_5_t1000/2/output_88/pdbs/395.pdb,0.1704127787781069,0.1912667174130518,0.4700803390555426,4.8368593758193725,0.1865426537011074,4.87623709215475,0.5299196609444574,0.1369690700659541,13034.62434678167,0.1651818443189806,88
536,9.887034209657102,0.1268773256606918,0.8731226743393081,/wynton/group/sali/vipul/xray/matthew/multixray/sample_bench/out/277_native_5_t1000/2/output_451/pdbs/474.pdb,0.1777709432961883,0.2001890737357521,0.3898647994570188,4.974295161679224,0.2196125694536519,4.912739047977877,0.6101352005429812,0.1288667754674238,13138.728640460731,0.1897573171381413,451
537,9.698680912083061,0.5374656136849435,0.4625343863150566,/wynton/group/sali/vipul/xray/matthew/multixray/sample_bench/out/277_native_5_t1000/2/output_632/pdbs/448.pdb,0.1678372957962512,0.1853058463389794,0.6180451128378989,4.849266454944548,0.1846653335985186,4.849414457138513,0.3819548871621012,0.1267268534770058,12856.22477454151,0.1661618734382853,632
538,9.775003186281985,0.1816614670555501,0.8183385329444498,/wynton/group/sali/vipul/xray/matthew/multixray/sample_bench/out/277_native_5_t1000/2/output_122/pdbs/439.pdb,0.1656662851147915,0.1915736670274794,0.612033391819245,4.92273399036507,0.2015081979924512,4.852269195916915,0.3879666081807549,0.1359014752743477,12892.991708589465,0.1781787450923969,122
539,9.876287172409441,0.9297655386547042,0.0702344613452957,/wynton/group/sali/vipul/xray/matthew/multixray/sample_bench/out/277_native_5_t1000/2/output_538/pdbs/248.pdb,0.1777712354762077,0.1980735576389237,0.4360584248870243,4.978221503279668,0.2149592982921076,4.898065669129774,0.5639415751129756,0.1501327489615398,12765.980971370447,0.1936001480782433,538
540,9.852537325509992,0.3409527876492265,0.6590472123507735,/wynton/group/sali/vipul/xray/matthew/multixray/sample_bench/out/277_native_5_t1000/2/output_535/pdbs/395.pdb,0.1852009854630315,0.2100126284650209,0.2671973542762887,4.92027719859942,0.2042553272551868,4.932260126910573,0.7328026457237112,0.1481001519181925,13044.55686576164,0.1795067608479494,535
541,9.764623745007734,0.4559717897484635,0.5440282102515365,/wynton/group/sali/vipul/xray/matthew/multixray/sample_bench/out/277_native_5_t1000/2/output_319/pdbs/392.pdb,0.1707900048795294,0.1846164549589876,0.5312889297897401,4.905479359867695,0.2009408181758567,4.859144385140039,0.4687110702102599,0.1430066023785989,12947.63448715306,0.1756833610785526,319
542,9.697969527847558,0.399857730474065,0.600142269525935,/wynton/group/sali/vipul/xray/matthew/multixray/sample_bench/out/277_native_5_t1000/2/output_841/pdbs/426.pdb,0.1656290712136477,0.1951489991663439,0.7486964315336896,4.836383969364377,0.1893364663891616,4.86158555848318,0.2513035684663104,0.1159734397099544,12843.34590694907,0.1629571436374248,841
543,9.736171318423743,0.4931496105515758,0.5068503894484243,/wynton/group/sali/vipul/xray/matthew/multixray/sample_bench/out/277_native_5_t1000/2/output_127/pdbs/364.pdb,0.1837813521815564,0.2079592157039786,0.8838215239599668,4.784322537978901,0.1752098492948328,4.951848780444843,0.1161784760400331,0.1234824584484401,12971.218333199507,0.1558512115343587,127
544,9.829044121277505,0.5695263824400786,0.4304736175599214,/wynton/group/sali/vipul/xray/matthew/multixray/sample_bench/out/277_native_5_t1000/2/output_469/pdbs/329.pdb,0.1913775017774021,0.2099402797854163,0.8757405245524991,4.855473982583166,0.1863079564509925,4.973570138694338,0.1242594754475009,0.1218872122402241,13163.897509503196,0.16807386347488,469
545,9.76886567650428,0.5407739092168198,0.4592260907831801,/wynton/group/sali/vipul/xray/matthew/multixray/sample_bench/out/277_native_5_t1000/2/output_46/pdbs/498.pdb,0.179371423083641,0.2026154600044167,0.396976134302748,4.856739756383979,0.1922193502695305,4.912125920120302,0.603023865697252,0.1187989094063872,13139.84550222726,0.1690455762443497,46
546,9.842060076689705,0.3424517657653829,0.6575482342346172,/wynton/group/sali/vipul/xray/matthew/multixray/sample_bench/out/277_native_5_t1000/2/output_578/pdbs/378.pdb,0.183002896410753,0.2004621059638717,0.3512659385519197,4.911758100353606,0.1974832304034732,4.930301976336098,0.6487340614480803,0.1367696547551593,12884.31083257841,0.1791561972666053,578
547,9.713819681590643,0.710212634216148,0.2897873657838519,/wynton/group/sali/vipul/xray/matthew/multixray/sample_bench/out/277_native_5_t1000/2/output_764/pdbs/378.pdb,0.1653228897599409,0.1833414221441865,0.3846889648065652,4.880878698670217,0.1972463343517523,4.832940982920426,0.6153110351934348,0.1463603972447498,12694.056146074154,0.1722855254915684,764
548,9.77886330705179,0.244876533416832,0.755123466583168,/wynton/group/sali/vipul/xray/matthew/multixray/sample_bench/out/277_native_5_t1000/2/output_576/pdbs/412.pdb,0.174480719512036,0.196995958404663,0.8328113262377372,4.8875753771810775,0.2011730923976794,4.891287929870712,0.1671886737622627,0.1266700618048843,12680.613054477304,0.1732057923110016,576
549,10.09441648408432,0.1795049905530661,0.8204950094469339,/wynton/group/sali/vipul/xray/matthew/multixray/sample_bench/out/277_native_5_t1000/2/output_301/pdbs/124.pdb,0.2096194087150308,0.2311984662939225,0.1458605672611655,5.0685596413405545,0.2394426346122709,5.025856842743765,0.8541394327388344,0.1697477747727426,13062.255430315645,0.2163542286868918,301
550,9.839457788039033,0.3625994393400427,0.6374005606599573,/wynton/group/sali/vipul/xray/matthew/multixray/sample_bench/out/277_native_5_t1000/2/output_244/pdbs/362.pdb,0.1832432179936951,0.2004304941050892,0.2560942425250899,4.922248342261044,0.2035947505887463,4.9172094457779885,0.7439057574749101,0.1294469990764818,13205.478430436722,0.1797773076975193,244
551,9.823823951301314,0.9124441397034272,0.0875558602965728,/wynton/group/sali/vipul/xray/matthew/multixray/sample_bench/out/277_native_5_t1000/2/output_648/pdbs/406.pdb,0.1683371593830175,0.1843499910216296,0.4776369359886302,4.969500185464434,0.2157948446261007,4.85432376583688,0.5223630640113698,0.140185606390965,12705.147037397244,0.1894608350217939,648
552,9.72195385898807,0.4504010820152969,0.5495989179847032,/wynton/group/sali/vipul/xray/matthew/multixray/sample_bench/out/277_native_5_t1000/2/output_819/pdbs/419.pdb,0.1727725348490566,0.1941817396421367,0.7452469748650297,4.823955681874436,0.1822009048903286,4.897998177113634,0.2547530251349703,0.1350905309845896,12970.696483119413,0.1609721763067478,819
553,9.676341791650096,0.526784235324999,0.473215764675001,/wynton/group/sali/vipul/xray/matthew/multixray/sample_bench/out/277_native_5_t1000/2/output_899/pdbs/387.pdb,0.1640356177492912,0.185248987270214,0.6607143382789619,4.8397832478555065,0.1951207626207913,4.83655854379459,0.3392856617210381,0.1703436624442789,12928.27874661688,0.1626061002924826,899
554,9.71335356020748,0.5181112831509107,0.4818887168490893,/wynton/group/sali/vipul/xray/matthew/multixray/sample_bench/out/277_native_5_t1000/2/output_755/pdbs/241.pdb,0.174816996581523,0.1872962352260113,0.473512872146306,4.816689728361578,0.1766431308709996,4.896663831845902,0.526487127853694,0.165632121339145,12873.317834060828,0.1617780905333442,755
555,9.853156530039204,0.9339268185643844,0.0660731814356155,/wynton/group/sali/vipul/xray/matthew/multixray/sample_bench/out/277_native_5_t1000/2/output_894/pdbs/370.pdb,0.1703844702875539,0.1969489982153742,0.3468561434031375,4.980832207038917,0.2221276461772749,4.872324323000287,0.6531438565968625,0.1356727139532301,12761.26199303346,0.1909657200514856,894
556,9.724406777024146,0.5400642842667656,0.4599357157332345,/wynton/group/sali/vipul/xray/matthew/multixray/sample_bench/out/277_native_5_t1000/2/output_83/pdbs/317.pdb,0.174863403613201,0.1934157493576509,0.2177912157451552,4.839166830687561,0.186856600322259,4.885239946336586,0.7822087842548449,0.114271934584322,12866.502993744376,0.1634483062891016,83
557,9.93462941927882,0.3123568856781573,0.6876431143218427,/wynton/group/sali/vipul/xray/matthew/multixray/sample_bench/out/277_native_5_t1000/2/output_747/pdbs/438.pdb,0.1989373785200322,0.2217001831938034,0.0972175934505115,4.942081784593106,0.2057221610288883,4.992547634685714,0.9027824065494884,0.1374850213956905,12937.318972146328,0.1836505034308083,747
558,9.967768595199843,0.2735655522119109,0.7264344477880891,/wynton/group/sali/vipul/xray/matthew/multixray/sample_bench/out/277_native_5_t1000/2/output_99/pdbs/191.pdb,0.2049667346175057,0.226927550883368,0.0005257439391977,4.931981031461838,0.207438400774414,5.035787563738004,0.9994742560608024,0.1340806366987745,12839.95448991678,0.1834366412797463,99
559,9.791192972084936,0.354817992021514,0.645182007978486,/wynton/group/sali/vipul/xray/matthew/multixray/sample_bench/out/277_native_5_t1000/2/output_652/pdbs/347.pdb,0.1797793005283122,0.2016281025834182,0.4390914103350636,4.8722403360397895,0.1922738468355862,4.918952636045147,0.5609085896649364,0.1465031848257924,12869.729179180576,0.1713585101083173,652
560,9.816933538297516,0.7482501083629997,0.2517498916370004,/wynton/group/sali/vipul/xray/matthew/multixray/sample_bench/out/277_native_5_t1000/2/output_241/pdbs/402.pdb,0.1809869844373512,0.2106140381574688,0.4647984728141728,4.886224553443306,0.2032085961922972,4.930708984854211,0.5352015271858271,0.161028157141694,12967.172454906651,0.1740065478348129,241
561,9.894821344311449,0.9792398690619892,0.0207601309380109,/wynton/group/sali/vipul/xray/matthew/multixray/sample_bench/out/277_native_5_t1000/2/output_66/pdbs/391.pdb,0.1724103528965813,0.2008163264928597,0.6250678061742563,5.002082967771164,0.2309693282008281,4.892738376540285,0.3749321938257437,0.1202355724028232,12736.40057316194,0.1929552574282423,66
562,9.624270499257388,0.5739979810716864,0.4260020189283136,/wynton/group/sali/vipul/xray/matthew/multixray/sample_bench/out/277_native_5_t1000/2/output_556/pdbs/392.pdb,0.1646755040088277,0.1848577871317269,0.3823811471270515,4.775389854129168,0.1754966619910272,4.84888064512822,0.6176188528729486,0.1142598518536477,12916.760998292411,0.1521380059449728,556
563,9.725355916869997,0.5453454403171305,0.4546545596828694,/wynton/group/sali/vipul/xray/matthew/multixray/sample_bench/out/277_native_5_t1000/2/output_700/pdbs/383.pdb,0.1675968844818955,0.1840265706486428,0.4564510421452608,4.8672523382087896,0.189027755953258,4.858103578661209,0.5435489578547392,0.1300946964325483,12832.578321175337,0.1689707122744466,700
564,9.749749978546749,0.4299095542160325,0.5700904457839674,/wynton/group/sali/vipul/xray/matthew/multixray/sample_bench/out/277_native_5_t1000/2/output_353/pdbs/385.pdb,0.1826255409136152,0.2012672129551532,0.1881370284218041,4.821533993079614,0.1798393654497786,4.928215985467135,0.8118629715781959,0.132176782677405,12734.10743814845,0.1622604391180796,353
565,9.719308467184343,0.2995462874239679,0.7004537125760322,/wynton/group/sali/vipul/xray/matthew/multixray/sample_bench/out/277_native_5_t1000/2/output_418/pdbs/345.pdb,0.1716303086499077,0.1882707900405846,0.485628866145072,4.840334127274662,0.1855189096656062,4.87897433990968,0.5143711338549279,0.1430226998212753,12837.29252823506,0.165700181884696,418
566,9.770270844032428,0.1531182982789501,0.8468817017210499,/wynton/group/sali/vipul/xray/matthew/multixray/sample_bench/out/277_native_5_t1000/2/output_111/pdbs/367.pdb,0.1661738275047201,0.1901926373750211,0.5422086224058889,4.91901801700556,0.2123212507190616,4.851252827026868,0.4577913775941111,0.1289680095986116,12816.543949760518,0.1786203089791374,111
567,9.882098206290326,0.9841882521863082,0.0158117478136917,/wynton/group/sali/vipul/xray/matthew/multixray/sample_bench/out/277_native_5_t1000/2/output_811/pdbs/375.pdb,0.1647221747968918,0.1815135985269507,0.4943622747370011,5.043573643056613,0.235642214825531,4.838524563233713,0.5056377252629989,0.1482878486554411,12856.360974564446,0.2008233913329959,811
568,9.774001245851636,0.772553862048033,0.2274461379519671,/wynton/group/sali/vipul/xray/matthew/multixray/sample_bench/out/277_native_5_t1000/2/output_176/pdbs/353.pdb,0.1697842641036547,0.1944060871925861,0.5062894297017367,4.898120896924322,0.1993674159043459,4.875880348927313,0.4937105702982632,0.1215608381528829,13059.052629015678,0.1757595391361417,176
569,9.574441384386617,0.8076159749651217,0.1923840250348783,/wynton/group/sali/vipul/xray/matthew/multixray/sample_bench/out/277_native_5_t1000/2/output_581/pdbs/446.pdb,0.1490405289054958,0.165011739206074,0.4443155443221711,4.822736102896091,0.1805530003202105,4.751705281490526,0.5556844556778289,0.1121708879634387,12728.897604906237,0.1563461362157953,581
570,9.820015915500942,0.3626144325808698,0.6373855674191301,/wynton/group/sali/vipul/xray/matthew/multixray/sample_bench/out/277_native_5_t1000/2/output_373/pdbs/323.pdb,0.1825807787971598,0.2023671739604815,0.3958224566407176,4.888743703959993,0.1980383484238916,4.931272211540949,0.6041775433592824,0.1243271595945326,13089.060762987036,0.1748340512017215,373
571,9.823110859227624,0.4553442163674076,0.5446557836325924,/wynton/group/sali/vipul/xray/matthew/multixray/sample_bench/out/277_native_5_t1000/2/output_330/pdbs/320.pdb,0.1919086883731972,0.2158537391954293,0.090986380975531,4.841751952475144,0.1865153114174213,4.98135890675248,0.909013619024469,0.1447934223781518,12852.80243527959,0.1668146211657749,330
572,9.865882238631126,0.733438883514484,0.2665611164855159,/wynton/group/sali/vipul/xray/matthew/multixray/sample_bench/out/277_native_5_t1000/2/output_322/pdbs/469.pdb,0.1840635084674525,0.2077941164399888,0.612606279504076,4.923653916340738,0.2097802808428295,4.942228322290389,0.387393720495924,0.1342968031530803,13058.629157505977,0.1834237089792783,322
573,9.750762764052304,0.400041321029685,0.599958678970315,/wynton/group/sali/vipul/xray/matthew/multixray/sample_bench/out/277_native_5_t1000/2/output_310/pdbs/378.pdb,0.1834728645086551,0.2010936053473838,0.932912584405008,4.798462717195727,0.1754805248556698,4.952300046856577,0.067087415594992,0.1218116038594216,12835.425335984291,0.1586145112714812,310
574,9.662042431146677,0.3407274782085063,0.6592725217914938,/wynton/group/sali/vipul/xray/matthew/multixray/sample_bench/out/277_native_5_t1000/2/output_300/pdbs/352.pdb,0.1657995063945272,0.1892798437647082,0.682330414672781,4.802772256197449,0.1830196129084647,4.859270174949229,0.317669585327219,0.1288295522064212,12815.469092904932,0.1615839394249326,300
575,9.683770309539213,0.3193350383502571,0.6806649616497429,/wynton/group/sali/vipul/xray/matthew/multixray/sample_bench/out/277_native_5_t1000/2/output_9/pdbs/358.pdb,0.1616605144101443,0.1816653489511477,0.493692152184752,4.851821357688583,0.1844770604341872,4.831948951850631,0.5063078478152481,0.1704672935917785,12960.920269129823,0.166265779981979,9
576,9.694788616236966,0.7851079641141387,0.2148920358858612,/wynton/group/sali/vipul/xray/matthew/multixray/sample_bench/out/277_native_5_t1000/2/output_108/pdbs/395.pdb,0.1659747213319083,0.190799359090849,0.3815382227496773,4.830091968797362,0.1899096146544599,4.8646966474396045,0.6184617772503226,0.13196535692075,12888.272473430154,0.1613241244846549,108
577,9.77132014467145,0.3862576940924336,0.6137423059075664,/wynton/group/sali/vipul/xray/matthew/multixray/sample_bench/out/277_native_5_t1000/2/output_152/pdbs/328.pdb,0.1703296452756756,0.1882934199881078,0.4375645882642459,4.901781270192024,0.1966704724651808,4.869538874479426,0.5624354117357541,0.1324708360740322,12983.998366496387,0.1730162984403102,152
578,9.702994892681154,0.7162755682185276,0.2837244317814724,/wynton/group/sali/vipul/xray/matthew/multixray/sample_bench/out/277_native_5_t1000/2/output_82/pdbs/429.pdb,0.1641329220004102,0.1882842264160625,0.3609685929598553,4.862201925930063,0.1927362400313959,4.840792966751092,0.6390314070401448,0.1295569151285359,12792.751803159836,0.1695062338211656,82
579,9.886325689903877,0.7802012819229525,0.2197987180770475,/wynton/group/sali/vipul/xray/matthew/multixray/sample_bench/out/277_native_5_t1000/2/output_479/pdbs/400.pdb,0.1871771661298597,0.2099223070584659,0.6269458846159738,4.932428627533938,0.2082122563245987,4.95389706236994,0.3730541153840263,0.1353567157162495,13017.104975460674,0.186218996787577,479
580,9.661848249099942,0.7159739535509885,0.2840260464490116,/wynton/group/sali/vipul/xray/matthew/multixray/sample_bench/out/277_native_5_t1000/2/output_583/pdbs/374.pdb,0.1657319822154198,0.1880809817692518,0.2784947526769906,4.814932743344846,0.1794334659696958,4.846915505755096,0.7215052473230094,0.1307328756811447,12602.896181256285,0.162121393068186,583
581,9.785574453528245,0.4512179961275696,0.5487820038724305,/wynton/group/sali/vipul/xray/matthew/multixray/sample_bench/out/277_native_5_t1000/2/output_555/pdbs/425.pdb,0.18269544071415,0.2031153554033877,0.1904651363504131,4.865904402821007,0.1923825261328552,4.9196700507072375,0.8095348636495869,0.1227516652505184,13050.197686580776,0.1701092812374395,555
582,9.76214533245558,0.5388087491342394,0.4611912508657605,/wynton/group/sali/vipul/xray/matthew/multixray/sample_bench/out/277_native_5_t1000/2/output_375/pdbs/356.pdb,0.1791791067988729,0.203302289894269,0.2604035847802913,4.848447389618221,0.1951025911512791,4.913697942837358,0.7395964152197086,0.1190586093497585,12860.430973817962,0.1656453284298848,375
583,9.729057807598707,0.7553773644864881,0.2446226355135119,/wynton/group/sali/vipul/xray/matthew/multixray/sample_bench/out/277_native_5_t1000/2/output_667/pdbs/355.pdb,0.1711236602297904,0.1989424988021015,0.2741385769443286,4.845570066186039,0.1924871238504449,4.883487741412669,0.7258614230556714,0.1237622665509098,12976.905640421535,0.1649414018062358,667
584,9.679314721523424,0.366995215899391,0.633004784100609,/wynton/group/sali/vipul/xray/matthew/multixray/sample_bench/out/277_native_5_t1000/2/output_25/pdbs/391.pdb,0.1711256085583373,0.1900064859313915,0.738240147372442,4.802134048623045,0.1841282503913442,4.877180672900379,0.2617598526275579,0.1209887513470205,12732.378518123196,0.1595124622774481,25
585,9.614242799281659,0.4005057745001322,0.5994942254998677,/wynton/group/sali/vipul/xray/matthew/multixray/sample_bench/out/277_native_5_t1000/2/output_274/pdbs/338.pdb,0.1681203765324365,0.1867533521852888,0.7546868823035906,4.751367626937369,0.1664888446735526,4.862875172344291,0.2453131176964094,0.1208865172717925,12689.019706398063,0.150167264845434,274
586,10.127938835817478,0.0647565305237136,0.9352434694762864,/wynton/group/sali/vipul/xray/matthew/multixray/sample_bench/out/277_native_5_t1000/2/output_587/pdbs/411.pdb,0.2086371340842382,0.2222748943922533,0.1724303223300811,5.102035004273223,0.2473682568873123,5.025903831544254,0.8275696776699188,0.1461956719151043,12965.986708628943,0.2252119096335651,587
587,9.683654620196226,0.232113301405217,0.767886698594783,/wynton/group/sali/vipul/xray/matthew/multixray/sample_bench/out/277_native_5_t1000/2/output_97/pdbs/395.pdb,0.1618904010564429,0.1854142845272348,0.6636292212501199,4.8541896636875554,0.1926603355517325,4.82946495650867,0.3363707787498801,0.1340530487208587,12783.945798117193,0.1680949952293587,97
588,9.701055768180803,0.4541403594540552,0.5458596405459448,/wynton/group/sali/vipul/xray/matthew/multixray/sample_bench/out/277_native_5_t1000/2/output_305/pdbs/332.pdb,0.1762055311049051,0.1934200376711051,0.3921430484627269,4.794573659998184,0.1687212763027974,4.906482108182619,0.607856951537273,0.1212832776990165,12707.529214478913,0.1574743203845975,305
589,9.798137038910042,0.4251817512307084,0.5748182487692917,/wynton/group/sali/vipul/xray/matthew/multixray/sample_bench/out/277_native_5_t1000/2/output_586/pdbs/387.pdb,0.1779063893465892,0.1973396366132705,0.4665171643886879,4.894180269677688,0.1977674663303156,4.903956769232353,0.533482835611312,0.1460773450861281,13001.861825765576,0.1731429990349371,586
590,9.628108673044235,0.3465125568147611,0.653487443185239,/wynton/group/sali/vipul/xray/matthew/multixray/sample_bench/out/277_native_5_t1000/2/output_32/pdbs/421.pdb,0.169819154689203,0.1889341494790112,0.7065666700597337,4.773866840279456,0.1794648034788313,4.85424183276478,0.2934333299402662,0.1202516565955465,12801.7831138358,0.1552884788433464,32
591,9.714432079301137,0.234846667959678,0.765153332040322,/wynton/group/sali/vipul/xray/matthew/multixray/sample_bench/out/277_native_5_t1000/2/output_597/pdbs/419.pdb,0.1710862881341016,0.1975241710250284,0.8097621516456259,4.83190289296492,0.1809170712703554,4.8825291863362175,0.1902378483543741,0.1350629861085989,12557.141489516343,0.1649525785661902,597
592,9.854200530311118,0.7165799583340969,0.283420041665903,/wynton/group/sali/vipul/xray/matthew/multixray/sample_bench/out/277_native_5_t1000/2/output_188/pdbs/352.pdb,0.1835862284575008,0.2109910716546422,0.5898297981155212,4.906448758865097,0.1997908450994358,4.94775177144602,0.4101702018844788,0.1639655793388038,13196.050702253671,0.176739829255959,188
593,9.78361014391514,0.4617247199436889,0.5382752800563111,/wynton/group/sali/vipul/xray/matthew/multixray/sample_bench/out/277_native_5_t1000/2/output_406/pdbs/314.pdb,0.1776890390345519,0.1928899395809978,0.5122785121457493,4.866672726078255,0.1965375831476052,4.916937417836887,0.4877214878542507,0.1572452500866535,12853.542180040133,0.1673564492814926,406
594,9.704989315017938,0.1664258000919497,0.8335741999080503,/wynton/group/sali/vipul/xray/matthew/multixray/sample_bench/out/277_native_5_t1000/2/output_343/pdbs/444.pdb,0.1571457888999667,0.1743870926439035,0.6774171628835837,4.921900588435089,0.204918606899066,4.783088726582849,0.3225828371164163,0.1180254176188496,12729.736349737945,0.1751583003954804,343
595,9.87953273034204,0.404372224953575,0.595627775046425,/wynton/group/sali/vipul/xray/matthew/multixray/sample_bench/out/277_native_5_t1000/2/output_229/pdbs/355.pdb,0.2014323936772935,0.2224700865848103,0.0146056873489697,4.845951267956491,0.1844480315368664,5.033581462385549,0.9853943126510302,0.1301578947759133,12732.987104557966,0.1667697580755868,229
596,9.799589289125567,0.8727875086932217,0.1272124913067782,/wynton/group/sali/vipul/xray/matthew/multixray/sample_bench/out/277_native_5_t1000/2/output_889/pdbs/400.pdb,0.1675398062917436,0.1871971781014343,0.4907520395255795,4.944270250588571,0.2091542070850627,4.855319038536996,0.5092479604744206,0.1531296148342311,12837.711102592948,0.1851242745388779,889
597,10.055690268960255,0.8177338148432932,0.1822661851567067,/wynton/group/sali/vipul/xray/matthew/multixray/sample_bench/out/277_native_5_t1000/2/output_475/pdbs/360.pdb,0.2042017949920709,0.2286648594485003,0.8510190397961589,5.057743288674505,0.2392935703891359,4.99794698028575,0.148980960203841,0.1684175467672321,13027.860779295046,0.2136309929934643,475
598,9.706031752330446,0.4497790935798877,0.5502209064201122,/wynton/group/sali/vipul/xray/matthew/multixray/sample_bench/out/277_native_5_t1000/2/output_416/pdbs/375.pdb,0.1741223691705244,0.1972212353451531,0.6112279460110651,4.8137645732323495,0.1823516296676335,4.892267179098098,0.3887720539889349,0.1486435630640346,13135.702453647722,0.1608427532751305,416
599,9.783514875770237,0.3093617580312649,0.6906382419687351,/wynton/group/sali/vipul/xray/matthew/multixray/sample_bench/out/277_native_5_t1000/2/output_8/pdbs/254.pdb,0.1777804230895526,0.1916716140836711,0.4534959856120279,4.8790247081885365,0.1897888715574969,4.904490167581701,0.546504014387972,0.1269337071291676,13142.6920633897,0.1733609931666013,8
600,9.811416464138308,0.5828435062002638,0.4171564937997362,/wynton/group/sali/vipul/xray/matthew/multixray/sample_bench/out/277_native_5_t1000/2/output_903/pdbs/399.pdb,0.1769537440275722,0.1976127952144747,0.5981671392555873,4.906061705481834,0.2024157204571488,4.905354758656474,0.4018328607444126,0.13866028056224,13266.558986114012,0.1754635499488086,903
601,9.84027871620993,0.3868820754336866,0.6131179245663133,/wynton/group/sali/vipul/xray/matthew/multixray/sample_bench/out/277_native_5_t1000/2/output_220/pdbs/390.pdb,0.1845491077067474,0.2040855208868814,0.2098226801028596,4.92107908552517,0.2045129251714027,4.919199630684759,0.7901773198971404,0.1291320389467057,13090.79961371416,0.1808681583636617,220
602,9.820889589482292,0.4186462941842379,0.5813537058157621,/wynton/group/sali/vipul/xray/matthew/multixray/sample_bench/out/277_native_5_t1000/2/output_395/pdbs/294.pdb,0.1804070168589631,0.195277666544089,0.4543565094995256,4.89734072019142,0.1940681841515957,4.923548869290872,0.5456434905004743,0.1516083036901239,12985.657253408566,0.1750816069819414,395
603,9.914180930174933,0.0952374194320272,0.9047625805679728,/wynton/group/sali/vipul/xray/matthew/multixray/sample_bench/out/277_native_5_t1000/2/output_603/pdbs/401.pdb,0.1795873998647902,0.2053450941864464,0.8391094659521865,4.98230241477833,0.2142861852448095,4.931878515396604,0.1608905340478135,0.1364609402095938,12521.879449061074,0.1888559212571617,603
604,9.870851940883897,0.0618547787939101,0.93814522120609,/wynton/group/sali/vipul/xray/matthew/multixray/sample_bench/out/277_native_5_t1000/2/output_489/pdbs/389.pdb,0.17131817708576,0.2011507027094299,0.5416233690072594,4.986210526077327,0.2253694909064182,4.88464141480657,0.4583766309927406,0.1368631311046007,12753.099048213691,0.1893515816851039,489
605,9.797565502622918,0.5145783854362226,0.4854216145637775,/wynton/group/sali/vipul/xray/matthew/multixray/sample_bench/out/277_native_5_t1000/2/output_646/pdbs/339.pdb,0.1805605230400998,0.1997574248554295,0.6700651338312437,4.889350200735432,0.1986507365552516,4.908215301887486,0.3299348661687563,0.1334296742135425,13032.385974750454,0.1746355810854822,646
606,9.767529126027366,0.7410162775174121,0.258983722482588,/wynton/group/sali/vipul/xray/matthew/multixray/sample_bench/out/277_native_5_t1000/2/output_316/pdbs/389.pdb,0.1819255777496601,0.2047322913177365,0.0614590904954792,4.824972233866548,0.1831090659230434,4.942556892160817,0.9385409095045208,0.1328495839967663,12466.004109022071,0.1634516331122624,316
607,9.766117648078236,0.4186894289505091,0.5813105710494909,/wynton/group/sali/vipul/xray/matthew/multixray/sample_bench/out/277_native_5_t1000/2/output_571/pdbs/431.pdb,0.1776176555522986,0.1980238402571957,0.5447198455715434,4.849307507799333,0.1876553262804944,4.916810140278902,0.4552801544284566,0.1468392542590739,12956.602810066386,0.1672597743974306,571
608,9.748234003871712,0.6127817492413583,0.3872182507586418,/wynton/group/sali/vipul/xray/matthew/multixray/sample_bench/out/277_native_5_t1000/2/output_150/pdbs/353.pdb,0.1721726491995934,0.1895873311574452,0.5798964408197109,4.8544075006732506,0.1872387035069165,4.893826503198462,0.4201035591802891,0.1257692052749126,12913.916335739264,0.1662512556666549,150
609,9.724020801567749,0.1485171904566962,0.8514828095433038,/wynton/group/sali/vipul/xray/matthew/multixray/sample_bench/out/277_native_5_t1000/2/output_838/pdbs/366.pdb,0.1590885685253555,0.179496604363121,0.6466941433719421,4.918666536268795,0.1997727878965363,4.805354265298954,0.3533058566280579,0.1278524974748107,12690.24124655886,0.1779827455867936,838
610,9.779389760234888,0.583061490371941,0.416938509628059,/wynton/group/sali/vipul/xray/matthew/multixray/sample_bench/out/277_native_5_t1000/2/output_996/pdbs/382.pdb,0.1757556458379783,0.1977249987917273,0.6038309614494023,4.863914382653207,0.1930085153962521,4.915475377581681,0.3961690385505977,0.1450387893800132,13013.0161275498,0.1672923175058614,996
611,9.752874100926,0.2401044160242225,0.7598955839757775,/wynton/group/sali/vipul/xray/matthew/multixray/sample_bench/out/277_native_5_t1000/2/output_292/pdbs/434.pdb,0.1694300215324395,0.1915472237751466,0.5542983071519313,4.881145573183679,0.1962520138163498,4.871728527742321,0.4457016928480687,0.1466417724375756,13017.558204771536,0.1727303943295412,292
612,9.859912985196221,0.0518926123926535,0.9481073876073464,/wynton/group/sali/vipul/xray/matthew/multixray/sample_bench/out/277_native_5_t1000/2/output_321/pdbs/382.pdb,0.1686651707007219,0.1967040905775869,0.6682560923586289,4.990708090438214,0.2175851481518873,4.869204894758007,0.3317439076413711,0.1337085081021798,12592.505590872934,0.1925878920990786,321
613,9.879932063187757,0.2030979585826104,0.7969020414173895,/wynton/group/sali/vipul/xray/matthew/multixray/sample_bench/out/277_native_5_t1000/2/output_542/pdbs/288.pdb,0.1863064596100541,0.2105478861428488,0.4204489014525383,4.924475548759745,0.2078839763548479,4.955456514428012,0.5795510985474617,0.1465987305483455,13143.310632461276,0.1826203020033161,542
614,9.794479892837625,0.4289065024464086,0.5710934975535915,/wynton/group/sali/vipul/xray/matthew/multixray/sample_bench/out/277_native_5_t1000/2/output_187/pdbs/362.pdb,0.1787613946795208,0.198435584768021,0.553769097499416,4.885643977201404,0.1933133161540461,4.90883591563622,0.4462309025005839,0.1273853557243688,12978.084361180732,0.1736348292643351,187
615,9.857164824031088,0.8943928587072624,0.1056071412927375,/wynton/group/sali/vipul/xray/matthew/multixray/sample_bench/out/277_native_5_t1000/2/output_549/pdbs/366.pdb,0.1730586788716372,0.2001497986387149,0.6079492308170176,4.975869868730724,0.2177778832737932,4.881294955300363,0.3920507691829825,0.1411657640225786,13057.452118988758,0.1906497374257234,549
616,9.957673018967999,0.0342472930229287,0.9657527069770712,/wynton/group/sali/vipul/xray/matthew/multixray/sample_bench/out/277_native_5_t1000/2/output_497/pdbs/369.pdb,0.1792196993151533,0.2093127954483411,0.3287613544495837,5.040993067033681,0.2355685798359376,4.916679951934317,0.6712386455504162,0.1523354137983025,12876.930063978009,0.2041765867464575,497
617,9.837625660281441,0.3451824281185717,0.6548175718814283,/wynton/group/sali/vipul/xray/matthew/multixray/sample_bench/out/277_native_5_t1000/2/output_532/pdbs/352.pdb,0.1834653183316603,0.2023261217960339,0.2871129059764001,4.911489716510769,0.2017809778734547,4.926135943770672,0.7128870940235998,0.1311686258167193,13065.705706280813,0.177619655052115,532
618,9.736470807192925,0.836112285389395,0.1638877146106049,/wynton/group/sali/vipul/xray/matthew/multixray/sample_bench/out/277_native_5_t1000/2/output_115/pdbs/391.pdb,0.1625523409122778,0.1825147169265421,0.3068239681916653,4.92582448482,0.2075273611470035,4.810646322372925,0.6931760318083346,0.1370386782166611,12762.696972551252,0.1779047773648526,115
619,9.777046138382449,0.634473209312959,0.3655267906870409,/wynton/group/sali/vipul/xray/matthew/multixray/sample_bench/out/277_native_5_t1000/2/output_363/pdbs/311.pdb,0.1795932958379837,0.2027578135969077,0.5063795334952954,4.861859567905604,0.1961484246680956,4.915186570476845,0.4936204665047046,0.1386734261058781,13152.143243091909,0.1696877701273811,363
620,9.783929504254587,0.3593353245969919,0.6406646754030081,/wynton/group/sali/vipul/xray/matthew/multixray/sample_bench/out/277_native_5_t1000/2/output_605/pdbs/426.pdb,0.1795873725757448,0.193490878346447,0.4779730635578451,4.8715419037819,0.1870555463202509,4.912387600472687,0.5220269364421549,0.1530933481702303,13099.01508061407,0.1718520593786286,605
621,9.905441341048322,0.8703352875057273,0.1296647124942727,/wynton/group/sali/vipul/xray/matthew/multixray/sample_bench/out/277_native_5_t1000/2/output_5/pdbs/113.pdb,0.175458987941061,0.198665413170853,0.2100186023389712,5.001058490535913,0.2171852465248988,4.904382850512409,0.7899813976610287,0.1536224423962673,12114.441732923367,0.1939420082791305,5
622,9.798923959145283,0.339590837033673,0.6604091629663269,/wynton/group/sali/vipul/xray/matthew/multixray/sample_bench/out/277_native_5_t1000/2/output_180/pdbs/323.pdb,0.1727926755944192,0.1897510304691085,0.4799296305590251,4.916236297731442,0.1999687140296172,4.882687661413841,0.5200703694409748,0.1532282290151968,13125.023853282746,0.1786010956748831,180
623,9.844491250983296,0.5782789143236985,0.4217210856763015,/wynton/group/sali/vipul/xray/matthew/multixray/sample_bench/out/277_native_5_t1000/2/output_294/pdbs/345.pdb,0.1992474529146666,0.2180238540397659,0.0031525407324952,4.811766260747748,0.1765111171263389,5.032724990235547,0.9968474592675048,0.1300356081237915,12636.167832373416,0.1619672330891315,294
624,9.762935862127097,0.3789342613366636,0.6210657386633364,/wynton/group/sali/vipul/xray/matthew/multixray/sample_bench/out/277_native_5_t1000/2/output_236/pdbs/420.pdb,0.1816741258978977,0.2064943255528711,0.7980896422758288,4.832798259880882,0.1887573142746879,4.930137602246215,0.2019103577241712,0.1466122057641696,12851.879782277874,0.1673298354612688,236
625,9.98220833246831,0.0876287761324044,0.9123712238675956,/wynton/group/sali/vipul/xray/matthew/multixray/sample_bench/out/277_native_5_t1000/2/output_39/pdbs/358.pdb,0.1909635921931139,0.2182972349763455,0.2591556371687634,5.012359589001726,0.2315260553187335,4.969848743466586,0.7408443628312367,0.1489207033801563,13149.415584900777,0.2006783168569771,39
626,9.774827556534557,0.654294171038563,0.3457058289614371,/wynton/group/sali/vipul/xray/matthew/multixray/sample_bench/out/277_native_5_t1000/2/output_540/pdbs/351.pdb,0.1769676608074252,0.1952465396283695,0.5451695468138988,4.863661023971408,0.189049585860858,4.911166532563148,0.4548304531861012,0.1217980245986271,13060.297903614546,0.1686644896870168,540
627,10.032282126434481,0.8024974411188134,0.1975025588811866,/wynton/group/sali/vipul/xray/matthew/multixray/sample_bench/out/277_native_5_t1000/2/output_647/pdbs/339.pdb,0.2051573253869719,0.2215491868501461,0.9251578214966992,5.013762368241028,0.219646857181436,5.018519758193454,0.0748421785033008,0.1511563173000041,13058.129349649342,0.1999294512305945,647
628,9.786389314143143,0.2879869056604106,0.7120130943395895,/wynton/group/sali/vipul/xray/matthew/multixray/sample_bench/out/277_native_5_t1000/2/output_396/pdbs/343.pdb,0.1753600123923066,0.1973159786462203,0.5039330555935527,4.8872202931106505,0.199601135825083,4.899169021032494,0.4960669444064473,0.1306657719242377,13061.238601977804,0.1741887530075937,396
629,9.863049622089891,0.0240863925646604,0.9759136074353396,/wynton/group/sali/vipul/xray/matthew/multixray/sample_bench/out/277_native_5_t1000/2/output_81/pdbs/369.pdb,0.1636003524722713,0.1893339919825378,0.4861449149620523,5.023417210292873,0.2235067245883061,4.839632411797018,0.5138550850379477,0.1701206820246315,12784.516800405285,0.1965982770857068,81
630,9.867161618067225,0.3467346646966933,0.6532653353033068,/wynton/group/sali/vipul/xray/matthew/multixray/sample_bench/out/277_native_5_t1000/2/output_308/pdbs/267.pdb,0.181585688617401,0.2013233830842033,0.3432810145523087,4.955332516545553,0.2104005067052426,4.911829101521671,0.6567189854476913,0.1354826331257645,12944.26821027452,0.1882958787780596,308
631,9.924992135518645,0.0037879356719067,0.9962120643280932,/wynton/group/sali/vipul/xray/matthew/multixray/sample_bench/out/277_native_5_t1000/2/output_154/pdbs/427.pdb,0.1738232413661632,0.1952825352345817,0.7419009300198107,5.035260436750968,0.2306013610693534,4.889731698767677,0.2580990699801893,0.1554555450278561,12587.20920703572,0.2020239385225139,154
632,9.863594661741736,0.6749653098662253,0.3250346901337748,/wynton/group/sali/vipul/xray/matthew/multixray/sample_bench/out/277_native_5_t1000/2/output_217/pdbs/355.pdb,0.1836909337840851,0.1998492708902434,0.6873101128189706,4.922029794291421,0.1989998754442965,4.941564867450315,0.3126898871810293,0.1674764864669104,13058.059055747515,0.1805629931867929,217
633,9.94188756875365,0.7222795162376974,0.2777204837623026,/wynton/group/sali/vipul/xray/matthew/multixray/sample_bench/out/277_native_5_t1000/2/output_493/pdbs/269.pdb,0.1931460755826088,0.2140725317530082,0.7898393068330678,4.971176499087318,0.2129168408820872,4.970711069666333,0.2101606931669321,0.154226146753302,12919.731630509428,0.1908717488542655,493
634,9.932931377420577,0.1340158699343984,0.8659841300656015,/wynton/group/sali/vipul/xray/matthew/multixray/sample_bench/out/277_native_5_t1000/2/output_430/pdbs/431.pdb,0.184452489513862,0.2100721229924381,0.4105537729662691,4.992179840681456,0.2263465671293404,4.940751536739121,0.5894462270337308,0.1357188434648151,13087.31791698254,0.1938285022207829,430
635,9.739640828939805,0.4661381254886317,0.5338618745113682,/wynton/group/sali/vipul/xray/matthew/multixray/sample_bench/out/277_native_5_t1000/2/output_296/pdbs/394.pdb,0.1760589581329137,0.2031984532519863,0.820830135427065,4.831710994549075,0.1810028211440927,4.907929834390731,0.179169864572935,0.1177542335541887,12834.104279959223,0.1641702513231447,296
636,9.844212642734721,0.2294257855986243,0.7705742144013756,/wynton/group/sali/vipul/xray/matthew/multixray/sample_bench/out/277_native_5_t1000/2/output_896/pdbs/452.pdb,0.1827491376934822,0.2041500379687569,0.4423676229795886,4.914073378595349,0.202569043159527,4.930139264139373,0.5576323770204115,0.1497595065905679,13164.467963057696,0.1817144642484402,896
637,9.776723209453753,0.5029623353074477,0.4970376646925523,/wynton/group/sali/vipul/xray/matthew/multixray/sample_bench/out/277_native_5_t1000/2/output_906/pdbs/408.pdb,0.1777603434645951,0.2015053597827505,0.4659900206095055,4.853361480501688,0.1899167173912972,4.923361728952066,0.5340099793904945,0.1229822462948219,13216.911864373764,0.1669358947245533,906
638,10.02293757499432,0.190258284584193,0.809741715415807,/wynton/group/sali/vipul/xray/matthew/multixray/sample_bench/out/277_native_5_t1000/2/output_31/pdbs/273.pdb,0.2002716340923736,0.222444322764637,0.1970215544733314,5.032496994864537,0.2250079340810173,4.990440580129784,0.8029784455266686,0.1528844334837976,13021.565586827384,0.2076929087431625,31
639,9.795546682711958,0.2434805789109672,0.7565194210890328,/wynton/group/sali/vipul/xray/matthew/multixray/sample_bench/out/277_native_5_t1000/2/output_345/pdbs/288.pdb,0.1738623865199848,0.1961826952327706,0.4624455573665749,4.901178313349731,0.2032823712998144,4.894368369362227,0.5375544426334251,0.1465552310090294,12871.46067077222,0.1754868126892136,345
640,9.998020693417965,0.1736506702124969,0.8263493297875031,/wynton/group/sali/vipul/xray/matthew/multixray/sample_bench/out/277_native_5_t1000/2/output_825/pdbs/322.pdb,0.1991081259318543,0.2250756511356082,0.2563480362705814,5.001168132998568,0.2348924897587811,4.996852560419397,0.7436519637294186,0.1459000190085926,13103.945314895109,0.2009064112197192,825
641,9.754826840699916,0.4620687267739706,0.5379312732260293,/wynton/group/sali/vipul/xray/matthew/multixray/sample_bench/out/277_native_5_t1000/2/output_565/pdbs/419.pdb,0.1764569570226373,0.1982818841869063,0.432394152097128,4.838629726522799,0.1904408289182595,4.916197114177116,0.5676058479028719,0.1581117675161005,13091.3309069855,0.1650777095171289,565
642,9.94269694961411,0.306946438565669,0.6930535614343311,/wynton/group/sali/vipul/xray/matthew/multixray/sample_bench/out/277_native_5_t1000/2/output_546/pdbs/340.pdb,0.2028256962962639,0.2301603443995535,0.0236034067649299,4.915061356227434,0.2029506070211277,5.027635593386676,0.97639659323507,0.1342975330144236,13089.578731042637,0.1792094671534259,546
643,9.792674074557056,0.1146841131988336,0.8853158868011664,/wynton/group/sali/vipul/xray/matthew/multixray/sample_bench/out/277_native_5_t1000/2/output_144/pdbs/350.pdb,0.1662472754054659,0.1876067655951958,0.5409196046038536,4.946917836054444,0.2132679151503303,4.845756238502612,0.4590803953961463,0.1458685317411856,12836.988420715124,0.18233405578869,144
644,9.822309940241082,0.908014634506203,0.0919853654937969,/wynton/group/sali/vipul/xray/matthew/multixray/sample_bench/out/277_native_5_t1000/2/output_182/pdbs/405.pdb,0.1636783741327869,0.1851709551905662,0.4857806430557964,4.995183045065877,0.2214254391033405,4.827126895175205,0.5142193569442037,0.1373273283741644,12679.613581506765,0.191369619453577,182
645,9.73751308919751,0.6352732992376185,0.3647267007623815,/wynton/group/sali/vipul/xray/matthew/multixray/sample_bench/out/277_native_5_t1000/2/output_56/pdbs/388.pdb,0.178421317929637,0.2103083706595441,0.079629382957952,4.820249237108609,0.1858985152500324,4.917263852088902,0.920370617042048,0.12005251452567,12866.36305817528,0.1642518832606903,56
646,9.712926826943615,0.68498956418528,0.31501043581472,/wynton/group/sali/vipul/xray/matthew/multixray/sample_bench/out/277_native_5_t1000/2/output_78/pdbs/379.pdb,0.1720312687203667,0.1941177377939298,0.2632379755545886,4.822816666813202,0.1866813493496057,4.890110160130414,0.7367620244454114,0.1352815949382079,12886.501898326538,0.1632418978322974,78
647,9.59651850981708,0.3959429020661958,0.6040570979338041,/wynton/group/sali/vipul/xray/matthew/multixray/sample_bench/out/277_native_5_t1000/2/output_480/pdbs/360.pdb,0.1616431013835884,0.1800844314708608,0.7784901169623164,4.768102865703053,0.169417482216532,4.8284156441140285,0.2215098830376835,0.1324770519290869,12513.836834807384,0.1507876718250981,480
648,9.602923731457727,0.5854042921992519,0.414595707800748,/wynton/group/sali/vipul/xray/matthew/multixray/sample_bench/out/277_native_5_t1000/2/output_14/pdbs/422.pdb,0.1553811583926245,0.1763341958956936,0.2496310179937533,4.813390885863629,0.1821706028656927,4.789532845594098,0.7503689820062467,0.1310054849628921,12720.39893081488,0.1578911378741784,14
649,9.891285724634255,0.9777645617883632,0.0222354382116367,/wynton/group/sali/vipul/xray/matthew/multixray/sample_bench/out/277_native_5_t1000/2/output_286/pdbs/266.pdb,0.1677582804110865,0.1883044286595459,0.5413558543149706,5.041607049577896,0.2245072590107361,4.849678675056359,0.4586441456850295,0.1635726517831001,12988.027824744882,0.2010144199734187,286
650,9.79362146734351,0.4539402308654139,0.546059769134586,/wynton/group/sali/vipul/xray/matthew/multixray/sample_bench/out/277_native_5_t1000/2/output_802/pdbs/294.pdb,0.1794412486863155,0.2006982557672417,0.2942487027943964,4.8796226750171625,0.1966851902608337,4.913998792326348,0.7057512972056037,0.1698066392007755,12908.816655526414,0.1708235016119227,802
651,9.936147336969675,0.0133461792607538,0.986653820739246,/wynton/group/sali/vipul/xray/matthew/multixray/sample_bench/out/277_native_5_t1000/2/output_706/pdbs/434.pdb,0.1757840153883591,0.1988275938592008,0.3589323803883358,5.046252638721263,0.2337684954850202,4.889894698248413,0.6410676196116641,0.1463224123602276,12881.264316237965,0.2016966130246972,706
652,9.700448901933335,0.5982524973591618,0.4017475026408383,/wynton/group/sali/vipul/xray/matthew/multixray/sample_bench/out/277_native_5_t1000/2/output_113/pdbs/382.pdb,0.1690837800596452,0.1897745256716785,0.3498848343719888,4.837233829806559,0.1868032526988272,4.863215072126777,0.6501151656280112,0.1206344855899023,12989.552900481704,0.1660797771284747,113
653,9.7951748381221,0.4546971577233147,0.5453028422766854,/wynton/group/sali/vipul/xray/matthew/multixray/sample_bench/out/277_native_5_t1000/2/output_420/pdbs/449.pdb,0.1915574186068555,0.2136939677173817,0.0793207977517117,4.816526509148384,0.1827096973180226,4.978648328973716,0.9206792022482884,0.1215163815201711,12771.093285956724,0.1594953904676736,420
654,9.823944908024092,0.5467728511373596,0.4532271488626404,/wynton/group/sali/vipul/xray/matthew/multixray/sample_bench/out/277_native_5_t1000/2/output_84/pdbs/78.pdb,0.1807833286906238,0.1993450024918791,0.7062823226158293,4.911011214679783,0.2016646350371726,4.912933693344309,0.2937176773841707,0.1166666625351636,12230.138310769464,0.177553179605051,84
655,9.734026709056108,0.8075934994713222,0.1924065005286777,/wynton/group/sali/vipul/xray/matthew/multixray/sample_bench/out/277_native_5_t1000/2/output_94/pdbs/371.pdb,0.1827905444980372,0.2001322941675673,0.1334763799575332,4.7894255072718135,0.170142679632804,4.944601201784295,0.8665236200424667,0.1371313087892992,12380.218530125365,0.1575166608272416,94
656,9.782788195831625,0.471236220981884,0.528763779018116,/wynton/group/sali/vipul/xray/matthew/multixray/sample_bench/out/277_native_5_t1000/2/output_65/pdbs/422.pdb,0.1838500258725257,0.2095294794575409,0.8726607777203139,4.849719526312568,0.1851911217125468,4.933068669519057,0.1273392222796861,0.1141320641116264,12891.933163596776,0.167377651123086,65
657,9.763059432432472,0.4968259505756133,0.5031740494243867,/wynton/group/sali/vipul/xray/matthew/multixray/sample_bench/out/277_native_5_t1000/2/output_206/pdbs/441.pdb,0.1788669581514803,0.2015657828142312,0.8559438281274788,4.850587422864391,0.1895592351760682,4.912472009568082,0.1440561718725211,0.1214268533142854,12775.155542871604,0.1657992657715114,206
658,9.868791338655654,0.333057687246395,0.666942312753605,/wynton/group/sali/vipul/xray/matthew/multixray/sample_bench/out/277_native_5_t1000/2/output_231/pdbs/318.pdb,0.187669857898328,0.2140410824089886,0.1533718294656372,4.917526533620894,0.2011936578792109,4.95126480503476,0.8466281705343627,0.1449143775885603,12841.947250599436,0.1801131485136443,231
659,9.918241864447962,0.8081601691761359,0.191839830823864,/wynton/group/sali/vipul/xray/matthew/multixray/sample_bench/out/277_native_5_t1000/2/output_297/pdbs/313.pdb,0.1865957491077597,0.2187443998567709,0.6463779942263519,4.955992180459842,0.2162732967508305,4.96224968398812,0.3536220057736482,0.1302835306810054,13289.69795630335,0.1890276663684379,297
660,9.677027191678793,0.4153193449355892,0.5846806550644109,/wynton/group/sali/vipul/xray/matthew/multixray/sample_bench/out/277_native_5_t1000/2/output_324/pdbs/300.pdb,0.1693345668841597,0.190246335859299,0.6597807946821508,4.799000881592542,0.1814175244747417,4.87802631008625,0.3402192053178492,0.118338505583028,12684.632039623955,0.1541113613464725,324
661,9.980338557328064,0.0036611140099737,0.9963388859900264,/wynton/group/sali/vipul/xray/matthew/multixray/sample_bench/out/277_native_5_t1000/2/output_843/pdbs/455.pdb,0.1835324669144754,0.2068686648416271,0.2875037227013712,5.042681025428368,0.2319541203678452,4.937657531899696,0.7124962772986287,0.1481336051264579,12723.127052751715,0.2051595572977769,843
662,9.83808145026283,0.7032375217288108,0.2967624782711892,/wynton/group/sali/vipul/xray/matthew/multixray/sample_bench/out/277_native_5_t1000/2/output_765/pdbs/328.pdb,0.1754143280846511,0.193425445327135,0.6125780778523854,4.927660648526532,0.1969738115863993,4.910420801736298,0.3874219221476147,0.1684576269537374,12929.965122766069,0.1798152003178274,765
663,9.59422883307872,0.6954597997386305,0.3045402002613695,/wynton/group/sali/vipul/xray/matthew/multixray/sample_bench/out/277_native_5_t1000/2/output_702/pdbs/406.pdb,0.1606774564944244,0.1821996943935117,0.2555005296201995,4.776668876565338,0.17689699224421,4.817559956513383,0.7444994703798005,0.1170062975485924,12616.786857673853,0.1546793202304658,702
664,9.611076970927588,0.2795191946054913,0.7204808053945086,/wynton/group/sali/vipul/xray/matthew/multixray/sample_bench/out/277_native_5_t1000/2/output_7/pdbs/445.pdb,0.164724037918188,0.1783891528261161,0.5938602803568815,4.764675042220131,0.1699491043415684,4.846401928707456,0.4061397196431184,0.1251933522841374,13011.222710958393,0.1518918377855587,7
665,9.906837647846398,0.9389481192545384,0.0610518807454616,/wynton/group/sali/vipul/xray/matthew/multixray/sample_bench/out/277_native_5_t1000/2/output_0/pdbs/312.pdb,0.1747589656746486,0.1966604931029526,0.1759033338992852,5.002209426272976,0.2255371335031177,4.904628221573422,0.8240966661007149,0.134839241759516,12646.997381783936,0.1957938848089553,0
666,9.857819171713746,0.5904184784535568,0.4095815215464432,/wynton/group/sali/vipul/xray/matthew/multixray/sample_bench/out/277_native_5_t1000/2/output_256/pdbs/302.pdb,0.1829536579940981,0.2065322220726975,0.6595480591104443,4.923820251388806,0.2075529018990886,4.93399892032494,0.3404519408895557,0.150719304978273,12901.448330709442,0.1810373263482371,256
667,9.748586987861138,0.4614811814214749,0.538518818578525,/wynton/group/sali/vipul/xray/matthew/multixray/sample_bench/out/277_native_5_t1000/2/output_543/pdbs/380.pdb,0.1764758104910363,0.1989870286793572,0.572026325617386,4.847178334085123,0.189821241314999,4.901408653776016,0.427973674382614,0.1467749468764444,13075.45944425712,0.1640044315815052,543
668,9.832014763238789,0.2593254938635951,0.740674506136405,/wynton/group/sali/vipul/xray/matthew/multixray/sample_bench/out/277_native_5_t1000/2/output_262/pdbs/331.pdb,0.1805164961917192,0.2013010423401411,0.456500432145397,4.903280723525723,0.2052526088536585,4.928734039713064,0.5434995678546031,0.1673068575070258,13012.124475407996,0.1777894515664881,262
669,9.851915612334416,0.4053973061274715,0.5946026938725284,/wynton/group/sali/vipul/xray/matthew/multixray/sample_bench/out/277_native_5_t1000/2/output_754/pdbs/449.pdb,0.1827214796323363,0.2027783306790883,0.2353582724024834,4.929074177349641,0.2008862373117036,4.922841434984775,0.7646417275975166,0.1724174182196775,12832.8147272998,0.1821608946606724,754
670,9.878166589084177,0.7559428893439823,0.2440571106560176,/wynton/group/sali/vipul/xray/matthew/multixray/sample_bench/out/277_native_5_t1000/2/output_133/pdbs/402.pdb,0.1866226116696268,0.2023808170821764,0.6626191615462075,4.932988461960422,0.2042874515719006,4.945178127123755,0.3373808384537926,0.1607476242616995,12973.284004468132,0.1870938747628823,133
671,9.62699118607873,0.3486304454722929,0.6513695545277072,/wynton/group/sali/vipul/xray/matthew/multixray/sample_bench/out/277_native_5_t1000/2/output_987/pdbs/409.pdb,0.1727241224756379,0.1906995855370988,0.8154927190923711,4.742639261323812,0.1696242960002456,4.884351924754917,0.1845072809076289,0.1345124051959869,12628.069319847644,0.1506613803401804,987
672,9.810789058616965,0.411449101758444,0.5885508982415559,/wynton/group/sali/vipul/xray/matthew/multixray/sample_bench/out/277_native_5_t1000/2/output_386/pdbs/379.pdb,0.1927210729569045,0.2140472304593444,0.9152692764547872,4.824839995263359,0.1858341639154532,4.985949063353607,0.0847307235452128,0.1247762563726477,12841.556512053616,0.1641403568748634,386
673,9.827170698312264,0.6227281658899323,0.3772718341100676,/wynton/group/sali/vipul/xray/matthew/multixray/sample_bench/out/277_native_5_t1000/2/output_966/pdbs/358.pdb,0.1828962766407076,0.2061061486643532,0.7991762675377964,4.906427256373261,0.1983016075929403,4.920743441939003,0.2008237324622036,0.1313503138823142,13069.575113984956,0.1777776555985203,966
674,9.737236539537825,0.7294361245436849,0.2705638754563151,/wynton/group/sali/vipul/xray/matthew/multixray/sample_bench/out/277_native_5_t1000/2/output_192/pdbs/393.pdb,0.1673936170397582,0.1894339795263296,0.3950312054814282,4.870343978242564,0.198757226585528,4.866892561295261,0.6049687945185718,0.1240719449959953,13023.441096507597,0.1676804840883241,192
675,10.014070660735843,0.2256757240637065,0.7743242759362935,/wynton/group/sali/vipul/xray/matthew/multixray/sample_bench/out/277_native_5_t1000/2/output_893/pdbs/315.pdb,0.2004923110820156,0.223041117492645,0.2489783153423672,5.019129742354368,0.2250839535289507,4.994940918381476,0.7510216846576327,0.1842654834343255,12929.519535395752,0.2056292979312524,893
676,9.811575897298745,0.4308000558641209,0.569199944135879,/wynton/group/sali/vipul/xray/matthew/multixray/sample_bench/out/277_native_5_t1000/2/output_419/pdbs/302.pdb,0.1819992170113401,0.2064791851188014,0.393741263659683,4.883643854608982,0.1925579406736548,4.927932042689764,0.606258736340317,0.1261406802341716,13010.75070586272,0.1727106515810952,419
677,9.675144488555354,0.4895818014980418,0.5104181985019582,/wynton/group/sali/vipul/xray/matthew/multixray/sample_bench/out/277_native_5_t1000/2/output_175/pdbs/437.pdb,0.1722915843300841,0.192565661302403,0.6961541615045878,4.793647122857172,0.1817466454763833,4.881497365698182,0.3038458384954123,0.1146391367632842,12815.820734613462,0.1577985333007968,175
678,9.88459352669463,0.3317248637949141,0.6682751362050858,/wynton/group/sali/vipul/xray/matthew/multixray/sample_bench/out/277_native_5_t1000/2/output_149/pdbs/317.pdb,0.1895290065431426,0.2128691956031965,0.1372016316622593,4.927235699610891,0.2062685115705506,4.957357827083738,0.8627983683377407,0.1390900688982222,13113.489145940031,0.181576827072527,149
679,9.768794599429171,0.8364050878087932,0.1635949121912068,/wynton/group/sali/vipul/xray/matthew/multixray/sample_bench/out/277_native_5_t1000/2/output_304/pdbs/373.pdb,0.1661341959969768,0.1861846415911333,0.2717694348522743,4.929338463840264,0.2017035078004339,4.839456135588906,0.7282305651477257,0.136939140560163,12726.63942892858,0.1800846142405206,304
680,9.856036492914317,0.2673467838554589,0.732653216144541,/wynton/group/sali/vipul/xray/matthew/multixray/sample_bench/out/277_native_5_t1000/2/output_130/pdbs/278.pdb,0.1876993498465696,0.2135600056271007,0.4444321964959599,4.902917755045079,0.2079621339110792,4.953118737869237,0.5555678035040401,0.1673071445912685,13143.456178471197,0.1765112621885064,130
681,9.995178450202864,0.9788504660409256,0.0211495339590742,/wynton/group/sali/vipul/xray/matthew/multixray/sample_bench/out/277_native_5_t1000/2/output_260/pdbs/168.pdb,0.182404028037062,0.1991840966496354,0.7354822534903841,5.068055537527514,0.2382134059818315,4.927122912675351,0.264517746509616,0.1423837006129084,12756.288871670768,0.2092236727094328,260
682,9.781049882373765,0.5344123740026885,0.4655876259973114,/wynton/group/sali/vipul/xray/matthew/multixray/sample_bench/out/277_native_5_t1000/2/output_979/pdbs/400.pdb,0.1772388888059499,0.1993021657582643,0.6038335387362603,4.867724179988694,0.1903811344070786,4.913325702385071,0.3961664612637397,0.1455906748576619,13251.623347948407,0.1692356621563968,979
683,9.670158283737164,0.3352667905745413,0.6647332094254587,/wynton/group/sali/vipul/xray/matthew/multixray/sample_bench/out/277_native_5_t1000/2/output_75/pdbs/424.pdb,0.167272366363187,0.1841527807766657,0.591296669305289,4.813818932485829,0.1777774979271259,4.856339351251335,0.408703330694711,0.1548089130691544,12783.104295795942,0.1606007986629462,75
684,9.795182665337911,0.7122436443246625,0.2877563556753376,/wynton/group/sali/vipul/xray/matthew/multixray/sample_bench/out/277_native_5_t1000/2/output_183/pdbs/411.pdb,0.1775102428278543,0.1993231660245028,0.1866941065437249,4.891870431744602,0.1976967567440849,4.903312233593311,0.813305893456275,0.1339997784670087,12951.41444465081,0.1752054457768854,183
685,9.639995450991048,0.6109527325591146,0.3890472674408854,/wynton/group/sali/vipul/xray/matthew/multixray/sample_bench/out/277_native_5_t1000/2/output_563/pdbs/340.pdb,0.1650462194191078,0.1849637485298428,0.4268609212834721,4.7978117300839145,0.1759466146370321,4.842183720907133,0.5731390787165278,0.1488359299543234,12848.747630106747,0.1584004248684365,563
686,9.7399977512454,0.6532848238378729,0.346715176162127,/wynton/group/sali/vipul/xray/matthew/multixray/sample_bench/out/277_native_5_t1000/2/output_357/pdbs/355.pdb,0.1756197985076055,0.1974957063497049,0.171595333688252,4.8492546606373095,0.1925291947589801,4.89074309060809,0.828404666311748,0.1561846077552371,12690.17783630042,0.1698592457773191,357
687,9.81399696698762,0.4053181844639134,0.5946818155360867,/wynton/group/sali/vipul/xray/matthew/multixray/sample_bench/out/277_native_5_t1000/2/output_69/pdbs/336.pdb,0.1869724047566139,0.207034117589575,0.1869864739138118,4.864690403675619,0.1911905432843199,4.949306563312001,0.8130135260861883,0.1234061243669724,12890.936877839336,0.1702878802774213,69
688,9.877636445548891,0.3525808056351041,0.647419194364896,/wynton/group/sali/vipul/xray/matthew/multixray/sample_bench/out/277_native_5_t1000/2/output_767/pdbs/362.pdb,0.1935416858470705,0.2119304526507842,0.0425558239842278,4.905222821901516,0.200618105050413,4.972413623647375,0.957444176015772,0.1368506206495873,12880.261662439909,0.1761728522327811,767
