,n,xray_native_5_0+xray_native_5_1_mean,xray_native_5_0+xray_native_5_1_std,ff_mean,ff_std,rmsd_mean,rmsd_std,xray_native_5_0+xray_native_5_1_50,xray_native_5_0+xray_native_5_1_25,xray_native_5_0+xray_native_5_1_75,ff_50,ff_25,ff_75,rmsd_50,rmsd_25,rmsd_75
0,1,9.805316680899223,0.10498666262034072,12850.85562868377,202.23610993402121,0.13897009165538787,0.01472203238963497,9.796584945894445,9.735041125730636,9.865882238631126,12870.768211024866,12720.305424117327,13001.523036770492,0.136939140560163,0.1279448455599784,0.148205509223
1,2,9.748171961098997,0.07577079024235982,12855.585751244602,186.0864522144623,0.1359123159122971,0.01470160824807519,9.748053250613562,9.695610667372573,9.7965129579954,12865.818398770563,12728.333060911822,12985.34962244889,0.13344044582883413,0.1239541181908808,0.1462794879446013
2,3,9.722547586159342,0.0644690013904319,12848.792120168915,176.03091183146626,0.13528459914068314,0.015525608666397479,9.724343769895755,9.679602196149553,9.769510564682577,12853.085648459197,12729.736349737945,12966.644511558765,0.13210817486781512,0.1225297223670936,0.1462794879446013
3,4,9.7080737562648,0.05818548787805989,12837.050631000708,169.2042342358705,0.1352241127305022,0.01615237709809914,9.707017563152256,9.672264174248056,9.749049334723011,12848.5826992177,12720.39893081488,12949.190549286932,0.13196535692075,0.1224204347301758,0.1464360069514544
4,5,9.695220745754323,0.05513744915183896,12827.780873369875,162.86959050744088,0.13487067951299042,0.01626613542806209,9.69577699602429,9.652449101564166,9.735280619471812,12835.546350337174,12717.708012249595,12928.699577361494,0.1318610093915552,0.1217181185702392,0.1466101082260163
5,6,9.684788024949253,0.051426149042781366,12818.989906865541,160.27699087386753,0.13483933493280967,0.016706235241230778,9.684137799583985,9.647033837022253,9.72195385898807,12814.011991908896,12705.175121941367,12928.27874661688,0.1312560915544907,0.1213720468701105,0.1464360069514544
6,7,9.67771996741161,0.049113308549034805,12816.32323043003,159.03986751769895,0.13505161826189677,0.017247185989687597,9.68204720559278,9.641663222121434,9.712926826943615,12812.686896529001,12705.175121941367,12917.544622445981,0.1310054849628921,0.1212832776990165,0.1466101082260163
7,8,9.67187457412901,0.047228542118833504,12813.357775982859,154.15739676198567,0.13463036258829467,0.016978972452816116,9.675743140102725,9.639995450991048,9.703525156283279,12811.361801149107,12707.529214478913,12916.026652282537,0.1310054849628921,0.12121862679276339,0.1464360069514544
8,9,9.667032563080038,0.045662847176337625,12805.812957119937,151.20174560580932,0.13491512989828447,0.017405377426992854,9.66920179506534,9.635155438107065,9.700088228537702,12793.201265578073,12705.175121941367,12891.514130748346,0.1310054849628921,0.1210901462739175,0.14647953227009486
9,10,9.662779007743648,0.04451569429838714,12804.191860170406,152.43390548526855,0.13528910084277784,0.017558117647388433,9.662287990936516,9.6318005067947,9.695111681417425,12788.286267495983,12705.175121941367,12900.843597984043,0.13128848107842678,0.12157003997935276,0.1466101082260163
10,11,9.659782006207928,0.043591841911906654,12803.316614662062,155.74509663721648,0.13529324263705206,0.01796608499118545,9.661445196578642,9.627157551215555,9.688330031522144,12783.945798117193,12705.175121941367,12900.843597984043,0.1312560915544907,0.1212614536323787,0.1466101082260163
11,12,9.656567444289982,0.042377332425625226,12802.281853371831,155.86722677937271,0.13529703177800345,0.01810310529603098,9.656705304815372,9.624270499257388,9.683770309539211,12783.525046956567,12705.175121941367,12900.843597984043,0.1312560915544907,0.1212614536323787,0.1464360069514544
12,13,9.65270854407222,0.0415173036439356,12797.521410433827,155.87310392907557,0.1353116082456954,0.018142007075749512,9.650372808494875,9.619139588803565,9.683028371051677,12782.137828294415,12705.00789567499,12893.785982894937,0.1312560915544907,0.1212614536323787,0.1464360069514544
13,14,9.649405887633913,0.0408517536763309,12795.608508665295,154.57145773509092,0.13498358258439278,0.01796891034109654,9.650114477332634,9.616892014082964,9.679582910726094,12782.137828294415,12703.465501630826,12887.19391027336,0.1312560915544907,0.1210901462739175,0.1464360069514544
14,15,9.647305261817296,0.040271610375330655,12793.417210246653,154.13536999668574,0.1347122871534225,0.018044789211428335,9.643556095236884,9.61424279928166,9.679168015457403,12782.137828294415,12702.836114483156,12887.19391027336,0.1310054849628921,0.12099243841853854,0.1464360069514544
15,16,9.644811082296838,0.039143097943552356,12794.0616626237,153.99227940568085,0.13453513274839624,0.017639424584925362,9.642770811166862,9.612349468207622,9.674959949236374,12780.469625339318,12702.836114483156,12887.218643528704,0.1310054849628921,0.1210660265660326,0.14612480337198544
16,17,9.642609485064527,0.03831182902378886,12792.22988813754,153.93852382169385,0.13456215224972015,0.01768534009006309,9.641663222121434,9.612349468207622,9.671744153535531,12768.613471343186,12702.836114483156,12887.19391027336,0.1310054849628921,0.12097349187362236,0.1464360069514544
17,18,9.640150933738797,0.037377845176494916,12790.210351659796,152.93167809869195,0.1348615657202935,0.017989591437373612,9.64164016575235,9.611076970927588,9.66920179506534,12762.055354633569,12702.745219132985,12887.19391027336,0.1310054849628921,0.12097349187362236,0.1466101082260163
18,19,9.638336696627753,0.036490108703817116,12789.48376121005,151.5102789503653,0.13465633118746292,0.01805748085906043,9.639995450991048,9.611076970927588,9.663535953960569,12756.088669715144,12702.47253308247,12887.19391027336,0.1310054849628921,0.1208865172717925,0.1464360069514544
19,20,9.636555493976234,0.035545365105556656,12786.2723764931,151.40022812359817,0.13456416023684156,0.017962785141071348,9.635155438107065,9.602923731457729,9.662039252244742,12756.088669715144,12702.47253308247,12884.912990029838,0.1307328756811447,0.1208865172717925,0.1464360069514544
20,21,9.634848458090495,0.03469036583972252,12786.998462760002,150.40610264823184,0.1345176388353182,0.018070773495266396,9.633231807116218,9.602923731457729,9.661042144057342,12756.088669715144,12702.47253308247,12884.912990029838,0.1307328756811447,0.1208865172717925,0.1464360069514544
21,22,9.633534802656635,0.034198257520820244,12785.896898397512,149.38882546855467,0.13425925154025584,0.017958972317602913,9.6318005067947,9.602895343867154,9.65704396841453,12756.088669715144,12702.47253308247,12884.912990029838,0.1307328756811447,0.1208865172717925,0.1464360069514544
22,23,9.63230672489185,0.0334327031792729,12782.856429558566,150.15858710060735,0.13413516251545665,0.017781353172947205,9.628108673044236,9.602810181095432,9.652449101564166,12751.777892545526,12689.019706398063,12883.892818904436,0.1307227133023186,0.1208865172717925,0.1464360069514544
23,24,9.630634873889468,0.03295381508439909,12779.592201532767,150.75633124982292,0.13415232938563718,0.017988200379470787,9.627157551215555,9.602810181095432,9.65213346213747,12751.777892545526,12689.019706398063,12881.450940287477,0.1307125509234925,0.1208865172717925,0.1464360069514544
24,25,9.62980383304088,0.032543270483968795,12777.686987697989,150.5301742328694,0.13422226218582936,0.018019648355436377,9.62699118607873,9.602810181095432,9.651764740321486,12751.777892545526,12689.019706398063,12880.636980748492,0.1307328756811447,0.1208865172717925,0.1464360069514544
25,26,9.628719982751994,0.032011727497024814,12778.367445585247,150.07804529617022,0.1339797899241009,0.018077702275207552,9.625630842668059,9.602810181095432,9.650365147812789,12751.777892545526,12689.019706398063,12880.636980748492,0.1307125509234925,0.1202516565955465,0.1464360069514544
26,27,9.627572948403845,0.03156915735271945,12774.806520166518,151.10895775706234,0.13392078604800678,0.018030029204054387,9.624270499257388,9.602276844253431,9.650114477332634,12749.57806625506,12689.019706398063,12880.636980748492,0.1307125509234925,0.1202516565955465,0.1464360069514544
27,28,9.626790556370425,0.031244044101137118,12772.76646719433,150.23743811102148,0.1338907287447115,0.01794371482661296,9.624270499257388,9.602276844253431,9.64772758214944,12749.57806625506,12685.739325245366,12880.636980748492,0.1307125509234925,0.1202516565955465,0.1464360069514544
28,29,9.62603392648345,0.030991839234134056,12771.587439862358,149.76612700418906,0.13371494646008847,0.01796096939366249,9.624038251084464,9.602276844253431,9.64772758214944,12749.57806625506,12684.632039623955,12874.104009390709,0.1307125509234925,0.1202516565955465,0.14612480337198544
29,30,9.625167666109926,0.030651067772034284,12771.985702646412,151.09552047261494,0.1339442526359324,0.018190366106646705,9.62380600291154,9.59859061742877,9.643905221837835,12746.425778174129,12682.208386071072,12880.636980748492,0.1307125509234925,0.1202516565955465,0.1464360069514544
30,31,9.624363322119626,0.0302637523289081,12773.412018626092,151.97812422376597,0.13401961130437548,0.018120970865693087,9.62380600291154,9.59859061742877,9.643556095236884,12748.95556421026,12682.208386071072,12880.636980748492,0.1307125509234925,0.1202516565955465,0.1464360069514544
31,32,9.623166127980477,0.02958008719425652,12771.63392177713,151.10382124275415,0.13397749552664845,0.01810245763184088,9.6235562322975,9.59859061742877,9.643336994049903,12743.895992138,12682.208386071072,12867.16875023315,0.1307125509234925,0.1202516565955465,0.1464360069514544
32,33,9.622061054689537,0.028950211991354412,12771.09190738717,151.2857290831348,0.1341175109044091,0.018369902771426434,9.619139588803565,9.59859061742877,9.642770811166862,12743.895992138,12682.208386071072,12867.16875023315,0.1307125509234925,0.1202516565955465,0.1466101082260163
33,34,9.621434158751995,0.028748913132051485,12769.875611043843,150.9719278423203,0.13406478708888228,0.018539097808734663,9.619139588803565,9.59859061742877,9.641663222121434,12743.895992138,12682.208386071072,12867.16875023315,0.1307125509234925,0.1202516565955465,0.1466101082260163
34,35,9.620762111143286,0.028463839673774693,12769.443888892682,149.90566136496994,0.13398519267541048,0.01849900405120222,9.619139588803565,9.598311202573344,9.64164016575235,12743.895992138,12682.208386071072,12867.16875023315,0.1307125509234925,0.1202516565955465,0.1464360069514544
35,36,9.619787698659124,0.028034083982179776,12767.303262131378,148.93792150709214,0.1339610532198387,0.018433100878619598,9.616892014082964,9.598311202573344,9.639995450991048,12743.895992138,12682.208386071072,12867.16875023315,0.1307328756811447,0.11862868464076075,0.1466101082260163
36,37,9.619121253085506,0.02782753155061723,12767.535529513125,149.92659203671292,0.13402271857141432,0.018591995706945932,9.616892014082964,9.598311202573344,9.639995450991048,12743.895992138,12682.208386071072,12867.16875023315,0.1307328756811447,0.1183778275351624,0.1466101082260163
37,38,9.61863319035793,0.027579163620604117,12768.290829224057,150.5479423190453,0.1341704201862772,0.018723375379904757,9.616892014082964,9.598311202573344,9.639995450991048,12743.895992138,12682.208386071072,12867.16875023315,0.1310054849628921,0.1183778275351624,0.1466101082260163
38,39,9.617935921608911,0.02726636093230844,12767.686446753014,151.4923606990649,0.1344092858825838,0.018892776186016612,9.616892014082964,9.598311202573344,9.63660704621517,12743.895992138,12682.208386071072,12867.16875023315,0.1310054849628921,0.1183778275351624,0.1466101082260163
39,40,9.616822521452633,0.026871461973449865,12766.148528909836,152.07615679091228,0.13446536817373764,0.018997017424588467,9.61424279928166,9.59651850981708,9.635155438107065,12743.895992138,12682.208386071072,12867.16875023315,0.1310054849628921,0.1183778275351624,0.1466101082260163
40,41,9.616276615492719,0.02676074667260388,12766.469834766915,151.78606837051214,0.13430996754045402,0.019020898853492695,9.61424279928166,9.59651850981708,9.633231807116218,12743.895992138,12682.208386071072,12867.16875023315,0.1310054849628921,0.1183778275351624,0.1466101082260163
41,42,9.615763769031723,0.02650527232204554,12765.618023857858,152.92421614550778,0.13426920919910362,0.019215538153113162,9.612349468207622,9.59651850981708,9.6318005067947,12728.897604906237,12680.518217216408,12867.16875023315,0.1307328756811447,0.1183778275351624,0.1466101082260163
42,43,9.615164794322913,0.025888078694071722,12764.757569103725,152.50324637870492,0.13423268032777647,0.01919695420153499,9.612349468207622,9.59651850981708,9.6318005067947,12728.897604906237,12675.447710652415,12867.16875023315,0.1307227133023186,0.1183778275351624,0.1466101082260163
43,44,9.614675837290706,0.025741025680829113,12764.935345815518,152.18152942124937,0.13430361142061312,0.01932210210377198,9.612349468207622,9.59651850981708,9.6318005067947,12728.897604906237,12675.447710652415,12867.16875023315,0.1307328756811447,0.1183778275351624,0.1466101082260163
44,45,9.614162652896741,0.02537179260708212,12764.97226757045,152.19620774448174,0.13428090761379363,0.01916867274902613,9.612349468207622,9.59651850981708,9.628108673044236,12728.897604906237,12680.518217216408,12867.16875023315,0.1310054849628921,0.1183778275351624,0.1466101082260163
45,46,9.613767740976286,0.025186989129756462,12764.891146924865,152.8024383295013,0.1342395812451265,0.019164251890177997,9.611076970927588,9.59651850981708,9.628108673044236,12728.897604906237,12680.518217216408,12867.16875023315,0.1310054849628921,0.1183778275351624,0.1466101082260163
46,47,9.613216475318307,0.02477071008529292,12764.011848820379,152.637942381116,0.13407019886562155,0.019219362262926677,9.611076970927588,9.59651850981708,9.627157551215555,12728.897604906237,12675.447710652415,12867.16875023315,0.1307125509234925,0.1183778275351624,0.1466101082260163
47,48,9.612592860082879,0.02458491217556836,12763.772895585675,153.59570770876968,0.134079673944043,0.019353548325120953,9.611076970927588,9.59651850981708,9.627157551215555,12728.897604906237,12675.447710652415,12867.16875023315,0.1307125509234925,0.1175719525524289,0.1466101082260163
48,49,9.611084376345943,0.024680011850581964,12765.785280815517,151.64190627841936,0.134288023836385,0.019175206629202305,9.602923731457729,9.59422883307872,9.62699118607873,12728.897604906237,12689.019706398063,12867.16875023315,0.1310054849628921,0.118338505583028,0.1466101082260163
49,50,9.610556112951944,0.02426829432241426,12765.496978182577,151.16389836367915,0.13423743318276343,0.019210328163150017,9.602923731457729,9.59422883307872,9.624270499257388,12728.897604906237,12689.019706398063,12867.16875023315,0.1310054849628921,0.11814686732537823,0.1466101082260163
50,51,9.610121487460553,0.023959229382463105,12765.729416654473,152.4623754970474,0.13427316756517843,0.019197073667229492,9.602923731457729,9.59422883307872,9.624270499257388,12728.897604906237,12689.019706398063,12867.16875023315,0.1310054849628921,0.1183778275351624,0.1466101082260163
51,52,9.609889467455188,0.023673223596596356,12765.289608910152,153.02400910532793,0.13434748910209818,0.01918020563670688,9.602923731457729,9.59422883307872,9.624270499257388,12728.897604906237,12689.019706398063,12867.16875023315,0.1310054849628921,0.1183778275351624,0.1466101082260163
52,53,9.609577273215777,0.023541304733953577,12767.180118351675,153.55526310692352,0.13450094763065334,0.019270896904097667,9.602923731457729,9.59422883307872,9.624270499257388,12728.897604906237,12689.019706398063,12867.16875023315,0.1310054849628921,0.1183778275351624,0.1466101082260163
53,54,9.609210152207286,0.023341005717615736,12766.56142155317,152.3614722966325,0.1343036883130389,0.01915230959873698,9.602810181095432,9.59422883307872,9.62380600291154,12728.897604906237,12689.019706398063,12867.16875023315,0.1310054849628921,0.118338505583028,0.1466101082260163
54,55,9.60895453184857,0.02312050653493864,12765.363854928997,151.79026549100197,0.13427303792763473,0.01921965358534961,9.602810181095432,9.59422883307872,9.62380600291154,12728.897604906237,12689.019706398063,12867.16875023315,0.1310054849628921,0.1175719525524289,0.1466101082260163
55,56,9.608601763553622,0.022858222741967655,12765.078838887766,150.83881246722197,0.13412174794873044,0.01911703025526438,9.602810181095432,9.59422883307872,9.62380600291154,12728.897604906237,12689.019706398063,12867.16875023315,0.1310054849628921,0.1175719525524289,0.1466101082260163
56,57,9.608306286157378,0.022725164717323568,12764.842925342407,150.65899868576176,0.13411998288437657,0.0191934940054784,9.602810181095432,9.59422883307872,9.62380600291154,12728.897604906237,12689.019706398063,12867.16875023315,0.1310054849628921,0.1175719525524289,0.1466101082260163
57,58,9.607769022290752,0.022538316576330587,12765.141232278002,151.40833840120095,0.1340277179336397,0.01923034966660232,9.602810181095432,9.59422883307872,9.62380600291154,12728.897604906237,12689.019706398063,12867.16875023315,0.1310054849628921,0.1175719525524289,0.1466101082260163
58,59,9.607383575685686,0.022406820913488446,12765.327974173446,151.42152211493632,0.134114592184666,0.019359562358848337,9.602810181095432,9.59422883307872,9.6235562322975,12728.897604906237,12689.019706398063,12867.16875023315,0.1310054849628921,0.1175719525524289,0.1466101082260163
59,60,9.60704959927373,0.022217310011039763,12765.63733199411,152.61890277878314,0.13414575736012024,0.019352765218905454,9.602810181095432,9.59422883307872,9.6235562322975,12728.897604906237,12689.019706398063,12867.16875023315,0.1310054849628921,0.1175719525524289,0.1466101082260163
60,61,9.606416873805468,0.02190345681936593,12764.936738420749,153.01420477482452,0.13403636969120641,0.019332155344857337,9.602276844253431,9.59422883307872,9.6235562322975,12728.897604906237,12684.856590451793,12867.16875023315,0.1310054849628921,0.1175719525524289,0.1466101082260163
61,62,9.605910663715116,0.02176656992631462,12764.814498890333,153.98226972306264,0.1342797118573079,0.01962055126452966,9.602276844253431,9.59422883307872,9.619139588803565,12728.897604906237,12682.208386071072,12867.16875023315,0.1310054849628921,0.1175719525524289,0.1466101082260163
62,63,9.605343099185182,0.02168238334221126,12763.960518455146,155.02344013383106,0.1342748624454848,0.0196810630688852,9.602276844253431,9.589166921098624,9.619139588803565,12728.897604906237,12682.208386071072,12857.752496547197,0.1310054849628921,0.1175719525524289,0.1466101082260163
63,64,9.605029361180106,0.02158067533565825,12764.148366791358,155.87173072889388,0.13436395519896607,0.019758741565928224,9.602276844253431,9.589166921098624,9.619139588803565,12728.897604906237,12682.208386071072,12857.752496547197,0.1310054849628921,0.1175719525524289,0.1466101082260163
64,65,9.604523374365769,0.021289400112692695,12762.482497448185,155.24660754757366,0.13429134413937865,0.019827434381023485,9.59859061742877,9.589166921098624,9.616892014082964,12728.897604906237,12682.208386071072,12857.752496547197,0.1310054849628921,0.1175719525524289,0.148205509223
65,66,9.604098988794165,0.021089066039743063,12761.882701990002,156.07125286954013,0.13422484826958525,0.019854004936685904,9.59859061742877,9.589166921098624,9.616892014082964,12728.897604906237,12675.447710652415,12857.752496547197,0.1310054849628921,0.1175719525524289,0.148205509223
66,67,9.603748445515166,0.020953688220138156,12761.950209591387,157.29774746467882,0.1340544393150842,0.019799331043586048,9.59859061742877,9.589166921098624,9.616892014082964,12728.897604906237,12675.447710652415,12857.752496547197,0.1310054849628921,0.1170062975485924,0.1466101082260163
67,68,9.60345168962509,0.020777620604974345,12762.656373834692,158.2357075493339,0.13414773600656313,0.01992937285052676,9.59859061742877,9.589166921098624,9.616892014082964,12728.897604906237,12675.447710652415,12857.752496547197,0.1310054849628921,0.1170062975485924,0.1466101082260163
68,69,9.603260790805226,0.020683301360698,12762.163575330558,158.40985786681102,0.13413054642390848,0.019944148617707314,9.59859061742877,9.589166921098624,9.616892014082964,12728.897604906237,12675.447710652415,12857.752496547197,0.1310054849628921,0.1170062975485924,0.1466101082260163
69,70,9.602877805773577,0.020503553594610296,12763.793688251273,159.2454087901203,0.1340099735009252,0.019825470738192384,9.59859061742877,9.589166921098624,9.61424279928166,12728.897604906237,12675.447710652415,12857.752496547197,0.1310054849628921,0.1170062975485924,0.1466101082260163
70,71,9.602593681038574,0.02033091450407054,12763.596924508294,159.4786677708498,0.13407774710713644,0.019905161250308938,9.59859061742877,9.589166921098624,9.61424279928166,12728.897604906237,12675.447710652415,12857.752496547197,0.1310054849628921,0.1170062975485924,0.1466101082260163
71,72,9.60231839024235,0.02004638589237756,12763.269683514032,160.05678515103907,0.13413455678908942,0.019809542919304028,9.598311202573344,9.589166921098624,9.61424279928166,12728.897604906237,12675.447710652415,12857.752496547197,0.1310054849628921,0.1170062975485924,0.1466101082260163
72,73,9.602102061655124,0.019803851686569788,12763.688992700592,160.35425029600938,0.13410337737367833,0.019757455214673432,9.598311202573344,9.589166921098624,9.61424279928166,12728.897604906237,12675.447710652415,12867.16875023315,0.1310054849628921,0.1170062975485924,0.1466101082260163
73,74,9.601963568711064,0.019816990757708746,12764.182671301192,160.53034518946487,0.1340792995005479,0.019786626039032043,9.598311202573344,9.589166921098624,9.61424279928166,12728.897604906237,12675.447710652415,12867.16875023315,0.1310054849628921,0.1170062975485924,0.1466101082260163
74,75,9.601641470008653,0.019505349589950226,12764.285330661505,160.47436800673546,0.13406056356814566,0.019811016025750926,9.598311202573344,9.589166921098624,9.61424279928166,12728.897604906237,12675.447710652415,12867.16875023315,0.1310054849628921,0.1170062975485924,0.1466101082260163
75,76,9.601331671204337,0.01936448756311451,12763.448844869616,160.47957492355806,0.13374938442770742,0.019580194999722977,9.598311202573344,9.589166921098624,9.612822800976131,12728.897604906237,12675.447710652415,12867.16875023315,0.1310054849628921,0.1170062975485924,0.1466101082260163
76,77,9.601071291967214,0.019239315711730032,12763.425903998246,160.38103403853592,0.1336959262360966,0.019581398171262174,9.598311202573344,9.589166921098624,9.612349468207622,12728.897604906237,12675.447710652415,12860.106559968684,0.1310054849628921,0.1170062975485924,0.1466101082260163
77,78,9.600702415373567,0.019008370045281407,12763.860119552279,160.48908888601156,0.13361827394293044,0.019531319908384685,9.598311202573344,9.589166921098624,9.612349468207622,12728.897604906237,12675.447710652415,12860.106559968684,0.1310054849628921,0.1170062975485924,0.1466101082260163
78,79,9.600374245109998,0.01873417814521135,12764.475906900181,160.11940267627975,0.13378297329889663,0.019699314455083893,9.598311202573344,9.589166921098624,9.612349468207622,12728.897604906237,12675.447710652415,12857.752496547197,0.1310054849628921,0.1170062975485924,0.1466101082260163
79,80,9.600177066288149,0.018566424979453874,12763.770087478582,160.5622849612011,0.1337384019190696,0.019686381011255853,9.598311202573344,9.589166921098624,9.612349468207622,12728.897604906237,12675.447710652415,12857.752496547197,0.1310054849628921,0.1170062975485924,0.1466101082260163
80,81,9.60001108978979,0.01851347261011538,12764.115051404915,160.94413216800922,0.13380723447997558,0.01968853276051763,9.598311202573344,9.589166921098624,9.612349468207622,12728.897604906237,12675.447710652415,12857.752496547197,0.1310054849628921,0.1170062975485924,0.1466101082260163
81,82,9.59983132102869,0.01841929114798423,12764.619712822107,161.51703922492672,0.13383641755786005,0.01972636293460983,9.598311202573344,9.589166921098624,9.612349468207622,12728.897604906237,12675.447710652415,12857.752496547197,0.1310054849628921,0.1170062975485924,0.1466101082260163
82,83,9.599686386826493,0.018338455381299336,12764.77395904478,161.79766116897449,0.1338712400395976,0.019738432761274287,9.598311202573344,9.589166921098624,9.611395095247596,12728.897604906237,12675.447710652415,12860.106559968684,0.1310054849628921,0.1170062975485924,0.1466101082260163
83,84,9.599511497976275,0.018276907724715907,12765.19609713521,162.2743527310122,0.13387851250490612,0.01977968414193548,9.598311202573344,9.589166921098624,9.611076970927588,12728.897604906237,12675.447710652415,12867.16875023315,0.1310054849628921,0.1170062975485924,0.1484408122548619
84,85,9.59938350854684,0.01829359423688518,12765.987913587498,162.30404848256697,0.13391457412911373,0.019784393959825345,9.598311202573344,9.589166921098624,9.611076970927588,12728.897604906237,12675.447710652415,12867.16875023315,0.1310054849628921,0.1170062975485924,0.1484408122548619
85,86,9.599274686447037,0.018220993002313012,12765.493128072483,162.64580099911507,0.13396965527384386,0.0198776553816908,9.59651850981708,9.589166921098624,9.611076970927588,12728.897604906237,12675.447710652415,12867.16875023315,0.1310054849628921,0.1170062975485924,0.1484408122548619
86,87,9.599069520853801,0.018078841821588507,12765.648000578276,162.24882819577732,0.13396693699013626,0.019888253657287882,9.59651850981708,9.589166921098624,9.611076970927588,12728.897604906237,12675.447710652415,12867.16875023315,0.1310054849628921,0.1170062975485924,0.1484408122548619
87,88,9.598894306657392,0.01794111025076913,12766.072223653928,161.6557207837068,0.13409375625558684,0.019964430329037212,9.59651850981708,9.589166921098624,9.611076970927588,12728.897604906237,12680.518217216408,12867.16875023315,0.1310054849628921,0.1170062975485924,0.1484408122548619
88,89,9.59873599724767,0.017901416278133606,12766.75410185682,161.55733498117516,0.13418721210769166,0.020062281584821495,9.59651850981708,9.589166921098624,9.611076970927588,12728.897604906237,12682.208386071072,12867.16875023315,0.1310054849628921,0.1170062975485924,0.1484408122548619
89,90,9.598557229322015,0.01776895011557225,12766.964525342115,161.6092241988725,0.13427500861316025,0.020213950246758396,9.59651850981708,9.589166921098624,9.611076970927588,12728.897604906237,12682.208386071072,12867.16875023315,0.1310054849628921,0.1170062975485924,0.1484408122548619
90,91,9.598402528966789,0.017663428617384024,12766.600970661633,161.31375367304898,0.13426021473717303,0.020134712425014398,9.59651850981708,9.589166921098624,9.611076970927588,12728.897604906237,12682.208386071072,12867.16875023315,0.1310054849628921,0.1170062975485924,0.1484408122548619
91,92,9.598196617230887,0.01751312928498918,12766.413256109334,161.53881265548304,0.1342917837868873,0.020161041574642175,9.59651850981708,9.586667179973821,9.611076970927588,12728.897604906237,12682.208386071072,12860.106559968684,0.1310054849628921,0.1170062975485924,0.1488359299543234
92,93,9.59805808775373,0.017479625836484925,12765.73793334915,162.1770701319764,0.1342003836047138,0.020198068053123,9.59651850981708,9.579167956599411,9.611076970927588,12728.897604906237,12680.518217216408,12860.106559968684,0.1310054849628921,0.1170062975485924,0.1488359299543234
93,94,9.597838029206649,0.017296483086894476,12764.969478149522,162.75096568660928,0.13424818522269652,0.020204341885963158,9.59651850981708,9.579167956599411,9.604962041325194,12728.897604906237,12675.447710652415,12857.752496547197,0.1310054849628921,0.1170062975485924,0.1488359299543234
94,95,9.59765563482996,0.01724498217119496,12765.795558897205,163.32700559037477,0.13425747965869383,0.02023035508148793,9.59651850981708,9.579167956599411,9.602923731457729,12728.897604906237,12680.518217216408,12860.106559968684,0.1310054849628921,0.1170062975485924,0.14910170709240522
95,96,9.597449657784857,0.017194638126300902,12765.857641668536,163.5628297669027,0.13420926009865117,0.02016342278291749,9.59651850981708,9.579167956599411,9.602923731457729,12728.897604906237,12675.447710652415,12867.16875023315,0.1311307882586914,0.1170062975485924,0.1488359299543234
96,97,9.597799378833137,0.016238686226422418,12754.769000874245,157.6042626580281,0.1351413701252051,0.02162876949276387,9.598311202573344,9.589166921098624,9.602923731457729,12728.897604906237,12616.786857673853,12829.202875652412,0.1324770519290869,0.1170062975485924,0.1498990385066507
97,98,9.59771957922553,0.016256421271844696,12754.736958076714,157.59202066367578,0.13506782366385822,0.02160201766277834,9.598311202573344,9.589166921098624,9.602923731457729,12728.897604906237,12616.786857673853,12829.202875652412,0.1324770519290869,0.1170062975485924,0.1498990385066507
98,99,9.597557488229919,0.01615946589826479,12754.205349653184,157.96179523387028,0.13506246908499883,0.02153324473441636,9.598311202573344,9.589166921098624,9.602923731457729,12728.897604906237,12616.786857673853,12829.202875652412,0.1324770519290869,0.1170062975485924,0.1498990385066507
99,100,9.5974759619765,0.016149017378558048,12753.316631526253,157.7422193910877,0.1350584654945105,0.021531639578094994,9.597414856195211,9.589166921098624,9.602923731457729,12728.897604906237,12616.786857673853,12829.202875652412,0.1324770519290869,0.1170062975485924,0.1498990385066507
100,101,9.597262071590709,0.016099717470460326,12753.459250708891,157.31332480691,0.13509808889823235,0.02161998154298975,9.59651850981708,9.589166921098624,9.602810181095432,12728.897604906237,12616.786857673853,12808.638054289953,0.1324770519290869,0.1170062975485924,0.1498990385066507
101,102,9.597128530008419,0.01603254422237125,12753.087443499502,158.24808235752965,0.13501670369798638,0.021484053272103815,9.59651850981708,9.589166921098624,9.602810181095432,12728.897604906237,12616.786857673853,12801.7831138358,0.1324770519290869,0.1170062975485924,0.1498990385066507
102,103,9.59688232831475,0.015985392043729747,12751.339535480807,158.83624156954102,0.13502550382646966,0.02151587672573423,9.59651850981708,9.589166921098624,9.602810181095432,12728.897604906237,12616.786857673853,12760.985840423196,0.1324770519290869,0.1170062975485924,0.1498990385066507
103,104,9.596696597995264,0.015956315434205025,12751.290285397841,159.29163845564864,0.13496485736122746,0.0214935599955363,9.59651850981708,9.589166921098624,9.602810181095432,12728.897604906237,12616.786857673853,12756.088669715144,0.1324770519290869,0.1170062975485924,0.1498990385066507
104,105,9.596489519534412,0.015802125715896113,12750.649423069051,159.64289382721307,0.1349441387133956,0.021528142931969352,9.59651850981708,9.589166921098624,9.602810181095432,12728.897604906237,12616.786857673853,12756.088669715144,0.1324770519290869,0.1170062975485924,0.1498990385066507
105,106,9.596372668327914,0.015790286220039623,12751.689988638615,159.40824376115577,0.13486216528615116,0.021476050465997855,9.59651850981708,9.579167956599411,9.602810181095432,12728.897604906237,12616.786857673853,12756.088669715144,0.1324770519290869,0.1170062975485924,0.1498990385066507
106,107,9.596128487393141,0.01572078436424937,12753.028557190133,160.0087568138905,0.1348687342822696,0.02151692693809793,9.59651850981708,9.579167956599411,9.602810181095432,12728.897604906237,12616.786857673853,12756.088669715144,0.1324770519290869,0.1170062975485924,0.1498990385066507
107,108,9.596001020542015,0.015676570350461688,12751.793945914054,159.1161103231177,0.13485852275021193,0.021597660650570536,9.59651850981708,9.579167956599411,9.602810181095432,12728.897604906237,12616.786857673853,12756.088669715144,0.1324770519290869,0.1170062975485924,0.1498990385066507
108,109,9.595943888435926,0.015687594245173183,12751.91351951398,159.38086018464108,0.13496297747493297,0.021753065969224068,9.59651850981708,9.579167956599411,9.602810181095432,12728.897604906237,12616.786857673853,12756.088669715144,0.1324770519290869,0.1170062975485924,0.1498990385066507
109,110,9.595802285305666,0.015669579915242572,12752.005994768499,159.78370461524497,0.13502769625185987,0.021762920630669497,9.59651850981708,9.579167956599411,9.602810181095432,12728.897604906237,12616.786857673853,12756.088669715144,0.1324770519290869,0.1170062975485924,0.1498990385066507
110,111,9.595694075176,0.01563477428907969,12752.388697110859,160.2231102885774,0.1351291604961197,0.021756891952721406,9.59651850981708,9.579167956599411,9.602810181095432,12728.897604906237,12616.786857673853,12756.088669715144,0.1324770519290869,0.1170062975485924,0.1498990385066507
111,112,9.595492783837548,0.015526864475105972,12753.239086102863,160.99686500022779,0.1353433125140943,0.021970979442513437,9.59651850981708,9.579167956599411,9.60241017846393,12728.897604906237,12616.786857673853,12756.088669715144,0.1324770519290869,0.1170062975485924,0.1498990385066507
112,113,9.59536095237418,0.015495202687473253,12753.049677238654,161.12127330765173,0.13538029149425368,0.021990808039863186,9.59651850981708,9.579167956599411,9.602276844253431,12728.897604906237,12616.786857673853,12756.088669715144,0.1324770519290869,0.1170062975485924,0.1498990385066507
113,114,9.595234457231303,0.01545635928478646,12752.161892880455,160.24974309557425,0.13538039816258468,0.022068590596885592,9.59651850981708,9.579167956599411,9.602276844253431,12728.897604906237,12616.786857673853,12756.088669715144,0.1324770519290869,0.1170062975485924,0.1498990385066507
114,115,9.595132270053245,0.01541622785671452,12751.849542137741,160.16227479980128,0.13530379038736087,0.02202168556116237,9.59651850981708,9.579167956599411,9.602276844253431,12728.897604906237,12616.786857673853,12756.088669715144,0.1324770519290869,0.1170062975485924,0.1498990385066507
115,116,9.59497680774448,0.015310866409333174,12751.863324362133,160.54316243090793,0.1351762313084476,0.0220317555594365,9.59651850981708,9.579167956599411,9.602276844253431,12728.897604906237,12616.786857673853,12756.088669715144,0.1324770519290869,0.1170062975485924,0.1498990385066507
116,117,9.594810798414176,0.015116287459894582,12750.988536075425,160.51962615626672,0.1351779011592432,0.02209783509802373,9.59651850981708,9.579167956599411,9.602276844253431,12728.897604906237,12616.786857673853,12756.088669715144,0.1324770519290869,0.1170062975485924,0.1498990385066507
117,118,9.59459280233881,0.015030704608408876,12750.93939168802,160.99727380097508,0.13500040024236362,0.021985675982942734,9.59651850981708,9.579167956599411,9.602276844253431,12728.897604906237,12616.786857673853,12756.088669715144,0.1324770519290869,0.1170062975485924,0.1498990385066507
118,119,9.59451447011831,0.015001307271076814,12749.92815218399,160.65202341351892,0.135012679407824,0.02206034245063661,9.59651850981708,9.579167956599411,9.602276844253431,12728.897604906237,12616.786857673853,12756.088669715144,0.1324770519290869,0.1170062975485924,0.1498990385066507
119,120,9.59447223096088,0.015010913676175845,12749.968029819813,160.64797786545856,0.1349975023931033,0.02207143477773931,9.59651850981708,9.579167956599411,9.602276844253431,12728.897604906237,12616.786857673853,12756.088669715144,0.1324770519290869,0.1170062975485924,0.1498990385066507
120,121,9.594256513512056,0.014815879504333414,12750.565090924363,160.67896577049342,0.13515708122154824,0.022230657780146438,9.59422883307872,9.579167956599411,9.602276844253431,12728.897604906237,12616.786857673853,12756.088669715144,0.1324770519290869,0.1170062975485924,0.1498990385066507
121,122,9.594121799333415,0.014705404125742002,12749.922252654784,160.58874681921134,0.13522360071704378,0.022290211861413518,9.59422883307872,9.579167956599411,9.602276844253431,12728.897604906237,12616.786857673853,12756.088669715144,0.1324770519290869,0.1170062975485924,0.1498990385066507
122,123,9.593976990274207,0.014591688400759742,12749.801701122025,160.65739181356275,0.1352224553111657,0.022307375319423027,9.59422883307872,9.579167956599411,9.602276844253431,12728.897604906237,12616.786857673853,12756.088669715144,0.1324770519290869,0.1170062975485924,0.1498990385066507
123,124,9.593815302658333,0.014401853905290992,12750.664902370478,160.79679341554615,0.13541043085336393,0.022444685772610287,9.59422883307872,9.579167956599411,9.602276844253431,12728.897604906237,12616.786857673853,12756.088669715144,0.1324770519290869,0.1170062975485924,0.1498990385066507
124,125,9.593630774106064,0.014324704292960577,12750.49866806178,160.62476814417923,0.135410465348708,0.022443893659040696,9.59422883307872,9.579167956599411,9.602276844253431,12728.897604906237,12616.786857673853,12756.088669715144,0.1324770519290869,0.1170062975485924,0.1498990385066507
125,126,9.593449926152049,0.014123822240332528,12749.998649256699,160.1323781095691,0.13549057897731026,0.022513412789188177,9.59422883307872,9.579167956599411,9.599512174134935,12728.897604906237,12616.786857673853,12756.088669715144,0.1324770519290869,0.1170062975485924,0.1498990385066507
126,127,9.593341964684557,0.014091799657812397,12751.202391337885,161.12133996794472,0.13564185420166305,0.022588742349803077,9.59422883307872,9.579167956599411,9.59859061742877,12728.897604906237,12616.786857673853,12756.088669715144,0.1324770519290869,0.1170062975485924,0.1498990385066507
127,128,9.593214017651144,0.014039217641061894,12751.61474535249,162.43054541228523,0.13561515875800573,0.0226327026865113,9.59422883307872,9.579167956599411,9.59859061742877,12728.897604906237,12616.786857673853,12756.088669715144,0.1324770519290869,0.1170062975485924,0.1498990385066507
128,129,9.59306136842085,0.013968086143121557,12751.781309815524,162.78796974527097,0.13564790145209427,0.022710841034800398,9.59422883307872,9.579167956599411,9.59859061742877,12728.897604906237,12616.786857673853,12756.088669715144,0.1324770519290869,0.1170062975485924,0.1498990385066507
129,130,9.592954989098864,0.013927308674240572,12751.339136486273,162.3278483686606,0.13557491655369056,0.022670584673152697,9.59422883307872,9.579167956599411,9.59859061742877,12728.897604906237,12616.786857673853,12756.088669715144,0.1324770519290869,0.1170062975485924,0.1498990385066507
130,131,9.592885151912208,0.013850322399749504,12750.947226819533,162.5260581662089,0.13556182526249638,0.02266729594620877,9.59422883307872,9.579167956599411,9.59859061742877,12728.897604906237,12616.786857673853,12756.088669715144,0.1324770519290869,0.1170062975485924,0.1498990385066507
131,132,9.592829229572475,0.01383830260034039,12751.204410406965,162.96544933225243,0.1355158229214079,0.022636236026635292,9.59422883307872,9.579167956599411,9.59859061742877,12728.897604906237,12616.786857673853,12756.088669715144,0.1324770519290869,0.1170062975485924,0.1498990385066507
132,133,9.592785751187424,0.0138129932335939,12750.363362178272,162.7398894705901,0.135453169294731,0.02265159229809023,9.59422883307872,9.579167956599411,9.59859061742877,12728.897604906237,12616.786857673853,12756.088669715144,0.1324770519290869,0.1170062975485924,0.1498990385066507
133,134,9.5926868480894,0.013769378910399395,12751.380286429265,162.79377794910098,0.1355357288151684,0.02269289564511635,9.59422883307872,9.579167956599411,9.59859061742877,12728.897604906237,12616.786857673853,12756.088669715144,0.1324770519290869,0.1170062975485924,0.1498990385066507
134,135,9.592567614492193,0.013689955300084869,12751.24177649856,162.93227697765406,0.13561230730553694,0.02276132003559897,9.59422883307872,9.579167956599411,9.59859061742877,12728.897604906237,12616.786857673853,12756.088669715144,0.1324770519290869,0.1170062975485924,0.1498990385066507
135,136,9.592472374810825,0.01356733232147105,12750.803283649399,162.80790163293798,0.1355261522530121,0.02271145905877038,9.59422883307872,9.579167956599411,9.59859061742877,12728.897604906237,12616.786857673853,12756.088669715144,0.1324770519290869,0.1170062975485924,0.1498990385066507
136,137,9.59233755691905,0.013571923927256485,12751.752912223776,162.65812133342624,0.13551953656164809,0.022819881115581683,9.59422883307872,9.579167956599411,9.59859061742877,12728.897604906237,12616.786857673853,12756.088669715144,0.1324770519290869,0.1170062975485924,0.1498990385066507
137,138,9.592257296589775,0.0135542970721448,12751.48838085804,162.3065945172339,0.13539435970550537,0.0227628016017368,9.59422883307872,9.579167956599411,9.59859061742877,12728.897604906237,12616.786857673853,12756.088669715144,0.1324770519290869,0.1170062975485924,0.1498990385066507
138,139,9.592082615580251,0.013398850995506893,12752.353339086036,163.55590892169323,0.13545232393201873,0.02286537269503006,9.59422883307872,9.579167956599411,9.59859061742877,12728.897604906237,12616.786857673853,12756.088669715144,0.1324770519290869,0.1170062975485924,0.1498990385066507
139,140,9.591967231426096,0.013323509200989814,12751.878446566529,163.37130280833702,0.13535491673529831,0.022795022653909848,9.59422883307872,9.579167956599411,9.59859061742877,12728.897604906237,12616.786857673853,12756.088669715144,0.1324770519290869,0.1170062975485924,0.1498990385066507
140,141,9.591960859379864,0.013321603747486569,12751.893008325125,163.30289903907922,0.13526717835225777,0.022745618517246186,9.59422883307872,9.579167956599411,9.59859061742877,12728.897604906237,12616.786857673853,12756.088669715144,0.1324770519290869,0.1170062975485924,0.1498990385066507
141,142,9.591731566070585,0.013108478461423977,12752.075889792884,163.3780090954003,0.13526509742727982,0.022806001819780198,9.59422883307872,9.579167956599411,9.5983810562872,12728.897604906237,12616.786857673853,12756.088669715144,0.1324770519290869,0.1170062975485924,0.1498990385066507
142,143,9.59162239221552,0.013093337157150681,12752.398396732493,163.65247982719887,0.13512546344909976,0.022617502478377988,9.59422883307872,9.579167956599411,9.598311202573344,12728.897604906237,12616.786857673853,12756.088669715144,0.1324770519290869,0.1170062975485924,0.1498990385066507
143,144,9.591544504573127,0.013056652143471478,12753.405481340726,164.11982965444543,0.13515171128967626,0.022568538540332327,9.59422883307872,9.579167956599411,9.598311202573344,12728.897604906237,12616.786857673853,12756.088669715144,0.1324770519290869,0.1170062975485924,0.1498990385066507
144,145,9.590730229131172,0.01282890048687644,12760.018518271545,166.33412752155422,0.13426188073635487,0.02202142613871288,9.59422883307872,9.579167956599411,9.598311202573344,12728.897604906237,12616.786857673853,12756.088669715144,0.1324770519290869,0.1169756449771952,0.1498990385066507
145,146,9.590631964649596,0.012782703622643693,12760.563495864228,166.3707432907371,0.1343201622210656,0.022094007481465054,9.591697877088672,9.579167956599411,9.598311202573344,12728.897604906237,12625.248704304197,12756.088669715144,0.1324770519290869,0.1169756449771952,0.1498990385066507
146,147,9.590481863236967,0.01268345226672862,12761.071429959045,167.28239939184874,0.13438727064770986,0.02205575893652306,9.589166921098624,9.579167956599411,9.598311202573344,12728.897604906237,12625.248704304197,12756.088669715144,0.1324770519290869,0.1169756449771952,0.1498990385066507
147,148,9.59046765704351,0.012680610371534446,12761.25302376452,167.21123907982263,0.134350316558436,0.021980460541223615,9.589166921098624,9.579167956599411,9.598311202573344,12728.897604906237,12628.069319847644,12756.088669715144,0.1324770519290869,0.1169756449771952,0.1498990385066507
148,149,9.59042182414322,0.012688125818111221,12761.821430707105,167.3173324362688,0.1343554359998607,0.02200239555141695,9.589166921098624,9.579167956599411,9.598311202573344,12728.897604906237,12673.782109760457,12756.088669715144,0.1324770519290869,0.1169756449771952,0.1498990385066507
149,150,9.590257997486491,0.012607979480686727,12761.198346839476,167.95869770117852,0.13432345010225075,0.022034201299043505,9.589166921098624,9.579167956599411,9.598311202573344,12728.897604906237,12616.786857673853,12756.088669715144,0.1324770519290869,0.1169756449771952,0.1498990385066507
150,151,9.590176086994697,0.012615078406630514,12762.323893333554,168.76065430939366,0.13444950236780362,0.022138962171447663,9.589166921098624,9.579167956599411,9.598311202573344,12728.897604906237,12625.248704304197,12756.088669715144,0.1324770519290869,0.1169756449771952,0.1541802084190071
151,152,9.59000873086847,0.012534031467726393,12762.91179528067,168.76076703767984,0.1344148204769432,0.022102670714193313,9.589166921098624,9.579167956599411,9.598311202573344,12728.897604906237,12673.782109760457,12756.088669715144,0.1324770519290869,0.1169756449771952,0.1541802084190071
152,153,9.589937370417415,0.012490425760519525,12763.760677952163,169.01115589935924,0.13451578340660322,0.02218604360719324,9.589166921098624,9.579167956599411,9.598311202573344,12728.897604906237,12689.019706398063,12756.088669715144,0.1324770519290869,0.1169756449771952,0.1564310903532583
153,154,9.5898434362445,0.012431077204315152,12763.53040357826,169.15432998647094,0.13456618990538832,0.02226895357622028,9.589166921098624,9.579167956599411,9.598311202573344,12728.897604906237,12689.019706398063,12756.088669715144,0.1324770519290869,0.1169756449771952,0.1564310903532583
154,155,9.589768607199858,0.012344586245038989,12763.333422412874,169.49361194493488,0.1345798522921366,0.022284739561875874,9.589166921098624,9.579167956599411,9.598311202573344,12728.897604906237,12628.069319847644,12756.088669715144,0.1324770519290869,0.1169756449771952,0.1564310903532583
155,156,9.589705905016864,0.012306327931164233,12762.990025814877,169.18481279315444,0.13456531539551886,0.02234844901996341,9.589166921098624,9.579167956599411,9.598311202573344,12728.897604906237,12628.069319847644,12756.088669715144,0.1324770519290869,0.1169756449771952,0.1564310903532583
156,157,9.589680566287518,0.012292224440349322,12762.71087990811,168.90961710057923,0.13455185917556142,0.022336703462422274,9.589166921098624,9.579167956599411,9.598311202573344,12728.897604906237,12673.782109760457,12756.088669715144,0.1324770519290869,0.1169756449771952,0.1564310903532583
157,158,9.58966463469081,0.012270685085568304,12762.727035323654,168.90334058999056,0.13462024658449825,0.022399361771745025,9.589166921098624,9.579167956599411,9.598311202573344,12728.897604906237,12673.782109760457,12756.088669715144,0.1324770519290869,0.1169756449771952,0.1564310903532583
158,159,9.58954296021737,0.012232311876503747,12763.521706393398,169.1464706939888,0.13461477762777335,0.022429607938509587,9.589166921098624,9.579167956599411,9.598311202573344,12728.897604906237,12689.019706398063,12756.088669715144,0.1324770519290869,0.1169756449771952,0.1564310903532583
159,160,9.589392584434012,0.012130121843266665,12764.263336059399,169.55753295744495,0.1346114873026358,0.022399580328266003,9.589166921098624,9.579167956599411,9.598311202573344,12728.897604906237,12689.019706398063,12756.088669715144,0.1324770519290869,0.1169756449771952,0.1564310903532583
160,161,9.589207696819424,0.012060683985656982,12764.56934989235,170.1158139430932,0.1345829347365338,0.022432664056193114,9.589166921098624,9.579167956599411,9.598311202573344,12728.897604906237,12689.019706398063,12756.088669715144,0.1324770519290869,0.1169756449771952,0.1564310903532583
161,162,9.58913829647307,0.0120320949834972,12765.506994599233,169.93826648747554,0.13459857062175343,0.02245112810736657,9.589166921098624,9.579167956599411,9.598311202573344,12728.897604906237,12689.019706398063,12756.088669715144,0.1324770519290869,0.1169756449771952,0.1564310903532583
162,163,9.58901762389021,0.01191684004508102,12765.779133223215,170.5508708215913,0.13456538034540472,0.022389897543500344,9.589166921098624,9.579167956599411,9.598311202573344,12728.897604906237,12689.019706398063,12756.088669715144,0.1324770519290869,0.1169756449771952,0.1564310903532583
163,164,9.588926998500357,0.011883978988352235,12767.037484021686,171.0518158968364,0.13469686303633627,0.022408073176762678,9.589166921098624,9.579167956599411,9.598311202573344,12728.897604906237,12689.019706398063,12756.088669715144,0.1324770519290869,0.1169756449771952,0.1564310903532583
164,165,9.588837292707963,0.011825123204066779,12767.17399821402,170.80977537278264,0.1346632239622034,0.02242018758073326,9.589166921098624,9.579167956599411,9.598311202573344,12728.897604906237,12689.019706398063,12756.088669715144,0.1324770519290869,0.1169756449771952,0.1564310903532583
165,166,9.588804727991395,0.011822884863254564,12767.094108623845,170.86258393015447,0.13457212173654393,0.022371376263304998,9.589166921098624,9.579167956599411,9.598311202573344,12728.897604906237,12689.019706398063,12756.088669715144,0.1324770519290869,0.1169756449771952,0.1564310903532583
166,167,9.588772215749115,0.01179539945724913,12767.433708766823,170.8867692027146,0.13458671851533338,0.022454166375621813,9.589166921098624,9.579167956599411,9.598311202573344,12728.897604906237,12689.019706398063,12756.088669715144,0.1324770519290869,0.1169756449771952,0.1564310903532583
167,168,9.588630403669052,0.01170978315224089,12767.67151846649,170.9582718126732,0.13461627775495347,0.02247627052050436,9.589166921098624,9.579167956599411,9.598311202573344,12728.897604906237,12689.019706398063,12756.088669715144,0.1324770519290869,0.1169756449771952,0.1564310903532583
168,169,9.588573164349953,0.01168757245733607,12767.795623560258,170.47149225729902,0.13459083229482705,0.02247970629096341,9.589166921098624,9.579167956599411,9.598311202573344,12728.897604906237,12689.019706398063,12756.088669715144,0.1324770519290869,0.1169756449771952,0.1564310903532583
169,170,9.588407788963357,0.011639020006984772,12767.402519162568,170.15042453125284,0.13439510639603452,0.022457236859843466,9.589166921098624,9.579167956599411,9.59651850981708,12728.897604906237,12701.136268055541,12756.088669715144,0.1324770519290869,0.1169756449771952,0.1564310903532583
170,171,9.588294031254309,0.011548815534523195,12768.066213263743,170.23774362973265,0.13435660383830314,0.02241269967994736,9.589166921098624,9.579167956599411,9.59651850981708,12728.897604906237,12705.175121941367,12756.088669715144,0.1324770519290869,0.1169756449771952,0.1564310903532583
171,172,9.588246624956604,0.011530754417546477,12768.089559966336,169.9291879938383,0.1343977884669123,0.022413480551676003,9.589166921098624,9.579167956599411,9.59651850981708,12728.897604906237,12705.175121941367,12756.088669715144,0.1324770519290869,0.1169756449771952,0.1564310903532583
172,173,9.58819078548789,0.01152163316074015,12768.453070244626,170.1650746389792,0.13439895010674136,0.022423629187857338,9.589166921098624,9.579167956599411,9.59651850981708,12728.897604906237,12705.175121941367,12756.088669715144,0.1324770519290869,0.1169756449771952,0.1564310903532583
173,174,9.588090134513468,0.011498870416108711,12768.536082331897,170.13714164394872,0.13422079242967763,0.022311978200252405,9.589166921098624,9.579167956599411,9.59651850981708,12728.897604906237,12705.175121941367,12756.088669715144,0.1324770519290869,0.1169756449771952,0.1564310903532583
174,175,9.587985497264302,0.011468983277485962,12767.886082222247,169.72336898300458,0.13411703533054417,0.022332958890258454,9.589166921098624,9.579167956599411,9.59651850981708,12728.897604906237,12705.175121941367,12756.088669715144,0.1324770519290869,0.1169756449771952,0.1564310903532583
175,176,9.587902308395982,0.011437206679534741,12768.048232467057,169.91397164512196,0.13403070579478096,0.022231980968771832,9.589166921098624,9.579167956599411,9.59651850981708,12728.897604906237,12705.175121941367,12756.088669715144,0.1324770519290869,0.1169756449771952,0.1564310903532583
176,177,9.587751023021077,0.01140650564094986,12769.160725707972,169.92432280755853,0.13400875112514687,0.02228368945278927,9.589166921098624,9.577986313546212,9.59651850981708,12728.897604906237,12705.175121941367,12756.088669715144,0.1324770519290869,0.11373761088109545,0.1564310903532583
177,178,9.587689150229545,0.0114023327459095,12769.89711674479,170.4167142214713,0.1339923059003855,0.022242281373815734,9.589166921098624,9.574441384386615,9.59651850981708,12728.897604906237,12705.175121941367,12756.088669715144,0.1324770519290869,0.1121708879634387,0.1564310903532583
178,179,9.58761923860701,0.011336815943585231,12768.733397645392,170.5467263604134,0.13390377060175063,0.022251944139406888,9.589166921098624,9.574441384386615,9.59651850981708,12728.897604906237,12705.175121941367,12756.088669715144,0.1324770519290869,0.1121708879634387,0.1564310903532583
179,180,9.587553534908157,0.01127245129045311,12768.683133775565,170.46263110194673,0.13398437843607416,0.022318408036965227,9.589166921098624,9.574441384386615,9.59651850981708,12728.897604906237,12705.175121941367,12756.088669715144,0.1324770519290869,0.1121708879634387,0.1564310903532583
180,181,9.587466987514093,0.011244584799727,12769.623519496321,170.41338998696799,0.13403358997684583,0.022331352885164968,9.589166921098624,9.574441384386615,9.59651850981708,12728.897604906237,12705.175121941367,12756.088669715144,0.1324770519290869,0.1121708879634387,0.1564310903532583
181,182,9.587395722874001,0.011230215650462956,12770.391409040745,170.8874996786336,0.1341189806657434,0.02241996473369499,9.589166921098624,9.574441384386615,9.59651850981708,12728.897604906237,12705.175121941367,12756.088669715144,0.1324770519290869,0.1121708879634387,0.1564310903532583
182,183,9.587346899654241,0.011213812839824124,12770.996816794563,171.50329731534362,0.13417987326234274,0.022423932724565127,9.589166921098624,9.574441384386615,9.59651850981708,12728.897604906237,12705.175121941367,12756.088669715144,0.1324770519290869,0.1121708879634387,0.1564310903532583
183,184,9.587331132581998,0.011201762023031622,12771.007243175985,171.4657469327778,0.1340957618090096,0.022368918251398022,9.589166921098624,9.574441384386615,9.59651850981708,12728.897604906237,12705.175121941367,12756.088669715144,0.1324770519290869,0.1121708879634387,0.1564310903532583
184,185,9.587278426431217,0.011185961068024391,12772.195793845314,171.56783038032538,0.13416079165311856,0.02238488340750494,9.589166921098624,9.574441384386615,9.59651850981708,12728.897604906237,12705.175121941367,12756.088669715144,0.1324770519290869,0.1121708879634387,0.1564310903532583
185,186,9.587254278895514,0.01116633690079521,12772.449909730332,171.58429535943128,0.1341160793744603,0.022310554012427212,9.589166921098624,9.574441384386615,9.59651850981708,12728.897604906237,12705.175121941367,12756.088669715144,0.1324770519290869,0.1121708879634387,0.1564310903532583
186,187,9.587199790340387,0.011169546181760612,12773.681837014545,171.65405538154454,0.1341591520417235,0.02233692813452062,9.589166921098624,9.574441384386615,9.59651850981708,12728.897604906237,12705.175121941367,12756.088669715144,0.1324770519290869,0.1121708879634387,0.1564310903532583
187,188,9.587095788259312,0.011123249797846933,12773.861206260215,171.5174040186149,0.13407953338694084,0.022300088495005442,9.589166921098624,9.574441384386615,9.59651850981708,12728.897604906237,12705.175121941367,12756.088669715144,0.1324770519290869,0.1121708879634387,0.1564310903532583
188,189,9.587017899820385,0.011097012040159364,12774.099710650054,172.38218137483625,0.13409994616268056,0.022309884288724,9.589166921098624,9.574441384386615,9.59651850981708,12728.897604906237,12705.175121941367,12756.088669715144,0.1324770519290869,0.1121708879634387,0.1564310903532583
189,190,9.58689661886113,0.011029719156102832,12773.224136951008,172.04174088905035,0.13408727041381632,0.022388412848062728,9.589166921098624,9.574441384386615,9.59651850981708,12728.897604906237,12705.175121941367,12756.088669715144,0.1324770519290869,0.1121708879634387,0.1564310903532583
190,191,9.58682369328737,0.010961346503168897,12773.845886056035,172.51368859531195,0.13403786998181205,0.022268800888740867,9.589166921098624,9.574441384386615,9.59651850981708,12728.897604906237,12705.175121941367,12756.088669715144,0.1324770519290869,0.1121708879634387,0.1564310903532583
191,192,9.58675742555822,0.010968552052191084,12774.23431062694,172.24155591326596,0.13396795245597032,0.022225346273565424,9.589166921098624,9.574441384386615,9.59651850981708,12728.897604906237,12705.175121941367,12756.088669715144,0.1324770519290869,0.1121708879634387,0.1564310903532583
192,193,9.587056400757676,0.011780482151689546,12762.497037001362,164.35421051637437,0.13208348565296524,0.021398415741490963,9.589166921098624,9.574441384386615,9.59651850981708,12728.897604906237,12705.175121941367,12751.777892545526,0.1310054849628921,0.1121708879634387,0.1498990385066507
193,194,9.587047708543784,0.011780135989121721,12762.101275955198,164.0720822854815,0.13207860033827742,0.02146274052023557,9.589166921098624,9.574441384386615,9.59651850981708,12728.897604906237,12705.175121941367,12751.777892545526,0.1310054849628921,0.1121708879634387,0.1498990385066507
194,195,9.58699746188748,0.011768590963743717,12762.412359838154,164.0476193594039,0.13206258957131373,0.021462884475492033,9.589166921098624,9.574441384386615,9.59651850981708,12728.897604906237,12705.175121941367,12751.777892545526,0.1310054849628921,0.1121708879634387,0.1498990385066507
195,196,9.58691720441536,0.011740498712774905,12764.167959971925,165.00680213869228,0.13221640852280916,0.021498885196201495,9.589166921098624,9.574441384386615,9.59651850981708,12728.897604906237,12705.175121941367,12751.777892545526,0.1324770519290869,0.1121708879634387,0.1498990385066507
196,197,9.586876058350777,0.011724400373968697,12763.986299140317,165.11941734906608,0.13212474064214585,0.02143797314986407,9.589166921098624,9.574441384386615,9.59651850981708,12728.897604906237,12705.175121941367,12751.777892545526,0.1324770519290869,0.1121708879634387,0.1498990385066507
197,198,9.58683972559358,0.011703470443819239,12764.3713788966,164.7921887251289,0.13211797624503455,0.021456997700728998,9.589166921098624,9.574441384386615,9.59651850981708,12728.897604906237,12705.175121941367,12751.777892545526,0.1317412684459895,0.1121708879634387,0.1498990385066507
198,199,9.586766387455347,0.011665022673640685,12763.795125795272,165.13757450465832,0.13189988803971545,0.021306967070172957,9.589166921098624,9.574441384386615,9.59651850981708,12728.897604906237,12705.175121941367,12751.777892545526,0.1310054849628921,0.1121708879634387,0.1498990385066507
199,200,9.586741245139882,0.011663072289626129,12763.92922739121,165.25925144549785,0.1318019572849089,0.021234883525920015,9.589166921098624,9.574441384386615,9.59651850981708,12728.897604906237,12705.175121941367,12751.777892545526,0.1310054849628921,0.1121708879634387,0.1498990385066507
200,201,9.586666980654996,0.011649401822184218,12764.401399531083,165.1047728629018,0.13170942790720105,0.021198697478519754,9.589166921098624,9.574441384386615,9.59651850981708,12728.897604906237,12705.175121941367,12751.777892545526,0.1310054849628921,0.1121708879634387,0.1498990385066507
201,202,9.5866628982855,0.011646035370758711,12764.313011266817,165.16010568728672,0.13163716027854097,0.02112538905566695,9.589166921098624,9.574441384386615,9.59651850981708,12728.897604906237,12705.175121941367,12751.777892545526,0.1310054849628921,0.1121708879634387,0.1498990385066507
202,203,9.586637986574472,0.011634127815026124,12764.1435352192,165.10760435098308,0.1316051125365134,0.021141779626272006,9.589166921098624,9.574441384386615,9.59651850981708,12728.897604906237,12705.175121941367,12751.777892545526,0.1310054849628921,0.1121708879634387,0.1498990385066507
203,204,9.586563416778807,0.011581021843060299,12764.12965836413,165.36648508094152,0.13163549194290305,0.021089392752455582,9.589166921098624,9.574441384386615,9.59651850981708,12728.897604906237,12705.175121941367,12751.777892545526,0.1310054849628921,0.1121708879634387,0.1498990385066507
204,205,9.586447466282605,0.011510707809408088,12764.559094731181,165.41630697098324,0.13163382679468938,0.021196608197505937,9.589166921098624,9.574441384386615,9.59651850981708,12728.897604906237,12705.175121941367,12751.777892545526,0.1310054849628921,0.1121708879634387,0.1498990385066507
205,206,9.586375831636781,0.011488259780078287,12764.56003851257,165.77595125249468,0.13154401463852708,0.02114568804008152,9.589166921098624,9.574441384386615,9.59651850981708,12728.897604906237,12705.175121941367,12751.777892545526,0.1308590179431923,0.1121708879634387,0.1498990385066507
206,207,9.586270776005227,0.011470755596195188,12765.488661365935,165.58644685225124,0.1315222207201179,0.021169520375293068,9.579167956599411,9.574441384386615,9.59651850981708,12728.897604906237,12705.175121941367,12751.777892545526,0.1307125509234925,0.1121708879634387,0.1498990385066507
207,208,9.586265714093248,0.01146835931198128,12765.623652400805,165.5201767680735,0.13153987748981097,0.021164768698234873,9.579167956599411,9.574441384386615,9.59651850981708,12728.897604906237,12705.175121941367,12751.777892545526,0.1308590179431923,0.1121708879634387,0.1498990385066507
208,209,9.586185959826178,0.011349856034360785,12766.11477906519,165.53460775227313,0.13153736854936188,0.021089272307550276,9.579167956599411,9.574441384386615,9.59651850981708,12728.897604906237,12705.175121941367,12751.777892545526,0.1310054849628921,0.1121708879634387,0.1498990385066507
209,210,9.58612941734259,0.011332820990569934,12767.590632749949,166.4808458993257,0.13173912176007002,0.021283587211378303,9.579167956599411,9.574441384386615,9.59651850981708,12728.897604906237,12705.175121941367,12751.777892545526,0.1310054849628921,0.1121708879634387,0.1498990385066507
210,211,9.586046976599782,0.011326231542779243,12768.75789425286,166.6385057557211,0.13163282376042792,0.021174121161590894,9.579167956599411,9.574441384386615,9.59651850981708,12728.897604906237,12705.175121941367,12751.777892545526,0.1310054849628921,0.1121708879634387,0.1498990385066507
211,212,9.585990751276812,0.011327856379044831,12769.442547319852,166.62440967836352,0.13162948086256013,0.021201206468502366,9.579167956599411,9.574441384386615,9.59651850981708,12728.897604906237,12705.175121941367,12751.777892545526,0.1308590179431923,0.1121708879634387,0.1498990385066507
212,213,9.585966237255906,0.011334552855723564,12769.209810568695,166.28596968422346,0.13158038525058516,0.021199458995281358,9.579167956599411,9.574441384386615,9.59651850981708,12728.897604906237,12705.175121941367,12751.777892545526,0.1307125509234925,0.1121708879634387,0.1498990385066507
213,214,9.585936910520102,0.011319161792920243,12769.13963581705,166.17656046677467,0.13154710072470693,0.021203018210375558,9.579167956599411,9.574441384386615,9.59651850981708,12728.897604906237,12705.175121941367,12751.777892545526,0.1307125509234925,0.1121708879634387,0.1498990385066507
214,215,9.585904216291903,0.011309026781548763,12769.442247401148,165.83385622696983,0.1315507293466342,0.021287268763667575,9.579167956599411,9.574441384386615,9.59651850981708,12728.897604906237,12705.175121941367,12751.777892545526,0.1251933522841374,0.1121708879634387,0.1498990385066507
215,216,9.585851789555974,0.011287026430869202,12770.5068954673,166.04566491000128,0.13154346090951172,0.021238596014188264,9.579167956599411,9.574441384386615,9.59480125226331,12728.897604906237,12705.175121941367,12751.777892545526,0.1251933522841374,0.1121708879634387,0.1498990385066507
216,217,9.585829285533107,0.011264786252982207,12770.562246622485,166.00663129418373,0.13163228465042853,0.021307775841937736,9.579167956599411,9.574441384386615,9.59422883307872,12728.897604906237,12705.175121941367,12751.777892545526,0.1307125509234925,0.1121708879634387,0.1498990385066507
217,218,9.585772965685749,0.011239638583551238,12770.192604190817,166.0717673688933,0.13154301889673883,0.021317498795915057,9.579167956599411,9.574441384386615,9.59422883307872,12728.897604906237,12705.175121941367,12751.777892545526,0.1251933522841374,0.1121708879634387,0.1498990385066507
218,219,9.585717019777633,0.011240221889378274,12770.753354654633,166.14688529879757,0.13146737771763956,0.02127102591700849,9.579167956599411,9.574441384386615,9.59422883307872,12728.897604906237,12705.175121941367,12751.777892545526,0.1251933522841374,0.1121708879634387,0.1498990385066507
219,220,9.58558967576525,0.01118281454914285,12770.198046169939,165.39392067723938,0.13119513382732292,0.021201418592626115,9.579167956599411,9.574441384386615,9.59422883307872,12728.897604906237,12705.175121941367,12751.777892545526,0.12393420438234029,0.1121708879634387,0.1498990385066507
220,221,9.585524647960264,0.011155642063624387,12770.309381147017,165.186305402353,0.1310708878179025,0.02112672047503731,9.579167956599411,9.574441384386615,9.59422883307872,12728.897604906237,12705.175121941367,12751.777892545526,0.1226750564805432,0.1121708879634387,0.1498990385066507
221,222,9.585446400246633,0.011132559392580902,12771.056497070524,165.0108207537905,0.13100733760002303,0.02115956117768685,9.579167956599411,9.574441384386615,9.59422883307872,12728.897604906237,12705.175121941367,12751.777892545526,0.12178078687616785,0.1121708879634387,0.1498990385066507
222,223,9.585398381195406,0.011128140903312888,12771.227844639629,164.89917536548396,0.13092542980476407,0.021091184420729523,9.579167956599411,9.574441384386615,9.59422883307872,12728.897604906237,12718.55809910676,12751.777892545526,0.1208865172717925,0.1121708879634387,0.1498990385066507
223,224,9.585344358702788,0.011099222346496334,12771.248670062676,165.11492619225993,0.1309273623449227,0.021033146985408646,9.579167956599411,9.574441384386615,9.59422883307872,12728.897604906237,12718.55809910676,12751.777892545526,0.12178078687616785,0.1121708879634387,0.1498990385066507
224,225,9.585222711858922,0.010992620783985349,12771.313721344543,165.06385266795337,0.1308712669831412,0.021038650304864206,9.579167956599411,9.574441384386615,9.59422883307872,12728.897604906237,12718.55809910676,12751.777892545526,0.1208865172717925,0.1121708879634387,0.1498990385066507
225,226,9.585222711858922,0.010992620783985349,12771.313721344543,165.06385266795337,0.1308712669831412,0.021038650304864206,9.579167956599411,9.574441384386615,9.59422883307872,12728.897604906237,12718.55809910676,12751.777892545526,0.1208865172717925,0.1121708879634387,0.1498990385066507
226,227,9.58516126953542,0.010918051955032875,12770.88685433338,165.08664056008053,0.13087011438881047,0.021044334521313605,9.579167956599411,9.574441384386615,9.59422883307872,12728.897604906237,12718.55809910676,12751.777892545526,0.11922923491211071,0.1121708879634387,0.1498990385066507
227,228,9.585117977056402,0.0109086915745139,12771.403049400875,165.24692742097065,0.13083246679594132,0.02098241075638231,9.579167956599411,9.574441384386615,9.59422883307872,12728.897604906237,12718.55809910676,12751.777892545526,0.11922923491211071,0.1121708879634387,0.1498990385066507
228,229,9.58500280593183,0.010739017105432028,12772.00526055239,164.83483394962357,0.13083852871022977,0.02089964779254371,9.579167956599411,9.574441384386615,9.59422883307872,12728.897604906237,12718.55809910676,12751.777892545526,0.12178078687616785,0.1121708879634387,0.1498990385066507
229,230,9.584968678800685,0.010721659562798979,12771.773348223282,165.03292995329164,0.13081570565906325,0.020895133822338933,9.579167956599411,9.574441384386615,9.59422883307872,12728.897604906237,12718.55809910676,12751.777892545526,0.12178078687616785,0.1121708879634387,0.1498990385066507
230,231,9.58495666514783,0.010706001478979085,12771.583132863467,165.11752149545447,0.13082218780580718,0.020963928342566603,9.579167956599411,9.574441384386615,9.59422883307872,12728.897604906237,12718.55809910676,12751.777892545526,0.1208865172717925,0.1121708879634387,0.1498990385066507
231,232,9.584911224003227,0.010684642608093148,12771.705729527946,165.26892355537984,0.1308246860009696,0.020905180932866127,9.579167956599411,9.574441384386615,9.59422883307872,12728.897604906237,12718.55809910676,12751.777892545526,0.12178078687616785,0.1121708879634387,0.1498990385066507
232,233,9.584891436554535,0.01068569117194901,12771.81784027518,165.2018075052795,0.13081985059138446,0.020908935476883748,9.579167956599411,9.574441384386615,9.59422883307872,12728.897604906237,12718.55809910676,12751.777892545526,0.12178078687616785,0.1121708879634387,0.1498990385066507
233,234,9.5848314744521,0.010651483999720008,12771.510400467148,164.92162439398885,0.1307586109354195,0.02089759432201342,9.579167956599411,9.574441384386615,9.59422883307872,12728.897604906237,12718.55809910676,12751.777892545526,0.1208865172717925,0.1121708879634387,0.1498990385066507
234,235,9.584827508810418,0.010645724860839447,12771.459486919375,164.93423580312333,0.13079798582312147,0.02097058855205503,9.579167956599411,9.574441384386615,9.59422883307872,12728.897604906237,12718.55809910676,12751.777892545526,0.1208865172717925,0.1121708879634387,0.1498990385066507
235,236,9.584772417585327,0.010633094419320971,12771.744872943043,164.71816664403957,0.13064596576194368,0.02082329609003749,9.579167956599411,9.574441384386615,9.59422883307872,12728.897604906237,12718.55809910676,12751.777892545526,0.11922923491211071,0.1121708879634387,0.1498990385066507
236,237,9.584713824301431,0.01063458088194994,12772.389649559875,165.26376241646548,0.1305899065906434,0.020787815437494854,9.579167956599411,9.574441384386615,9.59422883307872,12728.897604906237,12718.55809910676,12751.777892545526,0.1175719525524289,0.1121708879634387,0.1498990385066507
237,238,9.584677125394206,0.010604392812519839,12772.676738829834,165.55706474396302,0.13061479719360133,0.0208041932988688,9.579167956599411,9.574441384386615,9.59422883307872,12728.897604906237,12718.55809910676,12751.777892545526,0.1175719525524289,0.1121708879634387,0.1498990385066507
238,239,9.584619606619158,0.010501461350729211,12773.428196263201,165.5308046378798,0.1306077793194629,0.02074192311345038,9.579167956599411,9.574441384386615,9.59422883307872,12728.897604906237,12718.55809910676,12751.777892545526,0.1175719525524289,0.1121708879634387,0.1498990385066507
239,240,9.584589931071843,0.01049342622840496,12774.15626402592,166.0495721298669,0.13062903159267333,0.02069552288107838,9.579167956599411,9.574441384386615,9.59422883307872,12728.897604906237,12718.55809910676,12751.777892545526,0.1175719525524289,0.1121708879634387,0.1498990385066507
240,241,9.583942117529885,0.009931165962481907,12787.336265800897,174.60718894154036,0.1317956845862734,0.020973937555175393,9.579167956599411,9.574441384386615,9.59422883307872,12728.897604906237,12728.897604906237,12781.504626423157,0.1324770519290869,0.1121708879634387,0.1564310903532583
241,242,9.583896931516799,0.009911848681978799,12787.86898300458,174.6340556441275,0.13178191047415433,0.02098975242868294,9.579167956599411,9.574441384386615,9.59422883307872,12728.897604906237,12728.897604906237,12857.752496547197,0.1324770519290869,0.1121708879634387,0.1564310903532583
242,243,9.583833680353647,0.009894782440634924,12786.42628509285,173.9592473316687,0.13162908597776646,0.0209851619203932,9.579167956599411,9.574441384386615,9.59422883307872,12728.897604906237,12728.897604906237,12756.088669715144,0.1324770519290869,0.1121708879634387,0.1564310903532583
243,244,9.583805448252116,0.009851411023694657,12786.112748570798,173.61195229100852,0.1315734750419675,0.02097391389272758,9.579167956599411,9.574441384386615,9.59422883307872,12728.897604906237,12728.897604906237,12756.088669715144,0.1324770519290869,0.1121708879634387,0.1564310903532583
244,245,9.583743878574742,0.009788758613882988,12787.103985006792,173.8293960251681,0.1315783627945062,0.02092142485981546,9.579167956599411,9.574441384386615,9.59422883307872,12728.897604906237,12728.897604906237,12756.088669715144,0.1324770519290869,0.1121708879634387,0.1564310903532583
245,246,9.583695229335344,0.009736121737050364,12786.631444540926,173.79122754111015,0.1315718224769294,0.020997897178416658,9.579167956599411,9.574441384386615,9.59422883307872,12728.897604906237,12728.897604906237,12756.088669715144,0.1324770519290869,0.1121708879634387,0.1564310903532583
246,247,9.583604115950696,0.009710585943364016,12786.790251328193,173.67222623169584,0.13146202143780325,0.020944141934258947,9.579167956599411,9.574441384386615,9.59422883307872,12728.897604906237,12728.897604906237,12756.088669715144,0.1324770519290869,0.1121708879634387,0.1564310903532583
247,248,9.583571446005836,0.0096827672858868,12786.558839769914,173.52017692564402,0.13140962408578055,0.020880251309857767,9.579167956599411,9.574441384386615,9.59422883307872,12728.897604906237,12728.897604906237,12756.088669715144,0.1324770519290869,0.1121708879634387,0.1564310903532583
248,249,9.583517139503607,0.009665410963468337,12786.214172416574,173.22727588699706,0.1312362987240725,0.020820516630427166,9.579167956599411,9.574441384386615,9.59422883307872,12728.897604906237,12728.897604906237,12756.088669715144,0.1308590179431923,0.1121708879634387,0.1564310903532583
249,250,9.583503831583377,0.009655359385149094,12785.767553676751,173.06712300825376,0.13119147286667887,0.020814331465117783,9.579167956599411,9.574441384386615,9.59422883307872,12728.897604906237,12728.897604906237,12756.088669715144,0.12795295160381492,0.1121708879634387,0.1564310903532583
250,251,9.583474045170185,0.009652922311254544,12786.201631634734,173.22960523580795,0.1312084054802053,0.020833186443773122,9.579167956599411,9.574441384386615,9.59422883307872,12728.897604906237,12728.897604906237,12756.088669715144,0.12795295160381492,0.1121708879634387,0.1564310903532583
251,252,9.583423412467042,0.009599298889420821,12787.337603587259,173.26662690099258,0.1313247009659905,0.020941402646887392,9.579167956599411,9.574441384386615,9.59422883307872,12728.897604906237,12728.897604906237,12756.088669715144,0.1308590179431923,0.1121708879634387,0.1564310903532583
252,253,9.583398898446136,0.009600647158856277,12787.104866836098,172.9652667020812,0.1312756053540155,0.02093891888518918,9.579167956599411,9.574441384386615,9.590432399093647,12728.897604906237,12728.897604906237,12756.088669715144,0.12795295160381492,0.1121708879634387,0.1564310903532583
253,254,9.583355885381975,0.009582481935461285,12787.497159300421,173.17319462390142,0.13116565947991493,0.02080135606621617,9.579167956599411,9.574441384386615,9.589166921098624,12728.897604906237,12728.897604906237,12756.088669715144,0.1251933522841374,0.1121708879634387,0.1564310903532583
254,255,9.583270007178625,0.009513983885888637,12788.69970904354,173.33078042382263,0.1312217240761736,0.020854254018470873,9.579167956599411,9.574441384386615,9.589166921098624,12728.897604906237,12728.897604906237,12756.088669715144,0.12303993477796495,0.1121708879634387,0.1564310903532583
255,256,9.583212407664842,0.009478633282222877,12789.605358339832,173.05656920087296,0.13122779274906024,0.020865472290524302,9.579167956599411,9.574441384386615,9.589166921098624,12728.897604906237,12728.897604906237,12756.088669715144,0.12303993477796495,0.1121708879634387,0.1564310903532583
256,257,9.583125679763844,0.009419158939743742,12790.107398790544,172.66995421850038,0.13121159231589413,0.020879558542866695,9.579167956599411,9.574441384386615,9.589166921098624,12728.897604906237,12728.897604906237,12756.088669715144,0.12138265241828314,0.1121708879634387,0.1564310903532583
257,258,9.583073940562839,0.009378324861120585,12790.73212334226,172.50113129597688,0.13121991859813317,0.02089325050803706,9.579167956599411,9.574441384386615,9.589166921098624,12728.897604906237,12728.897604906237,12756.088669715144,0.12138265241828314,0.1121708879634387,0.1564310903532583
258,259,9.583035058704263,0.009371239330296518,12790.495430173316,171.62761297230432,0.13111327804470047,0.02088881589343791,9.579167956599411,9.574441384386615,9.589166921098624,12728.897604906237,12728.897604906237,12756.088669715144,0.1175719525524289,0.1121708879634387,0.1564310903532583
259,260,9.582974863014709,0.009323584413398818,12791.070368624609,171.92562898901076,0.13110749315566111,0.02092685108021367,9.579167956599411,9.574441384386615,9.589166921098624,12728.897604906237,12728.897604906237,12756.088669715144,0.1175719525524289,0.1121708879634387,0.1564310903532583
260,261,9.582948059317065,0.009320741681078708,12790.940581896317,171.49161065741262,0.13104292678930565,0.02092852018380487,9.579167956599411,9.574441384386615,9.589166921098624,12728.897604906237,12728.897604906237,12756.088669715144,0.1175719525524289,0.1121708879634387,0.1564310903532583
261,262,9.582934832666094,0.009304296227990429,12790.898796402651,171.54160599545895,0.13091604830167863,0.020770539057133094,9.579167956599411,9.574441384386615,9.589166921098624,12728.897604906237,12728.897604906237,12756.088669715144,0.1175719525524289,0.1121708879634387,0.1564310903532583
262,263,9.582905690455622,0.009290973364648934,12791.589333594762,171.98014658400032,0.13090497348893484,0.020719496199219246,9.579167956599411,9.574441384386615,9.589166921098624,12728.897604906237,12728.897604906237,12756.088669715144,0.1175719525524289,0.1121708879634387,0.1564310903532583
263,264,9.582860078851773,0.009283719099404307,12791.348278314563,171.6206534184003,0.1307456473146411,0.020650498710949497,9.579167956599411,9.574441384386615,9.589166921098624,12728.897604906237,12728.897604906237,12756.088669715144,0.11728912505051065,0.1121708879634387,0.1564310903532583
264,265,9.582814131908155,0.00926832175031283,12791.587061567627,171.39706363114362,0.13064823811243026,0.02058385519371744,9.579167956599411,9.574441384386615,9.589166921098624,12728.897604906237,12728.897604906237,12756.088669715144,0.1170062975485924,0.1121708879634387,0.1564310903532583
265,266,9.582771931994266,0.00925069521068744,12792.394071618222,171.24010816265067,0.13068501351096234,0.020599526192426332,9.579167956599411,9.574441384386615,9.589166921098624,12728.897604906237,12728.897604906237,12756.088669715144,0.1170062975485924,0.1121708879634387,0.1564310903532583
266,267,9.582717943330158,0.0091432000150679,12792.34615442583,171.33108828523018,0.13064564413144095,0.020602831486004572,9.579167956599411,9.574441384386615,9.589166921098624,12728.897604906237,12728.897604906237,12756.088669715144,0.1170062975485924,0.1121708879634387,0.1564310903532583
267,268,9.582646977184009,0.009107955325345082,12792.04966483979,171.6697729677411,0.13057102370308565,0.02053096357314564,9.579167956599411,9.574441384386615,9.589166921098624,12728.897604906237,12728.897604906237,12756.088669715144,0.1170062975485924,0.1121708879634387,0.1564310903532583
268,269,9.582555144099679,0.009064954926770962,12792.920641992496,171.4118980657451,0.13047746650587747,0.02047444399907495,9.579167956599411,9.574441384386615,9.589166921098624,12728.897604906237,12728.897604906237,12756.088669715144,0.1170062975485924,0.1121708879634387,0.1564310903532583
269,270,9.58251084263008,0.009060072926103136,12792.80001598857,171.0362900020859,0.13042353548431734,0.020473612421675814,9.579167956599411,9.574441384386615,9.589166921098624,12728.897604906237,12728.897604906237,12756.088669715144,0.1170062975485924,0.1121708879634387,0.1564310903532583
270,271,9.582476904912845,0.009047168618201986,12792.737784611192,170.61243747090782,0.13039212729460684,0.0204649664081817,9.579167956599411,9.574441384386615,9.589166921098624,12728.897604906237,12728.897604906237,12756.088669715144,0.1170062975485924,0.1121708879634387,0.1564310903532583
271,272,9.582444088958779,0.009031271105939691,12792.279374015421,170.4967079343424,0.1302701677463966,0.020379758447021976,9.579167956599411,9.574441384386615,9.589166921098624,12728.897604906237,12728.897604906237,12756.088669715144,0.1170062975485924,0.1121708879634387,0.1564310903532583
272,273,9.582441799282043,0.009027992214099301,12792.382324038288,170.35957323670578,0.13025469699201608,0.02038394895327083,9.579167956599411,9.574441384386615,9.589166921098624,12728.897604906237,12728.897604906237,12756.088669715144,0.1170062975485924,0.1121708879634387,0.1564310903532583
273,274,9.58243237558571,0.009016041123891216,12792.552829412067,170.2334764119096,0.13027238441428057,0.020380092310646934,9.579167956599411,9.574441384386615,9.589166921098624,12728.897604906237,12728.897604906237,12756.088669715144,0.1170062975485924,0.1121708879634387,0.1564310903532583
274,275,9.582393780230811,0.009006538101690347,12792.553671607393,170.2299709409285,0.13017278919675715,0.020309926432679502,9.579167956599411,9.574441384386615,9.589166921098624,12728.897604906237,12728.897604906237,12756.088669715144,0.1170062975485924,0.1121708879634387,0.1564310903532583
275,276,9.582381702069881,0.009000932441037498,12792.44676516674,169.7857315565016,0.1301307150096799,0.02030125031869232,9.579167956599411,9.574441384386615,9.589166921098624,12728.897604906237,12728.897604906237,12756.088669715144,0.1170062975485924,0.1121708879634387,0.1564310903532583
276,277,9.582349290640185,0.0089831056311737,12793.463631680856,169.9292153702364,0.13019409384090874,0.020330824171236914,9.579167956599411,9.574441384386615,9.589166921098624,12728.897604906237,12728.897604906237,12756.088669715144,0.1170062975485924,0.1121708879634387,0.1564310903532583
277,278,9.582334775583778,0.008983660770563113,12792.908927718945,169.4029978931779,0.13012323020582217,0.020309021530034572,9.579167956599411,9.574441384386615,9.589166921098624,12728.897604906237,12728.897604906237,12756.088669715144,0.1170062975485924,0.1121708879634387,0.1564310903532583
278,279,9.58232477661928,0.008981615188339344,12793.230894929698,169.63033109609418,0.1301449982289338,0.0203255350494348,9.579167956599411,9.574441384386615,9.589166921098624,12728.897604906237,12728.897604906237,12756.088669715144,0.1170062975485924,0.1121708879634387,0.1564310903532583
279,280,9.582295844889112,0.008965504156799857,12793.389608447535,169.53287245829935,0.13008555196038168,0.020243479621715244,9.579167956599411,9.574441384386615,9.589166921098624,12728.897604906237,12728.897604906237,12756.088669715144,0.1170062975485924,0.1121708879634387,0.1564310903532583
280,281,9.582285845924611,0.008963411002692063,12793.711575658286,169.7591200780376,0.13010731998349326,0.020260087045593615,9.579167956599411,9.574441384386615,9.589166921098624,12728.897604906237,12728.897604906237,12756.088669715144,0.1170062975485924,0.1121708879634387,0.1564310903532583
281,282,9.582197058569559,0.008925558380910577,12794.02419016208,169.43503293229813,0.1300219887326924,0.020277085209022567,9.579167956599411,9.574441384386615,9.589166921098624,12728.897604906237,12728.897604906237,12756.088669715144,0.1170062975485924,0.1121708879634387,0.1564310903532583
282,283,9.582182333032845,0.00892619443368621,12794.00130987444,169.44228098000264,0.12999949655341417,0.02028439796653528,9.579167956599411,9.574441384386615,9.589166921098624,12728.897604906237,12728.897604906237,12756.088669715144,0.1170062975485924,0.1121708879634387,0.1564310903532583
283,284,9.582177606460634,0.008929040292671286,12793.65646237605,169.22337180883363,0.12995523635102435,0.020274961702373685,9.579167956599411,9.574441384386615,9.589166921098624,12728.897604906237,12728.897604906237,12756.088669715144,0.1170062975485924,0.1121708879634387,0.1564310903532583
284,285,9.582141528376166,0.008909615133951969,12793.885819069732,169.5840880105806,0.12998707406392745,0.020291709820363695,9.579167956599411,9.574441384386615,9.589166921098624,12728.897604906237,12728.897604906237,12756.088669715144,0.1170062975485924,0.1121708879634387,0.1564310903532583
285,286,9.582062945121388,0.008797107423933971,12794.701669642458,169.6181196923556,0.1301035733378287,0.02042110431398672,9.579167956599411,9.574441384386615,9.589166921098624,12728.897604906237,12728.897604906237,12756.088669715144,0.1170062975485924,0.1121708879634387,0.1564310903532583
286,287,9.582052946156889,0.008794709405819,12795.023636853211,169.84176651316173,0.13012534136094028,0.02043754820724432,9.579167956599411,9.574441384386615,9.589166921098624,12728.897604906237,12728.897604906237,12781.504626423157,0.1170062975485924,0.1121708879634387,0.1564310903532583
287,288,9.582033494047964,0.008797924476216428,12794.655909067178,169.6327795048207,0.13005858897927225,0.020435778973417373,9.579167956599411,9.574441384386615,9.589166921098624,12728.897604906237,12728.897604906237,12756.088669715144,0.1170062975485924,0.1121708879634387,0.1564310903532583
288,289,9.582307687768777,0.009053892438169307,12789.950511910258,168.37169570825534,0.13024955230530508,0.0203650886087182,9.579167956599411,9.574441384386615,9.589166921098624,12728.897604906237,12728.897604906237,12751.777892545526,0.1170062975485924,0.1121708879634387,0.1564310903532583
289,290,9.582277901355587,0.00904735623841977,12790.384589868241,168.5279309774392,0.13026648491883153,0.02038514153632102,9.579167956599411,9.574441384386615,9.589166921098624,12728.897604906237,12728.897604906237,12752.85558683793,0.1170062975485924,0.1121708879634387,0.1564310903532583
290,291,9.582230388813908,0.008978881082046405,12790.390726011474,168.44067205045462,0.13024970246826206,0.020382775762358425,9.579167956599411,9.574441384386615,9.589166921098624,12728.897604906237,12728.897604906237,12751.777892545526,0.1170062975485924,0.1121708879634387,0.1564310903532583
291,292,9.582181794494513,0.008966260994261935,12790.713535417553,168.67058043688712,0.13017187527385018,0.020328989848991,9.579167956599411,9.574441384386615,9.589166921098624,12728.897604906237,12728.897604906237,12752.85558683793,0.1170062975485924,0.1121708879634387,0.1564310903532583
292,293,9.582124533704143,0.00893736510258786,12791.97750371377,168.66032682410312,0.13024807546518696,0.02035829093425828,9.579167956599411,9.574441384386615,9.589166921098624,12728.897604906237,12728.897604906237,12756.088669715144,0.1170062975485924,0.1121708879634387,0.1564310903532583
293,294,9.582056595008101,0.00889879538846721,12792.93561217741,168.28521360393887,0.13024694923520308,0.02038656963219184,9.579167956599411,9.574441384386615,9.589166921098624,12728.897604906237,12728.897604906237,12756.088669715144,0.1170062975485924,0.1121708879634387,0.1564310903532583
294,295,9.581992062605394,0.008854963539908549,12793.642087748407,168.8068941480156,0.13017663228445128,0.02023920268058176,9.579167956599411,9.574441384386615,9.589166921098624,12728.897604906237,12728.897604906237,12756.088669715144,0.1170062975485924,0.1121708879634387,0.1564310903532583
295,296,9.581967548584489,0.008852462353078275,12793.409350997248,168.50626566954847,0.1301275366724763,0.02023384724015971,9.579167956599411,9.574441384386615,9.589166921098624,12728.897604906237,12728.897604906237,12756.088669715144,0.1170062975485924,0.1121708879634387,0.1564310903532583
296,297,9.581940048464391,0.008840634744074179,12792.902321399179,168.38025234924737,0.13002789154985023,0.02022652550763379,9.579167956599411,9.574441384386615,9.589166921098624,12728.897604906237,12728.897604906237,12756.088669715144,0.1170062975485924,0.1121708879634387,0.1564310903532583
297,298,9.581912545659804,0.008817809669329706,12792.687440774129,168.53293180430177,0.12991913255449763,0.020155048221829595,9.579167956599411,9.574441384386615,9.589166921098624,12728.897604906237,12728.897604906237,12756.088669715144,0.1170062975485924,0.1121708879634387,0.1564310903532583
298,299,9.581877697334633,0.00880411960999338,12793.256509766987,168.59479762314166,0.12995372193771715,0.02017198983430868,9.579167956599411,9.574441384386615,9.589166921098624,12728.897604906237,12728.897604906237,12756.088669715144,0.1170062975485924,0.1121708879634387,0.1564310903532583
299,300,9.581831613196846,0.008780389782760313,12793.446395703977,168.41197799803479,0.1299279840565911,0.020183708506643833,9.579167956599411,9.574441384386615,9.589166921098624,12728.897604906237,12728.897604906237,12756.088669715144,0.1170062975485924,0.1121708879634387,0.1564310903532583
300,301,9.581789755711544,0.008765605196881476,12794.135005188758,168.88429192598198,0.129982186100181,0.02021697844930553,9.579167956599411,9.574441384386615,9.589166921098624,12728.897604906237,12728.897604906237,12756.088669715144,0.1170062975485924,0.1121708879634387,0.1564310903532583
301,302,9.581765999936684,0.008740451877935283,12794.48835136124,169.09915435661753,0.13000761170557135,0.020234230120118255,9.579167956599411,9.574441384386615,9.589166921098624,12728.897604906237,12728.897604906237,12756.088669715144,0.1170062975485924,0.1121708879634387,0.1564310903532583
302,303,9.581708201669942,0.008705048821023515,12794.149036735182,169.17416377959444,0.12983941842278351,0.020170274139445197,9.579167956599411,9.574441384386615,9.589166921098624,12728.897604906237,12728.897604906237,12756.088669715144,0.1170062975485924,0.1121708879634387,0.1564310903532583
303,304,9.581666126615513,0.008689718451780952,12795.008031926785,169.40365972949536,0.12986264830504105,0.020211688151841278,9.579167956599411,9.574441384386615,9.589166921098624,12728.897604906237,12728.897604906237,12756.088669715144,0.1170062975485924,0.1121708879634387,0.1564310903532583
304,305,9.581636550682628,0.008680386149996664,12794.910286210497,169.01769276834176,0.12983120946275914,0.020202077534600214,9.579167956599411,9.574441384386615,9.589166921098624,12728.897604906237,12728.897604906237,12756.088669715144,0.1170062975485924,0.1121708879634387,0.1564310903532583
305,306,9.581627406401152,0.00866762265895883,12794.956888981102,168.99936775204873,0.12977659860379218,0.020114941328364486,9.579167956599411,9.574441384386615,9.589166921098624,12728.897604906237,12728.897604906237,12756.088669715144,0.1170062975485924,0.1121708879634387,0.1564310903532583
306,307,9.581588034647417,0.008653234685641619,12795.375922089605,168.53356131671435,0.12979062778739925,0.020217103541684517,9.579167956599411,9.574441384386615,9.589166921098624,12728.897604906237,12728.897604906237,12756.088669715144,0.1170062975485924,0.1121708879634387,0.1564310903532583
307,308,9.58155910291725,0.008634042707742077,12795.53463560744,168.43344684673937,0.12973118151884713,0.020133559937659355,9.579167956599411,9.574441384386615,9.589166921098624,12728.897604906237,12728.897604906237,12756.088669715144,0.1170062975485924,0.1121708879634387,0.1564310903532583
308,309,9.581554041005269,0.00862809507894286,12795.669626642311,168.34420595476723,0.12974883828854022,0.020130134744370996,9.579167956599411,9.574441384386615,9.589166921098624,12728.897604906237,12728.897604906237,12756.088669715144,0.1170062975485924,0.1121708879634387,0.1564310903532583
309,310,9.581544042040768,0.008625060125440513,12795.991593853061,168.56769412331482,0.1297706063116518,0.020147199406089757,9.579167956599411,9.574441384386615,9.589166921098624,12728.897604906237,12728.897604906237,12756.088669715144,0.1170062975485924,0.1121708879634387,0.1564310903532583
310,311,9.58149065221461,0.008609751532811797,12795.561634689651,167.9296769719004,0.12967244574027328,0.020134319142258113,9.579167956599411,9.574441384386615,9.589166921098624,12728.897604906237,12728.897604906237,12756.088669715144,0.1170062975485924,0.1121708879634387,0.1564310903532583
311,312,9.5814386675217,0.008573215780119155,12795.682068710985,167.81469586749373,0.12962991283271633,0.020135324271507365,9.579167956599411,9.574441384386615,9.589166921098624,12728.897604906237,12728.897604906237,12756.088669715144,0.1170062975485924,0.1121708879634387,0.1564310903532583
312,313,9.581403819196527,0.008557204907920172,12796.251137703839,167.86667487123844,0.12966450221593584,0.020152778876212397,9.579167956599411,9.574441384386615,9.589166921098624,12728.897604906237,12728.897604906237,12756.088669715144,0.1170062975485924,0.1121708879634387,0.1564310903532583
313,314,9.581333208554602,0.008518787496237513,12797.1824185266,168.04726795201208,0.12966763006477183,0.02018855256006357,9.579167956599411,9.574441384386615,9.589166921098624,12728.897604906237,12728.897604906237,12756.088669715144,0.1170062975485924,0.1121708879634387,0.1564310903532583
314,315,9.581204239687708,0.008379698681435241,12797.492509339167,168.0564073009686,0.129583073723123,0.02024126145134701,9.579167956599411,9.574441384386615,9.589166921098624,12728.897604906237,12728.897604906237,12756.088669715144,0.1170062975485924,0.1121708879634387,0.1564310903532583
315,316,9.58116325627343,0.008378259887689353,12796.328180115699,166.97126744613803,0.1293857267495981,0.020206286182293146,9.579167956599411,9.574441384386615,9.589166921098624,12728.897604906237,12728.897604906237,12756.088669715144,0.1170062975485924,0.1121708879634387,0.1564310903532583
316,317,9.581129443415655,0.008367995078798148,12796.31793387933,166.9446450332276,0.12934077304361308,0.02021950101477092,9.579167956599411,9.574441384386615,9.589166921098624,12728.897604906237,12728.897604906237,12756.088669715144,0.1170062975485924,0.1121708879634387,0.1564310903532583
317,318,9.58111263868251,0.008362571514111156,12795.866179940289,166.27584911962617,0.12925443865414604,0.020198046874716852,9.579167956599411,9.574441384386615,9.589166921098624,12728.897604906237,12728.897604906237,12751.777892545526,0.1170062975485924,0.1121708879634387,0.1564310903532583
318,319,9.581102639718011,0.008358912170402254,12796.18814715104,166.50173349406546,0.12927620667725762,0.020215586581665296,9.579167956599411,9.574441384386615,9.589166921098624,12728.897604906237,12728.897604906237,12752.85558683793,0.1170062975485924,0.1121708879634387,0.1564310903532583
319,320,9.581048983486635,0.008332320031264575,12796.645947591991,166.63214308531144,0.12921603625253886,0.02015464206179613,9.579167956599411,9.574441384386615,9.589166921098624,12728.897604906237,12728.897604906237,12756.088669715144,0.1170062975485924,0.1121708879634387,0.1564310903532583
320,321,9.58101519929918,0.008319323227537414,12796.461060604659,166.7691890710904,0.12915702205399665,0.020171129687813233,9.579167956599411,9.574441384386615,9.589166921098624,12728.897604906237,12728.897604906237,12756.088669715144,0.1170062975485924,0.1121708879634387,0.1564310903532583
321,322,9.58100829709356,0.008304487145655941,12796.548786818654,166.63405644927835,0.12919981974086192,0.0202637578967532,9.579167956599411,9.574441384386615,9.589166921098624,12728.897604906237,12728.897604906237,12756.088669715144,0.1170062975485924,0.1121708879634387,0.1564310903532583
322,323,9.580978868379411,0.008282040496994053,12797.001788646492,166.1728996492913,0.12918169959220888,0.020271110153307948,9.579167956599411,9.574441384386615,9.589166921098624,12728.897604906237,12728.897604906237,12756.088669715144,0.1170062975485924,0.1121708879634387,0.1564310903532583
323,324,9.580959416270485,0.00828293246347053,12796.634060860462,165.9636756969185,0.12911494721054081,0.02026621848553568,9.579167956599411,9.574441384386615,9.589166921098624,12728.897604906237,12728.897604906237,12752.85558683793,0.1170062975485924,0.1121708879634387,0.1564310903532583
324,325,9.580937128664747,0.008271164239209835,12797.380945304832,166.26879282625177,0.12914301250238347,0.020304800412020464,9.579167956599411,9.574441384386615,9.589166921098624,12728.897604906237,12728.897604906237,12756.088669715144,0.1170062975485924,0.1121708879634387,0.1564310903532583
325,326,9.580894928750856,0.008241802772161681,12798.187955355428,166.07884045013466,0.12917978790091555,0.02032341051673899,9.579167956599411,9.574441384386615,9.589166921098624,12728.897604906237,12728.897604906237,12756.088669715144,0.1170062975485924,0.1121708879634387,0.1564310903532583
326,327,9.580877427595256,0.0082295166895104,12797.358958546605,165.74186809526248,0.1290583747551779,0.020293804936115403,9.579167956599411,9.574441384386615,9.589166921098624,12728.897604906237,12728.897604906237,12752.85558683793,0.1170062975485924,0.1121708879634387,0.1564310903532583
327,328,9.580852578234582,0.008214496074024542,12797.606060328708,165.56526750411624,0.12907119611528584,0.02029444379764691,9.579167956599411,9.574441384386615,9.589166921098624,12728.897604906237,12728.897604906237,12752.85558683793,0.1170062975485924,0.1121708879634387,0.1564310903532583
328,329,9.580828011993939,0.008192060804647221,12797.252539941894,165.88341340603344,0.12895901432077,0.020204088932580883,9.579167956599411,9.574441384386615,9.589166921098624,12728.897604906237,12728.897604906237,12751.777892545526,0.1170062975485924,0.1121708879634387,0.1564310903532583
329,330,9.580774411687473,0.008171583035668598,12797.354404452755,165.77252607603648,0.1289092252051998,0.020219781913242876,9.579167956599411,9.574441384386615,9.589166921098624,12728.897604906237,12728.897604906237,12751.777892545526,0.1170062975485924,0.1121708879634387,0.1564310903532583
330,331,9.580774411687473,0.008171583035668598,12797.354404452755,165.77252607603648,0.1289092252051998,0.020219781913242876,9.579167956599411,9.574441384386615,9.589166921098624,12728.897604906237,12728.897604906237,12751.777892545526,0.1170062975485924,0.1121708879634387,0.1564310903532583
331,332,9.580760050938624,0.008159063293626992,12797.711886002418,165.9536997664392,0.1289310238808828,0.020237656019154726,9.579167956599411,9.574441384386615,9.589166921098624,12728.897604906237,12728.897604906237,12752.85558683793,0.1170062975485924,0.1121708879634387,0.1564310903532583
332,333,9.580740782833189,0.008130873868091153,12798.028470842766,165.7492963816703,0.12891172656130198,0.020142871038380274,9.579167956599411,9.574441384386615,9.589166921098624,12728.897604906237,12728.897604906237,12752.85558683793,0.1170062975485924,0.1121708879634387,0.1564310903532583
333,334,9.580700997455498,0.008113583046748378,12798.784516011505,166.10824570695365,0.12895042719793998,0.020182188862814417,9.579167956599411,9.574441384386615,9.589166921098624,12728.897604906237,12728.897604906237,12756.088669715144,0.1170062975485924,0.1121708879634387,0.1564310903532583
334,335,9.580691544311074,0.008118115888403872,12798.094821014722,165.68052186125905,0.12886190679316037,0.020158512931542843,9.579167956599411,9.574441384386615,9.589166921098624,12728.897604906237,12728.897604906237,12752.85558683793,0.1170062975485924,0.1121708879634387,0.1564310903532583
335,336,9.580005238928006,0.0075960145194258295,12805.598802568753,163.1460976576034,0.12837788714677018,0.02029143049918503,9.574441384386615,9.574441384386615,9.579167956599411,12728.897604906237,12728.897604906237,13073.745103297695,0.1121708879634387,0.1121708879634387,0.1564310903532583
336,337,9.580578672027375,0.008062414140291279,12797.125561843328,164.4335334768938,0.12850554898613134,0.019949274608326878,9.579167956599411,9.574441384386615,9.589166921098624,12728.897604906237,12728.897604906237,12751.777892545526,0.1169756449771952,0.1121708879634387,0.1564310903532583
337,338,9.57995939471862,0.0075354313653497665,12806.117065202034,162.6866703162131,0.12840998563687994,0.020291133561357415,9.574441384386615,9.574441384386615,9.579167956599411,12728.897604906237,12728.897604906237,13073.745103297695,0.1121708879634387,0.1121708879634387,0.1564310903532583
338,339,9.579939942609693,0.007533779890404953,12805.749337416004,162.49358649647795,0.12834323325521188,0.020283707219633188,9.574441384386615,9.574441384386615,9.579167956599411,12728.897604906237,12728.897604906237,13073.745103297695,0.1121708879634387,0.1121708879634387,0.1564310903532583
339,340,9.579890350871585,0.007431392264260068,12805.32659990783,161.73209500931168,0.1282626085944536,0.020248655262096665,9.574441384386615,9.574441384386615,9.579167956599411,12728.897604906237,12728.897604906237,13073.745103297695,0.1121708879634387,0.1121708879634387,0.1564310903532583
340,341,9.579885624299374,0.007433353081018668,12804.98175240944,161.5269158209204,0.1282183483920638,0.020235403654634367,9.574441384386615,9.574441384386615,9.579167956599411,12728.897604906237,12728.897604906237,13073.745103297695,0.1121708879634387,0.1121708879634387,0.1564310903532583
341,342,9.579836596257563,0.007413393818022169,12804.516278907122,160.93036054353445,0.12812015716811384,0.020215060368650672,9.574441384386615,9.574441384386615,9.579167956599411,12728.897604906237,12728.897604906237,12751.777892545526,0.1121708879634387,0.1121708879634387,0.1564310903532583
342,343,9.579777170649917,0.007365775155614343,12805.935182367217,161.07509605122908,0.12816734108879552,0.02027761724116142,9.574441384386615,9.574441384386615,9.579167956599411,12728.897604906237,12728.897604906237,13073.745103297695,0.1121708879634387,0.1121708879634387,0.1564310903532583
343,344,9.579757718540991,0.007363604275989597,12805.567454581185,160.8796623413926,0.12810058870712748,0.02026938687141361,9.574441384386615,9.574441384386615,9.579167956599411,12728.897604906237,12728.897604906237,13073.745103297695,0.1121708879634387,0.1121708879634387,0.1564310903532583
344,345,9.579713228950364,0.007318918740230372,12806.477414654648,160.48762238582054,0.12812189335127908,0.020292502036762656,9.574441384386615,9.574441384386615,9.579167956599411,12728.897604906237,12728.897604906237,13073.745103297695,0.1121708879634387,0.1121708879634387,0.1564310903532583
345,346,9.579673695585734,0.007276979586274193,12806.011554122691,160.48211499276928,0.12788912237739755,0.020007047660535546,9.574441384386615,9.574441384386615,9.579167956599411,12728.897604906237,12728.897604906237,13073.745103297695,0.1121708879634387,0.1121708879634387,0.1564310903532583
346,347,9.579653628722186,0.007263543281882647,12806.2475674731,160.26307889751104,0.12795658524904385,0.02010111991957572,9.574441384386615,9.574441384386615,9.579167956599411,12728.897604906237,12728.897604906237,13073.745103297695,0.1121708879634387,0.1121708879634387,0.1564310903532583
347,348,9.579639547388192,0.007247960222670314,12806.481146419585,160.55674263662374,0.1279060856434954,0.020029437956407624,9.574441384386615,9.574441384386615,9.579167956599411,12728.897604906237,12728.897604906237,13073.745103297695,0.1121708879634387,0.1121708879634387,0.1564310903532583
348,349,9.579602626955408,0.007215183252738162,12806.982779728483,160.68173237630228,0.1279561764336668,0.020047467584227235,9.574441384386615,9.574441384386615,9.579167956599411,12728.897604906237,12728.897604906237,13073.745103297695,0.1121708879634387,0.1121708879634387,0.1564310903532583
349,350,9.579587901418696,0.007210673701642509,12806.959899440844,160.69122039147067,0.12793368425438856,0.020052547059919615,9.574441384386615,9.574441384386615,9.579167956599411,12728.897604906237,12728.897604906237,13073.745103297695,0.1121708879634387,0.1121708879634387,0.1564310903532583
350,351,9.579577902454197,0.007204313568126486,12807.281866651596,160.9027468352464,0.12795545227750016,0.020071646352564976,9.574441384386615,9.574441384386615,9.579167956599411,12728.897604906237,12728.897604906237,13073.745103297695,0.1121708879634387,0.1121708879634387,0.1564310903532583
351,352,9.579572840542216,0.007195790983299713,12807.416857686467,160.79946535745714,0.12797310904719322,0.020069772884867162,9.574441384386615,9.574441384386615,9.579167956599411,12728.897604906237,12728.897604906237,13073.745103297695,0.1121708879634387,0.1121708879634387,0.1564310903532583
352,353,9.579553388433292,0.007193016256246127,12807.049129900439,160.60708873764386,0.1279063566655252,0.020060810948498323,9.574441384386615,9.574441384386615,9.579167956599411,12728.897604906237,12728.897604906237,13073.745103297695,0.1121708879634387,0.1121708879634387,0.1564310903532583
353,354,9.579533600984599,0.007179822785370752,12807.161240647672,160.51333998327948,0.12790152125594006,0.020064020190797408,9.574441384386615,9.574441384386615,9.579167956599411,12728.897604906237,12728.897604906237,13073.745103297695,0.1121708879634387,0.1121708879634387,0.1564310903532583
354,355,9.579533600984599,0.007179822785370752,12807.161240647672,160.51333998327948,0.12790152125594006,0.020064020190797408,9.574441384386615,9.574441384386615,9.579167956599411,12728.897604906237,12728.897604906237,13073.745103297695,0.1121708879634387,0.1121708879634387,0.1564310903532583
355,356,9.579487009838264,0.007149888518983629,12807.143564666612,159.96736861499704,0.12783211947999945,0.020058635805760044,9.574441384386615,9.574441384386615,9.579167956599411,12728.897604906237,12728.897604906237,13073.745103297695,0.1121708879634387,0.1121708879634387,0.1564310903532583
356,357,9.579479993589311,0.0071465699820472345,12806.901667191089,159.6081244647415,0.12777238852322914,0.020046653053853204,9.574441384386615,9.574441384386615,9.579167956599411,12728.897604906237,12728.897604906237,13073.745103297695,0.1121708879634387,0.1121708879634387,0.1564310903532583
357,358,9.579479993589311,0.0071465699820472345,12806.901667191089,159.6081244647415,0.12777238852322914,0.020046653053853204,9.574441384386615,9.574441384386615,9.579167956599411,12728.897604906237,12728.897604906237,13073.745103297695,0.1121708879634387,0.1121708879634387,0.1564310903532583
358,359,9.57944584539177,0.007116089435257446,12807.371259487983,159.68054292305763,0.12778935178932696,0.020069097832116554,9.574441384386615,9.574441384386615,9.579167956599411,12728.897604906237,12728.897604906237,13073.745103297695,0.1121708879634387,0.1121708879634387,0.1564310903532583
359,360,9.579431665675134,0.007121336251682925,12806.336716992808,159.06732781882116,0.12765657118215754,0.020025529175988654,9.574441384386615,9.574441384386615,9.579167956599411,12728.897604906237,12728.897604906237,12751.777892545526,0.1121708879634387,0.1121708879634387,0.1564310903532583
360,361,9.579417485958494,0.007126550991872317,12805.302174497636,158.44498481898862,0.1275237905749881,0.019980983168563046,9.574441384386615,9.574441384386615,9.579167956599411,12728.897604906237,12728.897604906237,12751.777892545526,0.1121708879634387,0.1121708879634387,0.1564310903532583
361,362,9.579378555263828,0.007087643385603481,12805.782855226225,158.54626445701328,0.12748611232954754,0.01990944287068213,9.574441384386615,9.574441384386615,9.579167956599411,12728.897604906237,12728.897604906237,12751.777892545526,0.1121708879634387,0.1121708879634387,0.1564310903532583
362,363,9.579373828691615,0.007089358061593278,12805.438007727835,158.3379506902917,0.12744185212715775,0.019894237879346646,9.574441384386615,9.574441384386615,9.579167956599411,12728.897604906237,12728.897604906237,12751.777892545526,0.1121708879634387,0.1121708879634387,0.1564310903532583
363,364,9.579369102119403,0.007091069172451829,12805.093160229442,158.12861045596713,0.12739759192476793,0.01987892271346904,9.574441384386615,9.574441384386615,9.579167956599411,12728.897604906237,12728.897604906237,12751.777892545526,0.1121708879634387,0.1121708879634387,0.1564310903532583
364,365,9.579306652607,0.007044502859049925,12804.179227155593,157.39662324429037,0.12724114131101388,0.01984077937070977,9.574441384386615,9.574441384386615,9.579167956599411,12728.897604906237,12728.897604906237,12751.777892545526,0.1121708879634387,0.1121708879634387,0.1564310903532583
365,366,9.579301590695021,0.007035591541079286,12804.314218190468,157.2937023083078,0.12725879808070698,0.019839519833739563,9.574441384386615,9.574441384386615,9.579167956599411,12728.897604906237,12728.897604906237,12751.777892545526,0.1121708879634387,0.1121708879634387,0.1564310903532583
366,367,9.579292137550594,0.007038939299748586,12803.624523193683,156.86625651836354,0.12717027767592734,0.01980787611435982,9.574441384386615,9.574441384386615,9.579167956599411,12728.897604906237,12728.897604906237,12751.777892545526,0.1121708879634387,0.1121708879634387,0.1564310903532583
367,368,9.579251252518958,0.007004225530322997,12803.728315411878,156.70587397125254,0.1270552117040234,0.01972183609479435,9.574441384386615,9.574441384386615,9.579167956599411,12728.897604906237,12728.897604906237,12751.777892545526,0.1121708879634387,0.1121708879634387,0.1564310903532583
368,369,9.579206365492782,0.006955930058366366,12803.524436342903,156.94667937644053,0.1269705215858766,0.01963153455456427,9.574441384386615,9.574441384386615,9.579167956599411,12728.897604906237,12728.897604906237,12751.777892545526,0.1121708879634387,0.1121708879634387,0.1564310903532583
369,370,9.579181851471876,0.006942916975013906,12803.291699591744,156.6379717587652,0.12692142597390166,0.019617991386120286,9.574441384386615,9.574441384386615,9.579167956599411,12728.897604906237,12728.897604906237,12751.777892545526,0.1121708879634387,0.1121708879634387,0.14010507301957054
370,371,9.579147548966779,0.006922226048245239,12802.849106377067,156.00851651421047,0.12684572692922996,0.019586583767413176,9.574441384386615,9.574441384386615,9.579167956599411,12728.897604906237,12728.897604906237,12751.777892545526,0.1121708879634387,0.1121708879634387,0.1346630672416746
371,372,9.579107428249321,0.0068818839689147975,12804.084990079067,156.4782321929018,0.12694634453795087,0.01964676261908996,9.574441384386615,9.574441384386615,9.579167956599411,12728.897604906237,12728.897604906237,12751.777892545526,0.1121708879634387,0.1121708879634387,0.1564310903532583
372,373,9.579033362725808,0.0068066351285957175,12804.897204436242,155.67106088525676,0.12693621033982058,0.019657355509515573,9.574441384386615,9.574441384386615,9.579167956599411,12728.897604906237,12728.897604906237,12751.777892545526,0.1121708879634387,0.1121708879634387,0.1564310903532583
373,374,9.578949611218286,0.006757131575586458,12805.05278506779,155.509159532314,0.12685906298281555,0.019675350780821006,9.574441384386615,9.574441384386615,9.579167956599411,12728.897604906237,12728.897604906237,12751.777892545526,0.1121708879634387,0.1121708879634387,0.1564310903532583
374,375,9.578944549306307,0.006747572919751629,12805.18777610266,155.404229770695,0.12687671975250864,0.01967442355146926,9.574441384386615,9.574441384386615,9.579167956599411,12728.897604906237,12728.897604906237,12751.777892545526,0.1121708879634387,0.1121708879634387,0.1564310903532583
375,376,9.578895954986908,0.006707005648574609,12805.510585508739,155.62270425881732,0.12679889255809676,0.019605310582116973,9.574441384386615,9.574441384386615,9.579167956599411,12728.897604906237,12728.897604906237,12751.777892545526,0.1121708879634387,0.1121708879634387,0.1564310903532583
376,377,9.578891228414696,0.006708477595094359,12805.165738010346,155.40986761880157,0.12675463235570697,0.019588316809465836,9.574441384386615,9.574441384386615,9.579167956599411,12728.897604906237,12728.897604906237,12751.777892545526,0.1121708879634387,0.1121708879634387,0.14010507301957054
377,378,9.578869648273246,0.006687402379828839,12805.086510470446,155.55521626869438,0.12669300007184225,0.019492052135177525,9.574441384386615,9.574441384386615,9.579167956599411,12728.897604906237,12728.897604906237,12751.777892545526,0.1121708879634387,0.1121708879634387,0.1346630672416746
378,379,9.578842844575604,0.006666954319026314,12804.956723742154,155.08711793502968,0.1266284337054868,0.019479217177174227,9.574441384386615,9.574441384386615,9.579167956599411,12728.897604906237,12728.897604906237,12751.777892545526,0.1121708879634387,0.1121708879634387,0.1346630672416746
379,380,9.578833056091408,0.006658626671121003,12804.746867278634,154.76733504142197,0.12660183027279007,0.019461037644749202,9.574441384386615,9.574441384386615,9.579167956599411,12728.897604906237,12728.897604906237,12751.777892545526,0.1121708879634387,0.1121708879634387,0.1346630672416746
380,381,9.57878890184055,0.006614256009655067,12805.176988818834,154.25625406609782,0.12656121794485878,0.019469920507850458,9.574441384386615,9.574441384386615,9.579167956599411,12728.897604906237,12728.897604906237,12751.777892545526,0.1121708879634387,0.1121708879634387,0.1346630672416746
381,382,9.578740518001457,0.006571384093504373,12804.96797455064,153.93110087881493,0.12643501929463863,0.019358892884521292,9.574441384386615,9.574441384386615,9.579167956599411,12728.897604906237,12728.897604906237,12751.777892545526,0.1121708879634387,0.1121708879634387,0.1346630672416746
382,383,9.579146887345368,0.0069511065993838805,12810.154065490107,161.39449871251432,0.12767755780056902,0.020015772568734047,9.574441384386615,9.574441384386615,9.579167956599411,12728.897604906237,12728.897604906237,13073.745103297695,0.1121708879634387,0.1121708879634387,0.1564310903532583
383,384,9.578679747138485,0.006537095333071198,12803.915756074408,152.70645961399842,0.12623283691152856,0.019293060529273105,9.574441384386615,9.574441384386615,9.579167956599411,12728.897604906237,12728.897604906237,12751.777892545526,0.1121708879634387,0.1121708879634387,0.1346630672416746
384,385,9.57905843871373,0.00688221158533101,12810.824998993827,161.27504666244053,0.1276623580682183,0.020049429821077682,9.574441384386615,9.574441384386615,9.579167956599411,12728.897604906237,12728.897604906237,13073.745103297695,0.1121708879634387,0.1121708879634387,0.1564310903532583
385,386,9.578655568457348,0.006532722589155702,12803.203180789988,152.2737800911911,0.12612182432747068,0.019258975523421575,9.574441384386615,9.574441384386615,9.579167956599411,12728.897604906237,12728.897604906237,12751.777892545526,0.1121708879634387,0.1121708879634387,0.1346630672416746
386,387,9.579043713177018,0.006876318436370452,12810.802118706188,161.2850448416928,0.12763986588894005,0.020054179264414343,9.574441384386615,9.574441384386615,9.579167956599411,12728.897604906237,12728.897604906237,13073.745103297695,0.1121708879634387,0.1121708879634387,0.1564310903532583
387,388,9.579024569931043,0.006849245802516806,12811.170688687544,161.46427405607753,0.12760702305308466,0.01997997008336251,9.574441384386615,9.574441384386615,9.579167956599411,12728.897604906237,12728.897604906237,13073.745103297695,0.1121708879634387,0.1121708879634387,0.1564310903532583
388,389,9.579014570966544,0.00684172648945675,12811.492655898297,161.66640328944564,0.12762879107619626,0.019999494238139234,9.574441384386615,9.574441384386615,9.579167956599411,12728.897604906237,12728.897604906237,13073.745103297695,0.1121708879634387,0.1121708879634387,0.1564310903532583
389,390,9.57900511782212,0.006844772677838213,12810.802960901514,161.28124957948387,0.12754027067141663,0.019969744178864633,9.574441384386615,9.574441384386615,9.579167956599411,12728.897604906237,12728.897604906237,13073.745103297695,0.1121708879634387,0.1121708879634387,0.1564310903532583
390,391,9.578922460926025,0.006758867379493817,12811.011553789205,160.6222059438386,0.12744458080356885,0.01986800537060917,9.574441384386615,9.574441384386615,9.579167956599411,12728.897604906237,12728.897604906237,13073.745103297695,0.1121708879634387,0.1121708879634387,0.1564310903532583
391,392,9.578888305639664,0.006723609788413962,12811.119708118653,159.90878908769025,0.127382200452526,0.01985853858579811,9.574441384386615,9.574441384386615,9.579167956599411,12728.897604906237,12728.897604906237,13073.745103297695,0.1121708879634387,0.1121708879634387,0.1564310903532583
392,393,9.578849813018994,0.0066628524068609515,12811.400029694196,159.68859526818622,0.12741211292732318,0.019859166810103645,9.574441384386615,9.574441384386615,9.579167956599411,12728.897604906237,12728.897604906237,13073.745103297695,0.1121708879634387,0.1121708879634387,0.1564310903532583
393,394,9.578830025570303,0.00664651266736913,12811.51214044143,159.59125055365362,0.12740727751773803,0.01986228831114481,9.574441384386615,9.574441384386615,9.579167956599411,12728.897604906237,12728.897604906237,13073.745103297695,0.1121708879634387,0.1121708879634387,0.1564310903532583
394,395,9.57881794740937,0.006632427886061153,12811.405234000777,159.13004886492257,0.12736520333066081,0.01984755492358937,9.574441384386615,9.574441384386615,9.579167956599411,12728.897604906237,12728.897604906237,13073.745103297695,0.1121708879634387,0.1121708879634387,0.1564310903532583
395,396,9.578798159960678,0.006615917701079436,12811.517344748008,159.03235859216736,0.12736036792107566,0.019850666823917718,9.574441384386615,9.574441384386615,9.579167956599411,12728.897604906237,12728.897604906237,13073.745103297695,0.1121708879634387,0.1121708879634387,0.1564310903532583
396,397,9.578773645939775,0.0066007186468303065,12811.284607996851,158.73942672148348,0.1273112723091007,0.019838238074532524,9.574441384386615,9.574441384386615,9.579167956599411,12728.897604906237,12728.897604906237,13073.745103297695,0.1121708879634387,0.1121708879634387,0.1564310903532583
397,398,9.578768919367562,0.0066021267273051925,12810.939760498459,158.54333408488893,0.12726701210671088,0.01982258808459495,9.574441384386615,9.574441384386615,9.579167956599411,12728.897604906237,12728.897604906237,13073.745103297695,0.1121708879634387,0.1121708879634387,0.1564310903532583
398,399,9.578745384889144,0.006585879515911134,12810.48364444816,158.43984659034575,0.12712799209638279,0.019716151691235806,9.574441384386615,9.574441384386615,9.579167956599411,12728.897604906237,12728.897604906237,13073.745103297695,0.1121708879634387,0.1121708879634387,0.1564310903532583
399,400,9.578708246887235,0.006544884385269785,12811.155663463886,158.28195879727394,0.1271471107252218,0.019740253224812872,9.574441384386615,9.574441384386615,9.579167956599411,12728.897604906237,12728.897604906237,13073.745103297695,0.1121708879634387,0.1121708879634387,0.1564310903532583
400,401,9.578673733901828,0.006520771445128329,12811.244893923478,158.194179231345,0.1271197831363584,0.019747559327289096,9.574441384386615,9.574441384386615,9.579167956599411,12728.897604906237,12728.897604906237,13073.745103297695,0.1121708879634387,0.1121708879634387,0.1564310903532583
401,402,9.578673733901828,0.006520771445128329,12811.244893923478,158.194179231345,0.1271197831363584,0.019747559327289096,9.574441384386615,9.574441384386615,9.579167956599411,12728.897604906237,12728.897604906237,13073.745103297695,0.1121708879634387,0.1121708879634387,0.1564310903532583
402,403,9.5786516567764,0.006497649543880402,12811.459954693579,157.93568822126744,0.12709947697239277,0.0197524797476793,9.574441384386615,9.574441384386615,9.579167956599411,12728.897604906237,12728.897604906237,13073.745103297695,0.1121708879634387,0.1121708879634387,0.1564310903532583
403,404,9.578649584668788,0.006491618256424201,12811.39251900962,158.0483164484365,0.12711497837934466,0.019750611186163617,9.574441384386615,9.574441384386615,9.579167956599411,12728.897604906237,12728.897604906237,13073.745103297695,0.1121708879634387,0.1121708879634387,0.1564310903532583
404,405,9.578645898441964,0.006479235401721923,12811.21770285867,158.20599378741773,0.1270820549858152,0.019740041817664044,9.574441384386615,9.574441384386615,9.579167956599411,12728.897604906237,12728.897604906237,13073.745103297695,0.1121708879634387,0.1121708879634387,0.1564310903532583
405,406,9.578624653640283,0.006468163380321956,12810.658636785505,158.26279959967837,0.12695850572986764,0.019630107281174397,9.574441384386615,9.574441384386615,9.579167956599411,12728.897604906237,12728.897604906237,13073.745103297695,0.1121708879634387,0.1121708879634387,0.1564310903532583
406,407,9.578609928103571,0.006460904039806917,12810.635756497866,158.272964014427,0.12693601355058937,0.019634151862084705,9.574441384386615,9.574441384386615,9.579167956599411,12728.897604906237,12728.897604906237,13073.745103297695,0.1121708879634387,0.1121708879634387,0.1564310903532583
407,408,9.578605566319222,0.0064488746485835535,12810.671270836774,158.22547132935208,0.1269360442031608,0.019634136335989597,9.574441384386615,9.574441384386615,9.579167956599411,12728.897604906237,12728.897604906237,13073.745103297695,0.1121708879634387,0.1121708879634387,0.1564310903532583
408,409,9.578596113174797,0.006451507043155587,12809.981575839993,157.82833167855182,0.12684752379838116,0.019600703507296334,9.574441384386615,9.574441384386615,9.579167956599411,12728.897604906237,12728.897604906237,13073.745103297695,0.1121708879634387,0.1121708879634387,0.1564310903532583
409,410,9.57856193552916,0.006438070313774989,12809.590967766324,157.64836504347198,0.12675827923743485,0.019591540813801243,9.574441384386615,9.574441384386615,9.579167956599411,12728.897604906237,12728.897604906237,13073.745103297695,0.1121708879634387,0.1121708879634387,0.1564310903532583
410,411,9.578552482384733,0.006440643086178085,12808.90127276954,157.24502963424231,0.12666975883265522,0.019557230584264937,9.574441384386615,9.574441384386615,9.579167956599411,12728.897604906237,12728.897604906237,12835.502778110782,0.1121708879634387,0.1121708879634387,0.1564310903532583
411,412,9.578523241791618,0.006425358055657443,12808.32368851999,156.74078934373722,0.12657640301829043,0.019525428251276122,9.574441384386615,9.574441384386615,9.579167956599411,12728.897604906237,12728.897604906237,12751.777892545526,0.1121708879634387,0.1121708879634387,0.1564310903532583
412,413,9.578508180915138,0.006406149340509387,12808.780646765614,156.84778737078727,0.1266158278110951,0.019545856581859276,9.574441384386615,9.574441384386615,9.579167956599411,12728.897604906237,12728.897604906237,12752.85558683793,0.1121708879634387,0.1121708879634387,0.1564310903532583
413,414,9.57845551988693,0.006355433350019107,12808.076570155283,156.44419104777072,0.1264859806300378,0.019519127733167607,9.574441384386615,9.574441384386615,9.579167956599411,12728.897604906237,12728.897604906237,12751.777892545526,0.1121708879634387,0.1121708879634387,0.1564310903532583
414,415,9.57845551988693,0.006355433350019107,12808.076570155283,156.44419104777072,0.1264859806300378,0.019519127733167607,9.574441384386615,9.574441384386615,9.579167956599411,12728.897604906237,12728.897604906237,12751.777892545526,0.1121708879634387,0.1121708879634387,0.1564310903532583
415,416,9.57839682822039,0.006323715205547487,12807.453225330455,155.95400771125964,0.12634764045711655,0.01949319896209011,9.574441384386615,9.574441384386615,9.579167956599411,12728.897604906237,12728.897604906237,12751.777892545526,0.1121708879634387,0.1121708879634387,0.1564310903532583
416,417,9.578372649539252,0.006318112203930831,12806.740650046037,155.54656937054204,0.1262366278730587,0.019460119441506413,9.574441384386615,9.574441384386615,9.579167956599411,12728.897604906237,12728.897604906237,12751.777892545526,0.1121708879634387,0.1121708879634387,0.15153205146830262
417,418,9.578363196394827,0.006320450705786871,12806.050955049252,155.12509754065246,0.12614810746827906,0.019423199833320644,9.574441384386615,9.574441384386615,9.579167956599411,12728.897604906237,12728.897604906237,12751.777892545526,0.1121708879634387,0.1121708879634387,0.1346630672416746
418,419,9.57833432058957,0.0062903281576034845,12805.853732637,154.76910792134368,0.1260990425088755,0.019407416536068794,9.574441384386615,9.574441384386615,9.579167956599411,12728.897604906237,12728.897604906237,12751.777892545526,0.1121708879634387,0.1121708879634387,0.1346630672416746
419,420,9.578315414300722,0.006294895622305126,12804.474342643436,153.90971342477786,0.12592200169931622,0.019331640246152346,9.574441384386615,9.574441384386615,9.579167956599411,12728.897604906237,12728.897604906237,12751.777892545526,0.1121708879634387,0.1121708879634387,0.1346630672416746
420,421,9.578276174743104,0.006268769939214844,12804.218725604638,153.6058586964612,0.125850413908063,0.019318068451165574,9.574441384386615,9.574441384386615,9.579167956599411,12728.897604906237,12728.897604906237,12751.777892545526,0.1121708879634387,0.1121708879634387,0.1346630672416746
421,422,9.578256387294411,0.006249584251515045,12804.330836351872,153.50990138477982,0.12584557849847786,0.019320886530866603,9.574441384386615,9.574441384386615,9.579167956599411,12728.897604906237,12728.897604906237,12751.777892545526,0.1121708879634387,0.1121708879634387,0.1346630672416746
422,423,9.578190344039152,0.006198095435914429,12803.945432584782,152.72885363902384,0.1257094243408692,0.01929099011673552,9.574441384386615,9.574441384386615,9.579167956599411,12728.897604906237,12728.897604906237,12751.777892545526,0.1121708879634387,0.1121708879634387,0.1346630672416746
423,424,9.578146042569555,0.0061596401291199475,12803.824806580855,152.3159091688493,0.1256554933193091,0.0192767724849397,9.574441384386615,9.574441384386615,9.579167956599411,12728.897604906237,12728.897604906237,12751.777892545526,0.1121708879634387,0.1121708879634387,0.1346630672416746
424,425,9.578131317032845,0.006150871028361306,12803.801926293214,152.32544392423665,0.12563300114003087,0.01927937109274149,9.574441384386615,9.574441384386615,9.579167956599411,12728.897604906237,12728.897604906237,12751.777892545526,0.1121708879634387,0.1121708879634387,0.1346630672416746
425,426,9.578111864923919,0.006143061781406254,12803.434198507186,152.11361260195383,0.1255662487583628,0.019261933611155205,9.574441384386615,9.574441384386615,9.579167956599411,12728.897604906237,12728.897604906237,12751.777892545526,0.1121708879634387,0.1121708879634387,0.1346630672416746
426,427,9.578107138351706,0.00614406565780651,12803.089351008794,151.89114502681528,0.125521988555973,0.019241801493601975,9.574441384386615,9.574441384386615,9.579167956599411,12728.897604906237,12728.897604906237,12751.777892545526,0.1121708879634387,0.1121708879634387,0.1346630672416746
427,428,9.578087686242782,0.006136171102356807,12802.721623222764,151.67697960532809,0.12545523617430493,0.01922394446307353,9.574441384386615,9.574441384386615,9.579167956599411,12728.897604906237,12728.897604906237,12751.777892545526,0.1121708879634387,0.1121708879634387,0.1346630672416746
428,429,9.578078233098356,0.006138140068605939,12802.03192822598,151.22639644210037,0.1253667157695253,0.019182964984272282,9.574441384386615,9.574441384386615,9.579167956599411,12728.897604906237,12728.897604906237,12751.777892545526,0.1121708879634387,0.1121708879634387,0.1346630672416746
429,430,9.578034631756388,0.006096690743400841,12801.811825526092,150.86527827479583,0.12529515863084348,0.019167200817807737,9.574441384386615,9.574441384386615,9.579167956599411,12728.897604906237,12728.897604906237,12751.777892545526,0.1121708879634387,0.1121708879634387,0.1346630672416746
430,431,9.57794861222823,0.00591444652880524,12809.036309970197,154.00998356508066,0.12583062730651143,0.019472481883567323,9.574441384386615,9.574441384386615,9.579167956599411,12728.897604906237,12728.897604906237,12751.777892545526,0.1121708879634387,0.1121708879634387,0.1564310903532583
431,432,9.577902863430209,0.005860998477398919,12808.746357373924,153.69273124494956,0.12574297245330252,0.01945973438869452,9.574441384386615,9.574441384386615,9.579167956599411,12728.897604906237,12728.897604906237,12751.777892545526,0.1121708879634387,0.1121708879634387,0.15153205146830262
432,433,9.577888137893497,0.0058511698960681605,12808.723477086285,153.7029132167327,0.12572048027402427,0.01946240966496127,9.574441384386615,9.574441384386615,9.579167956599411,12728.897604906237,12728.897604906237,12751.777892545526,0.1121708879634387,0.1121708879634387,0.15153205146830262
433,434,9.577871284324262,0.00582241478372483,12808.989097044776,154.05890965399487,0.12570310819254937,0.019381922080608904,9.574441384386615,9.574441384386615,9.579167956599411,12728.897604906237,12728.897604906237,12751.777892545526,0.1121708879634387,0.1121708879634387,0.15153205146830262
434,435,9.577953233817636,0.005986788071656666,12801.673136511467,150.49214058975033,0.12503724608341116,0.018835440328736828,9.574441384386615,9.574441384386615,9.579167956599411,12728.897604906237,12728.897604906237,12751.777892545526,0.1121708879634387,0.1121708879634387,0.1346630672416746
435,436,9.577827107714125,0.005792329475365719,12808.920456181859,154.0894789003709,0.12563563165471467,0.019389762010146954,9.574441384386615,9.574441384386615,9.579167956599411,12728.897604906237,12728.897604906237,12751.777892545526,0.1121708879634387,0.1121708879634387,0.15153205146830262
436,437,9.577894571599188,0.005921034191953663,12801.9099920572,150.2613330466654,0.125005113737534,0.018842697986855086,9.574441384386615,9.574441384386615,9.579167956599411,12728.897604906237,12728.897604906237,12751.777892545526,0.1121708879634387,0.1121708879634387,0.1346630672416746
437,438,9.577776098858529,0.0057150689593941815,12809.294230469795,153.7034405240993,0.1255558792221969,0.01929325013122588,9.574441384386615,9.574441384386615,9.579167956599411,12728.897604906237,12728.897604906237,12751.777892545526,0.1121708879634387,0.1121708879634387,0.13847206005791862
438,439,9.577771372286318,0.0057158703556663,12808.949382971405,153.49644315882588,0.1255116190198071,0.019273126912598824,9.574441384386615,9.574441384386615,9.579167956599411,12728.897604906237,12728.897604906237,12751.777892545526,0.1121708879634387,0.1121708879634387,0.1346630672416746
439,440,9.577722344244506,0.005671642489138418,12808.483909469087,152.88063358794358,0.12541342779585715,0.019237956531072003,9.574441384386615,9.574441384386615,9.579167956599411,12728.897604906237,12728.897604906237,12751.777892545526,0.1121708879634387,0.1121708879634387,0.1346630672416746
440,441,9.577692893171083,0.005650330421782061,12808.438148893809,152.90102304189492,0.12536844343730066,0.019242571708624923,9.574441384386615,9.574441384386615,9.579167956599411,12728.897604906237,12728.897604906237,12751.777892545526,0.1121708879634387,0.1121708879634387,0.1346630672416746
441,442,9.57766344209766,0.005628783571481478,12808.392388318529,152.9213960837547,0.1253234590787442,0.01924708064218309,9.574441384386615,9.574441384386615,9.579167956599411,12728.897604906237,12728.897604906237,12751.777892545526,0.1121708879634387,0.1121708879634387,0.1346630672416746
442,443,9.577628929112254,0.005594285875134296,12808.481618778122,152.8321509984204,0.12529613148988078,0.01925198543649243,9.574441384386615,9.574441384386615,9.579167956599411,12728.897604906237,12728.897604906237,12751.777892545526,0.1121708879634387,0.1121708879634387,0.1346630672416746
443,444,9.577599142699063,0.0055586863734636005,12808.915696736105,152.95167240867426,0.1253130641034072,0.019277547908964358,9.574441384386615,9.574441384386615,9.579167956599411,12728.897604906237,12728.897604906237,12751.777892545526,0.1121708879634387,0.1121708879634387,0.1346630672416746
444,445,9.577589689554635,0.005560029258700273,12808.226001739324,152.53286522681697,0.1252245436986276,0.01923602838406017,9.574441384386615,9.574441384386615,9.579167956599411,12728.897604906237,12728.897604906237,12751.777892545526,0.1121708879634387,0.1121708879634387,0.1346630672416746
445,446,9.5775588034875,0.005515386105374938,12808.007826746763,152.1436079834353,0.1250877097036121,0.01911244696647737,9.574441384386615,9.574441384386615,9.579167956599411,12728.897604906237,12728.897604906237,12751.777892545526,0.1121708879634387,0.1121708879634387,0.1346630672416746
446,447,9.577549350343073,0.005516670407560186,12807.31813174998,151.71844325964588,0.12499918929883246,0.019069521932418364,9.574441384386615,9.574441384386615,9.579167956599411,12728.897604906237,12728.897604906237,12751.777892545526,0.1121708879634387,0.1121708879634387,0.1346630672416746
447,448,9.577544623770862,0.0055173063727999815,12806.97328425159,151.50423608993748,0.12495492909644264,0.019047868874935217,9.574441384386615,9.574441384386615,9.579167956599411,12728.897604906237,12728.897604906237,12751.777892545526,0.1121708879634387,0.1121708879634387,0.1346630672416746
448,449,9.57753989719865,0.005517938216042161,12806.628436753199,151.288939588016,0.12491066889405283,0.019026088213067744,9.574441384386615,9.574441384386615,9.579167956599411,12728.897604906237,12728.897604906237,12751.777892545526,0.1121708879634387,0.1121708879634387,0.1346630672416746
449,450,9.577527483697951,0.005484446655121342,12807.001368845808,150.90544914085498,0.1249305116790585,0.019027930214917763,9.574441384386615,9.574441384386615,9.579167956599411,12728.897604906237,12728.897604906237,12751.777892545526,0.1121708879634387,0.1121708879634387,0.1346630672416746
450,451,9.577492760232241,0.005448525139561322,12807.622422979675,151.36487245342715,0.12495155554600341,0.0190768157305429,9.574441384386615,9.574441384386615,9.579167956599411,12728.897604906237,12728.897604906237,12751.777892545526,0.1121708879634387,0.1121708879634387,0.1346630672416746
451,452,9.577483307087816,0.005449710639828361,12806.932727982894,150.93575310593448,0.1248630351412238,0.01903317711942429,9.574441384386615,9.574441384386615,9.579167956599411,12728.897604906237,12728.897604906237,12751.777892545526,0.1121708879634387,0.1121708879634387,0.1346630672416746
452,453,9.577478580515605,0.005450297144846065,12806.587880484502,150.7195517597861,0.12481877493883395,0.019011165687142204,9.574441384386615,9.574441384386615,9.579167956599411,12728.897604906237,12728.897604906237,12751.777892545526,0.1121708879634387,0.1121708879634387,0.1346630672416746
453,454,9.577478580515605,0.005450297144846065,12806.587880484502,150.7195517597861,0.12481877493883395,0.019011165687142204,9.574441384386615,9.574441384386615,9.579167956599411,12728.897604906237,12728.897604906237,12751.777892545526,0.1121708879634387,0.1121708879634387,0.1346630672416746
454,455,9.577459128406678,0.005439148683947881,12806.22015269847,150.51226694295005,0.1247520225571659,0.018990620169351883,9.574441384386615,9.574441384386615,9.579167956599411,12728.897604906237,12728.897604906237,12751.777892545526,0.1121708879634387,0.1121708879634387,0.1346630672416746
455,456,9.577414281117008,0.005375663279444492,12807.111188902078,150.7565342642067,0.12480837996349699,0.01904173491468977,9.574441384386615,9.574441384386615,9.579167956599411,12728.897604906237,12728.897604906237,12751.777892545526,0.1121708879634387,0.1121708879634387,0.1346630672416746
456,457,9.577396930563792,0.005341868444256694,12807.671097170569,150.706014888664,0.12483233400192116,0.019066417651148776,9.574441384386615,9.574441384386615,9.579167956599411,12728.897604906237,12728.897604906237,12751.777892545526,0.1121708879634387,0.1121708879634387,0.1346630672416746
457,458,9.577360884202028,0.005309460457942351,12806.319791771224,149.2347113211073,0.12463087577497776,0.018957068570016642,9.574441384386615,9.574441384386615,9.579167956599411,12728.897604906237,12728.897604906237,12751.777892545526,0.1121708879634387,0.1121708879634387,0.1346630672416746
458,459,9.577360884202028,0.005309460457942351,12806.319791771224,149.2347113211073,0.12463087577497776,0.018957068570016642,9.574441384386615,9.574441384386615,9.579167956599411,12728.897604906237,12728.897604906237,12751.777892545526,0.1121708879634387,0.1121708879634387,0.1346630672416746
459,460,9.577346158665316,0.005297102461251028,12806.296911483585,149.24482542398067,0.12460838359569953,0.018958495438742586,9.574441384386615,9.574441384386615,9.579167956599411,12728.897604906237,12728.897604906237,12751.777892545526,0.1121708879634387,0.1121708879634387,0.1346630672416746
460,461,9.577331433128606,0.00528467453422319,12806.274031195946,149.2549353340103,0.1245858914164213,0.018959895517567507,9.574441384386615,9.574441384386615,9.579167956599411,12728.897604906237,12728.897604906237,12751.777892545526,0.1121708879634387,0.1121708879634387,0.1346630672416746
461,462,9.577301160773263,0.005234553344151139,12805.799042609879,149.21239596654598,0.12451937381786879,0.01892436065307707,9.574441384386615,9.574441384386615,9.579167956599411,12728.897604906237,12728.897604906237,12751.777892545526,0.1121708879634387,0.1121708879634387,0.1346630672416746
462,463,9.577286435236552,0.005221849665034074,12805.776162322238,149.22243173543427,0.12449688163859055,0.018925657473816433,9.574441384386615,9.574441384386615,9.579167956599411,12728.897604906237,12728.897604906237,12751.777892545526,0.1121708879634387,0.1121708879634387,0.1346630672416746
463,464,9.577286435236552,0.005221849665034074,12805.776162322238,149.22243173543427,0.12449688163859055,0.018925657473816433,9.574441384386615,9.574441384386615,9.579167956599411,12728.897604906237,12728.897604906237,12751.777892545526,0.1121708879634387,0.1121708879634387,0.1346630672416746
464,465,9.577241923286646,0.005168764323179427,12806.187359992584,149.3627947129785,0.12449132207283874,0.018953662504233894,9.574441384386615,9.574441384386615,9.579167956599411,12728.897604906237,12728.897604906237,12751.777892545526,0.1121708879634387,0.1121708879634387,0.1346630672416746
465,466,9.577222135837955,0.005141499878371593,12806.299470739817,149.2626310622135,0.12448648666325358,0.01895618807797949,9.574441384386615,9.574441384386615,9.579167956599411,12728.897604906237,12728.897604906237,12751.777892545526,0.1121708879634387,0.1121708879634387,0.1346630672416746
466,467,9.577195332140313,0.005106234566799733,12806.169684011524,148.77579347762793,0.12442192029689811,0.018935467745386115,9.574441384386615,9.574441384386615,9.579167956599411,12728.897604906237,12728.897604906237,12751.777892545526,0.1121708879634387,0.1121708879634387,0.1346630672416746
467,468,9.577185333175814,0.005092553757886134,12806.491651222277,149.00594350575537,0.1244436883200097,0.018959724965480918,9.574441384386615,9.574441384386615,9.579167956599411,12728.897604906237,12728.897604906237,12751.777892545526,0.1121708879634387,0.1121708879634387,0.1346630672416746
468,469,9.577161154494677,0.005079831384286529,12805.779075937857,148.57484152404237,0.12433267573595184,0.018914541717298353,9.574441384386615,9.574441384386615,9.579167956599411,12728.897604906237,12728.897604906237,12751.777892545526,0.1121708879634387,0.1121708879634387,0.1346630672416746
469,470,9.577156427922464,0.005080160868225637,12805.434228439464,148.35251795256477,0.12428841553356201,0.018891149522217623,9.574441384386615,9.574441384386615,9.579167956599411,12728.897604906237,12728.897604906237,12751.777892545526,0.1121708879634387,0.1121708879634387,0.1346630672416746
470,471,9.577146974778039,0.005080806580915977,12804.744533442681,147.90445619394515,0.12419989512878239,0.018843966150161078,9.574441384386615,9.574441384386615,9.579167956599411,12728.897604906237,12728.897604906237,12751.777892545526,0.1121708879634387,0.1121708879634387,0.1346630672416746
471,472,9.577127522669114,0.005067572800641292,12804.376805656651,147.68863084140398,0.12413314274711434,0.018821043289320164,9.574441384386615,9.574441384386615,9.579167956599411,12728.897604906237,12728.897604906237,12751.777892545526,0.1121708879634387,0.1121708879634387,0.1346630672416746
472,473,9.577118069524689,0.005068166203308482,12803.68711065987,147.2335955567326,0.12404462234233472,0.018772951576038376,9.574441384386615,9.574441384386615,9.579167956599411,12728.897604906237,12728.897604906237,12751.777892545526,0.1121708879634387,0.1121708879634387,0.1346630672416746
473,474,9.577108616380265,0.005068741906532443,12802.997415663087,146.7739087267943,0.1239561019375551,0.018724317865545202,9.574441384386615,9.574441384386615,9.579167956599411,12728.897604906237,12728.897604906237,12751.777892545526,0.1121708879634387,0.1121708879634387,0.1346630672416746
474,475,9.577089164271339,0.005055328949603085,12802.629687877057,146.55203469490675,0.12388934955588704,0.018700378130073324,9.574441384386615,9.574441384386615,9.579167956599411,12728.897604906237,12728.897604906237,12751.777892545526,0.1121708879634387,0.1121708879634387,0.1346630672416746
475,476,9.577089164271339,0.005055328949603085,12802.629687877057,146.55203469490675,0.12388934955588704,0.018700378130073324,9.574441384386615,9.574441384386615,9.579167956599411,12728.897604906237,12728.897604906237,12751.777892545526,0.1121708879634387,0.1121708879634387,0.1346630672416746
476,477,9.577049924713723,0.005013170795656303,12802.37407083826,146.22966785922458,0.12381776176463384,0.018678559102091295,9.574441384386615,9.574441384386615,9.579167956599411,12728.897604906237,12728.897604906237,12751.777892545526,0.1121708879634387,0.1121708879634387,0.1346630672416746
477,478,9.57704519814151,0.00501339979549867,12802.029223339869,145.99573074651758,0.12377350156224402,0.01865364928459076,9.574441384386615,9.574441384386615,9.579167956599411,12728.897604906237,12728.897604906237,12751.777892545526,0.1121708879634387,0.1121708879634387,0.1346630672416746
478,479,9.577142210496095,0.005129534028283159,12801.951981463882,146.50905197452792,0.12382649871075063,0.018665830276054292,9.574441384386615,9.574441384386615,9.579167956599411,12728.897604906237,12728.897604906237,12751.777892545526,0.1121708879634387,0.1121708879634387,0.1346630672416746
479,480,9.577142210496095,0.005129534028283159,12801.951981463882,146.50905197452792,0.12382649871075063,0.018665830276054292,9.574441384386615,9.574441384386615,9.579167956599411,12728.897604906237,12728.897604906237,12751.777892545526,0.1121708879634387,0.1121708879634387,0.1346630672416746
480,481,9.577118031814958,0.005116699831345541,12801.23940617946,146.04843351227808,0.12371548612669277,0.018616253808874904,9.574441384386615,9.574441384386615,9.579167956599411,12728.897604906237,12728.897604906237,12751.777892545526,0.1121708879634387,0.1121708879634387,0.1346630672416746
481,482,9.577102970938478,0.005088399847282675,12801.696364425083,146.18540533467723,0.12375491091949742,0.018643729485022426,9.574441384386615,9.574441384386615,9.579167956599411,12728.897604906237,12728.897604906237,12751.777892545526,0.1121708879634387,0.1121708879634387,0.1346630672416746
482,483,9.577092971973979,0.005074488969231237,12802.018331635836,146.42946333462592,0.12377667894260899,0.018669143528611664,9.574441384386615,9.574441384386615,9.579167956599411,12728.897604906237,12728.897604906237,12751.777892545526,0.1121708879634387,0.1121708879634387,0.1346630672416746
483,484,9.577068457953075,0.005046380474964286,12801.785594884679,146.09613516463114,0.12372758333063404,0.018646494304090922,9.574441384386615,9.574441384386615,9.579167956599411,12728.897604906237,12728.897604906237,12751.777892545526,0.1121708879634387,0.1121708879634387,0.1346630672416746
484,485,9.577007141270027,0.0049665117061741286,12801.745038615982,145.50507872873195,0.12363568937541516,0.01862543156819362,9.574441384386615,9.574441384386615,9.579167956599411,12728.897604906237,12728.897604906237,12751.777892545526,0.1121708879634387,0.1121708879634387,0.1346630672416746
485,486,9.5769631751402,0.004923093822031652,12801.144574078791,144.94109168151283,0.12351984138177216,0.018576932429233372,9.574441384386615,9.574441384386615,9.579167956599411,12728.897604906237,12728.897604906237,12751.777892545526,0.1121708879634387,0.1121708879634387,0.1346630672416746
486,487,9.57691920901037,0.00487889341883417,12800.544109541604,144.37240409608094,0.12340399338812917,0.018527581988588775,9.574441384386615,9.574441384386615,9.579167956599411,12728.897604906237,12728.897604906237,12751.777892545526,0.1121708879634387,0.1121708879634387,0.1346630672416746
487,488,9.57689061261997,0.004832430880438577,12800.222984526177,144.1173839606943,0.12328263014749415,0.01838693268163406,9.574441384386615,9.574441384386615,9.579167956599411,12728.897604906237,12728.897604906237,12751.777892545526,0.1121708879634387,0.1121708879634387,0.1346630672416746
488,489,9.576871431281646,0.004914606509339818,12796.164525176253,141.77914352740484,0.12290378181564085,0.018207937223057063,9.574441384386615,9.574441384386615,9.579167956599411,12728.897604906237,12728.897604906237,12751.777892545526,0.1121708879634387,0.1121708879634387,0.1346630672416746
489,490,9.576817504279667,0.004723363970540867,12800.313057181096,144.02355613930735,0.12315570734110733,0.018273034643812983,9.574441384386615,9.574441384386615,9.579167956599411,12728.897604906237,12728.897604906237,12751.777892545526,0.1121708879634387,0.1121708879634387,0.1346630672416746
490,491,9.576849354156217,0.00487573247575317,12796.379585946353,141.51358663408712,0.1228834756516752,0.018208572516489854,9.574441384386615,9.574441384386615,9.579167956599411,12728.897604906237,12728.897604906237,12751.777892545526,0.1121708879634387,0.1121708879634387,0.1346630672416746
491,492,9.576742343219747,0.004650689909894215,12798.758119883962,142.55021170797062,0.12286911580663613,0.018135573019309903,9.574441384386615,9.574441384386615,9.579167956599411,12728.897604906237,12728.897604906237,12751.777892545526,0.1121708879634387,0.1121708879634387,0.1346630672416746
492,493,9.576742343219747,0.004650689909894215,12798.758119883962,142.55021170797062,0.12286911580663613,0.018135573019309903,9.574441384386615,9.574441384386615,9.579167956599411,12728.897604906237,12728.897604906237,12751.777892545526,0.1121708879634387,0.1121708879634387,0.1346630672416746
493,494,9.576737616647534,0.00465062416335609,12798.413272385571,142.30146376160707,0.12282485560424633,0.01810759773456221,9.574441384386615,9.574441384386615,9.579167956599411,12728.897604906237,12728.897604906237,12751.777892545526,0.1121708879634387,0.1121708879634387,0.1346630672416746
494,495,9.57671310262663,0.0046180515731464615,12798.180535634412,141.9525325829599,0.12277575999227137,0.018081661006631475,9.574441384386615,9.574441384386615,9.579167956599411,12728.897604906237,12728.897604906237,12751.777892545526,0.1121708879634387,0.1121708879634387,0.1346630672416746
495,496,9.576693650517706,0.004601653990975792,12797.812807848382,141.71061179648842,0.12270900761060334,0.018052505260058107,9.574441384386615,9.574441384386615,9.579167956599411,12728.897604906237,12728.897604906237,12751.777892545526,0.1121708879634387,0.1121708879634387,0.1346630672416746
496,497,9.57667211921235,0.004575386849733849,12797.016206410948,140.67185860228383,0.1225784130187465,0.01796788789403042,9.574441384386615,9.574441384386615,9.579167956599411,12728.897604906237,12728.897604906237,12751.777892545526,0.1121708879634387,0.1121708879634387,0.1346630672416746
497,498,9.576657393675639,0.0045588160839161555,12796.993326123309,140.68107519472167,0.12255592083946827,0.0179668240706143,9.574441384386615,9.574441384386615,9.579167956599411,12728.897604906237,12728.897604906237,12751.777892545526,0.1121708879634387,0.1121708879634387,0.1346630672416746
498,499,9.576637941566714,0.004541966082461418,12796.625598337276,140.43385548759795,0.12248916845780022,0.01793666354191957,9.574441384386615,9.574441384386615,9.579167956599411,12728.897604906237,12728.897604906237,12751.777892545526,0.1121708879634387,0.1121708879634387,0.1346630672416746
499,500,9.576623216030002,0.0045251617195558895,12796.602718049637,140.44302406308182,0.122466676278522,0.017935485948773682,9.574441384386615,9.574441384386615,9.579167956599411,12728.897604906237,12728.897604906237,12751.777892545526,0.1121708879634387,0.1121708879634387,0.1346630672416746
500,501,9.576603218101003,0.0044916534824500165,12797.246652471142,140.97313797274785,0.12251021232474514,0.01799137070301109,9.574441384386615,9.574441384386615,9.579167956599411,12728.897604906237,12728.897604906237,12751.777892545526,0.1121708879634387,0.1121708879634387,0.1346630672416746
501,502,9.576593219136505,0.004474771757047264,12797.568619681895,141.23634784353143,0.12253198034785673,0.018019208639946677,9.574441384386615,9.574441384386615,9.579167956599411,12728.897604906237,12728.897604906237,12751.777892545526,0.1121708879634387,0.1121708879634387,0.1346630672416746
502,503,9.576569040455366,0.004457076656327848,12796.856044397473,140.73628395889003,0.12242096776379888,0.017959848282620955,9.574441384386615,9.574441384386615,9.579167956599411,12728.897604906237,12728.897604906237,12734.617676816059,0.1121708879634387,0.1121708879634387,0.1346630672416746
503,504,9.576549588346444,0.004439453436484129,12796.488316611443,140.48880207018536,0.12235421538213083,0.01792917358073025,9.574441384386615,9.574441384386615,9.579167956599411,12728.897604906237,12728.897604906237,12728.897604906237,0.1121708879634387,0.1121708879634387,0.1324770519290869
504,505,9.576525074325538,0.004404273308816358,12796.255579860284,140.1321605101058,0.12230511977015587,0.01790168767436525,9.574441384386615,9.574441384386615,9.579167956599411,12728.897604906237,12728.897604906237,12728.897604906237,0.1121708879634387,0.1121708879634387,0.1324770519290869
505,506,9.576496169072186,0.004385588233082821,12795.198157077473,139.35951019548799,0.12214984698370819,0.017810408701069525,9.574441384386615,9.574441384386615,9.579167956599411,12728.897604906237,12728.897604906237,12728.897604906237,0.1121708879634387,0.1121708879634387,0.1170062975485924
506,507,9.57645199246205,0.004331564974329779,12795.129516214554,139.38651190806377,0.12208237044587347,0.0178054795454008,9.574441384386615,9.574441384386615,9.579167956599411,12728.897604906237,12728.897604906237,12728.897604906237,0.1121708879634387,0.1121708879634387,0.1170062975485924
507,508,9.576447265889838,0.0043311775384984605,12794.784668716164,139.123113833789,0.12203811024348367,0.017775025901581528,9.574441384386615,9.574441384386615,9.579167956599411,12728.897604906237,12728.897604906237,12728.897604906237,0.1121708879634387,0.1121708879634387,0.1170062975485924
508,509,9.576432540353126,0.004312901107205893,12794.761788428526,139.13206604403874,0.12201561806420544,0.017773266791450668,9.574441384386615,9.574441384386615,9.579167956599411,12728.897604906237,12728.897604906237,12728.897604906237,0.1121708879634387,0.1121708879634387,0.1170062975485924
509,510,9.576417479476646,0.004276875448011554,12795.21874667415,139.2970911571484,0.12205504285701009,0.017805807748222092,9.574441384386615,9.574441384386615,9.579167956599411,12728.897604906237,12728.897604906237,12728.897604906237,0.1121708879634387,0.1121708879634387,0.1170062975485924
510,511,9.576373151530232,0.004147150508563093,12796.314256970873,139.49116770937215,0.12209693835334552,0.017751944581034542,9.574441384386615,9.574441384386615,9.579167956599411,12728.897604906237,12728.897604906237,12728.897604906237,0.1121708879634387,0.1121708879634387,0.1170062975485924
511,512,9.576363698385807,0.0041461559976177,12795.62456197409,138.96929319349422,0.12200841794856587,0.017690762717069007,9.574441384386615,9.574441384386615,9.579167956599411,12728.897604906237,12728.897604906237,12728.897604906237,0.1121708879634387,0.1121708879634387,0.1170062975485924
512,513,9.576338973884594,0.0041077624550593305,12795.9236488972,139.24917758887335,0.12200769379239923,0.017717914721023537,9.574441384386615,9.574441384386615,9.579167956599411,12728.897604906237,12728.897604906237,12728.897604906237,0.1121708879634387,0.1121708879634387,0.1170062975485924
513,514,9.576319186435903,0.004069013962618964,12796.035759644434,139.1500032014418,0.12200285838281408,0.01771993869811083,9.574441384386615,9.574441384386615,9.579167956599411,12728.897604906237,12728.897604906237,12728.897604906237,0.1121708879634387,0.1121708879634387,0.1170062975485924
514,515,9.576309187471402,0.0040496698450835,12796.357726855187,139.41945147227034,0.12202462640592567,0.01774882463393665,9.574441384386615,9.574441384386615,9.579167956599411,12728.897604906237,12728.897604906237,12728.897604906237,0.1121708879634387,0.1121708879634387,0.1170062975485924
515,516,9.576279736397979,0.0040094006082112945,12796.31196627991,139.43782975810782,0.12197964204736919,0.017745238354070932,9.574441384386615,9.574441384386615,9.579167956599411,12728.897604906237,12728.897604906237,12728.897604906237,0.1121708879634387,0.1121708879634387,0.1170062975485924
516,517,9.576279736397979,0.0040094006082112945,12796.31196627991,139.43782975810782,0.12197964204736919,0.017745238354070932,9.574441384386615,9.574441384386615,9.579167956599411,12728.897604906237,12728.897604906237,12728.897604906237,0.1121708879634387,0.1121708879634387,0.1170062975485924
517,518,9.576255557716841,0.003987741727028728,12795.599390995487,138.9248470134795,0.12186862946331133,0.017681490931581573,9.574441384386615,9.574441384386615,9.579167956599411,12728.897604906237,12728.897604906237,12728.897604906237,0.1121708879634387,0.1121708879634387,0.1170062975485924
518,519,9.576236105607917,0.003966497545072047,12795.231663209459,138.67080006090123,0.12180187708164326,0.017648243445813692,9.574441384386615,9.574441384386615,9.574441384386615,12728.897604906237,12728.897604906237,12728.897604906237,0.1121708879634387,0.1121708879634387,0.1121708879634387
519,520,9.576236105607917,0.003966497545072047,12795.231663209459,138.67080006090123,0.12180187708164326,0.017648243445813692,9.574441384386615,9.574441384386615,9.574441384386615,12728.897604906237,12728.897604906237,12728.897604906237,0.1121708879634387,0.1121708879634387,0.1121708879634387
520,521,9.576226106643416,0.003946440491981848,12795.55363042021,138.94304096560796,0.12182364510475485,0.017677494027020752,9.574441384386615,9.574441384386615,9.574441384386615,12728.897604906237,12728.897604906237,12728.897604906237,0.1121708879634387,0.1121708879634387,0.1121708879634387
521,522,9.576219090394467,0.003934614417438808,12795.311732944687,138.50904611123866,0.12176391414798454,0.01764356651877592,9.574441384386615,9.574441384386615,9.574441384386615,12728.897604906237,12728.897604906237,12728.897604906237,0.1121708879634387,0.1121708879634387,0.1121708879634387
522,523,9.576160944547999,0.003868391802033891,12793.67672591232,137.08233448001073,0.12151528554717206,0.01748369862999506,9.574441384386615,9.574441384386615,9.574441384386615,12728.897604906237,12728.897604906237,12728.897604906237,0.1121708879634387,0.1121708879634387,0.1121708879634387
523,524,9.576151491403575,0.003866806861409912,12792.987030915538,136.53793181498986,0.12142676514239242,0.017418619078569945,9.574441384386615,9.574441384386615,9.574441384386615,12728.897604906237,12728.897604906237,12728.897604906237,0.1121708879634387,0.1121708879634387,0.1121708879634387
524,525,9.576146429491596,0.0038463984204189093,12793.12202195041,136.43034960656726,0.1214444219120855,0.017423077741958233,9.574441384386615,9.574441384386615,9.574441384386615,12728.897604906237,12728.897604906237,12728.897604906237,0.1121708879634387,0.1121708879634387,0.1121708879634387
525,526,9.576126642042905,0.0038039877924093226,12793.234132697642,136.33142855018716,0.12143958650250038,0.017424979658672932,9.574441384386615,9.574441384386615,9.574441384386615,12728.897604906237,12728.897604906237,12728.897604906237,0.1121708879634387,0.1121708879634387,0.1121708879634387
526,527,9.576237386952775,0.004046180968733906,12788.149007497559,131.55516729352772,0.12104147836457328,0.016928291674436158,9.574441384386615,9.574441384386615,9.574441384386615,12728.897604906237,12728.897604906237,12728.897604906237,0.1121708879634387,0.1121708879634387,0.1121708879634387
527,528,9.576217599504083,0.00400633528054443,12788.261118244793,131.45681882323674,0.12103664295498813,0.01693013409053354,9.574441384386615,9.574441384386615,9.574441384386615,12728.897604906237,12728.897604906237,12728.897604906237,0.1121708879634387,0.1121708879634387,0.1121708879634387
528,529,9.57619781205539,0.003965990575162036,12788.373228992024,131.35830103569103,0.12103180754540296,0.016931974925263008,9.574441384386615,9.574441384386615,9.574441384386615,12728.897604906237,12728.897604906237,12728.897604906237,0.1121708879634387,0.1121708879634387,0.1121708879634387
529,530,9.576183086518679,0.003945092096469242,12788.350348704387,131.36666570590282,0.12100931536612473,0.01692879126300922,9.574441384386615,9.574441384386615,9.574441384386615,12728.897604906237,12728.897604906237,12728.897604906237,0.1121708879634387,0.1121708879634387,0.1121708879634387
530,531,9.576168360981967,0.003924027060828093,12788.327468416746,131.3750258587015,0.1209868231868465,0.01692557711237883,9.574441384386615,9.574441384386615,9.574441384386615,12728.897604906237,12728.897604906237,12728.897604906237,0.1121708879634387,0.1121708879634387,0.1121708879634387
531,532,9.576168360981967,0.003924027060828093,12788.327468416746,131.3750258587015,0.1209868231868465,0.01692557711237883,9.574441384386615,9.574441384386615,9.574441384386615,12728.897604906237,12728.897604906237,12728.897604906237,0.1121708879634387,0.1121708879634387,0.1121708879634387
532,533,9.576139455728617,0.003900400923799329,12787.270045633933,130.48632633628927,0.12083155040039882,0.01681683697750515,9.574441384386615,9.574441384386615,9.574441384386615,12728.897604906237,12728.897604906237,12728.897604906237,0.1121708879634387,0.1121708879634387,0.1121708879634387
533,534,9.576139455728617,0.003900400923799329,12787.270045633933,130.48632633628927,0.12083155040039882,0.01681683697750515,9.574441384386615,9.574441384386615,9.574441384386615,12728.897604906237,12728.897604906237,12728.897604906237,0.1121708879634387,0.1121708879634387,0.1121708879634387
534,535,9.576114731227404,0.0038581266984496197,12787.569132557046,130.8034702230463,0.12083082624423216,0.01684534707288703,9.574441384386615,9.574441384386615,9.574441384386615,12728.897604906237,12728.897604906237,12728.897604906237,0.1121708879634387,0.1121708879634387,0.1121708879634387
535,536,9.576110004655192,0.0038572784687241008,12787.224285058655,130.502776079751,0.12078656604184235,0.016809859451134702,9.574441384386615,9.574441384386615,9.574441384386615,12728.897604906237,12728.897604906237,12728.897604906237,0.1121708879634387,0.1121708879634387,0.1121708879634387
536,537,9.576110004655192,0.0038572784687241008,12787.224285058655,130.502776079751,0.12078656604184235,0.016809859451134702,9.574441384386615,9.574441384386615,9.574441384386615,12728.897604906237,12728.897604906237,12728.897604906237,0.1121708879634387,0.1121708879634387,0.1121708879634387
537,538,9.576105278082979,0.0038564242593762364,12786.879437560263,130.2004741429831,0.12074230583945253,0.01677417996793735,9.574441384386615,9.574441384386615,9.574441384386615,12728.897604906237,12728.897604906237,12728.897604906237,0.1121708879634387,0.1121708879634387,0.1121708879634387
538,539,9.575976172704332,0.0036136745843629017,12789.573510559247,133.07340926654032,0.12085308473992909,0.017045209658128356,9.574441384386615,9.574441384386615,9.574441384386615,12728.897604906237,12728.897604906237,12728.897604906237,0.1121708879634387,0.1121708879634387,0.1121708879634387
539,540,9.576021526575458,0.003702713926067217,12787.035018191811,130.02841766114918,0.12066515848244752,0.016766789483801968,9.574441384386615,9.574441384386615,9.574441384386615,12728.897604906237,12728.897604906237,12728.897604906237,0.1121708879634387,0.1121708879634387,0.1121708879634387
540,541,9.57600734685882,0.0036996864510730103,12786.000475696635,129.11177707341005,0.12053237787527805,0.0166579245751588,9.574441384386615,9.574441384386615,9.574441384386615,12728.897604906237,12728.897604906237,12728.897604906237,0.1121708879634387,0.1121708879634387,0.1121708879634387
541,542,9.575917145698021,0.003494864742132608,12789.430004267679,132.5946660472449,0.12077666153909074,0.017010254210442503,9.574441384386615,9.574441384386615,9.574441384386615,12728.897604906237,12728.897604906237,12728.897604906237,0.1121708879634387,0.1121708879634387,0.1121708879634387
542,543,9.575993167142181,0.0036966021053781834,12784.965933201462,128.18023249431633,0.1203995972681086,0.016547278064078883,9.574441384386615,9.574441384386615,9.574441384386615,12728.897604906237,12728.897604906237,12728.897604906237,0.1121708879634387,0.1121708879634387,0.1121708879634387
543,544,9.575963716068758,0.0036498931809840662,12784.920172626184,128.19615567971297,0.12035461290955213,0.01653901199889822,9.574441384386615,9.574441384386615,9.574441384386615,12728.897604906237,12728.897604906237,12728.897604906237,0.1121708879634387,0.1121708879634387,0.1121708879634387
544,545,9.575948990532044,0.0036262234158768265,12784.897292338545,128.20411040569107,0.12033212073027388,0.016534831522884947,9.574441384386615,9.574441384386615,9.574441384386615,12728.897604906237,12728.897604906237,12728.897604906237,0.1121708879634387,0.1121708879634387,0.1121708879634387
545,546,9.575934264995333,0.0036023379364309924,12784.874412050905,128.21206055499195,0.12030962855099565,0.016530619385988623,9.574441384386615,9.574441384386615,9.574441384386615,12728.897604906237,12728.897604906237,12728.897604906237,0.1121708879634387,0.1121708879634387,0.1121708879634387
546,547,9.575924811850907,0.003600040709291255,12784.184717054122,127.58225208045805,0.12022110814621603,0.01645528789215183,9.574441384386615,9.574441384386615,9.574441384386615,12728.897604906237,12728.897604906237,12728.897604906237,0.1121708879634387,0.1121708879634387,0.1121708879634387
547,548,9.575902734725478,0.0035408905476177217,12784.399777824221,127.30731904380491,0.12020080198225039,0.016452680181669066,9.574441384386615,9.574441384386615,9.574441384386615,12728.897604906237,12728.897604906237,12728.897604906237,0.1121708879634387,0.1121708879634387,0.1121708879634387
548,549,9.575878220704574,0.0034921438211901416,12784.167041073064,126.89147130421442,0.12015170637027542,0.016416284450674175,9.574441384386615,9.574441384386615,9.574441384386615,12728.897604906237,12728.897604906237,12728.897604906237,0.1121708879634387,0.1121708879634387,0.1121708879634387
549,550,9.575863495167862,0.0034670342609913547,12784.144160785425,126.8993720231608,0.1201292141909972,0.01641179463481739,9.574441384386615,9.574441384386615,9.574441384386615,12728.897604906237,12728.897604906237,12728.897604906237,0.1121708879634387,0.1121708879634387,0.1121708879634387
550,551,9.575848769631149,0.003441678512446557,12784.121280497786,126.90726812512246,0.12010672201171897,0.016407272756589913,9.574441384386615,9.574441384386615,9.574441384386615,12728.897604906237,12728.897604906237,12728.897604906237,0.1121708879634387,0.1121708879634387,0.1121708879634387
551,552,9.575829317522226,0.0034147245722471295,12783.753552711756,126.59577692194632,0.12003996963005094,0.01636425224172792,9.574441384386615,9.574441384386615,9.574441384386615,12728.897604906237,12728.897604906237,12728.897604906237,0.1121708879634387,0.1121708879634387,0.1121708879634387
552,553,9.575824590950013,0.003413370974758678,12783.408705213365,126.27464468479944,0.11999570942766112,0.01632557506626233,9.574441384386615,9.574441384386615,9.574441384386615,12728.897604906237,12728.897604906237,12728.897604906237,0.1121708879634387,0.1121708879634387,0.1121708879634387
553,554,9.575824590950013,0.003413370974758678,12783.408705213365,126.27464468479944,0.11999570942766112,0.01632557506626233,9.574441384386615,9.574441384386615,9.574441384386615,12728.897604906237,12728.897604906237,12728.897604906237,0.1121708879634387,0.1121708879634387,0.1121708879634387
554,555,9.575824590950013,0.003413370974758678,12783.408705213365,126.27464468479944,0.11999570942766112,0.01632557506626233,9.574441384386615,9.574441384386615,9.574441384386615,12728.897604906237,12728.897604906237,12728.897604906237,0.1121708879634387,0.1121708879634387,0.1121708879634387
555,556,9.575805138841087,0.0033860528170598144,12783.040977427336,125.95950878873094,0.1199289570459931,0.016281883572153565,9.574441384386615,9.574441384386615,9.574441384386615,12728.897604906237,12728.897604906237,12728.897604906237,0.1121708879634387,0.1121708879634387,0.1121708879634387
556,557,9.575800412268876,0.0033846539885741,12782.696129928945,125.63479434651468,0.11988469684360327,0.016242707766611967,9.574441384386615,9.574441384386615,9.574441384386615,12728.897604906237,12728.897604906237,12728.897604906237,0.1121708879634387,0.1121708879634387,0.1121708879634387
557,558,9.575778335143447,0.0033208436599262937,12782.911190699042,125.35814397189209,0.11986439067963763,0.016239645276055217,9.574441384386615,9.574441384386615,9.574441384386615,12728.897604906237,12728.897604906237,12728.897604906237,0.1121708879634387,0.1121708879634387,0.1121708879634387
558,559,9.575773608571232,0.0033193791854651904,12782.566343200651,125.03150980058236,0.11982013047724781,0.016200190930529497,9.574441384386615,9.574441384386615,9.574441384386615,12728.897604906237,12728.897604906237,12728.897604906237,0.1121708879634387,0.1121708879634387,0.1121708879634387
559,560,9.575764155426809,0.003316428087633446,12781.876648203868,124.37279963923474,0.11973161007246817,0.016120628008223874,9.574441384386615,9.574441384386615,9.574441384386615,12728.897604906237,12728.897604906237,12728.897604906237,0.1121708879634387,0.1121708879634387,0.1121708879634387
560,561,9.575759428854596,0.00331494144454493,12781.531800705476,124.04069475077058,0.11968734987007837,0.0160805161944493,9.574441384386615,9.574441384386615,9.574441384386615,12728.897604906237,12728.897604906237,12728.897604906237,0.1121708879634387,0.1121708879634387,0.1121708879634387
561,562,9.575754702282383,0.0033134473920841804,12781.186953207085,123.70673699848433,0.11964308966768854,0.016040181945642922,9.574441384386615,9.574441384386615,9.574441384386615,12728.897604906237,12728.897604906237,12728.897604906237,0.1121708879634387,0.1121708879634387,0.1121708879634387
562,563,9.575745249137958,0.0033104370188686296,12780.497258210304,123.0332024664315,0.11955456926290892,0.01595883938746805,9.574441384386615,9.574441384386615,9.574441384386615,12728.897604906237,12728.897604906237,12728.897604906237,0.1121708879634387,0.1121708879634387,0.1121708879634387
563,564,9.575745249137958,0.0033104370188686296,12780.497258210304,123.0332024664315,0.11955456926290892,0.01595883938746805,9.574441384386615,9.574441384386615,9.574441384386615,12728.897604906237,12728.897604906237,12728.897604906237,0.1121708879634387,0.1121708879634387,0.1121708879634387
564,565,9.575725797029031,0.003281792009458955,12780.129530424272,122.70101724619403,0.11948781688124087,0.01591229058604405,9.574441384386615,9.574441384386615,9.574441384386615,12728.897604906237,12728.897604906237,12728.897604906237,0.1121708879634387,0.1121708879634387,0.1121708879634387
565,566,9.57571107149232,0.003254370576855074,12780.106650136635,122.70843493649942,0.11946532470196264,0.015906719807108678,9.574441384386615,9.574441384386615,9.574441384386615,12728.897604906237,12728.897604906237,12728.897604906237,0.1121708879634387,0.1121708879634387,0.1121708879634387
566,567,9.575691619383397,0.003225021509134693,12779.738922350605,122.37419439483847,0.1193985723202946,0.015859642415501675,9.574441384386615,9.574441384386615,9.574441384386615,12728.897604906237,12728.897604906237,12728.897604906237,0.1121708879634387,0.1121708879634387,0.1121708879634387
567,568,9.57567743966676,0.0032200927271340456,12778.70437985543,121.33758193974445,0.11926579171312517,0.015733820990015135,9.574441384386615,9.574441384386615,9.574441384386615,12728.897604906237,12728.897604906237,12728.897604906237,0.1121708879634387,0.1121708879634387,0.1121708879634387
568,569,9.575672713094548,0.0032184342396661507,12778.359532357039,120.98810502495046,0.11922153151073536,0.015691406636007245,9.574441384386615,9.574441384386615,9.574441384386615,12728.897604906237,12728.897604906237,12728.897604906237,0.1121708879634387,0.1121708879634387,0.1121708879634387
569,570,9.575657987557836,0.0031902232891060415,12778.3366520694,120.99529301883175,0.11919903933145713,0.015685375573033136,9.574441384386615,9.574441384386615,9.574441384386615,12728.897604906237,12728.897604906237,12728.897604906237,0.1121708879634387,0.1121708879634387,0.1121708879634387
570,571,9.575657987557836,0.0031902232891060415,12778.3366520694,120.99529301883175,0.11919903933145713,0.015685375573033136,9.574441384386615,9.574441384386615,9.574441384386615,12728.897604906237,12728.897604906237,12728.897604906237,0.1121708879634387,0.1121708879634387,0.1121708879634387
571,572,9.575653260985623,0.003188520430305156,12777.99180457101,120.64377347896156,0.11915477912906733,0.015642640991531793,9.574441384386615,9.574441384386615,9.574441384386615,12728.897604906237,12728.897604906237,12728.897604906237,0.1121708879634387,0.1121708879634387,0.1121708879634387
572,573,9.57564853441341,0.0031868096513005635,12777.646957072615,120.2902381167264,0.1191105189266775,0.015599663765022809,9.574441384386615,9.574441384386615,9.574441384386615,12728.897604906237,12728.897604906237,12728.897604906237,0.1121708879634387,0.1121708879634387,0.1121708879634387
573,574,9.575643807841198,0.003185090939329942,12777.302109574224,119.93466910581023,0.1190662587242877,0.015556441882466224,9.574441384386615,9.574441384386615,9.574441384386615,12728.897604906237,12728.897604906237,12728.897604906237,0.1121708879634387,0.1121708879634387,0.1121708879634387
574,575,9.575463762569742,0.002839117237924386,12773.543741719543,115.13105587238641,0.11844831811943465,0.015000802888251737,9.574441384386615,9.574441384386615,9.574441384386615,12728.897604906237,12728.897604906237,12728.897604906237,0.1121708879634387,0.1121708879634387,0.1121708879634387
575,576,9.575459035997529,0.0028368800739429693,12773.198894221152,114.74717219405572,0.11840405791704482,0.014953890579694063,9.574441384386615,9.574441384386615,9.574441384386615,12728.897604906237,12728.897604906237,12728.897604906237,0.1121708879634387,0.1121708879634387,0.1121708879634387
576,577,9.575454309425314,0.0028346332630906903,12772.85404672276,114.3609600658358,0.11835979771465502,0.014906699222688865,9.574441384386615,9.574441384386615,9.574441384386615,12728.897604906237,12728.897604906237,12728.897604906237,0.1121708879634387,0.1121708879634387,0.1121708879634387
577,578,9.575439583888603,0.0028014137846845526,12772.83116643512,114.3674631535315,0.11833730553537677,0.014899049695340373,9.574441384386615,9.574441384386615,9.574441384386615,12728.897604906237,12728.897604906237,12728.897604906237,0.1121708879634387,0.1121708879634387,0.1121708879634387
578,579,9.575430130744179,0.002796787641103947,12772.141471438337,113.58786409580259,0.11824878513059714,0.014803635448429563,9.574441384386615,9.574441384386615,9.574441384386615,12728.897604906237,12728.897604906237,12728.897604906237,0.1121708879634387,0.1121708879634387,0.1121708879634387
579,580,9.57541122445533,0.0027874161459346,12770.762081444773,111.99964856221321,0.11807174432103788,0.014609328822679802,9.574441384386615,9.574441384386615,9.574441384386615,12728.897604906237,12728.897604906237,12728.897604906237,0.1121708879634387,0.1121708879634387,0.1121708879634387
580,581,9.575391772346403,0.002750974252705635,12770.394353658743,111.6025636451373,0.11800499193936985,0.014551665250271318,9.574441384386615,9.574441384386615,9.574441384386615,12728.897604906237,12728.897604906237,12728.897604906237,0.1121708879634387,0.1121708879634387,0.1121708879634387
581,582,9.575391772346403,0.002750974252705635,12770.394353658743,111.6025636451373,0.11800499193936985,0.014551665250271318,9.574441384386615,9.574441384386615,9.574441384386615,12728.897604906237,12728.897604906237,12728.897604906237,0.1121708879634387,0.1121708879634387,0.1121708879634387
582,583,9.575391772346403,0.002750974252705635,12770.394353658743,111.6025636451373,0.11800499193936985,0.014551665250271318,9.574441384386615,9.574441384386615,9.574441384386615,12728.897604906237,12728.897604906237,12728.897604906237,0.1121708879634387,0.1121708879634387,0.1121708879634387
583,584,9.57538704577419,0.002748541552956066,12770.049506160352,111.19673374348802,0.11796073173698,0.014501947259603663,9.574441384386615,9.574441384386615,9.574441384386615,12728.897604906237,12728.897604906237,12728.897604906237,0.1121708879634387,0.1121708879634387,0.1121708879634387
584,585,9.575362867093054,0.002708893380846186,12769.33693087593,110.38337911709867,0.11784971915292217,0.014392908406706102,9.574441384386615,9.574441384386615,9.574441384386615,12728.897604906237,12728.897604906237,12728.897604906237,0.1121708879634387,0.1121708879634387,0.1121708879634387
585,586,9.57535814052084,0.0027063723750686114,12768.99208337754,109.96973433249526,0.11780545895053234,0.014342160937539924,9.574441384386615,9.574441384386615,9.574441384386615,12728.897604906237,12728.897604906237,12728.897604906237,0.1121708879634387,0.1121708879634387,0.1121708879634387
586,587,9.575353413948628,0.002703840756277446,12768.647235879147,109.5534422709563,0.11776119874814252,0.014291096192445478,9.574441384386615,9.574441384386615,9.574441384386615,12728.897604906237,12728.897604906237,12728.897604906237,0.1121708879634387,0.1121708879634387,0.1121708879634387
587,588,9.575377382149458,0.002744180128755935,12769.891634837843,111.30680072006108,0.11792058278800864,0.014483830970953156,9.574441384386615,9.574441384386615,9.574441384386615,12728.897604906237,12728.897604906237,12728.897604906237,0.1121708879634387,0.1121708879634387,0.1121708879634387
588,589,9.575323962875203,0.0026324750912137262,12768.60147530387,109.56525697602063,0.11771621438958607,0.014273211398329691,9.574441384386615,9.574441384386615,9.574441384386615,12728.897604906237,12728.897604906237,12728.897604906237,0.1121708879634387,0.1121708879634387,0.1121708879634387
589,590,9.575313963910705,0.002598648479873064,12768.923442514624,109.98759691031147,0.11773798241269764,0.014315576676259696,9.574441384386615,9.574441384386615,9.574441384386615,12728.897604906237,12728.897604906237,12728.897604906237,0.1121708879634387,0.1121708879634387,0.1121708879634387
590,591,9.575293965981706,0.0025295200490156205,12769.56737693613,110.8246424427519,0.1177815184589208,0.014399834596196363,9.574441384386615,9.574441384386615,9.574441384386615,12728.897604906237,12728.897604906237,12728.897604906237,0.1121708879634387,0.1121708879634387,0.1121708879634387
591,592,9.575274513872781,0.0024883891169995686,12769.199649150098,110.41935362328293,0.11771476607725274,0.014339977781347806,9.574441384386615,9.574441384386615,9.574441384386615,12728.897604906237,12728.897604906237,12728.897604906237,0.1121708879634387,0.1121708879634387,0.1121708879634387
592,593,9.575264514908282,0.002452374428191641,12769.521616360851,110.83670153761204,0.11773653410036432,0.01438214857995159,9.574441384386615,9.574441384386615,9.574441384386615,12728.897604906237,12728.897604906237,12728.897604906237,0.1121708879634387,0.1121708879634387,0.1121708879634387
593,594,9.575240336227143,0.002406623723609855,12768.809041076429,110.01726626024937,0.11762552151630645,0.01427045053042642,9.574441384386615,9.574441384386615,9.574441384386615,12728.897604906237,12728.897604906237,12728.897604906237,0.1121708879634387,0.1121708879634387,0.1121708879634387
594,595,9.57523560965493,0.0024035447840246226,12768.464193578038,109.60057881359704,0.11758126131391662,0.01421856814979162,9.574441384386615,9.574441384386615,9.574441384386615,12728.897604906237,12728.897604906237,12728.897604906237,0.1121708879634387,0.1121708879634387,0.1121708879634387
595,596,9.57521670336608,0.002391095950854994,12767.084803584474,107.90672121754092,0.11740422050435735,0.014007718889085426,9.574441384386615,9.574441384386615,9.574441384386615,12728.897604906237,12728.897604906237,12728.897604906237,0.1121708879634387,0.1121708879634387,0.1121708879634387
596,597,9.57519779707723,0.002378431682445825,12765.705413590907,106.16792669189694,0.11722717969479811,0.013791374471912286,9.574441384386615,9.574441384386615,9.574441384386615,12728.897604906237,12728.897604906237,12728.897604906237,0.1121708879634387,0.1121708879634387,0.1121708879634387
597,598,9.57519779707723,0.002378431682445825,12765.705413590907,106.16792669189694,0.11722717969479811,0.013791374471912286,9.574441384386615,9.574441384386615,9.574441384386615,12728.897604906237,12728.897604906237,12728.897604906237,0.1121708879634387,0.1121708879634387,0.1121708879634387
598,599,9.575226156510505,0.0023973470857268646,12767.774498581251,108.75913460158822,0.11749274090913692,0.014113814871076389,9.574441384386615,9.574441384386615,9.574441384386615,12728.897604906237,12728.897604906237,12728.897604906237,0.1121708879634387,0.1121708879634387,0.1121708879634387
599,600,9.575173828876402,0.0023299267933038414,12764.461014632214,104.27829508682649,0.11706779565493197,0.013580686501005699,9.574441384386615,9.574441384386615,9.574441384386615,12728.897604906237,12728.897604906237,12728.897604906237,0.1121708879634387,0.1121708879634387,0.1121708879634387
600,601,9.575154376767474,0.002284183386085343,12764.093286846186,103.8293773728114,0.11700104327326391,0.013513677767961588,9.574441384386615,9.574441384386615,9.574441384386615,12728.897604906237,12728.897604906237,12728.897604906237,0.1121708879634387,0.1121708879634387,0.1121708879634387
601,602,9.575154376767474,0.002284183386085343,12764.093286846186,103.8293773728114,0.11700104327326391,0.013513677767961588,9.574441384386615,9.574441384386615,9.574441384386615,12728.897604906237,12728.897604906237,12728.897604906237,0.1121708879634387,0.1121708879634387,0.1121708879634387
602,603,9.57513492465855,0.0022373358825393736,12763.725559060154,103.3772022139643,0.11693429089159588,0.013446003719807736,9.574441384386615,9.574441384386615,9.574441384386615,12728.897604906237,12728.897604906237,12728.897604906237,0.1121708879634387,0.1121708879634387,0.1121708879634387
603,604,9.575115472549625,0.002189313406583198,12763.357831274127,102.92172667662939,0.11686753850992783,0.01337765425958344,9.574441384386615,9.574441384386615,9.574441384386615,12728.897604906237,12728.897604906237,12728.897604906237,0.1121708879634387,0.1121708879634387,0.1121708879634387
604,605,9.575110745977412,0.0021856583950009252,12763.012983775734,102.45784572627234,0.11682327830753801,0.013319776965675182,9.574441384386615,9.574441384386615,9.574441384386615,12728.897604906237,12728.897604906237,12728.897604906237,0.1121708879634387,0.1121708879634387,0.1121708879634387
605,606,9.5751060194052,0.0021819870224319272,12762.668136277343,101.99068898700584,0.11677901810514821,0.013261499365104996,9.574441384386615,9.574441384386615,9.574441384386615,12728.897604906237,12728.897604906237,12728.897604906237,0.1121708879634387,0.1121708879634387,0.1121708879634387
606,607,9.575081840724062,0.0021286381450573533,12761.955560992923,101.05126355788667,0.11666800552109033,0.013132186920936397,9.574441384386615,9.574441384386615,9.574441384386615,12728.897604906237,12728.897604906237,12728.897604906237,0.1121708879634387,0.1121708879634387,0.1121708879634387
607,608,9.575081840724062,0.0021286381450573533,12761.955560992923,101.05126355788667,0.11666800552109033,0.013132186920936397,9.574441384386615,9.574441384386615,9.574441384386615,12728.897604906237,12728.897604906237,12728.897604906237,0.1121708879634387,0.1121708879634387,0.1121708879634387
608,609,9.57506711518735,0.0020815629239407584,12761.932680705282,101.05615560995534,0.11664551334181208,0.01312060323492346,9.574441384386615,9.574441384386615,9.574441384386615,12728.897604906237,12728.897604906237,12728.897604906237,0.1121708879634387,0.1121708879634387,0.1121708879634387
609,610,9.57506711518735,0.0020815629239407584,12761.932680705282,101.05615560995534,0.11664551334181208,0.01312060323492346,9.574441384386615,9.574441384386615,9.574441384386615,12728.897604906237,12728.897604906237,12728.897604906237,0.1121708879634387,0.1121708879634387,0.1121708879634387
610,611,9.575062388615137,0.00207760836169579,12761.587833206891,100.57878502058144,0.11660125313942225,0.013060834598788519,9.574441384386615,9.574441384386615,9.574441384386615,12728.897604906237,12728.897604906237,12728.897604906237,0.1121708879634387,0.1121708879634387,0.1121708879634387
611,612,9.575057662042926,0.0020736354843322786,12761.242985708499,100.09794985999895,0.11655699293703244,0.013000640509394432,9.574441384386615,9.574441384386615,9.574441384386615,12728.897604906237,12728.897604906237,12728.897604906237,0.1121708879634387,0.1121708879634387,0.1121708879634387
612,613,9.575057662042926,0.0020736354843322786,12761.242985708499,100.09794985999895,0.11655699293703244,0.013000640509394432,9.574441384386615,9.574441384386615,9.574441384386615,12728.897604906237,12728.897604906237,12728.897604906237,0.1121708879634387,0.1121708879634387,0.1121708879634387
613,614,9.575057662042926,0.0020736354843322786,12761.242985708499,100.09794985999895,0.11655699293703244,0.013000640509394432,9.574441384386615,9.574441384386615,9.574441384386615,12728.897604906237,12728.897604906237,12728.897604906237,0.1121708879634387,0.1121708879634387,0.1121708879634387
614,615,9.575043482326288,0.002061605900249722,12760.208443213325,98.63414844000377,0.11642421232986298,0.012817445368758507,9.574441384386615,9.574441384386615,9.574441384386615,12728.897604906237,12728.897604906237,12728.897604906237,0.1121708879634387,0.1121708879634387,0.1121708879634387
615,616,9.575024030217362,0.002008502610522596,12759.840715427294,98.14348903798715,0.11635745994819495,0.012743054002840502,9.574441384386615,9.574441384386615,9.574441384386615,12728.897604906237,12728.897604906237,12728.897604906237,0.1121708879634387,0.1121708879634387,0.1121708879634387
616,617,9.575014577072938,0.0020000820171046725,12759.15102043051,97.14170980629028,0.11626893954341531,0.012617482019782338,9.574441384386615,9.574441384386615,9.574441384386615,12728.897604906237,12728.897604906237,12728.897604906237,0.1121708879634387,0.1121708879634387,0.1121708879634387
617,618,9.575014577072938,0.0020000820171046725,12759.15102043051,97.14170980629028,0.11626893954341531,0.012617482019782338,9.574441384386615,9.574441384386615,9.574441384386615,12728.897604906237,12728.897604906237,12728.897604906237,0.1121708879634387,0.1121708879634387,0.1121708879634387
618,619,9.575014577072938,0.0020000820171046725,12759.15102043051,97.14170980629028,0.11626893954341531,0.012617482019782338,9.574441384386615,9.574441384386615,9.574441384386615,12728.897604906237,12728.897604906237,12728.897604906237,0.1121708879634387,0.1121708879634387,0.1121708879634387
619,620,9.575005123928513,0.0019915809523933102,12758.461325433727,96.12454301192983,0.11618041913863567,0.012490020336077403,9.574441384386615,9.574441384386615,9.574441384386615,12728.897604906237,12728.897604906237,12728.897604906237,0.1121708879634387,0.1121708879634387,0.1121708879634387
620,621,9.574990398391801,0.0019406027805011453,12758.43844514609,96.12885410240276,0.11615792695935744,0.012476961575513583,9.574441384386615,9.574441384386615,9.574441384386615,12728.897604906237,12728.897604906237,12728.897604906237,0.1121708879634387,0.1121708879634387,0.1121708879634387
621,622,9.574980945247374,0.0019317216769890787,12757.748750149305,95.09568684744266,0.1160694065545778,0.01234725361670303,9.574441384386615,9.574441384386615,9.574441384386615,12728.897604906237,12728.897604906237,12728.897604906237,0.1121708879634387,0.1121708879634387,0.1121708879634387
622,623,9.574970735802575,0.0018842775603031261,12758.602541034325,96.75201650016363,0.1161395460334977,0.012501418141561606,9.574441384386615,9.574441384386615,9.574441384386615,12728.897604906237,12728.897604906237,12728.897604906237,0.1121708879634387,0.1121708879634387,0.1121708879634387
623,624,9.574961282658151,0.0018750305766389668,12757.912846037541,95.72675757080675,0.11605102562871807,0.012371835073848772,9.574441384386615,9.574441384386615,9.574441384386615,12728.897604906237,12728.897604906237,12728.897604906237,0.1121708879634387,0.1121708879634387,0.1121708879634387
624,625,9.57495128369365,0.0018252494695758569,12758.234813248293,96.24562758487792,0.11607279365182964,0.012423605385790399,9.574441384386615,9.574441384386615,9.574441384386615,12728.897604906237,12728.897604906237,12728.897604906237,0.1121708879634387,0.1121708879634387,0.1121708879634387
625,626,9.574941284729151,0.0017740156793164836,12758.556780459046,96.76064395002975,0.11609456167494121,0.012475122876168608,9.574441384386615,9.574441384386615,9.574441384386615,12728.897604906237,12728.897604906237,12728.897604906237,0.1121708879634387,0.1121708879634387,0.1121708879634387
626,627,9.574917106048012,0.0017056372658285884,12757.844205174622,95.73933435711048,0.11598354909088336,0.012331410792656837,9.574441384386615,9.574441384386615,9.574441384386615,12728.897604906237,12728.897604906237,12728.897604906237,0.1121708879634387,0.1121708879634387,0.1121708879634387
627,628,9.574912379475801,0.0017003919321107422,12757.499357676232,95.22051119153615,0.11593928888849354,0.012265409327145954,9.574441384386615,9.574441384386615,9.574441384386615,12728.897604906237,12728.897604906237,12728.897604906237,0.1121708879634387,0.1121708879634387,0.1121708879634387
628,629,9.574893473186949,0.001679113716788106,12756.119967682667,93.10354337711307,0.11576224807893426,0.011996140293980774,9.574441384386615,9.574441384386615,9.574441384386615,12728.897604906237,12728.897604906237,12728.897604906237,0.1121708879634387,0.1121708879634387,0.1121708879634387
629,630,9.574874021078024,0.0016116608620305593,12755.752239896638,92.56733818863177,0.11569549569726623,0.011912914257662246,9.574441384386615,9.574441384386615,9.574441384386615,12728.897604906237,12728.897604906237,12728.897604906237,0.1121708879634387,0.1121708879634387,0.1121708879634387
630,631,9.574864022113525,0.0015529010419770312,12756.074207107391,93.11128880098792,0.11571726372037781,0.011967316832325756,9.574441384386615,9.574441384386615,9.574441384386615,12728.897604906237,12728.897604906237,12728.897604906237,0.1121708879634387,0.1121708879634387,0.1121708879634387
631,632,9.574859295541312,0.0015469757839985847,12755.729359608998,92.57114535212662,0.115673003517988,0.011898305522286302,9.574441384386615,9.574441384386615,9.574441384386615,12728.897604906237,12728.897604906237,12728.897604906237,0.1121708879634387,0.1121708879634387,0.1121708879634387
632,633,9.574830054948194,0.0014073005750558836,12755.151775359449,91.37652943786253,0.11557964770362321,0.011758976676384304,9.574441384386615,9.574441384386615,9.574441384386615,12728.897604906237,12728.897604906237,12728.897604906237,0.1121708879634387,0.1121708879634387,0.1121708879634387
633,634,9.574825328375981,0.0014006449379259933,12754.806927861056,90.82256759842623,0.1155353875012334,0.011688214268511856,9.574441384386615,9.574441384386615,9.574441384386615,12728.897604906237,12728.897604906237,12728.897604906237,0.1121708879634387,0.1121708879634387,0.1121708879634387
634,635,9.574825328375981,0.0014006449379259933,12754.806927861056,90.82256759842623,0.1155353875012334,0.011688214268511856,9.574441384386615,9.574441384386615,9.574441384386615,12728.897604906237,12728.897604906237,12728.897604906237,0.1121708879634387,0.1121708879634387,0.1121708879634387
635,636,9.574825328375981,0.0014006449379259933,12754.806927861056,90.82256759842623,0.1155353875012334,0.011688214268511856,9.574441384386615,9.574441384386615,9.574441384386615,12728.897604906237,12728.897604906237,12728.897604906237,0.1121708879634387,0.1121708879634387,0.1121708879634387
636,637,9.574815875231556,0.0013871895567652576,12754.117232864275,89.70040452814087,0.11544686709645376,0.011544879367725714,9.574441384386615,9.574441384386615,9.574441384386615,12728.897604906237,12728.897604906237,12728.897604906237,0.1121708879634387,0.1121708879634387,0.1121708879634387
637,638,9.574801695514918,0.00136663553865567,12753.082690369101,87.98019354699687,0.1153140864892843,0.01132517926461419,9.574441384386615,9.574441384386615,9.574441384386615,12728.897604906237,12728.897604906237,12728.897604906237,0.1121708879634387,0.1121708879634387,0.1121708879634387
638,639,9.574801695514918,0.00136663553865567,12753.082690369101,87.98019354699687,0.1153140864892843,0.01132517926461419,9.574441384386615,9.574441384386615,9.574441384386615,12728.897604906237,12728.897604906237,12728.897604906237,0.1121708879634387,0.1121708879634387,0.1121708879634387
639,640,9.57481805851185,0.0015880600649707042,12750.070584034142,82.51638398639241,0.11500571338488894,0.010700282709016198,9.574441384386615,9.574441384386615,9.574441384386615,12728.897604906237,12728.897604906237,12728.897604906237,0.1121708879634387,0.1121708879634387,0.1121708879634387
640,641,9.574778062653852,0.0013313384711077414,12751.358452877144,85.00790632703534,0.11509278547733523,0.010945641584159007,9.574441384386615,9.574441384386615,9.574441384386615,12728.897604906237,12728.897604906237,12728.897604906237,0.1121708879634387,0.1121708879634387,0.1121708879634387
641,642,9.574768609509427,0.0013168360298522629,12750.668757880361,83.77953887174094,0.11500426507255558,0.010788818188149344,9.574441384386615,9.574441384386615,9.574441384386615,12728.897604906237,12728.897604906237,12728.897604906237,0.1121708879634387,0.1121708879634387,0.1121708879634387
642,643,9.574754429792787,0.0012946484192792205,12749.63421538519,81.89156140767899,0.11487148446538614,0.010547819951360334,9.574441384386615,9.574441384386615,9.574441384386615,12728.897604906237,12728.897604906237,12728.897604906237,0.1121708879634387,0.1121708879634387,0.1121708879634387
643,644,9.574744430828288,0.0012197433596800188,12749.956182595943,82.52979728082848,0.11489325248849774,0.010610915416317746,9.574441384386615,9.574441384386615,9.574441384386615,12728.897604906237,12728.897604906237,12728.897604906237,0.1121708879634387,0.1121708879634387,0.1121708879634387
644,645,9.574734977683864,0.0012036332561625159,12749.266487599158,81.25207786312922,0.1148047320837181,0.01044737903487967,9.574441384386615,9.574441384386615,9.574441384386615,12728.897604906237,12728.897604906237,12728.897604906237,0.1121708879634387,0.1121708879634387,0.1121708879634387
645,646,9.574716071395013,0.0011705191785771625,12747.887097605591,78.6162293528965,0.11462769127415884,0.010110050394456815,9.574441384386615,9.574441384386615,9.574441384386615,12728.897604906237,12728.897604906237,12728.897604906237,0.1121708879634387,0.1121708879634387,0.1121708879634387
646,647,9.574697165106162,0.0011361260422934076,12746.507707612027,75.86380853048269,0.11445065046459958,0.009757859517433668,9.574441384386615,9.574441384386615,9.574441384386615,12728.897604906237,12728.897604906237,12728.897604906237,0.1121708879634387,0.1121708879634387,0.1121708879634387
647,648,9.574682985389522,0.0011094204168010373,12745.473165116853,73.71515837547622,0.11431786985743013,0.009482969557252585,9.574441384386615,9.574441384386615,9.574441384386615,12728.897604906237,12728.897604906237,12728.897604906237,0.1121708879634387,0.1121708879634387,0.1121708879634387
648,649,9.574682985389522,0.0011094204168010373,12745.473165116853,73.71515837547622,0.11431786985743013,0.009482969557252585,9.574441384386615,9.574441384386615,9.574441384386615,12728.897604906237,12728.897604906237,12728.897604906237,0.1121708879634387,0.1121708879634387,0.1121708879634387
649,650,9.574682985389522,0.0011094204168010373,12745.473165116853,73.71515837547622,0.11431786985743013,0.009482969557252585,9.574441384386615,9.574441384386615,9.574441384386615,12728.897604906237,12728.897604906237,12728.897604906237,0.1121708879634387,0.1121708879634387,0.1121708879634387
650,651,9.574673532245097,0.0010911512763397953,12744.783470120072,72.23900236528239,0.1142293494526505,0.009294140527405554,9.574441384386615,9.574441384386615,9.574441384386615,12728.897604906237,12728.897604906237,12728.897604906237,0.1121708879634387,0.1121708879634387,0.1121708879634387
651,652,9.574668805672884,0.001081870052143419,12744.438622621681,71.48699984993566,0.11418508925026069,0.009197953006311089,9.574441384386615,9.574441384386615,9.574441384386615,12728.897604906237,12728.897604906237,12728.897604906237,0.1121708879634387,0.1121708879634387,0.1121708879634387
652,653,9.574668805672884,0.001081870052143419,12744.438622621681,71.48699984993566,0.11418508925026069,0.009197953006311089,9.574441384386615,9.574441384386615,9.574441384386615,12728.897604906237,12728.897604906237,12728.897604906237,0.1121708879634387,0.1121708879634387,0.1121708879634387
653,654,9.574668805672884,0.001081870052143419,12744.438622621681,71.48699984993566,0.11418508925026069,0.009197953006311089,9.574441384386615,9.574441384386615,9.574441384386615,12728.897604906237,12728.897604906237,12728.897604906237,0.1121708879634387,0.1121708879634387,0.1121708879634387
654,655,9.574664079100673,0.001072487683202879,12744.093775123289,70.72532073284526,0.11414082904787087,0.009100533662287106,9.574441384386615,9.574441384386615,9.574441384386615,12728.897604906237,12728.897604906237,12728.897604906237,0.1121708879634387,0.1121708879634387,0.1121708879634387
655,656,9.574654625956246,0.0010534086716496738,12743.404080126506,69.17165000503613,0.11405230864309122,0.008901837226637796,9.574441384386615,9.574441384386615,9.574441384386615,12728.897604906237,12728.897604906237,12728.897604906237,0.1121708879634387,0.1121708879634387,0.1121708879634387
656,657,9.574649899384033,0.0010437062841118223,12743.059232628115,68.37896965336249,0.1140080484407014,0.00880047303550068,9.574441384386615,9.574441384386615,9.574441384386615,12728.897604906237,12728.897604906237,12728.897604906237,0.1121708879634387,0.1121708879634387,0.1121708879634387
657,658,9.574649899384033,0.0010437062841118223,12743.059232628115,68.37896965336249,0.1140080484407014,0.00880047303550068,9.574441384386615,9.574441384386615,9.574441384386615,12728.897604906237,12728.897604906237,12728.897604906237,0.1121708879634387,0.1121708879634387,0.1121708879634387
658,659,9.574694075994172,0.001311286603867736,12743.127873491032,68.37620323826482,0.11407552497853612,0.008872064950988842,9.574441384386615,9.574441384386615,9.574441384386615,12728.897604906237,12728.897604906237,12728.897604906237,0.1121708879634387,0.1121708879634387,0.1121708879634387
659,660,9.574645172811818,0.001033891244044808,12742.714385129724,67.57523198404445,0.11396378823831159,0.008697702418257562,9.574441384386615,9.574441384386615,9.574441384386615,12728.897604906237,12728.897604906237,12728.897604906237,0.1121708879634387,0.1121708879634387,0.1121708879634387
660,661,9.574635719667395,0.0010139100826203715,12742.024690132943,65.93296165499059,0.11387526783353197,0.00848773685851816,9.574441384386615,9.574441384386615,9.574441384386615,12728.897604906237,12728.897604906237,12728.897604906237,0.1121708879634387,0.1121708879634387,0.1121708879634387
661,662,9.57462626652297,0.0009934372063129674,12741.334995136158,64.24132259786,0.11378674742875232,0.008271496531958852,9.574441384386615,9.574441384386615,9.574441384386615,12728.897604906237,12728.897604906237,12728.897604906237,0.1121708879634387,0.1121708879634387,0.1121708879634387
662,663,9.574607360234118,0.0009508885138359059,12739.955605142593,60.69330809107798,0.11360970661919306,0.007818094109394717,9.574441384386615,9.574441384386615,9.574441384386615,12728.897604906237,12728.897604906237,12728.897604906237,0.1121708879634387,0.1121708879634387,0.1121708879634387
663,664,9.574597907089693,0.0009287392644631411,12739.265910145812,58.82699778529282,0.11352118621441343,0.007579680615285703,9.574441384386615,9.574441384386615,9.574441384386615,12728.897604906237,12728.897604906237,12728.897604906237,0.1121708879634387,0.1121708879634387,0.1121708879634387
664,665,9.574597907089693,0.0009287392644631411,12739.265910145812,58.82699778529282,0.11352118621441343,0.007579680615285703,9.574441384386615,9.574441384386615,9.574441384386615,12728.897604906237,12728.897604906237,12728.897604906237,0.1121708879634387,0.1121708879634387,0.1121708879634387
665,666,9.574597907089693,0.0009287392644631411,12739.265910145812,58.82699778529282,0.11352118621441343,0.007579680615285703,9.574441384386615,9.574441384386615,9.574441384386615,12728.897604906237,12728.897604906237,12728.897604906237,0.1121708879634387,0.1121708879634387,0.1121708879634387
666,667,9.57458845394527,0.0009059500831099651,12738.57621514903,56.89114457844918,0.11343266580963379,0.00733245178859013,9.574441384386615,9.574441384386615,9.574441384386615,12728.897604906237,12728.897604906237,12728.897604906237,0.1121708879634387,0.1121708879634387,0.1121708879634387
667,668,9.574574274228631,0.0008704561122830007,12737.541672653855,53.84049153761084,0.11329988520246435,0.00694301096446318,9.574441384386615,9.574441384386615,9.574441384386615,12728.897604906237,12728.897604906237,12728.897604906237,0.1121708879634387,0.1121708879634387,0.1121708879634387
668,669,9.574560094511991,0.0008332106606416108,12736.507130158683,50.58511807071757,0.11316710459529492,0.006527686565241372,9.574441384386615,9.574441384386615,9.574441384386615,12728.897604906237,12728.897604906237,12728.897604906237,0.1121708879634387,0.1121708879634387,0.1121708879634387
669,670,9.574560094511991,0.0008332106606416108,12736.507130158683,50.58511807071757,0.11316710459529492,0.006527686565241372,9.574441384386615,9.574441384386615,9.574441384386615,12728.897604906237,12728.897604906237,12728.897604906237,0.1121708879634387,0.1121708879634387,0.1121708879634387
670,671,9.574555367939784,0.0008203653842034634,12736.16228266029,49.44758542920792,0.11312284439290508,0.0063826289969282435,9.574441384386615,9.574441384386615,9.574441384386615,12728.897604906237,12728.897604906237,12728.897604906237,0.1121708879634387,0.1121708879634387,0.1121708879634387
671,672,9.574555367939784,0.0008203653842034634,12736.16228266029,49.44758542920792,0.11312284439290508,0.0063826289969282435,9.574441384386615,9.574441384386615,9.574441384386615,12728.897604906237,12728.897604906237,12728.897604906237,0.1121708879634387,0.1121708879634387,0.1121708879634387
672,673,9.574555367939784,0.0008203653842034634,12736.16228266029,49.44758542920792,0.11312284439290508,0.0063826289969282435,9.574441384386615,9.574441384386615,9.574441384386615,12728.897604906237,12728.897604906237,12728.897604906237,0.1121708879634387,0.1121708879634387,0.1121708879634387
673,674,9.574550641367571,0.00080728807821124,12735.8174351619,48.280797422317896,0.11307858419051527,0.00623388289910828,9.574441384386615,9.574441384386615,9.574441384386615,12728.897604906237,12728.897604906237,12728.897604906237,0.1121708879634387,0.1121708879634387,0.1121708879634387
674,675,9.574550641367571,0.00080728807821124,12735.8174351619,48.280797422317896,0.11307858419051527,0.00623388289910828,9.574441384386615,9.574441384386615,9.574441384386615,12728.897604906237,12728.897604906237,12728.897604906237,0.1121708879634387,0.1121708879634387,0.1121708879634387
675,676,9.574541188223145,0.0007803905134982757,12735.127740165119,45.8504664192654,0.11299006378573564,0.0059242069833381,9.574441384386615,9.574441384386615,9.574441384386615,12728.897604906237,12728.897604906237,12728.897604906237,0.1121708879634387,0.1121708879634387,0.1121708879634387
676,677,9.574541188223145,0.0007803905134982757,12735.127740165119,45.8504664192654,0.11299006378573564,0.0059242069833381,9.574441384386615,9.574441384386615,9.574441384386615,12728.897604906237,12728.897604906237,12728.897604906237,0.1121708879634387,0.1121708879634387,0.1121708879634387
677,678,9.57453173507872,0.0007524134116396025,12734.438045168336,43.27289895091726,0.112901543380956,0.005596024395849653,9.574441384386615,9.574441384386615,9.574441384386615,12728.897604906237,12728.897604906237,12728.897604906237,0.1121708879634387,0.1121708879634387,0.1121708879634387
678,679,9.574512828789869,0.0006926925344566997,12733.05865517477,37.55325197621364,0.11272450257139674,0.004868982971996869,9.574441384386615,9.574441384386615,9.574441384386615,12728.897604906237,12728.897604906237,12728.897604906237,0.1121708879634387,0.1121708879634387,0.1121708879634387
679,680,9.574508102217656,0.0006768570721997791,12732.713807676379,35.973293880272266,0.11268024236900692,0.0046685197750122335,9.574441384386615,9.574441384386615,9.574441384386615,12728.897604906237,12728.897604906237,12728.897604906237,0.1121708879634387,0.1121708879634387,0.1121708879634387
680,681,9.57449864907323,0.0006439150185134547,12732.024112679595,32.57340373722761,0.11259172196422729,0.004237863437247168,9.574441384386615,9.574441384386615,9.574441384386615,12728.897604906237,12728.897604906237,12728.897604906237,0.1121708879634387,0.1121708879634387,0.1121708879634387
681,682,9.574479196964305,0.0004210630451959752,12731.656384893564,30.720473794480732,0.11252496958255925,0.003942886040922908,9.574441384386615,9.574441384386615,9.574441384386615,12728.897604906237,12728.897604906237,12728.897604906237,0.1121708879634387,0.1121708879634387,0.1121708879634387
682,683,9.574474470392092,0.0003940668857188761,12731.311537395173,28.750852334630583,0.11248070938016945,0.003690090689786736,9.574441384386615,9.574441384386615,9.574441384386615,12728.897604906237,12728.897604906237,12728.897604906237,0.1121708879634387,0.1121708879634387,0.1121708879634387
683,684,9.57446974381988,0.0003650187006728205,12730.966689896783,26.631516482990506,0.11243644917777962,0.0034180799193356485,9.574441384386615,9.574441384386615,9.574441384386615,12728.897604906237,12728.897604906237,12728.897604906237,0.1121708879634387,0.1121708879634387,0.1121708879634387
684,685,9.574465017247666,0.0003333825314736947,12730.621842398392,24.323363065282802,0.11239218897538981,0.00312183494759881,9.574441384386615,9.574441384386615,9.574441384386615,12728.897604906237,12728.897604906237,12728.897604906237,0.1121708879634387,0.1121708879634387,0.1121708879634387
685,686,9.574455564103241,0.00025849640284611713,12729.932147401609,18.859721982739277,0.11230366857061017,0.0024205920468189364,9.574441384386615,9.574441384386615,9.574441384386615,12728.897604906237,12728.897604906237,12728.897604906237,0.1121708879634387,0.1121708879634387,0.1121708879634387
686,687,9.574450837531028,0.00021116725083691426,12729.587299903218,15.40661919777037,0.11225940836822035,0.0019773960577267355,9.574441384386615,9.574441384386615,9.574441384386615,12728.897604906237,12728.897604906237,12728.897604906237,0.1121708879634387,0.1121708879634387,0.1121708879634387
687,688,9.574441384386603,1.7763568394002505e-15,12728.897604906433,1.8189894035458565e-12,0.11217088796344069,2.7755575615628914e-17,9.574441384386615,9.574441384386615,9.574441384386615,12728.897604906237,12728.897604906237,12728.897604906237,0.1121708879634387,0.1121708879634387,0.1121708879634387
688,689,9.574441384386603,1.7763568394002505e-15,12728.897604906433,1.8189894035458565e-12,0.11217088796344069,2.7755575615628914e-17,9.574441384386615,9.574441384386615,9.574441384386615,12728.897604906237,12728.897604906237,12728.897604906237,0.1121708879634387,0.1121708879634387,0.1121708879634387
